// RLE data generated from ../assets_processed/trainers/deployable (recursive scan)
// Data is concatenated sequentially

// ADALHEID / Adalheid Auraflow V0.3 010 S1070723317 Th0.100 24 [Folder: ADALHEID] - RLE compressed data (offset: 0, size: 213)
0xc0, 0x1b, 0xb0, 0xb0, 0x15, 0x12, 0x1d, 0xa0, 0xa0, 0x24, 0x18, 0x14, 0x17, 0x90, 0xa0, 0x14, 0x19, 0x14, 0x12, 0x15, 0x90, 0x90, 0x1b, 0x12, 0x1a, 0x1d, 0x19, 0x17, 0x90, 0x90, 0x1a, 0x11, 0x12, 0x11, 0x15, 0x1e, 0x17, 0x80, 0x90, 0x14, 0x17, 0x1e, 0x11, 0x1e, 0x1a, 0x1b, 0x80, 0x90, 0x2a, 0x11, 0x1d, 0x11, 0x1a, 0x90, 0x90, 0x1c, 0x16, 0x12, 0x11, 0x28, 0x12, 0x80, 0x90, 0x15, 0x16, 0x11, 0x1a, 0x15, 0x16, 0x17, 0x80, 0x80, 0x11, 0x18, 0x17, 0x23, 0x1e, 0x16, 0x1b, 0x80, 0x80, 0x1e, 0x15, 0x1e, 0x11, 0x15, 0x14, 0x1c, 0x1b, 0x80, 0x80, 0x1c, 0x16, 0x2c, 0x15, 0x12, 0x1a, 0x15, 0x18, 0x70, 0x70, 0x1c, 0x12, 0x16, 0x17, 0x25, 0x17, 0x1c, 0x11, 0x80, 0x70, 0x14,
0x18, 0x1a, 0x1d, 0x11, 0x13, 0x14, 0x15, 0x16, 0x80, 0x70, 0x1c, 0x10, 0x19, 0x11, 0x12, 0x13, 0x14, 0x12, 0x1a, 0x80, 0x70, 0x18, 0x10, 0x19, 0x1b, 0x12, 0x13, 0x18, 0x1b, 0x13, 0x80, 0x70, 0x1d, 0x10, 0x13, 0x11, 0x12, 0x13, 0x19, 0x12, 0x16, 0x80, 0x60, 0x14, 0x20, 0x13, 0x22, 0x16, 0x19, 0x12, 0x13, 0x10, 0x1d, 0x60, 0x60, 0x1d, 0x20, 0x19, 0x11, 0x18, 0x16, 0x19, 0x18, 0x13, 0x1b, 0x70, 0x90, 0x13, 0x21, 0x23, 0x11, 0x19, 0x17, 0x70, 0x50, 0x1d, 0x30, 0x1c, 0x11, 0x17, 0x23, 0x12, 0x13, 0x1b, 0x70, 0x50, 0x1e, 0x30, 0x14, 0x19, 0x26, 0x14, 0x18, 0x13, 0x19, 0x17, 0x60, 0xd0, 0x12, 0x1f, 0x90,
// Compressed size: 213 bytes original pixels: 12544 uint16_t → ~25088 bytes uncompressed)

// ADALTRUD / Adaltrud Auraflow V0.3 011 S1299265468 Th0.100 24 [Folder: ADALTRUD] - RLE compressed data (offset: 213, size: 351)
0xf0, 0x90, 0x50, 0x1b, 0x1c, 0x17, 0x1c, 0xf0, 0x40, 0x17, 0x23, 0x24, 0x18, 0xe0, 0x40, 0x14, 0x13, 0x12, 0x11, 0x15, 0x13, 0x60, 0x2b, 0x17, 0x50, 0x30, 0x17, 0x15, 0x14, 0x12, 0x15, 0x14, 0x13, 0x20, 0x2b, 0x10, 0x27, 0x1c, 0x1f, 0x1c, 0x17, 0x30, 0x20, 0x1b, 0x13, 0x26, 0x11, 0x15, 0x14, 0x15, 0x20, 0x1f, 0x1b, 0x12, 0x28, 0x14, 0x12, 0x13, 0x1f, 0x30, 0x20, 0x21, 0x12, 0x16, 0x29, 0x14, 0x15, 0x10, 0x1d, 0x14, 0x15, 0x13, 0x1b, 0x15, 0x24, 0x12, 0x2c, 0x20, 0x20, 0x11, 0x12, 0x11, 0x1d, 0x11, 0x15, 0x14, 0x15, 0x20, 0x23, 0x18, 0x15, 0x18, 0x14, 0x18, 0x19, 0x27, 0x20, 0x20, 0x14, 0x12, 0x14, 0x1d, 0x21, 0x14, 0x12, 0x18, 0x1b, 0x1d, 0x1c, 0x18, 0x13, 0x1c,
0x13, 0x11, 0x13, 0x16, 0x1e, 0x20, 0x10, 0x17, 0x31, 0x1d, 0x11, 0x15, 0x11, 0x12, 0x17, 0x1c, 0x1f, 0x1c, 0x1b, 0x16, 0x14, 0x18, 0x13, 0x17, 0x10, 0x19, 0x20, 0x20, 0x29, 0x15, 0x1e, 0x15, 0x11, 0x12, 0x11, 0x13, 0x1c, 0x13, 0x2f, 0x1b, 0x11, 0x16, 0x1d, 0x1f, 0x10, 0x11, 0x20, 0x20, 0x16, 0x23, 0x19, 0x15, 0x16, 0x11, 0x19, 0x17, 0x13, 0x28, 0x1c, 0x14, 0x25, 0x18, 0x1b, 0x40, 0x10, 0x17, 0x11, 0x28, 0x11, 0x14, 0x1e, 0x1d, 0x12, 0x11, 0x1c, 0x13, 0x28, 0x1b, 0x14, 0x18, 0x1d, 0x50, 0x20, 0x14, 0x16, 0x15, 0x14, 0x23, 0x19, 0x1e, 0x1d, 0x1f, 0x11, 0x1a, 0x13, 0x1f, 0x19, 0x1c, 0x1f, 0x50, 0x20, 0x1e, 0x22, 0x15, 0x10, 0x1c, 0x1d, 0x12, 0x1d, 0x1c, 0x32, 0x18,
0x16, 0x70, 0x20, 0x15, 0x12, 0x14, 0x1d, 0x20, 0x1b, 0x12, 0x13, 0x18, 0x25, 0x12, 0x18, 0x17, 0x70, 0x20, 0x22, 0x13, 0x1f, 0x20, 0x18, 0x1a, 0x14, 0x12, 0x11, 0x1a, 0x1e, 0x13, 0x17, 0x70, 0x20, 0x19, 0x11, 0x13, 0x1b, 0x10, 0x1f, 0x36, 0x19, 0x1a, 0x11, 0x1e, 0x17, 0x12, 0x70, 0x20, 0x16, 0x12, 0x1c, 0x20, 0x1d, 0x19, 0x16, 0x1c, 0x1a, 0x12, 0x3a, 0x12, 0x70, 0x20, 0x19, 0x15, 0x30, 0x1e, 0x21, 0x19, 0x11, 0x12, 0x3a, 0x19, 0x15, 0x1e, 0x50, 0x20, 0x16, 0x17, 0x1b, 0x20, 0x26, 0x21, 0x19, 0x11, 0x3a, 0x1e, 0x1d, 0x17, 0x1e, 0x17, 0x30, 0x20, 0x1e, 0x10, 0x17, 0x1b, 0x1a, 0x1e, 0x1a, 0x12, 0x11, 0x16, 0x12, 0x11, 0x3a, 0x19, 0x2e, 0x16, 0x1d, 0x20, 0x20, 0x1d,
0x80, 0x2e, 0x16, 0x19, 0x11, 0x1d, 0x12, 0x14, 0x1f, 0x16, 0x10, 0x1b, 0x10, 0xf0, 0x90,
// Compressed size: 351 bytes original pixels: 12544 uint16_t → ~25088 bytes uncompressed)

// ADELE / Adele Auraflow V0.3 007 S228221863 Th0.100 24 [Folder: ADELE] - RLE compressed data (offset: 564, size: 255)
0xf0, 0x90, 0xa0, 0x1e, 0x1a, 0x1c, 0x15, 0x19, 0x90, 0x90, 0x1b, 0x1a, 0x24, 0x1c, 0x14, 0x15, 0x11, 0x70, 0x80, 0x16, 0x19, 0x1b, 0x28, 0x24, 0x15, 0x1d, 0x70, 0x80, 0x15, 0x1a, 0x15, 0x19, 0x17, 0x11, 0x1a, 0x1d, 0x15, 0x70, 0x80, 0x17, 0x34, 0x1a, 0x1b, 0x1a, 0x1e, 0x18, 0x1c, 0x60, 0x80, 0x16, 0x1a, 0x17, 0x1c, 0x15, 0x14, 0x1d, 0x14, 0x15, 0x1d, 0x60, 0x80, 0x2a, 0x18, 0x15, 0x1c, 0x1d, 0x1b, 0x1a, 0x1d, 0x1a, 0x60, 0x90, 0x14, 0x25, 0x18, 0x15, 0x17, 0x19, 0x17, 0x1c, 0x60, 0x90, 0x14, 0x2c, 0x18, 0x15, 0x2a, 0x18, 0x1d, 0x14, 0x50, 0x90, 0x1e, 0x10, 0x1b, 0x1a, 0x18, 0x12, 0x11, 0x2c, 0x18, 0x50, 0xc0, 0x11, 0x14, 0x1b, 0x17, 0x1a, 0x28, 0x50, 0xa0, 0x1c,
0x16, 0x13, 0x16, 0x14, 0x16, 0x19, 0x1b, 0x15, 0x50, 0xb0, 0x21, 0x12, 0x17, 0x29, 0x18, 0x1d, 0x50, 0xa0, 0x16, 0x11, 0x27, 0x19, 0x12, 0x14, 0x15, 0x1d, 0x50, 0x80, 0x12, 0x19, 0x12, 0x16, 0x17, 0x14, 0x18, 0x11, 0x17, 0x15, 0x1d, 0x50, 0x80, 0x12, 0x11, 0x12, 0x16, 0x11, 0x1e, 0x1c, 0x1b, 0x19, 0x17, 0x18, 0x50, 0x70, 0x11, 0x13, 0x22, 0x19, 0x1e, 0x21, 0x19, 0x17, 0x1b, 0x1d, 0x50, 0x70, 0x11, 0x13, 0x1e, 0x12, 0x19, 0x11, 0x12, 0x16, 0x17, 0x1b, 0x17, 0x15, 0x50, 0x70, 0x12, 0x33, 0x11, 0x16, 0x17, 0x13, 0x16, 0x19, 0x12, 0x15, 0x50, 0x70, 0x23, 0x12, 0x13, 0x22, 0x23, 0x11, 0x19, 0x1b, 0x14, 0x50, 0x70, 0x13, 0x16, 0x23, 0x12, 0x13, 0x11, 0x19, 0x11, 0x16,
0x11, 0x18, 0x50, 0x70, 0x13, 0x16, 0x13, 0x12, 0x11, 0x13, 0x1f, 0x12, 0x16, 0x12, 0x17, 0x1b, 0x14, 0x40, 0x70, 0x16, 0x23, 0x11, 0x1e, 0x11, 0x16, 0x12, 0x16, 0x12, 0x1b, 0x18, 0x50,
// Compressed size: 255 bytes original pixels: 12544 uint16_t → ~25088 bytes uncompressed)

// ADELINE / Adeline Auraflow V0.3 028 S2917032694 Th0.100 24 [Folder: ADELINE] - RLE compressed data (offset: 819, size: 185)
0xf0, 0x90, 0xa0, 0x12, 0x16, 0x14, 0xb0, 0xa0, 0x18, 0x14, 0x12, 0xb0, 0xa0, 0x1c, 0x35, 0xa0, 0xb0, 0x18, 0x25, 0xa0, 0xa0, 0x16, 0x1a, 0x14, 0x19, 0x1d, 0x90, 0xa0, 0x13, 0x1f, 0x12, 0x17, 0xa0, 0xa0, 0x1b, 0x31, 0xa0, 0x90, 0x12, 0x1e, 0x11, 0x17, 0x10, 0x13, 0x90, 0x80, 0x1d, 0x12, 0x10, 0x1a, 0x13, 0x1a, 0x15, 0x90, 0x90, 0x13, 0x1a, 0x16, 0x13, 0x1e, 0x1a, 0x90, 0x90, 0x18, 0x1a, 0x19, 0x1c, 0x1a, 0xa0, 0x90, 0x21, 0x16, 0x13, 0x16, 0x15, 0x90, 0x90, 0x11, 0x1c, 0x12, 0x1e, 0x17, 0x11, 0x14, 0x80, 0x90, 0x11, 0x13, 0x1e, 0x11, 0x17, 0x11, 0x1c, 0x15, 0x70, 0x70, 0x14, 0x1c, 0x17, 0x14, 0x18, 0x15, 0x17, 0x13, 0x19, 0x12, 0x70, 0x70, 0x12, 0x16, 0x19, 0x1b,
0x18, 0x19, 0x18, 0x1e, 0x18, 0x19, 0x70, 0x60, 0x2b, 0x18, 0x16, 0x12, 0x17, 0x1c, 0x2a, 0x16, 0x13, 0x70, 0x60, 0x15, 0x13, 0x16, 0x24, 0x11, 0x13, 0x17, 0x1b, 0x19, 0x18, 0x70, 0x50, 0x1b, 0x10, 0x14, 0x12, 0x2d, 0x11, 0x15, 0x1c, 0x19, 0x15, 0x80, 0x60, 0x1b, 0x30, 0x1d, 0x13, 0x11, 0x1c, 0x19, 0x1d, 0x80, 0xa0, 0x12, 0x11, 0x17, 0x16, 0x12, 0x14, 0x80, 0x90, 0x1b, 0x13, 0x1e, 0x17, 0x12, 0x10, 0x14, 0x80, 0xa0, 0x14, 0x1d, 0xc0,
// Compressed size: 185 bytes original pixels: 12544 uint16_t → ~25088 bytes uncompressed)

// AELFWYN / Aelfwyn Auraflow V0.3 030 S1360054354 Th0.100 24 [Folder: AELFWYN] - RLE compressed data (offset: 1004, size: 269)
0x90, 0x1b, 0x90, 0x18, 0x40, 0x90, 0x1b, 0x27, 0x2b, 0x50, 0x1b, 0x40, 0x90, 0x1b, 0x17, 0x18, 0x27, 0x1b, 0x30, 0x17, 0x50, 0xa0, 0x1e, 0x13, 0x17, 0x40, 0x19, 0x18, 0x50, 0x90, 0x14, 0x12, 0x16, 0x11, 0x15, 0xa0, 0x90, 0x14, 0x1c, 0x13, 0x19, 0x27, 0x90, 0x80, 0x2d, 0x22, 0x11, 0x18, 0x14, 0x90, 0x80, 0x16, 0x15, 0x13, 0x24, 0x15, 0x17, 0x30, 0x17, 0x50, 0x80, 0x12, 0x14, 0x12, 0x11, 0x15, 0x14, 0x1a, 0x90, 0x70, 0x14, 0x11, 0x13, 0x11, 0x19, 0x12, 0x26, 0x1c, 0x80, 0x50, 0x18, 0x31, 0x1a, 0x11, 0x1a, 0x11, 0x1a, 0x11, 0x14, 0x1b, 0x1d, 0x60, 0x40, 0x13, 0x11, 0x14, 0x31, 0x16, 0x13, 0x1d, 0x18, 0x11, 0x12, 0x80, 0x40, 0x1a, 0x11, 0x1a, 0x21, 0x19, 0x13, 0x12,
0x18, 0x19, 0x11, 0x14, 0x80, 0x30, 0x1c, 0x1a, 0x11, 0x1c, 0x31, 0x26, 0x18, 0x1c, 0x21, 0x80, 0x30, 0x1c, 0x23, 0x19, 0x1a, 0x1c, 0x1a, 0x32, 0x14, 0x11, 0x15, 0x80, 0x40, 0x13, 0x16, 0x15, 0x1e, 0x11, 0x15, 0x14, 0x15, 0x12, 0x18, 0x1c, 0x13, 0x20, 0x1e, 0x50, 0x30, 0x14, 0x12, 0x16, 0x15, 0x13, 0x1a, 0x19, 0x14, 0x12, 0x16, 0x15, 0x18, 0x12, 0x1d, 0x70, 0x30, 0x12, 0x15, 0x12, 0x15, 0x19, 0x16, 0x12, 0x15, 0x12, 0x13, 0x16, 0x19, 0x15, 0x18, 0x10, 0x1b, 0x50, 0x20, 0x14, 0x12, 0x15, 0x26, 0x13, 0x15, 0x14, 0x15, 0x14, 0x13, 0x14, 0x19, 0x1c, 0x1d, 0x10, 0x1e, 0x50, 0x20, 0x12, 0x14, 0x20, 0x13, 0x19, 0x13, 0x32, 0x16, 0x1a, 0x10, 0x16, 0x1a, 0x10, 0x17, 0x50,
0x30, 0x18, 0x20, 0x12, 0x16, 0x13, 0x17, 0x1e, 0x12, 0x15, 0x1c, 0x10, 0x1d, 0x10, 0x18, 0x1b, 0x50, 0x50, 0x17, 0x10, 0x23, 0x20, 0x12, 0x10, 0x11, 0x10, 0x1b, 0x10, 0x19, 0x1e, 0x50, 0x80, 0x18, 0x40, 0x1c, 0x17, 0x20, 0x13, 0x1d, 0x50, 0x40, 0x18, 0x30, 0x1e, 0xf0,
// Compressed size: 269 bytes original pixels: 12544 uint16_t → ~25088 bytes uncompressed)

// AETHELBURG / Aethelburg Auraflow V0.3 002 S1993196699 Th0.100 24 [Folder: AETHELBURG] - RLE compressed data (offset: 1273, size: 185)
0xf0, 0x90, 0xa0, 0x14, 0x12, 0x16, 0xb0, 0xa0, 0x13, 0x1a, 0xc0, 0xa0, 0x12, 0x13, 0x10, 0x1a, 0x1f, 0x90, 0x90, 0x2a, 0x11, 0x1c, 0x1d, 0x14, 0x18, 0x80, 0x90, 0x25, 0x13, 0x1d, 0x14, 0x11, 0x27, 0x70, 0x80, 0x14, 0x28, 0x14, 0x17, 0x26, 0x19, 0x13, 0x70, 0x80, 0x14, 0x11, 0x19, 0x12, 0x17, 0x24, 0x13, 0x18, 0x70, 0x90, 0x18, 0x12, 0x13, 0x1b, 0x16, 0x17, 0x16, 0x11, 0x70, 0xa0, 0x17, 0x39, 0x15, 0x18, 0x19, 0x70, 0x90, 0x11, 0x1e, 0x15, 0x1b, 0x12, 0x17, 0x12, 0x11, 0x70, 0x90, 0x11, 0x27, 0x15, 0x1e, 0x19, 0x12, 0x13, 0x70, 0x90, 0x11, 0x13, 0x25, 0x19, 0x16, 0x13, 0x80, 0x80, 0x1a, 0x12, 0x11, 0x1b, 0x12, 0x2b, 0x18, 0x80, 0x80, 0x13, 0x1c, 0x16, 0x11, 0x18,
0x12, 0x1e, 0x90, 0x90, 0x16, 0x1c, 0x1d, 0x18, 0x14, 0xa0, 0x70, 0x11, 0x10, 0x1b, 0x20, 0x1a, 0xb0, 0x70, 0x12, 0x10, 0x1c, 0x20, 0x1c, 0x15, 0xa0, 0x80, 0x1c, 0x15, 0x20, 0x15, 0x13, 0xa0, 0x60, 0x12, 0x10, 0x12, 0x19, 0x20, 0x11, 0x12, 0xa0, 0x60, 0x11, 0x10, 0x1e, 0x30, 0x13, 0x15, 0xa0, 0x50, 0x1d, 0x20, 0x17, 0x30, 0x16, 0x11, 0xa0, 0x50, 0x18, 0x20, 0x11, 0x12, 0x14, 0x1a, 0x14, 0x13, 0x1b, 0x90, 0xa0, 0x1d, 0x16, 0x1a, 0xb0,
// Compressed size: 185 bytes original pixels: 12544 uint16_t → ~25088 bytes uncompressed)

// AKI / Aki Auraflow V0.3 011 S1471492538 Th0.100 24 [Folder: AKI] - RLE compressed data (offset: 1458, size: 179)
0xf0, 0x90, 0xf0, 0x90, 0x90, 0x17, 0x15, 0x1b, 0xc0, 0x50, 0x28, 0x20, 0x13, 0x17, 0x11, 0xc0, 0x70, 0x11, 0x19, 0x24, 0x1a, 0x20, 0x2a, 0x10, 0x2b, 0x11, 0x14, 0x30, 0x70, 0x1d, 0x17, 0x18, 0x1a, 0x12, 0x24, 0x1a, 0x14, 0x1e, 0x15, 0x10, 0x19, 0x40, 0x70, 0x17, 0x13, 0x1d, 0x13, 0x11, 0x25, 0x1e, 0x1c, 0x18, 0x1d, 0x60, 0x90, 0x29, 0x11, 0x19, 0x15, 0x1c, 0x11, 0x1b, 0x70, 0xa0, 0x11, 0x19, 0x12, 0x17, 0x1c, 0x90, 0x50, 0x1a, 0x40, 0x18, 0x1e, 0x11, 0x1f, 0x11, 0x14, 0x80, 0x40, 0x14, 0x1a, 0x10, 0x1f, 0x11, 0x20, 0x13, 0x12, 0x17, 0x19, 0x11, 0x1c, 0x70, 0xa0, 0x18, 0x33, 0x17, 0x1b, 0x80, 0x80, 0x15, 0x1c, 0x12, 0x13, 0x22, 0x1f, 0x14, 0x80, 0x70, 0x15, 0x18,
0x16, 0x15, 0x23, 0x17, 0x1e, 0x18, 0x14, 0x1b, 0x14, 0x50, 0x60, 0x18, 0x16, 0x17, 0x12, 0x36, 0x12, 0x16, 0x11, 0x1a, 0x15, 0x19, 0x1f, 0x40, 0x80, 0x12, 0x1d, 0x16, 0x20, 0x11, 0x16, 0x13, 0x16, 0x12, 0x1e, 0x50, 0x80, 0x1d, 0x19, 0x50, 0x12, 0x17, 0x15, 0x12, 0x50, 0x80, 0x16, 0x13, 0x50, 0x16, 0x15, 0x12, 0x60, 0xf0, 0x1c, 0x80, 0xe0, 0x11, 0x90, 0xf0, 0x90, 0xf0, 0x90, 0xf0, 0x90, 0xf0, 0x90,
// Compressed size: 179 bytes original pixels: 12544 uint16_t → ~25088 bytes uncompressed)

// ALETTE / Alette Auraflow V0.3 030 S684776834 Th0.100 24 [Folder: ALETTE] - RLE compressed data (offset: 1637, size: 237)
0xf0, 0x90, 0xb0, 0x13, 0x1c, 0x1e, 0xa0, 0xa0, 0x16, 0x13, 0x14, 0x1c, 0xa0, 0x90, 0x17, 0x1f, 0x1d, 0x11, 0x18, 0x1e, 0x90, 0x90, 0x1c, 0x13, 0x17, 0x11, 0x1a, 0x1c, 0x90, 0x90, 0x1f, 0x15, 0x1b, 0x11, 0x1a, 0x16, 0x90, 0x80, 0x17, 0x11, 0x1a, 0x11, 0x2b, 0x1a, 0x90, 0x70, 0x1e, 0x14, 0x13, 0x15, 0x11, 0x15, 0x1f, 0x18, 0x13, 0x80, 0x50, 0x17, 0x20, 0x17, 0x12, 0x31, 0x12, 0x19, 0x13, 0x1c, 0x70, 0x70, 0x18, 0x1b, 0x12, 0x31, 0x1a, 0x18, 0x13, 0x1a, 0x1d, 0x1c, 0x10, 0x12, 0x1f, 0x20, 0x40, 0x2c, 0x12, 0x17, 0x14, 0x51, 0x16, 0x18, 0x11, 0x1a, 0x26, 0x40, 0x30, 0x32, 0x18, 0x1b, 0x14, 0x15, 0x21, 0x15, 0x11, 0x12, 0x18, 0x13, 0x11, 0x18, 0x1d, 0x1f, 0x30, 0x20,
0x12, 0x2d, 0x18, 0x24, 0x19, 0x15, 0x4b, 0x13, 0x24, 0x1e, 0x12, 0x1a, 0x13, 0x30, 0x10, 0x1e, 0x1f, 0x1d, 0x1a, 0x18, 0x1d, 0x19, 0x1d, 0x2b, 0x11, 0x15, 0x11, 0x15, 0x17, 0x14, 0x23, 0x10, 0x14, 0x10, 0x1f, 0x10, 0x10, 0x1e, 0x12, 0x19, 0x24, 0x39, 0x1d, 0x1a, 0x11, 0x15, 0x11, 0x1b, 0x28, 0x13, 0x16, 0x19, 0x10, 0x29, 0x10, 0x10, 0x16, 0x1e, 0x12, 0x17, 0x1d, 0x32, 0x16, 0x18, 0x25, 0x3a, 0x13, 0x1d, 0x19, 0x26, 0x30, 0x20, 0x1e, 0x1f, 0x1e, 0x12, 0x19, 0x26, 0x10, 0x25, 0x27, 0x13, 0x17, 0x13, 0x14, 0x12, 0x50, 0x30, 0x26, 0x12, 0x16, 0x1c, 0x20, 0x35, 0x14, 0x16, 0x14, 0x17, 0x18, 0x60, 0xa0, 0x17, 0x14, 0x13, 0xb0, 0xa0, 0x1b, 0x1c, 0x14, 0xb0, 0xa0, 0x17,
0x1c, 0x17, 0xb0, 0xa0, 0x15, 0x19, 0x13, 0xb0, 0xa0, 0x11, 0xd0, 0xf0, 0x90,
// Compressed size: 237 bytes original pixels: 12544 uint16_t → ~25088 bytes uncompressed)

// ALFRUN / Alfrun Auraflow V0.3 000 S756483706 Th0.100 24 [Folder: ALFRUN] - RLE compressed data (offset: 1874, size: 235)
0x50, 0x1e, 0x10, 0x17, 0x12, 0x20, 0x17, 0x13, 0xb0, 0x50, 0x14, 0x20, 0x18, 0x10, 0x14, 0x1d, 0x17, 0x13, 0xa0, 0x70, 0x11, 0x18, 0x10, 0x14, 0x13, 0x1c, 0x17, 0x14, 0x90, 0x50, 0x14, 0x10, 0x12, 0x14, 0x10, 0x11, 0x17, 0x15, 0x17, 0x13, 0x14, 0x10, 0x14, 0x60, 0x50, 0x13, 0x10, 0x18, 0x20, 0x13, 0x11, 0x28, 0x14, 0x23, 0x70, 0x50, 0x1d, 0x10, 0x1c, 0x20, 0x1f, 0x22, 0x19, 0x13, 0x14, 0x80, 0x50, 0x13, 0x10, 0x19, 0x20, 0x15, 0x14, 0x16, 0x11, 0x27, 0x80, 0x50, 0x14, 0x10, 0x11, 0x20, 0x18, 0x21, 0x16, 0x14, 0x90, 0x70, 0x11, 0x15, 0x14, 0x26, 0x1b, 0x1c, 0xa0, 0x80, 0x1e, 0x1f, 0x1a, 0x15, 0x12, 0x15, 0x17, 0x90, 0x80, 0x13, 0x2f, 0x1a, 0x18, 0x15, 0xa0, 0x90,
0x16, 0x29, 0x12, 0x15, 0x1b, 0x90, 0x80, 0x16, 0x1e, 0x16, 0x1d, 0x22, 0x13, 0x90, 0x80, 0x15, 0x10, 0x15, 0x29, 0x1c, 0x18, 0x90, 0x80, 0x12, 0x11, 0x15, 0x12, 0x11, 0x1a, 0x16, 0x11, 0x1c, 0x10, 0x1d, 0x50, 0x80, 0x12, 0x1a, 0x16, 0x13, 0x16, 0x1a, 0x16, 0x19, 0x1c, 0x70, 0x80, 0x16, 0x15, 0x12, 0x10, 0x18, 0x1c, 0x19, 0x1b, 0x80, 0x80, 0x11, 0x22, 0x10, 0x12, 0x1e, 0x1a, 0x11, 0x1b, 0x70, 0x80, 0x18, 0x1f, 0x12, 0x10, 0x25, 0x1a, 0x21, 0x1b, 0x60, 0x80, 0x11, 0x1e, 0x11, 0x10, 0x12, 0x18, 0x10, 0x14, 0x11, 0x2b, 0x50, 0x80, 0x12, 0x27, 0x10, 0x2a, 0x10, 0x1d, 0x10, 0x1e, 0x1b, 0x50, 0x80, 0x19, 0x1a, 0x20, 0x15, 0x19, 0x30, 0x23, 0x1d, 0x40, 0x80, 0x12, 0x11,
0x20, 0x11, 0x16, 0x60, 0x1b, 0x13, 0x20, 0xc0, 0x12, 0x15, 0xa0,
// Compressed size: 235 bytes original pixels: 12544 uint16_t → ~25088 bytes uncompressed)

// AMELIA / Amelia Auraflow V0.3 003 S557292514 Th0.100 24 [Folder: AMELIA] - RLE compressed data (offset: 2109, size: 172)
0xf0, 0x90, 0xb0, 0x1b, 0x11, 0x17, 0xa0, 0xa0, 0x15, 0x1f, 0x12, 0x11, 0xa0, 0xa0, 0x15, 0x1f, 0x15, 0x12, 0xa0, 0xa0, 0x1f, 0x11, 0x1f, 0x12, 0xa0, 0x90, 0x11, 0x15, 0x17, 0x19, 0x1c, 0x14, 0x90, 0x90, 0x22, 0x1d, 0x14, 0x15, 0x29, 0x80, 0x90, 0x15, 0x12, 0x23, 0x18, 0x1c, 0x90, 0x80, 0x1e, 0x15, 0x18, 0x1a, 0x13, 0x19, 0x1d, 0x90, 0x80, 0x1b, 0x16, 0x10, 0x12, 0x1e, 0x15, 0xa0, 0x90, 0x12, 0x1f, 0x12, 0x13, 0x18, 0x13, 0x90, 0xa0, 0x11, 0x24, 0x1a, 0x12, 0x90, 0xa0, 0x1b, 0x14, 0x1d, 0x1a, 0x12, 0x90, 0x90, 0x19, 0x1b, 0x24, 0x11, 0x17, 0x90, 0x90, 0x11, 0x1a, 0x24, 0x11, 0xa0, 0x80, 0x13, 0x1a, 0x24, 0x1c, 0x13, 0xa0, 0x80, 0x13, 0x1d, 0x11, 0x1d, 0x23, 0xa0,
0x70, 0x2b, 0x1d, 0x1a, 0x1c, 0x17, 0x16, 0x19, 0x90, 0x70, 0x11, 0x1b, 0x11, 0x2c, 0x17, 0x11, 0xa0, 0x50, 0x27, 0x1a, 0x16, 0x28, 0x12, 0x18, 0x11, 0xa0, 0x40, 0x16, 0x11, 0x36, 0x21, 0x12, 0x15, 0x17, 0xa0, 0x40, 0x16, 0x10, 0x13, 0x15, 0x1e, 0x18, 0x1e, 0x11, 0x10, 0x11, 0xa0, 0xa0, 0x1e, 0x16, 0x10, 0x16, 0xa0, 0x90, 0x19, 0x17, 0x18, 0x10, 0x13, 0xa0,
// Compressed size: 172 bytes original pixels: 12544 uint16_t → ~25088 bytes uncompressed)

// ANLAF / Anlaf Auraflow V0.3 033 S889144974 Th0.100 24 [Folder: ANLAF] - RLE compressed data (offset: 2281, size: 272)
0xf0, 0x90, 0xb0, 0x11, 0x16, 0x70, 0x13, 0x30, 0xa0, 0x17, 0x18, 0x16, 0x70, 0x17, 0x30, 0xa0, 0x19, 0x26, 0x19, 0x60, 0x16, 0x30, 0x80, 0x1d, 0x16, 0x14, 0x21, 0x12, 0x15, 0x40, 0x17, 0x40, 0x80, 0x11, 0x19, 0x21, 0x13, 0x12, 0x1b, 0x40, 0x1b, 0x40, 0x70, 0x17, 0x13, 0x19, 0x15, 0x1e, 0x11, 0x16, 0x12, 0x1d, 0x20, 0x1b, 0x13, 0x40, 0x70, 0x13, 0x1b, 0x16, 0x11, 0x1a, 0x1e, 0x15, 0x19, 0x17, 0x30, 0x13, 0x40, 0x70, 0x19, 0x11, 0x1a, 0x15, 0x18, 0x15, 0x1e, 0x14, 0x11, 0x20, 0x17, 0x50, 0x70, 0x16, 0x1e, 0x13, 0x1a, 0x12, 0x13, 0x17, 0x11, 0x19, 0x11, 0x10, 0x15, 0x50, 0x70, 0x18, 0x11, 0x19, 0x18, 0x1e, 0x14, 0x1f, 0x19, 0x12, 0x11, 0x15, 0x13, 0x50, 0x60, 0x1b,
0x21, 0x1a, 0x13, 0x19, 0x12, 0x1f, 0x22, 0x10, 0x27, 0x50, 0x60, 0x1d, 0x15, 0x11, 0x1a, 0x16, 0x21, 0x1f, 0x14, 0x19, 0x10, 0x17, 0x60, 0x60, 0x17, 0x12, 0x16, 0x1b, 0x17, 0x11, 0x1a, 0x18, 0x14, 0x12, 0x10, 0x11, 0x60, 0x60, 0x24, 0x2a, 0x28, 0x17, 0x12, 0x11, 0x12, 0x10, 0x1d, 0x60, 0x60, 0x14, 0x1b, 0x17, 0x1a, 0x13, 0x18, 0x16, 0x18, 0x11, 0x19, 0x14, 0x70, 0x60, 0x3b, 0x13, 0x18, 0x1f, 0x16, 0x1b, 0x11, 0x1c, 0x15, 0x70, 0x50, 0x15, 0x1c, 0x13, 0x12, 0x14, 0x1c, 0x19, 0x17, 0x1f, 0x1e, 0x13, 0x15, 0x70, 0x40, 0x18, 0x15, 0x1a, 0x2c, 0x24, 0x12, 0x15, 0x12, 0x13, 0x12, 0x80, 0x40, 0x13, 0x14, 0x3c, 0x14, 0x18, 0x12, 0x19, 0x12, 0x1c, 0x14, 0x80, 0x30, 0x11,
0x1b, 0x14, 0x12, 0x2c, 0x13, 0x14, 0x12, 0x14, 0x12, 0x18, 0x1a, 0x80, 0x20, 0x1d, 0x11, 0x1a, 0x1d, 0x15, 0x1e, 0x1c, 0x13, 0x1c, 0x18, 0x1e, 0x12, 0x15, 0x1e, 0x80, 0x30, 0x1d, 0x16, 0x1b, 0x1a, 0x1b, 0x13, 0x1e, 0x15, 0x11, 0x1a, 0x1d, 0x13, 0x19, 0x18, 0x2d, 0x16, 0x40, 0xf0, 0x90,
// Compressed size: 272 bytes original pixels: 12544 uint16_t → ~25088 bytes uncompressed)

// ANNABEL / Annabel Auraflow V0.3 029 S396334667 Th0.100 24 [Folder: ANNABEL] - RLE compressed data (offset: 2553, size: 188)
0xf0, 0x90, 0xa0, 0x29, 0xc0, 0xa0, 0x26, 0x19, 0xb0, 0xa0, 0x19, 0x26, 0x19, 0xa0, 0xb0, 0x1b, 0x26, 0x19, 0x1c, 0x80, 0xa0, 0x1f, 0x1d, 0x26, 0x1b, 0x1c, 0x80, 0xa0, 0x11, 0x15, 0x16, 0x4b, 0x1c, 0x60, 0xa0, 0x1a, 0x17, 0x16, 0x1b, 0x1c, 0x10, 0x19, 0x16, 0x60, 0x70, 0x1c, 0x10, 0x19, 0x12, 0x15, 0x18, 0x13, 0x11, 0x10, 0x1c, 0x70, 0x70, 0x1f, 0x18, 0x11, 0x1a, 0x1e, 0x18, 0x10, 0x1c, 0x11, 0x80, 0xa0, 0x21, 0x12, 0x13, 0x20, 0x1b, 0x70, 0xa0, 0x28, 0x17, 0x18, 0xa0, 0x90, 0x13, 0x11, 0x12, 0x17, 0x23, 0x90, 0x80, 0x11, 0x17, 0x14, 0x17, 0x1e, 0x1a, 0x11, 0x90, 0x30, 0x2f, 0x13, 0x15, 0x1a, 0x1e, 0x18, 0x25, 0x28, 0x17, 0x30, 0x31, 0x30, 0x30, 0x18, 0x13, 0x11,
0x12, 0x25, 0x14, 0x1e, 0x23, 0x1d, 0x1a, 0x17, 0x1a, 0x31, 0x13, 0x11, 0x20, 0x40, 0x12, 0x3d, 0x12, 0x15, 0x14, 0x13, 0x25, 0x17, 0x12, 0x1a, 0x13, 0x11, 0x50, 0x50, 0x11, 0x17, 0x54, 0x1f, 0x14, 0x1e, 0x1a, 0x17, 0x12, 0x60, 0x60, 0x15, 0x1e, 0x14, 0x1f, 0x1a, 0x14, 0x19, 0x12, 0x14, 0x12, 0x17, 0x70, 0x60, 0x12, 0x1d, 0x30, 0x14, 0x20, 0x1d, 0x90, 0xb0, 0x12, 0x20, 0x15, 0x90, 0xb0, 0x22, 0x20, 0x1e, 0x80, 0xa0, 0x23, 0x30, 0x12, 0x80, 0xf0, 0x90,
// Compressed size: 188 bytes original pixels: 12544 uint16_t → ~25088 bytes uncompressed)

// ANTONIO / Antonio Auraflow V0.3 034 S1994850378 Th0.100 24 [Folder: ANTONIO] - RLE compressed data (offset: 2741, size: 200)
0xf0, 0x90, 0xa0, 0x14, 0x13, 0xc0, 0xa0, 0x1e, 0x1f, 0x17, 0xb0, 0xa0, 0x1b, 0x19, 0x16, 0x1d, 0xa0, 0xa0, 0x1b, 0x19, 0x15, 0x1b, 0x15, 0x90, 0x60, 0x16, 0x15, 0x10, 0x11, 0x19, 0x1d, 0x1b, 0x25, 0x17, 0x80, 0x60, 0x15, 0x20, 0x11, 0x18, 0x16, 0x15, 0x1a, 0x12, 0x1d, 0x80, 0x70, 0x1e, 0x15, 0x1c, 0x13, 0x16, 0x1b, 0x1d, 0x13, 0x16, 0x17, 0x70, 0x70, 0x19, 0x16, 0x14, 0x17, 0x16, 0x17, 0x1d, 0x18, 0x10, 0x17, 0x70, 0x70, 0x43, 0x12, 0x2a, 0x18, 0x10, 0x16, 0x17, 0x60, 0x70, 0x1a, 0x18, 0x15, 0x17, 0x14, 0x19, 0x17, 0x11, 0x10, 0x21, 0x60, 0x70, 0x15, 0x12, 0x11, 0x19, 0x18, 0x14, 0x1a, 0x12, 0x10, 0x16, 0x17, 0x60, 0x70, 0x13, 0x1a, 0x12, 0x1c, 0x11, 0x1e, 0x28,
0x20, 0x15, 0x60, 0x70, 0x18, 0x10, 0x2e, 0x1d, 0x12, 0x11, 0x1c, 0x20, 0x14, 0x60, 0x80, 0x19, 0x17, 0x14, 0x12, 0x11, 0x2c, 0x20, 0x14, 0x60, 0x80, 0x12, 0x11, 0x19, 0x18, 0x12, 0x1a, 0x1d, 0x90, 0x80, 0x11, 0x24, 0x13, 0x11, 0x1c, 0x18, 0x90, 0x80, 0x24, 0x1e, 0x16, 0x13, 0x12, 0x1a, 0x16, 0x80, 0x70, 0x1f, 0x1c, 0x13, 0x1c, 0x10, 0x13, 0x12, 0x18, 0x1a, 0x10, 0x12, 0x60, 0x80, 0x19, 0x11, 0x40, 0x14, 0x1d, 0x80, 0x80, 0x1e, 0x50, 0x29, 0x80, 0x60, 0x2b, 0x1e, 0x50, 0x12, 0x11, 0x80, 0xe0, 0x12, 0x1b, 0x80, 0xf0, 0x90,
// Compressed size: 200 bytes original pixels: 12544 uint16_t → ~25088 bytes uncompressed)

// ARABELLA / Arabella Auraflow V0.3 035 S1664133666 Th0.100 24 [Folder: ARABELLA] - RLE compressed data (offset: 2941, size: 221)
0xf0, 0x90, 0xa0, 0x17, 0x28, 0xb0, 0x90, 0x17, 0x2f, 0x14, 0x18, 0xa0, 0x90, 0x17, 0x1f, 0x17, 0x14, 0x12, 0xa0, 0x90, 0x1f, 0x19, 0x15, 0x24, 0xa0, 0x80, 0x27, 0x13, 0x22, 0xb0, 0x80, 0x27, 0x1f, 0x1e, 0xc0, 0x80, 0x19, 0x17, 0x1f, 0x38, 0xa0, 0x70, 0x17, 0x19, 0x1f, 0x19, 0x3e, 0x10, 0x18, 0x80, 0x70, 0x17, 0x11, 0x13, 0x17, 0x18, 0x1e, 0x17, 0x14, 0x12, 0x80, 0x70, 0x2c, 0x19, 0x1b, 0x1f, 0x12, 0x24, 0x12, 0x80, 0x70, 0x1c, 0x19, 0x13, 0x2a, 0x15, 0x14, 0x12, 0x90, 0x70, 0x1c, 0x19, 0x1b, 0x13, 0x16, 0x14, 0x12, 0x14, 0x12, 0x80, 0x70, 0x16, 0x19, 0x11, 0x13, 0x1d, 0x14, 0x15, 0x14, 0x12, 0x80, 0x70, 0x1b, 0x21, 0x1c, 0x1d, 0x16, 0x15, 0x1b, 0x12, 0x80, 0x60,
0x15, 0x19, 0x21, 0x13, 0x26, 0x1b, 0x16, 0x90, 0x60, 0x12, 0x1c, 0x16, 0x13, 0x11, 0x13, 0x16, 0x1b, 0x1a, 0x90, 0x60, 0x15, 0x1b, 0x21, 0x13, 0x21, 0x12, 0x18, 0x1e, 0x28, 0x1e, 0x50, 0x60, 0x1a, 0x16, 0x13, 0x11, 0x29, 0x2a, 0x25, 0x18, 0x12, 0x15, 0x12, 0x18, 0x30, 0x60, 0x1c, 0x13, 0x16, 0x13, 0x1c, 0x11, 0x1c, 0x1b, 0x1d, 0x25, 0x12, 0x25, 0x14, 0x30, 0x50, 0x1a, 0x21, 0x13, 0x1c, 0x19, 0x16, 0x1b, 0x1a, 0x1b, 0x1a, 0x2d, 0x25, 0x14, 0x30, 0x10, 0x12, 0x1e, 0x17, 0x2a, 0x21, 0x1f, 0x16, 0x19, 0x11, 0x1b, 0x16, 0x2d, 0x16, 0x1d, 0x1e, 0x1d, 0x14, 0x30, 0x40, 0x16, 0x13, 0x2c, 0x1a, 0x1b, 0x11, 0x23, 0x11, 0x13, 0x2d, 0x14, 0x60, 0xf0, 0x90,
// Compressed size: 221 bytes original pixels: 12544 uint16_t → ~25088 bytes uncompressed)

// ARILD / Arild Auraflow V0.3 001 S1007485810 Th0.100 24 [Folder: ARILD] - RLE compressed data (offset: 3162, size: 252)
0xf0, 0x90, 0xf0, 0x90, 0xb0, 0x18, 0xc0, 0xa0, 0x1c, 0x16, 0xc0, 0xa0, 0x11, 0x17, 0x16, 0xb0, 0x80, 0x1b, 0x13, 0x17, 0x16, 0x1d, 0x16, 0x1b, 0x90, 0x70, 0x18, 0x16, 0x11, 0x33, 0x12, 0x1a, 0x13, 0x80, 0x70, 0x13, 0x18, 0x17, 0x18, 0x14, 0x1f, 0x1b, 0x11, 0x1e, 0x80, 0x70, 0x13, 0x14, 0x13, 0x2d, 0x13, 0x14, 0x1e, 0x11, 0x80, 0x60, 0x12, 0x15, 0x24, 0x12, 0x36, 0x14, 0x16, 0x13, 0x70, 0x60, 0x12, 0x11, 0x14, 0x15, 0x17, 0x2d, 0x16, 0x1d, 0x16, 0x17, 0x70, 0x50, 0x1c, 0x12, 0x11, 0x14, 0x13, 0x1f, 0x12, 0x26, 0x15, 0x11, 0x1f, 0x70, 0x40, 0x1b, 0x11, 0x2c, 0x14, 0x13, 0x14, 0x17, 0x15, 0x17, 0x14, 0x12, 0x11, 0x70, 0x40, 0x13, 0x1e, 0x1a, 0x15, 0x1a, 0x15, 0x1f,
0x11, 0x1f, 0x1d, 0x15, 0x1d, 0x12, 0x70, 0x20, 0x1b, 0x16, 0x18, 0x2a, 0x14, 0x11, 0x1c, 0x15, 0x16, 0x14, 0x1f, 0x1d, 0x1c, 0x17, 0x70, 0x30, 0x17, 0x1a, 0x18, 0x1e, 0x12, 0x14, 0x15, 0x14, 0x17, 0x13, 0x1f, 0x16, 0x18, 0x10, 0x17, 0x60, 0x20, 0x13, 0x17, 0x11, 0x1e, 0x22, 0x15, 0x19, 0x24, 0x25, 0x17, 0x15, 0x20, 0x17, 0x30, 0x1b, 0x10, 0x10, 0x13, 0x17, 0x18, 0x17, 0x11, 0x1e, 0x12, 0x11, 0x12, 0x11, 0x15, 0x1f, 0x15, 0x12, 0x1a, 0x30, 0x16, 0x20, 0x19, 0x10, 0x10, 0x11, 0x18, 0x1c, 0x10, 0x18, 0x11, 0x19, 0x22, 0x18, 0x15, 0x1a, 0x22, 0x1a, 0x40, 0x18, 0x29, 0x1b, 0x10, 0x23, 0x20, 0x13, 0x18, 0x11, 0x24, 0x10, 0x1b, 0x12, 0x11, 0x14, 0x15, 0x40, 0x11, 0x29,
0x10, 0x80, 0x1c, 0x12, 0x20, 0x19, 0x1b, 0x12, 0x11, 0x20, 0x1c, 0x2e, 0x19, 0x13, 0x10, 0x80, 0x17, 0x1a, 0x40, 0x1a, 0x15, 0x30, 0x29, 0x30, 0xf0, 0x90, 0xf0, 0x90,
// Compressed size: 252 bytes original pixels: 12544 uint16_t → ~25088 bytes uncompressed)

// ARNHILDUR / Arnhildur Auraflow V0.3 027 S1320555054 Th0.100 24 [Folder: ARNHILDUR] - RLE compressed data (offset: 3414, size: 228)
0xf0, 0x90, 0xa0, 0x1e, 0x1b, 0x25, 0x17, 0x15, 0x20, 0x17, 0x50, 0xa0, 0x19, 0x1a, 0x16, 0x15, 0x17, 0x15, 0x17, 0x70, 0xa0, 0x3a, 0x16, 0x1b, 0x1c, 0x15, 0x17, 0x15, 0x50, 0xb0, 0x16, 0x1d, 0x11, 0x36, 0x25, 0x50, 0x90, 0x1c, 0x18, 0x1b, 0x11, 0x12, 0x19, 0x1b, 0x1e, 0x1a, 0x27, 0x15, 0x30, 0x90, 0x16, 0x18, 0x1f, 0x18, 0x14, 0x11, 0x1b, 0x1a, 0x1c, 0x15, 0x17, 0x15, 0x30, 0x90, 0x1a, 0x13, 0x12, 0x13, 0x11, 0x16, 0x10, 0x3c, 0x15, 0x40, 0x90, 0x1e, 0x19, 0x11, 0x1f, 0x10, 0x14, 0x30, 0x17, 0x1b, 0x40, 0x80, 0x17, 0x1e, 0x16, 0x13, 0x11, 0x14, 0x13, 0x90, 0x80, 0x18, 0x10, 0x1d, 0x14, 0x18, 0x11, 0x1f, 0x90, 0x80, 0x13, 0x1d, 0x19, 0x22, 0x11, 0x10, 0x18, 0x80,
0x80, 0x16, 0x10, 0x1d, 0x11, 0x22, 0x1a, 0x11, 0x80, 0x70, 0x16, 0x12, 0x13, 0x12, 0x13, 0x19, 0x14, 0x12, 0x19, 0x80, 0x50, 0x13, 0x16, 0x20, 0x19, 0x12, 0x24, 0x12, 0x24, 0x18, 0x70, 0x40, 0x11, 0x40, 0x1a, 0x1d, 0x14, 0x19, 0x12, 0x19, 0x14, 0x13, 0x18, 0x17, 0x50, 0x30, 0x18, 0x50, 0x11, 0x19, 0x2e, 0x22, 0x13, 0x21, 0x1a, 0x50, 0x10, 0x1a, 0x18, 0x50, 0x12, 0x1f, 0x12, 0x10, 0x1b, 0x1e, 0x12, 0x1b, 0x1d, 0x14, 0x1f, 0x1c, 0x40, 0x80, 0x1b, 0x1f, 0x30, 0x14, 0x13, 0x18, 0x10, 0x21, 0x1b, 0x40, 0x80, 0x13, 0x11, 0x40, 0x14, 0x13, 0x20, 0x11, 0x18, 0x40, 0x80, 0x1c, 0x19, 0x50, 0x1d, 0x40, 0x17, 0x30, 0x80, 0x13, 0x60, 0x19, 0x80, 0x70, 0x16, 0x1d, 0x1c, 0x50,
0x11, 0x80, 0xf0, 0x90,
// Compressed size: 228 bytes original pixels: 12544 uint16_t → ~25088 bytes uncompressed)

// AUDREY / Audrey Auraflow V0.3 008 S287678065 Th0.100 24 [Folder: AUDREY] - RLE compressed data (offset: 3642, size: 159)
0xa0, 0x17, 0x21, 0xb0, 0xa0, 0x18, 0x17, 0x11, 0x12, 0xa0, 0xa0, 0x13, 0x14, 0x17, 0x1e, 0xa0, 0xa0, 0x13, 0x14, 0x1a, 0x19, 0xa0, 0x90, 0x18, 0x11, 0x15, 0x21, 0xa0, 0x90, 0x14, 0x26, 0x12, 0x1c, 0xa0, 0x80, 0x11, 0x10, 0x1a, 0x1c, 0x16, 0x10, 0x11, 0x90, 0x60, 0x1e, 0x13, 0x19, 0x10, 0x1c, 0x11, 0x18, 0x20, 0x1b, 0x80, 0x50, 0x12, 0x14, 0x30, 0x21, 0x1d, 0x13, 0x18, 0x10, 0x11, 0x70, 0x50, 0x15, 0x30, 0x1d, 0x37, 0x12, 0x19, 0x20, 0x12, 0x60, 0x90, 0x13, 0x16, 0x13, 0x16, 0x17, 0x12, 0x90, 0x90, 0x16, 0x13, 0x17, 0x22, 0x1a, 0x1d, 0x80, 0x90, 0x26, 0x11, 0x14, 0x13, 0x12, 0x90, 0x90, 0x23, 0x20, 0x22, 0x90, 0x90, 0x13, 0x14, 0x20, 0x16, 0x14, 0x90, 0x90, 0x1b,
0x30, 0x24, 0x90, 0x90, 0x1a, 0x30, 0x15, 0x1b, 0x90, 0x80, 0x1a, 0x15, 0x30, 0x1a, 0x14, 0x90, 0x80, 0x17, 0x18, 0x30, 0x25, 0x90, 0x80, 0x12, 0x50, 0x1a, 0x90, 0x80, 0x15, 0x50, 0x15, 0x90, 0x80, 0x19, 0x30, 0x39, 0x90, 0x70, 0x1b, 0x19, 0x30, 0x18, 0x15, 0x28, 0x80, 0xf0, 0x90,
// Compressed size: 159 bytes original pixels: 12544 uint16_t → ~25088 bytes uncompressed)

// AUKJE / Aukje Auraflow V0.3 008 S714090705 Th0.100 24 [Folder: AUKJE] - RLE compressed data (offset: 3801, size: 177)
0xf0, 0x90, 0xa0, 0x19, 0x16, 0x18, 0x17, 0xa0, 0xb0, 0x27, 0x15, 0x1b, 0x19, 0x20, 0x19, 0x50, 0xb0, 0x16, 0x37, 0x15, 0x1a, 0x19, 0x60, 0xb0, 0x1c, 0x1f, 0x26, 0x17, 0x15, 0x2a, 0x50, 0xb0, 0x13, 0x12, 0x14, 0x15, 0x1b, 0x15, 0x1b, 0x30, 0x1a, 0x20, 0xb0, 0x13, 0x14, 0x11, 0x27, 0x25, 0x60, 0xb0, 0x14, 0x12, 0x10, 0x1e, 0x15, 0x1b, 0x15, 0x19, 0x20, 0x1a, 0x20, 0xa0, 0x16, 0x14, 0x12, 0x10, 0x12, 0x1b, 0x1a, 0x15, 0x1b, 0x50, 0xa0, 0x1c, 0x12, 0x13, 0x24, 0x19, 0x15, 0x1b, 0x19, 0x1a, 0x40, 0xa0, 0x23, 0x1e, 0x11, 0xa0, 0xa0, 0x12, 0x11, 0x12, 0x13, 0xa0, 0xa0, 0x16, 0x14, 0x31, 0x90, 0xb0, 0x42, 0x90, 0xb0, 0x12, 0x11, 0x12, 0x11, 0x1f, 0x40, 0x28, 0x20, 0xb0,
0x11, 0x32, 0x14, 0x12, 0x1d, 0x10, 0x1d, 0x16, 0x30, 0xb0, 0x11, 0x13, 0x21, 0x12, 0x1c, 0x13, 0x1c, 0x16, 0x40, 0xb0, 0x18, 0x11, 0x13, 0x1c, 0x21, 0x1d, 0x16, 0x50, 0xb0, 0x11, 0x12, 0x21, 0x13, 0x16, 0x18, 0x60, 0xb0, 0x18, 0x14, 0x13, 0x1c, 0x11, 0x18, 0x70, 0xa0, 0x12, 0x14, 0x11, 0x18, 0x14, 0x90, 0xa0, 0x11, 0x13, 0x14, 0x11, 0xa0, 0xa0, 0x13, 0x1c, 0x18, 0xb0, 0xb0, 0x12, 0xc0,
// Compressed size: 177 bytes original pixels: 12544 uint16_t → ~25088 bytes uncompressed)

// AYLWARD / Aylward Auraflow V0.3 007 S949648177 Th0.100 24 [Folder: AYLWARD] - RLE compressed data (offset: 3978, size: 199)
0xf0, 0x90, 0xb0, 0x1c, 0xc0, 0xb0, 0x15, 0x13, 0xb0, 0xb0, 0x14, 0x12, 0xb0, 0xb0, 0x18, 0x25, 0x1a, 0x90, 0xa0, 0x1c, 0x25, 0x1c, 0x24, 0x80, 0x90, 0x1c, 0x19, 0x12, 0x11, 0x18, 0x22, 0x80, 0xa0, 0x11, 0x12, 0x34, 0x12, 0x17, 0x14, 0x60, 0x90, 0x1e, 0x16, 0x22, 0x1b, 0x24, 0x12, 0x1c, 0x60, 0x90, 0x19, 0x1c, 0x18, 0x15, 0x16, 0x15, 0x14, 0x21, 0x60, 0x90, 0x11, 0x1f, 0x13, 0x32, 0x16, 0x27, 0x60, 0x80, 0x1a, 0x1d, 0x13, 0x16, 0x17, 0x12, 0x1c, 0x27, 0x11, 0x60, 0x70, 0x15, 0x1a, 0x16, 0x11, 0x23, 0x11, 0x17, 0x12, 0x13, 0x19, 0x60, 0x70, 0x15, 0x1a, 0x1d, 0x1c, 0x18, 0x13, 0x11, 0x18, 0x17, 0x18, 0x15, 0x60, 0x70, 0x16, 0x11, 0x16, 0x11, 0x18, 0x12, 0x13, 0x17,
0x90, 0x60, 0x16, 0x20, 0x13, 0x19, 0x17, 0x33, 0x19, 0x80, 0x50, 0x1e, 0x20, 0x1a, 0x13, 0x18, 0x13, 0x19, 0x1e, 0x18, 0x13, 0x80, 0x40, 0x17, 0x20, 0x14, 0x11, 0x19, 0x17, 0x16, 0x1d, 0x17, 0x11, 0x18, 0x11, 0x70, 0x30, 0x13, 0x30, 0x2a, 0x1d, 0x19, 0x16, 0x1a, 0x1e, 0x12, 0x18, 0x14, 0x1a, 0x60, 0x60, 0x1b, 0x2d, 0x15, 0x16, 0x3b, 0x11, 0x19, 0x10, 0x1d, 0x1b, 0x50, 0x60, 0x14, 0x1b, 0x14, 0x10, 0x16, 0x10, 0x25, 0x19, 0x11, 0x80, 0xa0, 0x11, 0x40, 0x11, 0x80, 0x80, 0x1b, 0x11, 0x16, 0x40, 0x12, 0x80, 0xf0, 0x90,
// Compressed size: 199 bytes original pixels: 12544 uint16_t → ~25088 bytes uncompressed)

// BERNARD / Bernard Auraflow V0.3 005 S3727069302 Th0.100 24 [Folder: BERNARD] - RLE compressed data (offset: 4177, size: 255)
0xf0, 0x90, 0xf0, 0x90, 0x90, 0x17, 0x1a, 0xd0, 0x90, 0x1e, 0x11, 0x14, 0xc0, 0x80, 0x1a, 0x21, 0x14, 0x18, 0x10, 0x1a, 0x90, 0x70, 0x1a, 0x16, 0x1e, 0x16, 0x1f, 0x18, 0x1b, 0x10, 0x1a, 0x14, 0x10, 0x14, 0x50, 0x70, 0x18, 0x12, 0x2d, 0x1f, 0x17, 0x14, 0x17, 0x24, 0x1a, 0x14, 0x50, 0x70, 0x12, 0x19, 0x1e, 0x13, 0x15, 0x18, 0x13, 0x17, 0x12, 0x18, 0x1a, 0x60, 0x70, 0x1e, 0x13, 0x1b, 0x11, 0x13, 0x15, 0x1d, 0x1b, 0x19, 0x18, 0x17, 0x14, 0x50, 0x60, 0x18, 0x12, 0x18, 0x1f, 0x11, 0x1b, 0x1f, 0x17, 0x1b, 0x17, 0x13, 0x19, 0x1a, 0x27, 0x30, 0x60, 0x1c, 0x16, 0x19, 0x22, 0x11, 0x16, 0x25, 0x11, 0x1b, 0x19, 0x16, 0x17, 0x40, 0x60, 0x12, 0x1d, 0x12, 0x1b, 0x1d, 0x31, 0x15,
0x1d, 0x1f, 0x1c, 0x1b, 0x17, 0x40, 0x60, 0x1b, 0x1d, 0x1c, 0x13, 0x19, 0x1d, 0x11, 0x13, 0x25, 0x13, 0x15, 0x19, 0x50, 0x60, 0x1a, 0x13, 0x19, 0x12, 0x1e, 0x15, 0x11, 0x14, 0x11, 0x12, 0x16, 0x18, 0x17, 0x19, 0x40, 0x60, 0x16, 0x12, 0x13, 0x1c, 0x1d, 0x12, 0x13, 0x2e, 0x12, 0x1c, 0x1f, 0x24, 0x18, 0x30, 0x60, 0x1b, 0x15, 0x1d, 0x16, 0x11, 0x12, 0x11, 0x1e, 0x11, 0x13, 0x18, 0x1c, 0x14, 0x50, 0x40, 0x1a, 0x15, 0x19, 0x25, 0x31, 0x1e, 0x19, 0x16, 0x13, 0x18, 0x14, 0x60, 0x40, 0x1a, 0x1f, 0x11, 0x19, 0x16, 0x15, 0x1e, 0x12, 0x11, 0x12, 0x13, 0x1c, 0x1b, 0x10, 0x14, 0x50, 0x40, 0x1a, 0x12, 0x13, 0x1b, 0x16, 0x1d, 0x11, 0x32, 0x1d, 0x1c, 0x17, 0x70, 0x50, 0x14, 0x15,
0x16, 0x19, 0x14, 0x13, 0x12, 0x13, 0x16, 0x1f, 0x90, 0x70, 0x13, 0x1f, 0x14, 0x13, 0x1c, 0x10, 0x16, 0xa0, 0x70, 0x16, 0x20, 0x2c, 0xc0, 0x70, 0x15, 0x20, 0x1c, 0x18, 0xc0, 0xf0, 0x90,
// Compressed size: 255 bytes original pixels: 12544 uint16_t → ~25088 bytes uncompressed)

// BERTRADE / Bertrade Auraflow V0.3 002 S352484074 Th0.100 24 [Folder: BERTRADE] - RLE compressed data (offset: 4432, size: 174)
0xf0, 0x90, 0xb0, 0x11, 0x1b, 0xb0, 0xb0, 0x18, 0x1f, 0xb0, 0xa0, 0x18, 0x1b, 0x16, 0xb0, 0x90, 0x1e, 0x1c, 0x13, 0x1f, 0xb0, 0x80, 0x14, 0x1e, 0x1c, 0x14, 0x19, 0xb0, 0x80, 0x24, 0x1d, 0x16, 0x1f, 0x14, 0x10, 0x1f, 0x80, 0x80, 0x24, 0x17, 0x12, 0x1b, 0xb0, 0x90, 0x19, 0x16, 0x1c, 0x19, 0x1a, 0x2c, 0x80, 0xa0, 0x1b, 0x1d, 0x1c, 0x16, 0x19, 0x90, 0x90, 0x12, 0x1a, 0x11, 0x16, 0x11, 0x13, 0x90, 0x90, 0x11, 0x1b, 0x1d, 0x1a, 0x1e, 0x19, 0x90, 0x90, 0x12, 0x18, 0x1d, 0x14, 0x18, 0x19, 0x90, 0x90, 0x11, 0x28, 0x13, 0x1c, 0xa0, 0x90, 0x11, 0x16, 0x18, 0x23, 0xa0, 0x80, 0x11, 0x15, 0x16, 0x18, 0x23, 0xa0, 0x80, 0x15, 0x12, 0x17, 0x1f, 0x1a, 0x13, 0xa0, 0x70, 0x1b, 0x15,
0x17, 0x22, 0x1c, 0x14, 0xa0, 0x70, 0x1a, 0x16, 0x17, 0x16, 0x21, 0x14, 0xa0, 0x60, 0x15, 0x12, 0x15, 0x17, 0x11, 0x15, 0x1e, 0x19, 0xa0, 0x60, 0x13, 0x22, 0x17, 0x12, 0x15, 0x1e, 0x13, 0xa0, 0x30, 0x1a, 0x15, 0x1b, 0x12, 0x1a, 0x1d, 0x12, 0x11, 0x1d, 0x1a, 0x13, 0x1d, 0x90, 0x10, 0x1e, 0x15, 0x19, 0x11, 0x37, 0x1d, 0x16, 0x18, 0x17, 0x15, 0x1b, 0x18, 0x90, 0xf0, 0x90,
// Compressed size: 174 bytes original pixels: 12544 uint16_t → ~25088 bytes uncompressed)

// BONNIE / Bonnie Auraflow V0.3 004 S2890166714 Th0.100 24 [Folder: BONNIE] - RLE compressed data (offset: 4606, size: 309)
0xf0, 0x90, 0x90, 0x15, 0x2c, 0x18, 0x14, 0x1d, 0x90, 0x90, 0x19, 0x14, 0x18, 0x14, 0x18, 0x14, 0x90, 0x70, 0x13, 0x1d, 0x19, 0x11, 0x16, 0x1c, 0x19, 0x1e, 0x14, 0x1d, 0x70, 0x70, 0x16, 0x21, 0x16, 0x15, 0x1e, 0x15, 0x14, 0x2e, 0x13, 0x60, 0x70, 0x21, 0x1d, 0x11, 0x24, 0x15, 0x19, 0x28, 0x70, 0x70, 0x31, 0x15, 0x13, 0x14, 0x15, 0x11, 0x1c, 0x24, 0x60, 0x70, 0x17, 0x26, 0x15, 0x14, 0x1e, 0x14, 0x13, 0x1d, 0x2e, 0x60, 0x70, 0x11, 0x16, 0x21, 0x1e, 0x14, 0x1e, 0x27, 0x18, 0x19, 0x1e, 0x13, 0x40, 0x70, 0x16, 0x11, 0x17, 0x1f, 0x15, 0x13, 0x15, 0x17, 0x16, 0x19, 0x1c, 0x14, 0x50, 0x50, 0x19, 0x15, 0x26, 0x11, 0x17, 0x1b, 0x17, 0x21, 0x1f, 0x18, 0x1c, 0x14, 0x50, 0x40,
0x15, 0x10, 0x16, 0x21, 0x12, 0x1f, 0x17, 0x13, 0x21, 0x16, 0x19, 0x28, 0x50, 0x40, 0x18, 0x16, 0x19, 0x1f, 0x11, 0x17, 0x12, 0x1f, 0x13, 0x31, 0x19, 0x18, 0x13, 0x50, 0x30, 0x13, 0x16, 0x15, 0x17, 0x11, 0x12, 0x1b, 0x13, 0x15, 0x17, 0x13, 0x17, 0x11, 0x19, 0x18, 0x15, 0x1d, 0x40, 0x30, 0x41, 0x12, 0x17, 0x1f, 0x13, 0x2a, 0x19, 0x14, 0x11, 0x19, 0x14, 0x18, 0x13, 0x40, 0x20, 0x13, 0x10, 0x13, 0x21, 0x1f, 0x11, 0x3a, 0x17, 0x15, 0x16, 0x1e, 0x11, 0x1c, 0x14, 0x13, 0x40, 0x30, 0x26, 0x19, 0x21, 0x1b, 0x1a, 0x12, 0x1a, 0x12, 0x2a, 0x1c, 0x1e, 0x15, 0x18, 0x1d, 0x40, 0x30, 0x1d, 0x19, 0x1d, 0x17, 0x11, 0x22, 0x3b, 0x22, 0x1a, 0x1d, 0x14, 0x18, 0x13, 0x40, 0x30, 0x15,
0x1c, 0x1d, 0x15, 0x11, 0x32, 0x1b, 0x12, 0x1a, 0x1f, 0x1a, 0x15, 0x19, 0x1c, 0x15, 0x40, 0x30, 0x3d, 0x19, 0x11, 0x17, 0x22, 0x1b, 0x22, 0x11, 0x2b, 0x13, 0x16, 0x19, 0x15, 0x30, 0x30, 0x1c, 0x16, 0x1c, 0x15, 0x27, 0x22, 0x1a, 0x52, 0x16, 0x1c, 0x50, 0x30, 0x13, 0x16, 0x24, 0x17, 0x16, 0x12, 0x1a, 0x1b, 0x12, 0x2b, 0x12, 0x1b, 0x19, 0x14, 0x50, 0x60, 0x1c, 0x11, 0x1f, 0x1b, 0x1a, 0x52, 0x1b, 0x18, 0x13, 0x18, 0x13, 0x30, 0x50, 0x18, 0x1e, 0x27, 0x13, 0x1f, 0x1a, 0x32, 0x1b, 0x1a, 0x18, 0x15, 0x13, 0x40,
// Compressed size: 309 bytes original pixels: 12544 uint16_t → ~25088 bytes uncompressed)

// CAITLIN / Caitlin Auraflow V0.3 024 S2453536874 Th0.100 24 [Folder: CAITLIN] - RLE compressed data (offset: 4915, size: 229)
0xf0, 0x90, 0xf0, 0x90, 0xb0, 0x18, 0x1b, 0xb0, 0x80, 0x13, 0x1c, 0x1a, 0x28, 0xb0, 0x70, 0x19, 0x1c, 0x1a, 0x11, 0x18, 0x1c, 0x1b, 0xa0, 0x70, 0x2c, 0x1a, 0x13, 0x19, 0x1d, 0x1b, 0x20, 0x1c, 0x1b, 0x11, 0x50, 0x60, 0x1c, 0x1a, 0x1d, 0x1a, 0x15, 0x14, 0x19, 0x10, 0x1b, 0x1a, 0x18, 0x17, 0x11, 0x1d, 0x40, 0x60, 0x19, 0x1a, 0x1d, 0x1c, 0x13, 0x17, 0x1b, 0x10, 0x21, 0x14, 0x13, 0x15, 0x50, 0x80, 0x13, 0x10, 0x15, 0x11, 0x1d, 0x21, 0x15, 0x13, 0x15, 0x14, 0x13, 0x40, 0x50, 0x13, 0x18, 0x30, 0x13, 0x1b, 0x12, 0x25, 0x13, 0x14, 0x17, 0x11, 0x1f, 0x40, 0x40, 0x19, 0x21, 0x1b, 0x13, 0x12, 0x13, 0x16, 0x13, 0x16, 0x1d, 0x14, 0x12, 0x70, 0x30, 0x18, 0x1c, 0x11, 0x1d, 0x15,
0x17, 0x15, 0x36, 0x14, 0x13, 0x14, 0x11, 0x70, 0x30, 0x18, 0x1a, 0x11, 0x14, 0x1e, 0x14, 0x12, 0x14, 0x17, 0x16, 0x14, 0x13, 0x15, 0x14, 0x17, 0x60, 0x20, 0x18, 0x21, 0x19, 0x14, 0x15, 0x1e, 0x27, 0x12, 0x16, 0x13, 0x1e, 0x22, 0x70, 0x10, 0x15, 0x2a, 0x1d, 0x20, 0x1e, 0x22, 0x1e, 0x15, 0x26, 0x1e, 0x26, 0x11, 0x60, 0x10, 0x29, 0x18, 0x30, 0x12, 0x10, 0x12, 0x30, 0x14, 0x11, 0x20, 0x17, 0x12, 0x50, 0x30, 0x18, 0x19, 0x10, 0x12, 0x10, 0x12, 0x40, 0x1e, 0xa0, 0x40, 0x19, 0x10, 0x16, 0x10, 0x16, 0x40, 0x12, 0x30, 0x1b, 0x60, 0x60, 0x17, 0x20, 0x14, 0x30, 0x16, 0x20, 0x17, 0x1f, 0x60, 0x60, 0x12, 0x20, 0x17, 0x20, 0x11, 0x12, 0xa0, 0x60, 0x15, 0x50, 0x17, 0xb0, 0xf0,
0x90, 0xf0, 0x90, 0xf0, 0x90,
// Compressed size: 229 bytes original pixels: 12544 uint16_t → ~25088 bytes uncompressed)

// CARA / Cara Auraflow V0.3 004 S2248723671 Th0.100 24 [Folder: CARA] - RLE compressed data (offset: 5144, size: 367)
0x90, 0x13, 0x12, 0x1b, 0x32, 0x13, 0x80, 0x80, 0x22, 0x17, 0x11, 0x1e, 0x17, 0x29, 0x1d, 0x70, 0x70, 0x12, 0x19, 0x27, 0x21, 0x2e, 0x17, 0x12, 0x1d, 0x60, 0x70, 0x19, 0x24, 0x19, 0x11, 0x2e, 0x11, 0x14, 0x22, 0x18, 0x50, 0x60, 0x13, 0x27, 0x11, 0x17, 0x11, 0x1e, 0x21, 0x17, 0x22, 0x13, 0x50, 0x60, 0x19, 0x17, 0x21, 0x1e, 0x51, 0x1b, 0x14, 0x13, 0x50, 0x60, 0x1d, 0x24, 0x11, 0x2f, 0x15, 0x1e, 0x21, 0x2d, 0x18, 0x50, 0x60, 0x27, 0x11, 0x15, 0x3f, 0x15, 0x21, 0x14, 0x1c, 0x12, 0x50, 0x50, 0x13, 0x11, 0x1d, 0x19, 0x15, 0x2f, 0x26, 0x14, 0x1b, 0x12, 0x14, 0x19, 0x18, 0x40, 0x50, 0x14, 0x1d, 0x16, 0x1b, 0x13, 0x15, 0x1a, 0x2e, 0x16, 0x19, 0x17, 0x12, 0x1c, 0x13, 0x40,
0x40, 0x14, 0x17, 0x19, 0x12, 0x16, 0x15, 0x1e, 0x2f, 0x1a, 0x14, 0x11, 0x1b, 0x14, 0x1c, 0x18, 0x40, 0x40, 0x19, 0x27, 0x12, 0x1b, 0x25, 0x1a, 0x1f, 0x1a, 0x16, 0x11, 0x22, 0x19, 0x18, 0x13, 0x30, 0x40, 0x1c, 0x11, 0x14, 0x18, 0x1b, 0x26, 0x1e, 0x17, 0x1a, 0x1c, 0x1b, 0x19, 0x2d, 0x14, 0x40, 0x40, 0x13, 0x14, 0x17, 0x11, 0x2b, 0x26, 0x1a, 0x15, 0x14, 0x19, 0x22, 0x21, 0x10, 0x1c, 0x20, 0x30, 0x23, 0x19, 0x17, 0x1d, 0x1c, 0x12, 0x1c, 0x14, 0x16, 0x15, 0x16, 0x11, 0x16, 0x1b, 0x1d, 0x11, 0x13, 0x1c, 0x20, 0x30, 0x13, 0x1c, 0x11, 0x24, 0x19, 0x2b, 0x26, 0x15, 0x21, 0x1b, 0x22, 0x21, 0x1c, 0x20, 0x40, 0x13, 0x14, 0x11, 0x14, 0x19, 0x12, 0x1b, 0x25, 0x1e, 0x16, 0x11,
0x1c, 0x18, 0x12, 0x19, 0x17, 0x14, 0x20, 0x20, 0x1c, 0x12, 0x13, 0x19, 0x1d, 0x11, 0x12, 0x17, 0x13, 0x1a, 0x15, 0x1e, 0x15, 0x11, 0x16, 0x14, 0x19, 0x12, 0x14, 0x1d, 0x20, 0x20, 0x13, 0x10, 0x17, 0x11, 0x12, 0x1d, 0x19, 0x12, 0x16, 0x1f, 0x16, 0x1a, 0x2e, 0x1a, 0x15, 0x16, 0x12, 0x19, 0x12, 0x20, 0x30, 0x1c, 0x1d, 0x27, 0x19, 0x18, 0x16, 0x1a, 0x15, 0x13, 0x16, 0x15, 0x3a, 0x18, 0x12, 0x1d, 0x28, 0x10, 0x30, 0x1c, 0x17, 0x14, 0x19, 0x17, 0x23, 0x12, 0x16, 0x15, 0x1a, 0x1f, 0x1a, 0x33, 0x28, 0x12, 0x20, 0x10, 0x14, 0x18, 0x13, 0x1d, 0x14, 0x1b, 0x16, 0x15, 0x1f, 0x25, 0x1a, 0x1f, 0x1a, 0x13, 0x1b, 0x13, 0x15, 0x28, 0x1b, 0x18, 0x10, 0x10, 0x1c, 0x10, 0x1c, 0x11,
0x1c, 0x16, 0x14, 0x1a, 0x25, 0x3a, 0x15, 0x1b, 0x28, 0x13, 0x28, 0x1b, 0x13, 0x10, 0x30, 0x1c, 0x1d, 0x13, 0x14, 0x11, 0x1a, 0x16, 0x35, 0x1f, 0x16, 0x1b, 0x28, 0x13, 0x28, 0x1b, 0x20,
// Compressed size: 367 bytes original pixels: 12544 uint16_t → ~25088 bytes uncompressed)

// CHARLOTTE / Charlotte Auraflow V0.3 034 S1708120671 Th0.100 24 [Folder: CHARLOTTE] - RLE compressed data (offset: 5511, size: 183)
0x70, 0x19, 0xf0, 0x10, 0xb0, 0x15, 0x1c, 0x1b, 0xa0, 0x70, 0x1a, 0x11, 0x20, 0x11, 0x1c, 0x17, 0xa0, 0x70, 0x11, 0x30, 0x11, 0x14, 0x17, 0xa0, 0x60, 0x11, 0x19, 0x11, 0x30, 0x14, 0x11, 0xa0, 0x70, 0x19, 0x11, 0x20, 0x14, 0x11, 0x1d, 0x16, 0x90, 0x70, 0x19, 0x30, 0x19, 0x1e, 0x15, 0x16, 0x90, 0x70, 0x11, 0x30, 0x11, 0x1e, 0x1b, 0x1c, 0x90, 0x70, 0x14, 0x1a, 0x20, 0x19, 0x32, 0x90, 0x80, 0x1a, 0x10, 0x1a, 0x14, 0x1b, 0x17, 0x16, 0x90, 0x80, 0x1e, 0x10, 0x14, 0x23, 0x1d, 0xa0, 0x70, 0x15, 0x10, 0x1e, 0x13, 0x11, 0x16, 0x12, 0x16, 0x90, 0x70, 0x1a, 0x11, 0x13, 0x14, 0x1d, 0x17, 0x12, 0x16, 0x90, 0x80, 0x18, 0x1f, 0x1d, 0x13, 0x1b, 0x15, 0x12, 0x90, 0xa0, 0x28, 0x17,
0x1f, 0x1c, 0x90, 0xa0, 0x1a, 0x13, 0x17, 0x18, 0x17, 0x14, 0x80, 0xa0, 0x14, 0x13, 0x12, 0x17, 0x12, 0x13, 0x80, 0xa0, 0x13, 0x12, 0x10, 0x17, 0x11, 0x12, 0x80, 0xa0, 0x18, 0x1d, 0x15, 0x1f, 0x12, 0x1c, 0x15, 0x70, 0xb0, 0x16, 0x1f, 0x1e, 0x1f, 0x15, 0x13, 0x70, 0xb0, 0x16, 0x12, 0x10, 0x16, 0x1b, 0x15, 0x70, 0xb0, 0x1b, 0x20, 0x12, 0x20, 0x15, 0x60, 0xb0, 0x18, 0x20, 0x1d, 0x90, 0xa0, 0x13, 0x10, 0x1c, 0x18, 0x12, 0x90,
// Compressed size: 183 bytes original pixels: 12544 uint16_t → ~25088 bytes uncompressed)

// CHIYO / Chiyo Auraflow V0.3 003 S2265979770 Th0.100 24 [Folder: CHIYO] - RLE compressed data (offset: 5694, size: 272)
0xa0, 0x1d, 0x27, 0xb0, 0x70, 0x29, 0x18, 0x1a, 0x12, 0x17, 0x11, 0x2a, 0x14, 0x70, 0xa0, 0x16, 0x1a, 0x14, 0x11, 0xa0, 0xa0, 0x13, 0x17, 0x1b, 0x13, 0xa0, 0xa0, 0x1c, 0x14, 0x1d, 0x16, 0xa0, 0xa0, 0x1f, 0x1a, 0x1d, 0x16, 0xa0, 0x90, 0x13, 0x12, 0x11, 0x14, 0x13, 0x1a, 0x90, 0x80, 0x21, 0x16, 0x15, 0x13, 0x11, 0x14, 0x90, 0x70, 0x1c, 0x1a, 0x15, 0x12, 0x15, 0x13, 0x12, 0x1c, 0x90, 0x60, 0x14, 0x10, 0x1a, 0x17, 0x12, 0x11, 0x13, 0x1e, 0x11, 0x1d, 0x80, 0x50, 0x1a, 0x10, 0x14, 0x29, 0x21, 0x15, 0x1e, 0x12, 0x11, 0x80, 0x80, 0x1b, 0x16, 0x12, 0x13, 0x1a, 0x17, 0x11, 0x15, 0x80, 0x50, 0x14, 0x10, 0x18, 0x1e, 0x15, 0x32, 0x17, 0x13, 0x1b, 0x18, 0x21, 0x14, 0x40, 0x70,
0x1c, 0x26, 0x11, 0x29, 0x17, 0x15, 0x28, 0x15, 0x10, 0x17, 0x11, 0x30, 0x40, 0x24, 0x10, 0x11, 0x1c, 0x11, 0x1b, 0x16, 0x18, 0x16, 0x21, 0x12, 0x30, 0x15, 0x12, 0x20, 0x60, 0x15, 0x28, 0x1c, 0x28, 0x19, 0x13, 0x17, 0x19, 0x1c, 0x12, 0x30, 0x13, 0x20, 0x60, 0x18, 0x15, 0x19, 0x17, 0x12, 0x11, 0x12, 0x17, 0x11, 0x14, 0x16, 0x1e, 0x20, 0x14, 0x30, 0x60, 0x11, 0x1b, 0x18, 0x1c, 0x12, 0x18, 0x1a, 0x1b, 0x1c, 0x2b, 0x1e, 0x13, 0x20, 0x14, 0x20, 0x60, 0x14, 0x10, 0x13, 0x17, 0x19, 0x16, 0x12, 0x15, 0x17, 0x1b, 0x11, 0x1b, 0x60, 0x70, 0x14, 0x19, 0x12, 0x16, 0x1c, 0x11, 0x19, 0x16, 0x17, 0x10, 0x1d, 0x60, 0x20, 0x13, 0x1a, 0x23, 0x15, 0x16, 0x19, 0x12, 0x1c, 0x13, 0x18,
0x1c, 0x12, 0x19, 0x11, 0x14, 0x60, 0x10, 0x13, 0x11, 0x15, 0x12, 0x17, 0x1e, 0x15, 0x26, 0x17, 0x18, 0x19, 0x1f, 0x26, 0x17, 0x21, 0x15, 0x13, 0x2d, 0x10, 0x60, 0x11, 0x15, 0x16, 0x1e, 0x17, 0x15, 0x13, 0x12, 0x16, 0x1b, 0x14, 0x1b, 0x13, 0x1d, 0x25, 0x14, 0x10, 0xb0, 0x1a, 0x14, 0xb0,
// Compressed size: 272 bytes original pixels: 12544 uint16_t → ~25088 bytes uncompressed)

// CHUNHO / Chunho Auraflow V0.3 029 S104851830 Th0.100 24 [Folder: CHUNHO] - RLE compressed data (offset: 5966, size: 194)
0xb0, 0x1c, 0xc0, 0xa0, 0x15, 0x19, 0x1a, 0xb0, 0xa0, 0x1e, 0x1d, 0x19, 0xb0, 0xa0, 0x14, 0x15, 0x14, 0x1b, 0xa0, 0x90, 0x15, 0x14, 0x1e, 0x12, 0x19, 0x1a, 0x90, 0x90, 0x1e, 0x13, 0x1c, 0x16, 0x19, 0x1a, 0x90, 0x90, 0x18, 0x1c, 0x17, 0x13, 0x12, 0x1c, 0x90, 0x90, 0x12, 0x13, 0x16, 0x17, 0x1b, 0x14, 0x90, 0x80, 0x15, 0x1c, 0x13, 0x12, 0x18, 0x14, 0x17, 0x12, 0x80, 0x80, 0x1a, 0x13, 0x19, 0x22, 0x11, 0x16, 0x14, 0x80, 0x80, 0x1a, 0x1d, 0x18, 0x11, 0x27, 0x16, 0x12, 0x80, 0x80, 0x15, 0x10, 0x14, 0x17, 0x18, 0x13, 0x11, 0x15, 0x80, 0x80, 0x1a, 0x1d, 0x12, 0x18, 0x19, 0x14, 0x13, 0x18, 0x80, 0x80, 0x1d, 0x14, 0x1d, 0x1a, 0x12, 0x14, 0x13, 0x11, 0x80, 0x60, 0x1e, 0x18,
0x12, 0x1b, 0x1c, 0x15, 0x14, 0x11, 0x17, 0x90, 0x80, 0x16, 0x15, 0x1b, 0x11, 0x16, 0x11, 0x13, 0x90, 0x70, 0x13, 0x10, 0x15, 0x1b, 0x18, 0x1d, 0x11, 0x13, 0x1b, 0x80, 0x60, 0x1e, 0x1f, 0x10, 0x18, 0x11, 0x16, 0x21, 0x17, 0x12, 0x80, 0x60, 0x12, 0x20, 0x26, 0x21, 0x14, 0x17, 0x16, 0x80, 0x60, 0x1b, 0x20, 0x11, 0x14, 0x11, 0x17, 0x19, 0x13, 0x19, 0x80, 0x80, 0x1a, 0x14, 0x13, 0x25, 0x19, 0x20, 0x13, 0x70, 0x90, 0x17, 0x30, 0x12, 0xa0, 0x80, 0x15, 0x19, 0x30, 0x18, 0x16, 0x90, 0xf0, 0x90,
// Compressed size: 194 bytes original pixels: 12544 uint16_t → ~25088 bytes uncompressed)

// COENWULF / Coenwulf Auraflow V0.3 008 S430347125 Th0.100 24 [Folder: COENWULF] - RLE compressed data (offset: 6160, size: 290)
0xf0, 0x90, 0x90, 0x11, 0x16, 0x1e, 0xc0, 0x90, 0x19, 0x14, 0x11, 0x1b, 0xb0, 0x80, 0x16, 0x1a, 0x23, 0x22, 0xa0, 0x70, 0x12, 0x14, 0x13, 0x18, 0x16, 0x14, 0x22, 0x90, 0x60, 0x12, 0x19, 0x14, 0x17, 0x14, 0x13, 0x36, 0x90, 0x60, 0x18, 0x16, 0x1a, 0x1f, 0x15, 0x14, 0x1d, 0x15, 0x1f, 0x19, 0x80, 0x60, 0x18, 0x13, 0x16, 0x2c, 0x1d, 0x2e, 0x17, 0x11, 0x80, 0x50, 0x1b, 0x16, 0x11, 0x1a, 0x15, 0x28, 0x11, 0x2a, 0x12, 0x1e, 0x70, 0x40, 0x14, 0x1a, 0x18, 0x13, 0x19, 0x18, 0x1c, 0x18, 0x1d, 0x13, 0x11, 0x12, 0x1a, 0x16, 0x60, 0x40, 0x1c, 0x13, 0x1b, 0x17, 0x14, 0x12, 0x18, 0x1b, 0x17, 0x21, 0x15, 0x11, 0x1d, 0x60, 0x40, 0x23, 0x1c, 0x11, 0x23, 0x1e, 0x23, 0x17, 0x11, 0x15,
0x1b, 0x19, 0x60, 0x30, 0x12, 0x15, 0x10, 0x16, 0x11, 0x19, 0x14, 0x21, 0x14, 0x11, 0x13, 0x11, 0x1d, 0x15, 0x60, 0x30, 0x1c, 0x15, 0x20, 0x15, 0x13, 0x18, 0x19, 0x17, 0x14, 0x15, 0x17, 0x12, 0x17, 0x16, 0x60, 0x70, 0x1d, 0x1e, 0x1c, 0x1a, 0x1e, 0x13, 0x17, 0x16, 0x24, 0x1a, 0x12, 0x50, 0x70, 0x15, 0x11, 0x19, 0x1e, 0x19, 0x17, 0x13, 0x12, 0x11, 0x14, 0x1d, 0x12, 0x50, 0x30, 0x16, 0x30, 0x18, 0x17, 0x1a, 0x13, 0x11, 0x17, 0x13, 0x14, 0x11, 0x1d, 0x14, 0x1c, 0x22, 0x30, 0x30, 0x18, 0x20, 0x12, 0x19, 0x17, 0x13, 0x27, 0x13, 0x11, 0x17, 0x19, 0x1d, 0x1a, 0x1e, 0x14, 0x1c, 0x12, 0x20, 0x30, 0x18, 0x20, 0x12, 0x14, 0x1a, 0x14, 0x21, 0x13, 0x15, 0x11, 0x13, 0x15, 0x2d,
0x25, 0x16, 0x12, 0x10, 0x30, 0x19, 0x20, 0x1b, 0x14, 0x11, 0x1a, 0x14, 0x17, 0x14, 0x13, 0x2c, 0x10, 0x1b, 0x15, 0x18, 0x12, 0x1b, 0x20, 0x10, 0x1a, 0x10, 0x15, 0x30, 0x2c, 0x10, 0x18, 0x19, 0x1e, 0x14, 0x11, 0x10, 0x3b, 0x15, 0x12, 0x30, 0x10, 0x1d, 0x2e, 0x16, 0x20, 0x1a, 0x19, 0x30, 0x22, 0x1d, 0x90, 0x10, 0x12, 0x19, 0x1b, 0x15, 0x10, 0x16, 0x15, 0x18, 0x50, 0x16, 0x1b, 0x80, 0xf0, 0x90,
// Compressed size: 290 bytes original pixels: 12544 uint16_t → ~25088 bytes uncompressed)

// DAPHNE / Daphne Auraflow V0.3 009 S670452016 Th0.100 24 [Folder: DAPHNE] - RLE compressed data (offset: 6450, size: 216)
0xf0, 0x90, 0xf0, 0x90, 0xf0, 0x90, 0xa0, 0x1d, 0x1a, 0x1f, 0x30, 0x1d, 0x70, 0xa0, 0x1a, 0x11, 0x1a, 0xb0, 0xa0, 0x19, 0x11, 0x30, 0x1d, 0x80, 0xa0, 0x4a, 0xa0, 0x90, 0x25, 0x11, 0x15, 0x40, 0x1f, 0x60, 0x70, 0x12, 0x16, 0x10, 0x14, 0x11, 0x1a, 0x1e, 0x30, 0x1b, 0x60, 0x50, 0x13, 0x40, 0x17, 0x11, 0x1a, 0x40, 0x17, 0x60, 0x60, 0x16, 0x10, 0x1b, 0x1e, 0x25, 0x11, 0x14, 0x18, 0x13, 0x1b, 0x16, 0x1d, 0x1c, 0x1b, 0x30, 0x30, 0x1a, 0x16, 0x1b, 0x18, 0x16, 0x13, 0x22, 0x1d, 0x1a, 0x15, 0x1d, 0x17, 0x13, 0x27, 0x14, 0x1d, 0x30, 0x30, 0x16, 0x2c, 0x19, 0x1b, 0x14, 0x35, 0x12, 0x14, 0x15, 0x13, 0x18, 0x12, 0x18, 0x13, 0x1e, 0x30, 0x30, 0x1c, 0x1b, 0x1c, 0x28, 0x14, 0x25,
0x41, 0x18, 0x24, 0x18, 0x1c, 0x19, 0x1c, 0x20, 0x10, 0x1f, 0x1e, 0x19, 0x1d, 0x13, 0x1e, 0x14, 0x22, 0x21, 0x12, 0x1d, 0x22, 0x1b, 0x12, 0x17, 0x13, 0x1c, 0x30, 0x40, 0x16, 0x1f, 0x13, 0x14, 0x12, 0x14, 0x21, 0x15, 0x32, 0x17, 0x18, 0x14, 0x13, 0x1b, 0x30, 0x40, 0x1e, 0x1c, 0x26, 0x14, 0x18, 0x12, 0x11, 0x12, 0x43, 0x27, 0x16, 0x40, 0x40, 0x19, 0x1d, 0x29, 0x14, 0x18, 0x10, 0x21, 0x1b, 0x13, 0x18, 0x2c, 0x16, 0x50, 0x70, 0x19, 0x14, 0x18, 0x1e, 0x11, 0x19, 0x11, 0x37, 0x70, 0x70, 0x17, 0x14, 0x19, 0x13, 0x1b, 0x19, 0x10, 0x11, 0x16, 0x80, 0xb0, 0x19, 0x1e, 0x16, 0x1a, 0x90, 0xc0, 0x15, 0xb0, 0xf0, 0x90, 0xf0, 0x90,
// Compressed size: 216 bytes original pixels: 12544 uint16_t → ~25088 bytes uncompressed)

// DARIA / Daria Auraflow V0.3 002 S1562242478 Th0.100 24 [Folder: DARIA] - RLE compressed data (offset: 6666, size: 237)
0xf0, 0x90, 0x90, 0x17, 0x12, 0x19, 0xc0, 0x90, 0x11, 0x12, 0x16, 0xc0, 0x90, 0x15, 0x16, 0x1b, 0x1c, 0xb0, 0x80, 0x1c, 0x1e, 0x1d, 0x15, 0x16, 0xb0, 0x80, 0x13, 0x1a, 0x15, 0x21, 0xb0, 0x80, 0x14, 0x25, 0x18, 0x1e, 0x17, 0x1c, 0x90, 0x80, 0x14, 0x15, 0x1e, 0x18, 0x1c, 0x17, 0x19, 0x1c, 0x80, 0x80, 0x15, 0x21, 0x1e, 0x11, 0x19, 0x14, 0x1c, 0x10, 0x13, 0x60, 0x80, 0x13, 0x1e, 0x1b, 0x11, 0x15, 0x1a, 0x13, 0x10, 0x13, 0x70, 0x80, 0x1a, 0x1e, 0x17, 0x16, 0x11, 0x15, 0x19, 0x13, 0x80, 0x80, 0x25, 0x16, 0x21, 0x1e, 0x1a, 0x1c, 0x80, 0x80, 0x14, 0x15, 0x16, 0x18, 0x11, 0x1f, 0x11, 0x23, 0x70, 0x80, 0x1c, 0x15, 0x12, 0x16, 0x1b, 0x18, 0x1a, 0x29, 0x70, 0x80, 0x14, 0x1f,
0x12, 0x18, 0x25, 0x19, 0x1a, 0x14, 0x1d, 0x60, 0x80, 0x1c, 0x14, 0x22, 0x18, 0x19, 0x1e, 0x17, 0x1f, 0x13, 0x60, 0x80, 0x13, 0x17, 0x22, 0x18, 0x11, 0x15, 0x19, 0x14, 0x1d, 0x17, 0x50, 0x80, 0x13, 0x14, 0x12, 0x1b, 0x18, 0x11, 0x2a, 0x27, 0x16, 0x50, 0x80, 0x13, 0x26, 0x12, 0x1b, 0x11, 0x1f, 0x19, 0x14, 0x16, 0x60, 0x70, 0x13, 0x17, 0x11, 0x22, 0x1b, 0x18, 0x1a, 0x19, 0x1a, 0x1c, 0x1d, 0x50, 0x70, 0x1d, 0x14, 0x11, 0x16, 0x18, 0x11, 0x18, 0x1f, 0x1a, 0x1c, 0x19, 0x13, 0x14, 0x40, 0x50, 0x1d, 0x14, 0x13, 0x11, 0x28, 0x12, 0x1b, 0x18, 0x1e, 0x11, 0x1a, 0x13, 0x19, 0x1a, 0x13, 0x17, 0x20, 0x40, 0x14, 0x17, 0x13, 0x14, 0x12, 0x3b, 0x16, 0x12, 0x1b, 0x1f, 0x27, 0x1b,
0x2f, 0x11, 0x20, 0xa0, 0x16, 0x22, 0x14, 0x3d, 0x12, 0x16, 0x12, 0x1b, 0x30,
// Compressed size: 237 bytes original pixels: 12544 uint16_t → ~25088 bytes uncompressed)

// EADGYTH / Eadgyth Auraflow V0.3 034 S3813406781 Th0.100 24 [Folder: EADGYTH] - RLE compressed data (offset: 6903, size: 185)
0xf0, 0x90, 0xa0, 0x16, 0x15, 0x1e, 0x30, 0x11, 0x14, 0x12, 0x14, 0x40, 0xa0, 0x15, 0x1a, 0x1e, 0x12, 0x20, 0x15, 0x12, 0x13, 0x14, 0x40, 0xa0, 0x18, 0x13, 0x17, 0x30, 0x14, 0x10, 0x1c, 0x50, 0x90, 0x12, 0x11, 0x17, 0x15, 0x30, 0x14, 0x10, 0x1c, 0x50, 0x90, 0x11, 0x12, 0x14, 0x12, 0x14, 0x30, 0x1a, 0x60, 0x90, 0x1d, 0x16, 0x11, 0x17, 0x14, 0xa0, 0x80, 0x1d, 0x11, 0x16, 0x11, 0x1c, 0x12, 0x10, 0x18, 0x14, 0x70, 0x70, 0x12, 0x1d, 0x10, 0x1d, 0x11, 0x14, 0x1c, 0x10, 0x13, 0x80, 0x70, 0x12, 0x19, 0x10, 0x12, 0x13, 0x15, 0x12, 0x19, 0x13, 0x80, 0x80, 0x1b, 0x11, 0x25, 0x17, 0x18, 0x10, 0x13, 0x80, 0x80, 0x1b, 0x10, 0x1b, 0x19, 0x11, 0x1c, 0x10, 0x18, 0x80, 0xa0, 0x21,
0x13, 0x17, 0x10, 0x14, 0x80, 0xa0, 0x11, 0x1b, 0x11, 0x17, 0x11, 0x15, 0x80, 0xa0, 0x16, 0x19, 0x18, 0x15, 0xa0, 0xa0, 0x1a, 0x11, 0x15, 0x13, 0xa0, 0xa0, 0x1a, 0x23, 0x12, 0xa0, 0x90, 0x1a, 0x13, 0x10, 0x19, 0x13, 0xa0, 0x90, 0x11, 0x18, 0x1e, 0x15, 0x17, 0xa0, 0x90, 0x11, 0x19, 0x10, 0x1b, 0x12, 0xa0, 0xa0, 0x1a, 0x10, 0x16, 0x18, 0xa0, 0xa0, 0x16, 0x10, 0x16, 0x13, 0xa0, 0xa0, 0x1d, 0x10, 0x26, 0x1b, 0x90, 0xa0, 0x19, 0x1e, 0xc0,
// Compressed size: 185 bytes original pixels: 12544 uint16_t → ~25088 bytes uncompressed)

// EDITH / Edith Auraflow V0.3 010 S1173902871 Th0.100 24 [Folder: EDITH] - RLE compressed data (offset: 7088, size: 216)
0xf0, 0x90, 0xa0, 0x11, 0x1e, 0x13, 0xb0, 0xa0, 0x13, 0x1a, 0x22, 0xa0, 0xb0, 0x13, 0x11, 0x12, 0xa0, 0xb0, 0x13, 0x1c, 0x12, 0xa0, 0xb0, 0x23, 0x15, 0xa0, 0xa0, 0x1a, 0x13, 0x14, 0x11, 0x13, 0x90, 0xa0, 0x1a, 0x25, 0x11, 0x18, 0x90, 0x90, 0x13, 0x1a, 0x12, 0x1f, 0x11, 0x1b, 0x90, 0x90, 0x1d, 0x14, 0x19, 0x1d, 0x15, 0x1b, 0x90, 0x60, 0x2a, 0x10, 0x24, 0x1d, 0x27, 0x1b, 0x2a, 0x70, 0x70, 0x18, 0x13, 0x1e, 0x14, 0x19, 0x17, 0x12, 0x14, 0x13, 0x1a, 0x18, 0x60, 0x80, 0x18, 0x1e, 0x14, 0x11, 0x15, 0x17, 0x1e, 0x18, 0x80, 0x80, 0x18, 0x1f, 0x13, 0x19, 0x1c, 0x11, 0x14, 0x1b, 0x80, 0x80, 0x1a, 0x15, 0x19, 0x11, 0x14, 0x16, 0x11, 0x13, 0x80, 0x80, 0x13, 0x15, 0x12, 0x11,
0x16, 0x14, 0x27, 0x80, 0x80, 0x1c, 0x1e, 0x1f, 0x17, 0x13, 0x22, 0x11, 0x18, 0x70, 0x80, 0x25, 0x12, 0x11, 0x1b, 0x1d, 0x19, 0x11, 0x18, 0x70, 0x70, 0x11, 0x1f, 0x1c, 0x12, 0x17, 0x1b, 0x1d, 0x14, 0x15, 0x14, 0x70, 0x70, 0x15, 0x1c, 0x15, 0x12, 0x17, 0x19, 0x16, 0x1e, 0x19, 0x1e, 0x16, 0x60, 0x70, 0x1f, 0x12, 0x1f, 0x12, 0x19, 0x1b, 0x11, 0x1e, 0x1d, 0x14, 0x16, 0x60, 0x60, 0x14, 0x1f, 0x12, 0x17, 0x36, 0x1b, 0x16, 0x1d, 0x14, 0x16, 0x60, 0x50, 0x11, 0x2c, 0x12, 0x18, 0x1d, 0x1b, 0x18, 0x19, 0x16, 0x1d, 0x15, 0x16, 0x11, 0x50, 0x50, 0x15, 0x19, 0x2c, 0x13, 0x12, 0x19, 0x14, 0x11, 0x15, 0x11, 0x17, 0x18, 0x17, 0x50,
// Compressed size: 216 bytes original pixels: 12544 uint16_t → ~25088 bytes uncompressed)

// EDWIN / Edwin Auraflow V0.3 009 S1027019353 Th0.100 24 [Folder: EDWIN] - RLE compressed data (offset: 7304, size: 232)
0xf0, 0x90, 0x60, 0x1c, 0x40, 0x1c, 0x1e, 0x18, 0xa0, 0x70, 0x1c, 0x30, 0x17, 0x14, 0x13, 0xa0, 0x70, 0x1c, 0x40, 0x19, 0x14, 0x11, 0x90, 0x50, 0x3c, 0x40, 0x18, 0x13, 0x11, 0x18, 0x80, 0x60, 0x17, 0x1c, 0x30, 0x1c, 0x12, 0x17, 0x11, 0x18, 0x11, 0x12, 0x60, 0x60, 0x1c, 0x30, 0x27, 0x19, 0x14, 0x18, 0x13, 0x15, 0x13, 0x60, 0x60, 0x17, 0x30, 0x17, 0x1e, 0x17, 0x1a, 0x25, 0x14, 0x16, 0x60, 0xa0, 0x19, 0x18, 0x23, 0x11, 0x15, 0x1b, 0x11, 0x60, 0x70, 0x1a, 0x27, 0x14, 0x13, 0x1d, 0x11, 0x16, 0x1d, 0x18, 0x15, 0x60, 0x70, 0x1a, 0x12, 0x1e, 0x11, 0x17, 0x18, 0x14, 0x26, 0x13, 0x15, 0x19, 0x50, 0x70, 0x17, 0x1e, 0x1d, 0x18, 0x19, 0x11, 0x18, 0x15, 0x2d, 0x15, 0x12, 0x50,
0x70, 0x1c, 0x13, 0x14, 0x29, 0x1e, 0x25, 0x1d, 0x21, 0x13, 0x50, 0x70, 0x18, 0x19, 0x1d, 0x39, 0x11, 0x26, 0x14, 0x15, 0x12, 0x50, 0x70, 0x19, 0x12, 0x1d, 0x13, 0x12, 0x17, 0x13, 0x11, 0x24, 0x11, 0x1d, 0x50, 0x70, 0x1f, 0x20, 0x2a, 0x16, 0x11, 0x15, 0x1a, 0x1b, 0x11, 0x1d, 0x50, 0x70, 0x14, 0x10, 0x2a, 0x12, 0x18, 0x25, 0x16, 0x13, 0x16, 0x1b, 0x50, 0x70, 0x1b, 0x20, 0x1e, 0x13, 0x1b, 0x15, 0x11, 0x16, 0x1b, 0x1d, 0x1b, 0x12, 0x40, 0x70, 0x1a, 0x20, 0x1a, 0x2b, 0x21, 0x15, 0x12, 0x18, 0x12, 0x1b, 0x40, 0xa0, 0x2a, 0x13, 0x31, 0x12, 0x15, 0x14, 0x50, 0xa0, 0x19, 0x14, 0x46, 0x14, 0x18, 0x14, 0x50, 0xa0, 0x22, 0x14, 0x1b, 0x14, 0x16, 0x23, 0x14, 0x50, 0xa0, 0x17,
0x12, 0x1b, 0x12, 0x23, 0x32, 0x50, 0xf0, 0x90,
// Compressed size: 232 bytes original pixels: 12544 uint16_t → ~25088 bytes uncompressed)

// EIRA / Eira Auraflow V0.3 010 S3012859125 Th0.100 24 [Folder: EIRA] - RLE compressed data (offset: 7536, size: 181)
0xf0, 0x90, 0xc0, 0x17, 0xb0, 0xb0, 0x15, 0x1e, 0x12, 0xa0, 0xa0, 0x16, 0x1b, 0x16, 0x18, 0xa0, 0x90, 0x16, 0x12, 0x2d, 0xb0, 0x80, 0x14, 0x12, 0x11, 0x12, 0x11, 0x17, 0xa0, 0x70, 0x18, 0x17, 0x26, 0x1e, 0x18, 0x16, 0xa0, 0x70, 0x15, 0x17, 0x18, 0x11, 0x12, 0x1f, 0x12, 0xa0, 0x70, 0x1a, 0x14, 0x1b, 0x11, 0x15, 0x14, 0x1e, 0xa0, 0x70, 0x1d, 0x14, 0x11, 0x17, 0x18, 0x1a, 0x14, 0xa0, 0x80, 0x13, 0x19, 0x15, 0x14, 0x1f, 0x17, 0x18, 0x90, 0xa0, 0x1c, 0x24, 0x1a, 0x18, 0x90, 0xa0, 0x14, 0x12, 0x2a, 0x15, 0x12, 0x80, 0xa0, 0x16, 0x17, 0x15, 0x1b, 0x15, 0x90, 0xa0, 0x16, 0x11, 0x12, 0x14, 0x11, 0x1d, 0x80, 0x90, 0x16, 0x17, 0x11, 0x12, 0x11, 0x1e, 0x1c, 0x16, 0x70, 0x90,
0x1e, 0x1b, 0x22, 0x11, 0x18, 0x23, 0x19, 0x60, 0x90, 0x25, 0x10, 0x1e, 0x21, 0x19, 0x1d, 0x19, 0x23, 0x40, 0x80, 0x11, 0x1b, 0x10, 0x1c, 0x15, 0x1a, 0x11, 0x33, 0x60, 0x90, 0x11, 0x10, 0x1d, 0x12, 0x1b, 0x30, 0x19, 0x60, 0x90, 0x1b, 0x10, 0x13, 0x10, 0x15, 0x20, 0x1c, 0x10, 0x1c, 0x50, 0x80, 0x13, 0x11, 0x30, 0x14, 0xa0, 0x80, 0x14, 0x15, 0x20, 0x19, 0x1a, 0x12, 0x90, 0x70, 0x19, 0x23, 0x1c, 0x10, 0x16, 0xb0,
// Compressed size: 181 bytes original pixels: 12544 uint16_t → ~25088 bytes uncompressed)

// ELEANOR / Eleanor Auraflow V0.3 011 S1911104805 Th0.100 24 [Folder: ELEANOR] - RLE compressed data (offset: 7717, size: 164)
0xf0, 0x90, 0xf0, 0x90, 0xf0, 0x90, 0xa0, 0x12, 0x23, 0xb0, 0x90, 0x1e, 0x14, 0x18, 0x16, 0x20, 0x1e, 0x80, 0x80, 0x26, 0x1b, 0x12, 0x11, 0x20, 0x1e, 0x80, 0x90, 0x16, 0x18, 0x13, 0x30, 0x11, 0x80, 0xa0, 0x18, 0x1c, 0x16, 0x20, 0x11, 0x80, 0x90, 0x11, 0x13, 0x15, 0x18, 0x20, 0x16, 0x80, 0xa0, 0x1d, 0x17, 0x12, 0x10, 0x11, 0x1b, 0x80, 0xb0, 0x19, 0x24, 0xa0, 0xa0, 0x13, 0x11, 0x19, 0x20, 0x13, 0x80, 0x90, 0x16, 0x17, 0x14, 0x18, 0x20, 0x1a, 0x80, 0x90, 0x1c, 0x14, 0x1f, 0x18, 0x20, 0x17, 0x80, 0x90, 0x13, 0x15, 0x14, 0x19, 0x12, 0x10, 0x17, 0x80, 0x90, 0x1c, 0x19, 0x15, 0x1b, 0x12, 0x10, 0x15, 0x80, 0xa0, 0x1a, 0x19, 0x1b, 0x13, 0x10, 0x12, 0x80, 0x80, 0x21, 0x15,
0x14, 0x12, 0x17, 0xa0, 0x90, 0x13, 0x14, 0x15, 0x18, 0x1a, 0xa0, 0x90, 0x1a, 0x1c, 0x19, 0x12, 0x1d, 0xa0, 0x90, 0x18, 0x14, 0x15, 0x17, 0x1b, 0x10, 0x11, 0x80, 0x90, 0x19, 0x15, 0x14, 0x19, 0x16, 0x10, 0x16, 0x80, 0x80, 0x12, 0x13, 0x25, 0x1d, 0x20, 0x11, 0x80, 0x80, 0x1a, 0x17, 0x1a, 0x1d, 0x17, 0x12, 0xa0,
// Compressed size: 164 bytes original pixels: 12544 uint16_t → ~25088 bytes uncompressed)

// ELVINA / Elvina Auraflow V0.3 028 S1671827084 Th0.100 24 [Folder: ELVINA] - RLE compressed data (offset: 7881, size: 189)
0xf0, 0x90, 0xa0, 0x18, 0x1c, 0x18, 0x19, 0xa0, 0xa0, 0x16, 0x1d, 0x16, 0x19, 0xa0, 0x90, 0x18, 0x16, 0x1d, 0x16, 0x10, 0x15, 0x90, 0x90, 0x1d, 0x14, 0x29, 0x10, 0x18, 0x90, 0x90, 0x16, 0x12, 0x14, 0x29, 0x1e, 0x90, 0x90, 0x23, 0x12, 0x16, 0x14, 0x10, 0x12, 0x80, 0x90, 0x15, 0x1a, 0x11, 0x1c, 0x12, 0x1a, 0x90, 0x90, 0x14, 0x10, 0x15, 0x13, 0x16, 0x11, 0x90, 0x90, 0x1b, 0x18, 0x1e, 0x13, 0x16, 0x18, 0x90, 0x90, 0x15, 0x1b, 0x21, 0x16, 0x19, 0x90, 0x90, 0x1e, 0x21, 0x15, 0x12, 0xa0, 0x90, 0x11, 0x1b, 0x11, 0x17, 0x16, 0x19, 0x90, 0x80, 0x1a, 0x18, 0x1b, 0x17, 0x1e, 0x1a, 0x18, 0x90, 0x70, 0x12, 0x10, 0x14, 0x17, 0x11, 0x14, 0x1b, 0x11, 0x90, 0x90, 0x11, 0x13, 0x11,
0x1c, 0x1e, 0x15, 0x90, 0x90, 0x17, 0x11, 0x23, 0x14, 0x12, 0x90, 0x90, 0x17, 0x13, 0x11, 0x27, 0x13, 0x90, 0x80, 0x1d, 0x15, 0x11, 0x15, 0x12, 0x17, 0xa0, 0x70, 0x16, 0x14, 0x17, 0x13, 0x11, 0x14, 0x15, 0xa0, 0x70, 0x11, 0x1a, 0x1b, 0x11, 0x17, 0x1b, 0x12, 0xa0, 0x50, 0x12, 0x14, 0x11, 0x2a, 0x11, 0x22, 0x19, 0xa0, 0x40, 0x17, 0x14, 0x1c, 0x15, 0x11, 0x23, 0x22, 0x18, 0xa0, 0x20, 0x19, 0x1c, 0x1d, 0x13, 0x15, 0x1a, 0x21, 0x14, 0x15, 0x13, 0x1c, 0x18, 0x90,
// Compressed size: 189 bytes original pixels: 12544 uint16_t → ~25088 bytes uncompressed)

// EQUITIA / Equitia Auraflow V0.3 011 S1927335074 Th0.100 24 [Folder: EQUITIA] - RLE compressed data (offset: 8070, size: 265)
0xf0, 0x90, 0xb0, 0x18, 0x16, 0xb0, 0xa0, 0x1c, 0x18, 0x15, 0xb0, 0x50, 0x16, 0x13, 0x30, 0x16, 0x1c, 0x19, 0x18, 0xa0, 0x50, 0x16, 0x1b, 0x30, 0x26, 0x28, 0x16, 0x90, 0x50, 0x1a, 0x29, 0x16, 0x10, 0x14, 0x1e, 0x21, 0xa0, 0x50, 0x29, 0x13, 0x1b, 0x16, 0x24, 0x11, 0x44, 0x70, 0x40, 0x1b, 0x19, 0x15, 0x12, 0x13, 0x18, 0x16, 0x1e, 0x1c, 0x20, 0x16, 0x80, 0x30, 0x16, 0x25, 0x10, 0x15, 0x13, 0x19, 0x14, 0x16, 0x14, 0x1e, 0xa0, 0x30, 0x1b, 0x15, 0x11, 0x10, 0x13, 0x25, 0x1a, 0x16, 0x12, 0x1c, 0xa0, 0x70, 0x13, 0x22, 0x1b, 0x21, 0x12, 0x14, 0x1c, 0x80, 0x60, 0x16, 0x13, 0x12, 0x1b, 0x12, 0x17, 0x11, 0x19, 0x1e, 0x14, 0x80, 0x60, 0x12, 0x15, 0x12, 0x19, 0x13, 0x1f, 0x11,
0x1d, 0x11, 0x14, 0x16, 0x70, 0x60, 0x33, 0x22, 0x1d, 0x11, 0x1c, 0x1d, 0x17, 0x14, 0x1b, 0x60, 0x60, 0x18, 0x19, 0x23, 0x15, 0x13, 0x17, 0x11, 0x13, 0x17, 0x16, 0x14, 0x28, 0x10, 0x1a, 0x20, 0x60, 0x13, 0x12, 0x13, 0x15, 0x33, 0x17, 0x1d, 0x11, 0x2e, 0x14, 0x18, 0x11, 0x1c, 0x20, 0x60, 0x15, 0x12, 0x10, 0x12, 0x17, 0x19, 0x13, 0x1d, 0x17, 0x1d, 0x11, 0x1a, 0x11, 0x14, 0x27, 0x20, 0x50, 0x19, 0x12, 0x20, 0x15, 0x1a, 0x27, 0x11, 0x17, 0x1d, 0x11, 0x1c, 0x21, 0x17, 0x30, 0x40, 0x22, 0x30, 0x15, 0x14, 0x1a, 0x17, 0x1d, 0x21, 0x19, 0x1a, 0x17, 0x14, 0x1c, 0x30, 0x40, 0x12, 0x40, 0x13, 0x14, 0x1a, 0x17, 0x31, 0x1c, 0x11, 0x1a, 0x28, 0x30, 0x40, 0x12, 0x40, 0x12, 0x18,
0x1c, 0x17, 0x2a, 0x21, 0x18, 0x10, 0x16, 0x40, 0x40, 0x15, 0x40, 0x15, 0x20, 0x19, 0x1a, 0x1b, 0x1a, 0x1b, 0x70, 0x40, 0x19, 0x18, 0x30, 0x12, 0x10, 0x18, 0x15, 0x10, 0x17, 0x12, 0x80, 0x40, 0x15, 0x40, 0x15, 0x10, 0x1a, 0x1b, 0x10, 0x1b, 0x90,
// Compressed size: 265 bytes original pixels: 12544 uint16_t → ~25088 bytes uncompressed)

// ERNA / Erna Auraflow V0.3 031 S3273977514 Th0.100 24 [Folder: ERNA] - RLE compressed data (offset: 8335, size: 283)
0xf0, 0x90, 0xe0, 0x17, 0x16, 0x80, 0xe0, 0x14, 0x1a, 0x80, 0xc0, 0x15, 0x1d, 0x14, 0x1a, 0x1e, 0x70, 0xa0, 0x1a, 0x1b, 0x14, 0x17, 0x11, 0x17, 0x12, 0x1a, 0x60, 0x60, 0x22, 0x1b, 0x12, 0x11, 0x12, 0x17, 0x21, 0x12, 0x15, 0x17, 0x60, 0x60, 0x13, 0x12, 0x16, 0x19, 0x1d, 0x23, 0x14, 0x22, 0x17, 0x13, 0x60, 0x50, 0x1b, 0x18, 0x16, 0x14, 0x1c, 0x12, 0x11, 0x1e, 0x1d, 0x11, 0x16, 0x14, 0x1c, 0x60, 0x40, 0x1e, 0x1a, 0x11, 0x18, 0x12, 0x16, 0x1d, 0x11, 0x10, 0x12, 0x16, 0x14, 0x15, 0x16, 0x60, 0x40, 0x1b, 0x1a, 0x19, 0x12, 0x1e, 0x15, 0x12, 0x11, 0x1e, 0x14, 0x16, 0x21, 0x12, 0x15, 0x50, 0x30, 0x1b, 0x12, 0x19, 0x16, 0x18, 0x21, 0x19, 0x1c, 0x10, 0x11, 0x29, 0x16, 0x17,
0x12, 0x50, 0x30, 0x1a, 0x16, 0x12, 0x11, 0x18, 0x11, 0x19, 0x18, 0x21, 0x15, 0x34, 0x11, 0x15, 0x50, 0x30, 0x19, 0x1d, 0x13, 0x21, 0x19, 0x18, 0x21, 0x15, 0x22, 0x16, 0x27, 0x15, 0x50, 0x20, 0x1b, 0x19, 0x1d, 0x1b, 0x12, 0x19, 0x1d, 0x11, 0x1d, 0x16, 0x17, 0x19, 0x15, 0x13, 0x17, 0x14, 0x1c, 0x50, 0x20, 0x1e, 0x16, 0x19, 0x1a, 0x12, 0x13, 0x19, 0x18, 0x12, 0x18, 0x12, 0x14, 0x13, 0x11, 0x1c, 0x15, 0x14, 0x50, 0x20, 0x1a, 0x18, 0x19, 0x14, 0x18, 0x10, 0x13, 0x15, 0x1d, 0x12, 0x10, 0x15, 0x14, 0x17, 0x25, 0x60, 0x20, 0x12, 0x26, 0x23, 0x10, 0x12, 0x1b, 0x13, 0x1d, 0x30, 0x17, 0x10, 0x11, 0x60, 0x20, 0x1c, 0x16, 0x2c, 0x1e, 0x10, 0x13, 0x20, 0x15, 0x30, 0x17, 0x31,
0x50, 0x20, 0x23, 0x10, 0x18, 0x10, 0x13, 0x1b, 0x20, 0x13, 0x1b, 0x20, 0x18, 0x14, 0x1d, 0x16, 0x50, 0x20, 0x1b, 0x1a, 0x10, 0x1c, 0x15, 0x10, 0x1a, 0x20, 0x1e, 0x1c, 0x30, 0x18, 0x10, 0x14, 0x50, 0x50, 0x1a, 0x13, 0x10, 0x1b, 0x1e, 0x20, 0x15, 0x30, 0x14, 0x1a, 0x60, 0x50, 0x11, 0x18, 0x50, 0x1c, 0x18, 0x13, 0x12, 0x17, 0x70, 0xf0, 0x90, 0xf0, 0x90,
// Compressed size: 283 bytes original pixels: 12544 uint16_t → ~25088 bytes uncompressed)

// EVELYN / Evelyn Auraflow V0.3 001 S978094367 Th0.100 24 [Folder: EVELYN] - RLE compressed data (offset: 8618, size: 173)
0xf0, 0x90, 0x80, 0x1e, 0x32, 0x11, 0xb0, 0x80, 0x16, 0x12, 0x1b, 0x15, 0x13, 0xb0, 0x90, 0x12, 0x1b, 0x15, 0x13, 0xb0, 0x90, 0x1e, 0x12, 0x17, 0xc0, 0x80, 0x15, 0x14, 0x1a, 0x1b, 0x17, 0xb0, 0x80, 0x1d, 0x1c, 0x17, 0x14, 0x17, 0xb0, 0x80, 0x19, 0x14, 0x15, 0x1b, 0x1c, 0x19, 0xa0, 0x80, 0x1a, 0x1d, 0x22, 0x1b, 0xb0, 0x80, 0x11, 0x10, 0x22, 0x1b, 0x1c, 0xa0, 0xa0, 0x14, 0x12, 0x16, 0x1b, 0xa0, 0xa0, 0x18, 0x11, 0x1a, 0x12, 0xa0, 0x90, 0x1c, 0x1e, 0x11, 0x17, 0x14, 0x13, 0x90, 0x90, 0x1c, 0x17, 0x1c, 0x15, 0x19, 0x1e, 0x90, 0x90, 0x1a, 0x38, 0x11, 0x1e, 0x90, 0x80, 0x1d, 0x11, 0x1b, 0x18, 0x11, 0x1a, 0xa0, 0x90, 0x19, 0x15, 0x14, 0x19, 0x16, 0x19, 0x90, 0x80, 0x13,
0x18, 0x1c, 0x21, 0x15, 0xa0, 0x70, 0x13, 0x1d, 0x14, 0x17, 0x14, 0x25, 0x19, 0x90, 0x70, 0x1d, 0x11, 0x18, 0x12, 0x28, 0x1a, 0x13, 0x90, 0x60, 0x19, 0x1a, 0x17, 0x12, 0x14, 0x11, 0x12, 0x16, 0xa0, 0x40, 0x1a, 0x16, 0x14, 0x26, 0x1e, 0x11, 0x17, 0x15, 0x26, 0x90, 0x40, 0x13, 0x16, 0x11, 0x15, 0x13, 0x24, 0x17, 0x11, 0x23, 0x90, 0x60, 0x1d, 0x23, 0x11, 0x13, 0xd0,
// Compressed size: 173 bytes original pixels: 12544 uint16_t → ~25088 bytes uncompressed)

// FALON / Falon Auraflow V0.3 024 S974999518 Th0.100 24 [Folder: FALON] - RLE compressed data (offset: 8791, size: 172)
0xf0, 0x90, 0xf0, 0x90, 0xa0, 0x13, 0x15, 0xc0, 0xa0, 0x1d, 0x13, 0x1c, 0xb0, 0xa0, 0x14, 0x1c, 0x27, 0x16, 0x13, 0x80, 0xb0, 0x13, 0x15, 0x2c, 0x13, 0x80, 0xa0, 0x1a, 0x11, 0x16, 0x14, 0x23, 0x16, 0x19, 0x60, 0xa0, 0x18, 0x11, 0x15, 0x17, 0x20, 0x1a, 0x19, 0x60, 0xa0, 0x11, 0x1a, 0x10, 0x17, 0x40, 0x19, 0x50, 0x90, 0x14, 0x18, 0x11, 0x16, 0x11, 0xa0, 0x80, 0x17, 0x1a, 0x25, 0x11, 0x1f, 0x12, 0x90, 0x80, 0x11, 0x10, 0x1a, 0x17, 0x19, 0x15, 0x12, 0x90, 0x80, 0x19, 0x10, 0x15, 0x17, 0x15, 0x32, 0x80, 0x90, 0x16, 0x11, 0x15, 0x11, 0x18, 0x12, 0x1b, 0x80, 0x90, 0x14, 0x1c, 0x11, 0x1a, 0x11, 0x1e, 0x1b, 0x12, 0x70, 0x90, 0x1f, 0x28, 0x11, 0x15, 0x1b, 0x12, 0x1b, 0x70,
0x90, 0x16, 0x18, 0x14, 0x11, 0x2e, 0x16, 0x13, 0x70, 0xa0, 0x1a, 0x14, 0x1a, 0x11, 0x12, 0x13, 0x80, 0xa0, 0x18, 0x1d, 0x1b, 0x18, 0x12, 0x1b, 0x80, 0xa0, 0x1c, 0x10, 0x1d, 0x14, 0x1e, 0x1b, 0x14, 0x70, 0x90, 0x17, 0x19, 0x20, 0x16, 0x18, 0x24, 0x70, 0x90, 0x1d, 0x30, 0x16, 0x1e, 0x29, 0x70, 0x80, 0x12, 0x1f, 0x1d, 0x30, 0x17, 0x30, 0x13, 0x50, 0xf0, 0x90,
// Compressed size: 172 bytes original pixels: 12544 uint16_t → ~25088 bytes uncompressed)

// FENJA / Fenja Auraflow V0.3 024 S1310596206 Th0.100 24 [Folder: FENJA] - RLE compressed data (offset: 8963, size: 230)
0xf0, 0x90, 0xa0, 0x1d, 0x13, 0x10, 0x17, 0xa0, 0xa0, 0x1e, 0x14, 0x1d, 0x18, 0x17, 0x90, 0xa0, 0x19, 0x15, 0x1b, 0x13, 0x1c, 0x90, 0xb0, 0x15, 0x16, 0x1b, 0x11, 0x1c, 0x1e, 0x17, 0x60, 0xa0, 0x15, 0x16, 0x15, 0x14, 0x13, 0x2c, 0x70, 0x60, 0x1b, 0x20, 0x14, 0x13, 0x17, 0x14, 0x1b, 0x1e, 0x18, 0x1c, 0x11, 0x60, 0x70, 0x14, 0x11, 0x18, 0x24, 0x26, 0x1b, 0x13, 0x11, 0x1c, 0x60, 0x80, 0x16, 0x19, 0x10, 0x15, 0x16, 0x1b, 0x14, 0x11, 0x1d, 0x1c, 0x11, 0x1e, 0x40, 0xa0, 0x29, 0x1a, 0x14, 0x18, 0x13, 0x18, 0x11, 0x1c, 0x50, 0xa0, 0x2a, 0x19, 0x1b, 0x18, 0x1d, 0x11, 0x1d, 0x11, 0x1c, 0x40, 0x80, 0x1c, 0x18, 0x12, 0x14, 0x12, 0x16, 0x28, 0x1c, 0x10, 0x21, 0x40, 0x70, 0x11,
0x1d, 0x13, 0x16, 0x19, 0x22, 0x13, 0x1d, 0x13, 0x21, 0x50, 0x80, 0x11, 0x1d, 0x12, 0x15, 0x2a, 0x17, 0x18, 0x11, 0x2e, 0x17, 0x40, 0x80, 0x11, 0x10, 0x12, 0x19, 0x1a, 0x16, 0x18, 0x1d, 0x11, 0x13, 0x1e, 0x50, 0xa0, 0x26, 0x19, 0x15, 0x11, 0x27, 0x70, 0x90, 0x14, 0x15, 0x1a, 0x15, 0x19, 0x11, 0x18, 0x11, 0x17, 0x60, 0x90, 0x14, 0x15, 0x19, 0x1a, 0x15, 0x18, 0x10, 0x17, 0x70, 0x80, 0x2f, 0x1a, 0x12, 0x1a, 0x16, 0x17, 0x13, 0x18, 0x1f, 0x60, 0x70, 0x14, 0x1b, 0x19, 0x1a, 0x32, 0x1b, 0x1f, 0x13, 0x70, 0x60, 0x2b, 0x15, 0x16, 0x42, 0x1b, 0x14, 0x80, 0x70, 0x14, 0x16, 0x22, 0x15, 0x12, 0x15, 0x19, 0x13, 0x37, 0x50, 0x60, 0x1f, 0x19, 0x16, 0x1a, 0x22, 0x1a, 0x22, 0x15,
0x23, 0x1d, 0x13, 0x40, 0xf0, 0x90,
// Compressed size: 230 bytes original pixels: 12544 uint16_t → ~25088 bytes uncompressed)

// FIONA / Fiona Auraflow V0.3 010 S2087111365 Th0.100 24 [Folder: FIONA] - RLE compressed data (offset: 9193, size: 232)
0xf0, 0x90, 0xb0, 0x2e, 0x1c, 0xa0, 0xa0, 0x1f, 0x1b, 0x11, 0x13, 0xa0, 0xa0, 0x2b, 0x12, 0x13, 0x1e, 0x90, 0x80, 0x1e, 0x1c, 0x2b, 0x1c, 0x1b, 0x1e, 0x90, 0x90, 0x1b, 0x1a, 0x29, 0x13, 0x1c, 0x1b, 0x80, 0x90, 0x1b, 0x44, 0x18, 0x1e, 0x80, 0x90, 0x1e, 0x12, 0x24, 0x1d, 0x11, 0x1e, 0x80, 0x90, 0x1b, 0x12, 0x25, 0x1c, 0x1a, 0x15, 0x80, 0x90, 0x1e, 0x14, 0x15, 0x14, 0x11, 0x1b, 0x90, 0xa0, 0x12, 0x24, 0x11, 0x10, 0x1e, 0x80, 0xa0, 0x12, 0x14, 0x1d, 0x13, 0x17, 0x1f, 0x80, 0x90, 0x19, 0x17, 0x22, 0x11, 0x13, 0x90, 0x90, 0x14, 0x31, 0x17, 0x16, 0x90, 0x80, 0x17, 0x15, 0x1a, 0x12, 0x11, 0x1c, 0x17, 0x16, 0x80, 0x80, 0x12, 0x19, 0x11, 0x1c, 0x19, 0x13, 0x1a, 0x16, 0x80,
0x70, 0x11, 0x17, 0x19, 0x12, 0x11, 0x12, 0x16, 0x15, 0x18, 0x13, 0x70, 0x70, 0x12, 0x14, 0x11, 0x1c, 0x19, 0x15, 0x13, 0x12, 0x26, 0x13, 0x60, 0x50, 0x12, 0x16, 0x18, 0x1d, 0x15, 0x1d, 0x1a, 0x15, 0x16, 0x12, 0x17, 0x16, 0x28, 0x50, 0x40, 0x1d, 0x14, 0x11, 0x19, 0x1a, 0x12, 0x1d, 0x19, 0x1a, 0x13, 0x1a, 0x13, 0x16, 0x13, 0x16, 0x11, 0x12, 0x1a, 0x13, 0x10, 0x10, 0x13, 0x15, 0x11, 0x15, 0x18, 0x17, 0x1d, 0x15, 0x1d, 0x12, 0x17, 0x19, 0x1c, 0x12, 0x11, 0x18, 0x16, 0x12, 0x11, 0x13, 0x14, 0x18, 0x17, 0x10, 0x11, 0x18, 0x17, 0x18, 0x1a, 0x12, 0x14, 0x15, 0x1c, 0x11, 0x13, 0x17, 0x11, 0x15, 0x11, 0x18, 0x23, 0x15, 0x18, 0x19, 0x20, 0x70, 0x1d, 0x10, 0x1a, 0x16, 0x11,
0x19, 0x1d, 0x11, 0x15, 0x21, 0x60, 0xf0, 0x90,
// Compressed size: 232 bytes original pixels: 12544 uint16_t → ~25088 bytes uncompressed)

// GERTRUDE / Gertrude Auraflow V0.3 001 S684831529 Th0.100 24 [Folder: GERTRUDE] - RLE compressed data (offset: 9425, size: 213)
0xf0, 0x90, 0xe0, 0x16, 0x27, 0x18, 0x60, 0xe0, 0x1a, 0x1c, 0x11, 0x18, 0x17, 0x50, 0xe0, 0x17, 0x1c, 0x1b, 0x11, 0x18, 0x50, 0xf0, 0x10, 0x11, 0x16, 0x18, 0x19, 0x40, 0xf0, 0x18, 0x19, 0x25, 0x14, 0x17, 0x30, 0xf0, 0x19, 0x1d, 0x15, 0x16, 0x14, 0x16, 0x19, 0x20, 0xe0, 0x14, 0x1a, 0x11, 0x15, 0x12, 0x19, 0x1c, 0x19, 0x10, 0x17, 0xf0, 0x12, 0x35, 0x12, 0x10, 0x18, 0x16, 0x10, 0xd0, 0x1c, 0x21, 0x13, 0x22, 0x1e, 0x20, 0x16, 0x10, 0xc0, 0x1a, 0x11, 0x15, 0x1b, 0x19, 0x13, 0x10, 0x1b, 0x40, 0xc0, 0x1e, 0x10, 0x18, 0x15, 0x17, 0x15, 0x11, 0x15, 0x40, 0xb0, 0x13, 0x20, 0x15, 0x1a, 0x24, 0x12, 0x13, 0x16, 0x30, 0xa0, 0x17, 0x30, 0x12, 0x11, 0x19, 0x12, 0x13, 0x11, 0x40,
0x80, 0x11, 0x50, 0x1c, 0x12, 0x23, 0x1e, 0x50, 0x70, 0x11, 0x60, 0x15, 0x18, 0x22, 0x13, 0x14, 0x40, 0x60, 0x1c, 0x60, 0x11, 0x14, 0x22, 0x1e, 0x12, 0x11, 0x1a, 0x30, 0x40, 0x13, 0x11, 0x70, 0x11, 0x14, 0x13, 0x14, 0x13, 0x12, 0x13, 0x1b, 0x30, 0x30, 0x12, 0x90, 0x1a, 0x15, 0x12, 0x23, 0x12, 0x1b, 0x2d, 0x20, 0x20, 0x15, 0xb0, 0x1d, 0x23, 0x1e, 0x11, 0x14, 0x1b, 0x10, 0x16, 0x10, 0xe0, 0x13, 0x10, 0x14, 0x11, 0x14, 0x1a, 0x1b, 0x19, 0x16, 0x10, 0xe0, 0x14, 0x20, 0x1d, 0x1b, 0x16, 0x1b, 0x1a, 0x1c, 0x10, 0xd0, 0x12, 0x11, 0x10, 0x24, 0x1d, 0x18, 0x1a, 0x27, 0x10, 0x60, 0x18, 0x20, 0x26, 0x1c, 0xc0,
// Compressed size: 213 bytes original pixels: 12544 uint16_t → ~25088 bytes uncompressed)

// GODWYN / Godwyn Auraflow V0.3 010 S4108162389 Th0.100 24 [Folder: GODWYN] - RLE compressed data (offset: 9638, size: 242)
0xf0, 0x90, 0xb0, 0x17, 0xc0, 0xa0, 0x17, 0x18, 0x16, 0xb0, 0xb0, 0x1d, 0x1b, 0xb0, 0x90, 0x11, 0x18, 0x14, 0x19, 0x15, 0x19, 0x90, 0x90, 0x18, 0x1b, 0x1a, 0x19, 0x27, 0x1f, 0x80, 0x90, 0x12, 0x11, 0x17, 0x11, 0x1a, 0x28, 0x19, 0x70, 0x70, 0x13, 0x10, 0x14, 0x1b, 0x16, 0x13, 0x1d, 0x15, 0x16, 0x1b, 0x70, 0x70, 0x15, 0x11, 0x12, 0x15, 0x2c, 0x12, 0x11, 0x13, 0x14, 0x1d, 0x60, 0x70, 0x13, 0x19, 0x16, 0x1c, 0x1a, 0x12, 0x14, 0x1a, 0x1d, 0x1a, 0x1b, 0x60, 0x70, 0x1b, 0x20, 0x1e, 0x12, 0x14, 0x12, 0x15, 0x12, 0x2e, 0x60, 0x70, 0x1c, 0x10, 0x18, 0x1c, 0x1e, 0x12, 0x14, 0x1d, 0x12, 0x1e, 0x70, 0x70, 0x12, 0x10, 0x1d, 0x1a, 0x1f, 0x1d, 0x22, 0x1d, 0x14, 0x70, 0x70, 0x13,
0x10, 0x1b, 0x13, 0x18, 0x14, 0x18, 0x24, 0x11, 0x19, 0x10, 0x1f, 0x40, 0x70, 0x19, 0x10, 0x1f, 0x1e, 0x13, 0x15, 0x11, 0x24, 0x12, 0x11, 0x16, 0x19, 0x10, 0x1f, 0x20, 0x70, 0x16, 0x20, 0x12, 0x11, 0x1b, 0x12, 0x1d, 0x1c, 0x15, 0x23, 0x19, 0x17, 0x30, 0x70, 0x16, 0x10, 0x18, 0x1a, 0x1f, 0x14, 0x13, 0x18, 0x14, 0x15, 0x33, 0x11, 0x30, 0x70, 0x16, 0x10, 0x13, 0x24, 0x22, 0x19, 0x14, 0x13, 0x15, 0x11, 0x10, 0x11, 0x13, 0x20, 0x70, 0x16, 0x20, 0x1c, 0x1e, 0x25, 0x14, 0x12, 0x11, 0x13, 0x11, 0x50, 0x70, 0x11, 0x20, 0x15, 0x1d, 0x2a, 0x2c, 0x19, 0x21, 0x17, 0x40, 0x70, 0x11, 0x20, 0x15, 0x10, 0x17, 0x16, 0x1a, 0x15, 0x11, 0x10, 0x13, 0x50, 0x70, 0x12, 0x10, 0x17, 0x15,
0x40, 0x1b, 0x80, 0x70, 0x16, 0x17, 0x1b, 0x12, 0x10, 0x16, 0x10, 0x1c, 0x11, 0x80, 0xf0, 0x18, 0x17, 0x70,
// Compressed size: 242 bytes original pixels: 12544 uint16_t → ~25088 bytes uncompressed)

// GUINEVERE / Guinevere Auraflow V0.3 024 S1447154863 Th0.100 24 [Folder: GUINEVERE] - RLE compressed data (offset: 9880, size: 185)
0xf0, 0x90, 0xf0, 0x90, 0xb0, 0x1b, 0xc0, 0xa0, 0x1b, 0x17, 0x16, 0x1b, 0xa0, 0xa0, 0x1c, 0x1f, 0x17, 0x16, 0xa0, 0xa0, 0x1b, 0x10, 0x27, 0x1b, 0x90, 0xb0, 0x15, 0x1f, 0x17, 0x16, 0x90, 0xa0, 0x1c, 0x15, 0x12, 0x1a, 0x16, 0x90, 0xa0, 0x11, 0x14, 0x12, 0x17, 0x16, 0x90, 0xb0, 0x14, 0x12, 0x17, 0x16, 0x90, 0xb0, 0x22, 0x17, 0x16, 0x90, 0xa0, 0x14, 0x15, 0x12, 0x17, 0x16, 0x90, 0xa0, 0x1b, 0x19, 0x15, 0x26, 0x90, 0x90, 0x11, 0x1e, 0x12, 0x13, 0x12, 0x17, 0x90, 0x90, 0x11, 0x18, 0x12, 0x1c, 0x1a, 0xa0, 0x80, 0x1e, 0x11, 0x1d, 0x13, 0x1a, 0x15, 0xa0, 0x80, 0x15, 0x14, 0x13, 0x24, 0x18, 0xa0, 0x70, 0x11, 0x18, 0x19, 0x18, 0x14, 0x1d, 0x18, 0xa0, 0x70, 0x21, 0x13, 0x19,
0x13, 0x11, 0x18, 0x1b, 0x90, 0x70, 0x1c, 0x28, 0x12, 0x13, 0x1d, 0x11, 0x13, 0x90, 0x50, 0x15, 0x11, 0x14, 0x1c, 0x19, 0x1d, 0x13, 0x14, 0x18, 0x1d, 0x11, 0x80, 0x40, 0x25, 0x11, 0x14, 0x11, 0x22, 0x13, 0x12, 0x11, 0x1d, 0x21, 0x13, 0x20, 0x23, 0x1a, 0x10, 0x40, 0x15, 0x1a, 0x14, 0x19, 0x12, 0x19, 0x15, 0x18, 0x29, 0x1e, 0x1d, 0x11, 0x1c, 0x2e, 0x1c, 0x1a, 0x20, 0x80, 0x12, 0x11, 0x23, 0x15, 0x19, 0x1a, 0x11, 0x24, 0x15, 0x1a, 0x40,
// Compressed size: 185 bytes original pixels: 12544 uint16_t → ~25088 bytes uncompressed)

// GWENDOLYN / Gwendolyn Auraflow V0.3 001 S3964141546 Th0.100 24 [Folder: GWENDOLYN] - RLE compressed data (offset: 10065, size: 278)
0xf0, 0x90, 0xf0, 0x30, 0x1b, 0x50, 0xb0, 0x1a, 0x16, 0x11, 0x16, 0x20, 0x1e, 0x10, 0x1b, 0x15, 0x30, 0x60, 0x18, 0x3f, 0x1c, 0x16, 0x12, 0x1c, 0x1d, 0x90, 0x30, 0x15, 0x10, 0x19, 0x1f, 0x26, 0x3d, 0x11, 0x1c, 0x17, 0x60, 0x19, 0x20, 0x40, 0x1f, 0x18, 0x3d, 0x15, 0x1e, 0x15, 0x1c, 0x1f, 0x70, 0x17, 0x20, 0x30, 0x18, 0x15, 0x1e, 0x13, 0x16, 0x1c, 0x12, 0x1c, 0x1d, 0x16, 0x14, 0x13, 0x30, 0x15, 0x20, 0x12, 0x1e, 0x10, 0x20, 0x15, 0x1a, 0x1e, 0x16, 0x1c, 0x16, 0x11, 0x1b, 0x16, 0x14, 0x12, 0x13, 0x11, 0x14, 0x50, 0x12, 0x20, 0x30, 0x16, 0x18, 0x26, 0x1f, 0x10, 0x15, 0x12, 0x14, 0x12, 0x19, 0x12, 0x11, 0x50, 0x14, 0x20, 0x30, 0x26, 0x1f, 0x28, 0x1e, 0x10, 0x13, 0x12,
0x17, 0x18, 0x20, 0x18, 0x40, 0x12, 0x20, 0x70, 0x25, 0x10, 0x1d, 0x21, 0x70, 0x17, 0x30, 0x90, 0x1b, 0x23, 0x17, 0x1b, 0x11, 0x40, 0x19, 0x1c, 0x30, 0x40, 0x1b, 0x1a, 0x19, 0x17, 0x13, 0x17, 0x11, 0x14, 0x12, 0x19, 0x50, 0x12, 0x40, 0x20, 0x15, 0x14, 0x1a, 0x10, 0x14, 0x21, 0x17, 0x19, 0x23, 0x2e, 0x40, 0x11, 0x40, 0x20, 0x11, 0x30, 0x1b, 0x11, 0x19, 0x13, 0x12, 0x14, 0x13, 0x14, 0x11, 0x17, 0x40, 0x14, 0x30, 0x10, 0x12, 0x10, 0x19, 0x20, 0x17, 0x13, 0x34, 0x13, 0x14, 0x17, 0x12, 0x11, 0x80, 0x20, 0x1d, 0x1a, 0x12, 0x10, 0x1b, 0x20, 0x13, 0x10, 0x11, 0x12, 0x10, 0x1a, 0x11, 0x80, 0x20, 0x12, 0x17, 0x13, 0x20, 0x15, 0x1b, 0x11, 0x13, 0x19, 0x20, 0x11, 0x14, 0x80,
0x30, 0x13, 0x19, 0x20, 0x14, 0x11, 0x50, 0x11, 0x1c, 0x80, 0x50, 0x15, 0x1b, 0x14, 0x60, 0x13, 0x90, 0x30, 0x18, 0x17, 0x12, 0x14, 0x70, 0x12, 0x90, 0x30, 0x18, 0x1a, 0x10, 0x1b, 0x13, 0x1a, 0x50, 0x11, 0x19, 0x80, 0x20, 0x15, 0x17, 0x18, 0x10, 0x18, 0x1a, 0x10, 0x1a, 0x15, 0x1c, 0x10, 0x1a, 0x40, 0x1e, 0x50, 0xf0, 0x90,
// Compressed size: 278 bytes original pixels: 12544 uint16_t → ~25088 bytes uncompressed)

// GWENFREWI / Gwenfrewi Auraflow V0.3 011 S1515894136 Th0.100 24 [Folder: GWENFREWI] - RLE compressed data (offset: 10343, size: 244)
0xa0, 0x11, 0x12, 0x15, 0x1b, 0xa0, 0x90, 0x1b, 0x1c, 0x1e, 0x1f, 0x1d, 0xa0, 0x80, 0x19, 0x1f, 0x32, 0x1f, 0xa0, 0x60, 0x1b, 0x25, 0x22, 0x2c, 0xb0, 0x50, 0x11, 0x1d, 0x1f, 0x2c, 0x32, 0x11, 0xa0, 0x30, 0x14, 0x25, 0x1d, 0x22, 0x2e, 0x12, 0x1e, 0x16, 0xa0, 0x30, 0x14, 0x11, 0x1f, 0x1c, 0x15, 0x1c, 0x12, 0x2e, 0x12, 0x15, 0xa0, 0x40, 0x15, 0x1d, 0x19, 0x1d, 0x15, 0x1f, 0x1c, 0x1e, 0x12, 0x18, 0x30, 0x14, 0x60, 0x30, 0x14, 0x11, 0x10, 0x15, 0x19, 0x1d, 0x12, 0x1d, 0x1c, 0x1e, 0x26, 0x1d, 0x16, 0x70, 0x30, 0x11, 0x20, 0x21, 0x25, 0x22, 0x18, 0x16, 0x14, 0x1a, 0x13, 0x70, 0x70, 0x15, 0x11, 0x10, 0x1c, 0x12, 0x18, 0x14, 0x15, 0x1a, 0x10, 0x13, 0x60, 0x80, 0x1d, 0x19,
0x12, 0x28, 0x12, 0x1b, 0x17, 0x13, 0x70, 0x50, 0x13, 0x10, 0x13, 0x19, 0x24, 0x18, 0x16, 0x18, 0x11, 0x17, 0x13, 0x70, 0x60, 0x29, 0x1b, 0x13, 0x14, 0x16, 0x28, 0x15, 0x10, 0x1a, 0x13, 0x60, 0x50, 0x13, 0x11, 0x10, 0x13, 0x24, 0x18, 0x26, 0x19, 0x10, 0x17, 0x10, 0x11, 0x50, 0x50, 0x19, 0x10, 0x13, 0x11, 0x1b, 0x16, 0x28, 0x11, 0x1b, 0x20, 0x13, 0x60, 0x70, 0x19, 0x27, 0x16, 0x13, 0x16, 0x15, 0x1b, 0x40, 0x11, 0x40, 0x60, 0x17, 0x2a, 0x24, 0x10, 0x18, 0x11, 0x27, 0x40, 0x13, 0x30, 0x30, 0x1a, 0x23, 0x1a, 0x20, 0x11, 0x14, 0x13, 0x18, 0x14, 0x1b, 0x17, 0x80, 0x30, 0x13, 0x27, 0x30, 0x11, 0x1a, 0x11, 0x16, 0x19, 0x17, 0x90, 0x90, 0x1b, 0x13, 0x19, 0x16, 0x17, 0x1a,
0x90, 0xa0, 0x17, 0x10, 0x16, 0x1a, 0xa0, 0x90, 0x14, 0x11, 0x10, 0x14, 0xb0, 0x90, 0x18, 0x11, 0x19, 0x16, 0x17, 0xa0,
// Compressed size: 244 bytes original pixels: 12544 uint16_t → ~25088 bytes uncompressed)

// GYRID / Gyrid Auraflow V0.3 003 S3621718094 Th0.100 24 [Folder: GYRID] - RLE compressed data (offset: 10587, size: 246)
0xf0, 0x90, 0xf0, 0x90, 0xb0, 0x2c, 0x50, 0x1c, 0x16, 0x40, 0xa0, 0x25, 0x18, 0x50, 0x1c, 0x15, 0x40, 0xa0, 0x1c, 0x28, 0x1c, 0x40, 0x1c, 0x15, 0x40, 0x50, 0x15, 0x30, 0x1c, 0x1d, 0x11, 0x17, 0x15, 0x1c, 0x30, 0x12, 0x50, 0x60, 0x1d, 0x15, 0x18, 0x1c, 0x18, 0x26, 0x15, 0x1c, 0x15, 0x10, 0x16, 0x60, 0x70, 0x1b, 0x25, 0x48, 0x15, 0x16, 0x1e, 0x12, 0x60, 0x60, 0x1c, 0x1f, 0x15, 0x26, 0x15, 0x16, 0x18, 0x15, 0x12, 0x1f, 0x14, 0x60, 0x60, 0x12, 0x14, 0x15, 0x21, 0x14, 0x11, 0x12, 0x1b, 0x1e, 0x1b, 0x12, 0x60, 0x70, 0x18, 0x14, 0x3b, 0x1a, 0x17, 0x1a, 0x2d, 0x12, 0x60, 0x70, 0x24, 0x1b, 0x1d, 0x2b, 0x22, 0x1d, 0x16, 0x18, 0x60, 0x70, 0x18, 0x14, 0x13, 0x3b, 0x2a, 0x11,
0x16, 0x70, 0x70, 0x15, 0x14, 0x1a, 0x1f, 0x12, 0x1b, 0x14, 0x13, 0x12, 0x18, 0x70, 0x70, 0x1d, 0x24, 0x12, 0x14, 0x11, 0x13, 0x1a, 0x13, 0x10, 0x15, 0x60, 0x70, 0x19, 0x14, 0x1d, 0x1a, 0x14, 0x1d, 0x17, 0x1a, 0x1e, 0x80, 0x60, 0x16, 0x12, 0x14, 0x11, 0x1a, 0x1e, 0x22, 0x1a, 0x19, 0x80, 0x50, 0x18, 0x16, 0x19, 0x24, 0x1a, 0x17, 0x12, 0x1e, 0x1a, 0x17, 0x80, 0x50, 0x16, 0x14, 0x1e, 0x17, 0x12, 0x1a, 0x1e, 0x12, 0x23, 0x11, 0x80, 0x30, 0x26, 0x29, 0x11, 0x17, 0x14, 0x13, 0x11, 0x19, 0x13, 0x17, 0x12, 0x80, 0x30, 0x12, 0x17, 0x19, 0x14, 0x17, 0x11, 0x17, 0x41, 0x13, 0x12, 0x80, 0x20, 0x19, 0x21, 0x17, 0x19, 0x14, 0x11, 0x17, 0x53, 0x17, 0x80, 0x10, 0x21, 0x16, 0x1d,
0x29, 0x27, 0x11, 0x13, 0x11, 0x23, 0x11, 0x19, 0x80, 0x10, 0x13, 0x1d, 0x16, 0x1d, 0x12, 0x19, 0x17, 0x21, 0x43, 0x11, 0x12, 0x80,
// Compressed size: 246 bytes original pixels: 12544 uint16_t → ~25088 bytes uncompressed)

// GYTHA / Gytha Auraflow V0.3 011 S4197665210 Th0.100 24 [Folder: GYTHA] - RLE compressed data (offset: 10833, size: 197)
0xc0, 0x17, 0x1e, 0xa0, 0xb0, 0x17, 0x12, 0x19, 0x17, 0x90, 0xb0, 0x14, 0x1a, 0x1e, 0x19, 0x90, 0xa0, 0x12, 0x23, 0x12, 0x1e, 0x90, 0xa0, 0x12, 0x14, 0x13, 0x19, 0x1e, 0x90, 0xa0, 0x12, 0x1d, 0x22, 0x1d, 0x90, 0xa0, 0x1e, 0x22, 0x1e, 0x1b, 0x12, 0x80, 0xa0, 0x19, 0x18, 0x19, 0x18, 0x2b, 0x80, 0xa0, 0x11, 0x1f, 0x17, 0x1c, 0x26, 0x80, 0xa0, 0x16, 0x1d, 0x19, 0x1b, 0x21, 0x80, 0x90, 0x13, 0x16, 0x1f, 0x18, 0x19, 0x16, 0x15, 0x12, 0x70, 0x90, 0x21, 0x1a, 0x13, 0x27, 0x16, 0x14, 0x70, 0x90, 0x19, 0x11, 0x14, 0x13, 0x17, 0x13, 0x15, 0x11, 0x70, 0x90, 0x18, 0x15, 0x13, 0x1a, 0x1b, 0x14, 0x1b, 0x1c, 0x70, 0x90, 0x18, 0x15, 0x17, 0x1a, 0x13, 0x28, 0x1c, 0x12, 0x60, 0x90,
0x14, 0x1c, 0x1a, 0x13, 0x1a, 0x18, 0x1d, 0x15, 0x12, 0x60, 0x90, 0x15, 0x1b, 0x18, 0x19, 0x13, 0x1b, 0x14, 0x1f, 0x1a, 0x60, 0x80, 0x12, 0x14, 0x15, 0x11, 0x24, 0x1a, 0x18, 0x16, 0x14, 0x60, 0x80, 0x17, 0x1c, 0x1d, 0x17, 0x41, 0x16, 0x15, 0x60, 0x80, 0x13, 0x15, 0x1d, 0x19, 0x1f, 0x27, 0x1c, 0x11, 0x1d, 0x60, 0x80, 0x15, 0x1f, 0x14, 0x1b, 0x1f, 0x1a, 0x13, 0x1c, 0x18, 0x14, 0x60, 0x80, 0x16, 0x11, 0x14, 0x15, 0x16, 0x1a, 0x13, 0x90, 0x80, 0x11, 0x1c, 0x1b, 0x26, 0xb0, 0x70, 0x12, 0x16, 0x25, 0x11, 0xc0,
// Compressed size: 197 bytes original pixels: 12544 uint16_t → ~25088 bytes uncompressed)

// HAASKE / Haaske Auraflow V0.3 004 S2973339547 Th0.100 24 [Folder: HAASKE] - RLE compressed data (offset: 11030, size: 315)
0x80, 0x18, 0x11, 0x33, 0x18, 0x1d, 0x90, 0x70, 0x2a, 0x43, 0x1c, 0x11, 0x1d, 0x80, 0x70, 0x11, 0x1c, 0x13, 0x2c, 0x18, 0x16, 0x11, 0x18, 0x80, 0x60, 0x2a, 0x23, 0x12, 0x1b, 0x19, 0x1f, 0x1a, 0x18, 0x1a, 0x70, 0x60, 0x1a, 0x13, 0x1c, 0x11, 0x12, 0x24, 0x1e, 0x19, 0x16, 0x18, 0x70, 0x50, 0x1d, 0x1a, 0x12, 0x16, 0x12, 0x15, 0x16, 0x15, 0x1f, 0x1c, 0x11, 0x1c, 0x70, 0x50, 0x1d, 0x1a, 0x15, 0x12, 0x11, 0x15, 0x1f, 0x1a, 0x12, 0x1f, 0x11, 0x18, 0x1c, 0x60, 0x60, 0x33, 0x11, 0x12, 0x1b, 0x1f, 0x12, 0x1f, 0x16, 0x10, 0x13, 0x60, 0x50, 0x18, 0x23, 0x1a, 0x12, 0x15, 0x37, 0x19, 0x1c, 0x13, 0x1a, 0x60, 0x50, 0x28, 0x12, 0x11, 0x12, 0x2b, 0x14, 0x17, 0x19, 0x18, 0x11, 0x70,
0x50, 0x1c, 0x26, 0x13, 0x11, 0x1b, 0x17, 0x1f, 0x19, 0x1b, 0x11, 0x1e, 0x70, 0x50, 0x1d, 0x26, 0x13, 0x16, 0x1b, 0x12, 0x19, 0x1f, 0x13, 0x16, 0x80, 0x50, 0x1c, 0x19, 0x11, 0x23, 0x11, 0x18, 0x2c, 0x31, 0x70, 0x30, 0x18, 0x10, 0x1d, 0x16, 0x11, 0x23, 0x2d, 0x1a, 0x28, 0x11, 0x13, 0x1a, 0x1d, 0x50, 0x30, 0x38, 0x15, 0x1a, 0x31, 0x18, 0x1c, 0x12, 0x11, 0x16, 0x1a, 0x16, 0x15, 0x1d, 0x40, 0x40, 0x18, 0x1c, 0x15, 0x24, 0x15, 0x11, 0x15, 0x14, 0x57, 0x14, 0x1d, 0x40, 0x40, 0x11, 0x12, 0x17, 0x14, 0x16, 0x15, 0x16, 0x14, 0x3e, 0x17, 0x2f, 0x17, 0x1d, 0x40, 0x40, 0x11, 0x12, 0x17, 0x14, 0x22, 0x15, 0x14, 0x19, 0x2e, 0x17, 0x1e, 0x19, 0x17, 0x2d, 0x30, 0x40, 0x11, 0x15,
0x17, 0x1b, 0x22, 0x15, 0x16, 0x29, 0x1e, 0x14, 0x1f, 0x19, 0x14, 0x1d, 0x40, 0x40, 0x11, 0x1b, 0x17, 0x11, 0x12, 0x15, 0x14, 0x29, 0x2e, 0x15, 0x1f, 0x24, 0x50, 0x40, 0x12, 0x1b, 0x17, 0x32, 0x16, 0x14, 0x1f, 0x2e, 0x15, 0x17, 0x18, 0x16, 0x1c, 0x40, 0x40, 0x12, 0x2b, 0x11, 0x22, 0x15, 0x1b, 0x12, 0x16, 0x19, 0x12, 0x11, 0x24, 0x13, 0x40, 0x40, 0x12, 0x15, 0x14, 0x22, 0x21, 0x15, 0x14, 0x12, 0x15, 0x14, 0x19, 0x16, 0x14, 0x1d, 0x40, 0x40, 0x11, 0x1b, 0x17, 0x15, 0x12, 0x15, 0x1e, 0x14, 0x1b, 0x16, 0x1a, 0x1e, 0x19, 0x1b, 0x14, 0x13, 0x40,
// Compressed size: 315 bytes original pixels: 12544 uint16_t → ~25088 bytes uncompressed)

// HAMA / Hama Auraflow V0.3 003 S2266713330 Th0.100 24 [Folder: HAMA] - RLE compressed data (offset: 11345, size: 249)
0xb0, 0x1a, 0x1c, 0xb0, 0xa0, 0x13, 0x1f, 0x24, 0xa0, 0x90, 0x29, 0x13, 0x24, 0x19, 0x90, 0x90, 0x16, 0x1a, 0x1c, 0x13, 0x1f, 0x24, 0x80, 0x90, 0x1a, 0x13, 0x19, 0x13, 0x16, 0x1f, 0x13, 0x1d, 0x70, 0xa0, 0x13, 0x2c, 0x13, 0x1f, 0x90, 0xb0, 0x1e, 0x13, 0xb0, 0xa0, 0x11, 0x19, 0x1c, 0x13, 0xa0, 0x90, 0x11, 0x1e, 0x1c, 0x11, 0x1c, 0x18, 0x1a, 0x80, 0x80, 0x1a, 0x15, 0x1e, 0x29, 0x1c, 0x15, 0x16, 0x80, 0x80, 0x11, 0x12, 0x21, 0x19, 0x1d, 0x18, 0x16, 0x80, 0x80, 0x11, 0x12, 0x17, 0x19, 0x13, 0x1d, 0x18, 0x16, 0x80, 0x80, 0x11, 0x1b, 0x17, 0x1a, 0x13, 0x18, 0x16, 0x14, 0x1d, 0x70, 0x70, 0x11, 0x19, 0x28, 0x12, 0x16, 0x15, 0x16, 0x25, 0x70, 0x70, 0x1e, 0x1b, 0x14, 0x1f,
0x13, 0x16, 0x15, 0x1f, 0x17, 0x25, 0x60, 0x70, 0x1e, 0x12, 0x13, 0x16, 0x13, 0x1c, 0x13, 0x16, 0x12, 0x18, 0x17, 0x60, 0x50, 0x19, 0x11, 0x1e, 0x12, 0x18, 0x16, 0x14, 0x1f, 0x16, 0x1f, 0x1b, 0x22, 0x21, 0x12, 0x30, 0x30, 0x1e, 0x21, 0x17, 0x1a, 0x11, 0x12, 0x24, 0x1d, 0x14, 0x16, 0x1a, 0x1e, 0x17, 0x19, 0x11, 0x1a, 0x15, 0x20, 0x20, 0x32, 0x1a, 0x12, 0x19, 0x15, 0x1b, 0x24, 0x12, 0x1b, 0x12, 0x27, 0x21, 0x28, 0x15, 0x20, 0x20, 0x11, 0x1c, 0x1b, 0x15, 0x18, 0x16, 0x14, 0x15, 0x27, 0x13, 0x27, 0x12, 0x1b, 0x11, 0x15, 0x18, 0x15, 0x1d, 0x20, 0x20, 0x17, 0x18, 0x1b, 0x1a, 0x15, 0x18, 0x15, 0x1b, 0x17, 0x1d, 0x12, 0x1d, 0x12, 0x1b, 0x18, 0x1b, 0x15, 0x16, 0x14, 0x30,
0x20, 0x17, 0x1d, 0x24, 0x12, 0x1d, 0x11, 0x17, 0x16, 0x11, 0x20, 0x23, 0x24, 0x15, 0x1a, 0x26, 0x20, 0x80, 0x17, 0x13, 0x19, 0x1a, 0xc0, 0xf0, 0x90,
// Compressed size: 249 bytes original pixels: 12544 uint16_t → ~25088 bytes uncompressed)

// HARDRED / Hardred Auraflow V0.3 003 S3904567541 Th0.100 24 [Folder: HARDRED] - RLE compressed data (offset: 11594, size: 271)
0x60, 0x14, 0xf0, 0x20, 0x60, 0x14, 0x40, 0x14, 0xc0, 0x60, 0x14, 0x10, 0x14, 0x10, 0x1b, 0x1d, 0x1f, 0xb0, 0x60, 0x14, 0x30, 0x14, 0x16, 0x13, 0x12, 0x1b, 0x90, 0x60, 0x1b, 0x18, 0x30, 0x13, 0x19, 0x1c, 0x14, 0x1c, 0x80, 0x60, 0x1b, 0x14, 0x20, 0x14, 0x13, 0x18, 0x17, 0x1c, 0x13, 0x80, 0x60, 0x16, 0x30, 0x1b, 0x1d, 0x1b, 0x17, 0x11, 0x1a, 0x80, 0x60, 0x17, 0x14, 0x20, 0x19, 0x1d, 0x13, 0x19, 0x13, 0x1a, 0x1c, 0x70, 0x60, 0x11, 0x16, 0x1d, 0x15, 0x19, 0x1c, 0x22, 0x17, 0x1e, 0x13, 0x16, 0x60, 0x60, 0x1e, 0x12, 0x14, 0x20, 0x16, 0x11, 0x13, 0x1d, 0x11, 0x10, 0x12, 0x18, 0x50, 0x90, 0x1a, 0x14, 0x15, 0x1c, 0x13, 0x17, 0x11, 0x20, 0x12, 0x50, 0x50, 0x17, 0x40, 0x1d,
0x12, 0x1d, 0x12, 0x13, 0x19, 0x20, 0x1f, 0x50, 0x50, 0x18, 0x30, 0x16, 0x22, 0x1a, 0x16, 0x1a, 0x19, 0x16, 0x10, 0x13, 0x50, 0x50, 0x18, 0x30, 0x12, 0x15, 0x18, 0x15, 0x1e, 0x12, 0x1a, 0x27, 0x60, 0x80, 0x1a, 0x13, 0x12, 0x17, 0x1a, 0x19, 0x11, 0x17, 0x1e, 0x18, 0x19, 0x16, 0x40, 0x40, 0x14, 0x30, 0x1b, 0x19, 0x1f, 0x12, 0x17, 0x15, 0x11, 0x15, 0x12, 0x19, 0x1c, 0x26, 0x30, 0x40, 0x12, 0x30, 0x25, 0x13, 0x17, 0x25, 0x11, 0x10, 0x11, 0x12, 0x30, 0x1c, 0x20, 0x40, 0x11, 0x40, 0x13, 0x10, 0x15, 0x28, 0x10, 0x1e, 0x1d, 0x1f, 0x60, 0x90, 0x1a, 0x20, 0x19, 0x15, 0x30, 0x2a, 0x50, 0x80, 0x14, 0x19, 0x80, 0x18, 0x50, 0x30, 0x1b, 0x40, 0x15, 0x17, 0x80, 0x12, 0x50, 0x30,
0x14, 0x20, 0x18, 0x19, 0x15, 0x13, 0x30, 0x2b, 0x24, 0x17, 0x13, 0x50, 0x10, 0x26, 0x12, 0x2b, 0x15, 0x1d, 0x2c, 0x1a, 0x18, 0x16, 0x12, 0x16, 0x18, 0x15, 0x11, 0x18, 0x13, 0x19, 0x1a, 0x13, 0x10, 0x20, 0x21, 0x1e, 0x31, 0x1d, 0x11, 0x1f, 0x17, 0x1c, 0x33, 0x12, 0x51, 0x1e, 0x10,
// Compressed size: 271 bytes original pixels: 12544 uint16_t → ~25088 bytes uncompressed)

// HARLOW / Harlow Auraflow V0.3 005 S1929954502 Th0.100 24 [Folder: HARLOW] - RLE compressed data (offset: 11865, size: 220)
0xf0, 0x90, 0x40, 0x37, 0x40, 0x14, 0xc0, 0x30, 0x1e, 0x11, 0x1c, 0x12, 0x11, 0x10, 0x13, 0x15, 0x1f, 0x15, 0xb0, 0x30, 0x17, 0x1a, 0x12, 0x11, 0x10, 0x1a, 0x16, 0x13, 0x18, 0x1c, 0x17, 0xa0, 0x50, 0x16, 0x20, 0x12, 0x14, 0x18, 0x1b, 0x12, 0x13, 0xa0, 0x50, 0x15, 0x30, 0x1b, 0x19, 0x2c, 0x18, 0xa0, 0x50, 0x12, 0x30, 0x18, 0x11, 0x1f, 0x1c, 0x1b, 0xa0, 0x50, 0x19, 0x40, 0x1b, 0x12, 0x21, 0xa0, 0x50, 0x1a, 0x15, 0x19, 0x1a, 0x1d, 0x12, 0x1a, 0x1e, 0x1f, 0xa0, 0x40, 0x18, 0x19, 0x1b, 0x2f, 0x13, 0x15, 0x18, 0x10, 0x16, 0x1c, 0x90, 0x40, 0x22, 0x1b, 0x19, 0x10, 0x11, 0x25, 0x20, 0x19, 0x90, 0x50, 0x13, 0x15, 0x18, 0x10, 0x23, 0x17, 0x1a, 0x17, 0x10, 0x19, 0x80, 0x50,
0x18, 0x20, 0x17, 0x1b, 0x1e, 0x14, 0x1e, 0x21, 0x20, 0x1b, 0x60, 0x50, 0x1c, 0x10, 0x19, 0x23, 0x15, 0x12, 0x11, 0x1d, 0x14, 0x90, 0x50, 0x17, 0x10, 0x13, 0x17, 0x13, 0x14, 0x1a, 0x14, 0x1d, 0x14, 0x1d, 0x80, 0x50, 0x21, 0x1d, 0x16, 0x13, 0x14, 0x12, 0x14, 0x1d, 0x15, 0x14, 0x12, 0x70, 0x50, 0x11, 0x1e, 0x18, 0x16, 0x1e, 0x16, 0x1b, 0x14, 0x1a, 0x17, 0x16, 0x18, 0x11, 0x60, 0x50, 0x12, 0x1a, 0x24, 0x46, 0x23, 0x1d, 0x10, 0x11, 0x60, 0x50, 0x11, 0x20, 0x1e, 0x15, 0x10, 0x11, 0x1b, 0x10, 0x1d, 0x90, 0x50, 0x11, 0x30, 0x18, 0x20, 0x19, 0xb0, 0x60, 0x1c, 0x20, 0x1a, 0x20, 0x19, 0xb0, 0x80, 0x12, 0x16, 0x20, 0x15, 0xb0, 0xf0, 0x90, 0xf0, 0x90,
// Compressed size: 220 bytes original pixels: 12544 uint16_t → ~25088 bytes uncompressed)

// HEDDA / Hedda Auraflow V0.3 007 S2157169242 Th0.100 24 [Folder: HEDDA] - RLE compressed data (offset: 12085, size: 202)
0xf0, 0x90, 0xf0, 0x10, 0x16, 0x30, 0x14, 0x30, 0xb0, 0x12, 0x17, 0x30, 0x1a, 0x30, 0x1a, 0x30, 0xa0, 0x11, 0x1c, 0x19, 0x30, 0x1b, 0x26, 0x1a, 0x13, 0x30, 0x90, 0x17, 0x12, 0x19, 0x17, 0x20, 0x1c, 0x10, 0x14, 0x16, 0x14, 0x12, 0x30, 0x90, 0x13, 0x11, 0x1d, 0x30, 0x11, 0x10, 0x16, 0x12, 0x14, 0x11, 0x30, 0x90, 0x17, 0x11, 0x1b, 0x1d, 0x20, 0x12, 0x10, 0x1b, 0x13, 0x14, 0x13, 0x30, 0x60, 0x1a, 0x19, 0x12, 0x19, 0x11, 0x16, 0x11, 0x50, 0x16, 0x14, 0x40, 0x50, 0x13, 0x14, 0x1a, 0x14, 0x1f, 0x2d, 0x1c, 0x50, 0x13, 0x19, 0x40, 0x50, 0x1e, 0x13, 0x1a, 0x13, 0x28, 0x11, 0x15, 0x11, 0x1d, 0x30, 0x19, 0x50, 0x50, 0x13, 0x14, 0x13, 0x11, 0x18, 0x23, 0x17, 0x1e, 0x12, 0x20,
0x18, 0x60, 0x50, 0x13, 0x14, 0x15, 0x11, 0x1a, 0x25, 0x13, 0x14, 0x12, 0x90, 0x50, 0x17, 0x2e, 0x22, 0x26, 0x15, 0x14, 0x11, 0x90, 0x60, 0x1e, 0x12, 0x11, 0x22, 0x11, 0x14, 0x15, 0xa0, 0x70, 0x2b, 0x1c, 0x19, 0x11, 0x1d, 0x1c, 0xa0, 0x90, 0x22, 0x10, 0x1c, 0x18, 0xa0, 0x90, 0x1b, 0x17, 0x10, 0x13, 0x12, 0xa0, 0x80, 0x27, 0x20, 0x15, 0x11, 0xa0, 0x80, 0x11, 0x1f, 0x20, 0x15, 0x11, 0xa0, 0x80, 0x28, 0x20, 0x14, 0x11, 0xa0, 0x90, 0x15, 0x30, 0x16, 0xa0, 0x90, 0x15, 0x30, 0x12, 0xa0, 0x80, 0x15, 0x13, 0x30, 0x18, 0x1e, 0x90, 0xf0, 0x90,
// Compressed size: 202 bytes original pixels: 12544 uint16_t → ~25088 bytes uncompressed)

// HELEN / Helen Auraflow V0.3 025 S144907399 Th0.100 24 [Folder: HELEN] - RLE compressed data (offset: 12287, size: 283)
0xf0, 0x90, 0xb0, 0x13, 0x1f, 0x19, 0x17, 0x90, 0xa0, 0x1a, 0x19, 0x1e, 0x12, 0x1a, 0x1d, 0x80, 0xa0, 0x19, 0x16, 0x22, 0x11, 0x90, 0xa0, 0x13, 0x16, 0x2e, 0x11, 0x15, 0x80, 0x90, 0x1b, 0x13, 0x1f, 0x11, 0x15, 0x1c, 0x17, 0x80, 0x90, 0x14, 0x16, 0x1e, 0x21, 0x12, 0x1c, 0x80, 0x90, 0x1a, 0x12, 0x21, 0x12, 0x11, 0x13, 0x80, 0x80, 0x1a, 0x13, 0x1a, 0x1f, 0x32, 0x17, 0x15, 0x70, 0x80, 0x27, 0x1e, 0x18, 0x11, 0x12, 0x13, 0x16, 0x19, 0x14, 0x60, 0x70, 0x14, 0x17, 0x1f, 0x13, 0x1e, 0x22, 0x1c, 0x1e, 0x14, 0x25, 0x1b, 0x40, 0x70, 0x1c, 0x18, 0x16, 0x1f, 0x31, 0x1f, 0x1a, 0x17, 0x70, 0x60, 0x15, 0x17, 0x16, 0x13, 0x12, 0x31, 0x1e, 0x19, 0x16, 0x15, 0x60, 0x60, 0x14, 0x13,
0x1f, 0x17, 0x41, 0x12, 0x16, 0x18, 0x13, 0x60, 0x50, 0x25, 0x1a, 0x1c, 0x18, 0x16, 0x11, 0x12, 0x11, 0x1e, 0x17, 0x13, 0x18, 0x60, 0x60, 0x1b, 0x1f, 0x17, 0x18, 0x1c, 0x1e, 0x12, 0x1e, 0x27, 0x15, 0x1f, 0x60, 0x40, 0x1d, 0x10, 0x14, 0x17, 0x1c, 0x16, 0x19, 0x12, 0x1e, 0x12, 0x2c, 0x15, 0x70, 0x50, 0x14, 0x1a, 0x1d, 0x28, 0x16, 0x12, 0x13, 0x12, 0x1c, 0x18, 0x14, 0x25, 0x50, 0x50, 0x1a, 0x1f, 0x24, 0x16, 0x1c, 0x11, 0x1f, 0x12, 0x17, 0x1a, 0x17, 0x13, 0x60, 0x40, 0x14, 0x10, 0x1b, 0x14, 0x16, 0x17, 0x1a, 0x12, 0x1d, 0x12, 0x18, 0x17, 0x14, 0x10, 0x1b, 0x15, 0x40, 0x30, 0x1b, 0x14, 0x10, 0x15, 0x16, 0x1a, 0x16, 0x1a, 0x11, 0x19, 0x1b, 0x16, 0x1a, 0x1d, 0x15, 0x1b,
0x1c, 0x40, 0x14, 0x20, 0x2b, 0x15, 0x19, 0x1d, 0x16, 0x18, 0x14, 0x12, 0x11, 0x15, 0x16, 0x28, 0x14, 0x15, 0x40, 0x1b, 0x1d, 0x14, 0x15, 0x13, 0x1d, 0x19, 0x28, 0x19, 0x23, 0x12, 0x11, 0x14, 0x23, 0x16, 0x1d, 0x17, 0x13, 0x19, 0x15, 0x1b, 0x19, 0x2d, 0x1c, 0x18, 0x16, 0x2b, 0x1d, 0x39, 0x21, 0x12, 0x13, 0x19, 0x13, 0x24, 0x13, 0x18, 0x14, 0x15, 0x13,
// Compressed size: 283 bytes original pixels: 12544 uint16_t → ~25088 bytes uncompressed)

// HILDR / Hildr Auraflow V0.3 032 S2843320693 Th0.100 24 [Folder: HILDR] - RLE compressed data (offset: 12570, size: 128)
0xf0, 0x90, 0xa0, 0x33, 0xb0, 0xa0, 0x1c, 0x18, 0x1c, 0xb0, 0xb0, 0x13, 0x12, 0xb0, 0x90, 0x1d, 0x16, 0x11, 0x13, 0x15, 0xa0, 0xa0, 0x1c, 0x12, 0x16, 0x13, 0xa0, 0x90, 0x19, 0x18, 0x14, 0x13, 0xb0, 0x90, 0x15, 0x12, 0x15, 0xc0, 0x90, 0x31, 0xc0, 0x90, 0x1d, 0x11, 0x15, 0x18, 0xb0, 0x90, 0x11, 0x1a, 0x16, 0x17, 0x12, 0xa0, 0x80, 0x18, 0x24, 0x12, 0x1b, 0x19, 0xa0, 0x80, 0x1a, 0x14, 0x16, 0x14, 0x1e, 0xb0, 0x90, 0x17, 0x1e, 0x1b, 0x1a, 0xb0, 0x90, 0x19, 0x11, 0x1f, 0x1b, 0xb0, 0x90, 0x11, 0x17, 0x1f, 0x19, 0xb0, 0x90, 0x18, 0x11, 0x10, 0x1a, 0x17, 0xa0, 0xa0, 0x13, 0x10, 0x12, 0x16, 0xa0, 0xa0, 0x16, 0x10, 0x17, 0x12, 0xa0, 0xa0, 0x12, 0x10, 0x1a, 0x17, 0xa0, 0xa0,
0x14, 0x10, 0x1b, 0x14, 0xa0, 0xa0, 0x14, 0x35, 0xa0, 0x80, 0x11, 0x12, 0x19, 0xd0, 0xf0, 0x90,
// Compressed size: 128 bytes original pixels: 12544 uint16_t → ~25088 bytes uncompressed)

// HYEJIN / Hyejin Auraflow V0.3 005 S2684034496 Th0.100 24 [Folder: HYEJIN] - RLE compressed data (offset: 12698, size: 222)
0xb0, 0x13, 0x11, 0xb0, 0xa0, 0x1e, 0x1a, 0x19, 0x15, 0xa0, 0xa0, 0x14, 0x1c, 0x1a, 0x12, 0x11, 0x90, 0x90, 0x1d, 0x14, 0x17, 0x2b, 0x15, 0x90, 0x90, 0x22, 0x16, 0x2b, 0x11, 0x90, 0x80, 0x11, 0x12, 0x13, 0x11, 0x2b, 0x11, 0x90, 0x70, 0x15, 0x10, 0x12, 0x17, 0x1f, 0x18, 0x10, 0x11, 0x90, 0x60, 0x11, 0x10, 0x11, 0x23, 0x1f, 0x28, 0xa0, 0x70, 0x11, 0x19, 0x24, 0x12, 0x29, 0x11, 0x90, 0x70, 0x11, 0x14, 0x12, 0x16, 0x1c, 0x1e, 0x15, 0x18, 0x90, 0x70, 0x11, 0x17, 0x12, 0x14, 0x17, 0x14, 0x1d, 0x12, 0x90, 0x70, 0x19, 0x16, 0x14, 0x17, 0x16, 0x17, 0x1a, 0x18, 0x90, 0x60, 0x11, 0x15, 0x1c, 0x16, 0x1c, 0x1a, 0x16, 0x1d, 0xa0, 0x60, 0x18, 0x1d, 0x16, 0x17, 0x12, 0x13, 0x16,
0x2e, 0x90, 0x60, 0x11, 0x18, 0x16, 0x17, 0x12, 0x13, 0x12, 0x1c, 0x1a, 0x90, 0x60, 0x11, 0x15, 0x17, 0x13, 0x1c, 0x23, 0x14, 0x19, 0x90, 0x70, 0x19, 0x15, 0x13, 0x16, 0x1e, 0x1f, 0x1c, 0x19, 0x90, 0x60, 0x11, 0x12, 0x17, 0x16, 0x19, 0x15, 0x1a, 0x12, 0x14, 0x90, 0x50, 0x31, 0x1c, 0x1d, 0x15, 0x1a, 0x13, 0x1a, 0x14, 0x18, 0x80, 0x50, 0x11, 0x1b, 0x18, 0x1d, 0x15, 0x1a, 0x13, 0x12, 0x1a, 0x10, 0x14, 0x80, 0x60, 0x1b, 0x13, 0x1d, 0x15, 0x1a, 0x1c, 0x12, 0x25, 0x1f, 0x80, 0x70, 0x14, 0x1e, 0x15, 0x1e, 0x13, 0x16, 0x1f, 0x18, 0x14, 0x80, 0x60, 0x1b, 0x18, 0x12, 0x19, 0x12, 0x27, 0x16, 0x19, 0x14, 0x80, 0x80, 0x2d, 0x12, 0x1c, 0x17, 0x13, 0x18, 0x1b, 0x80,
// Compressed size: 222 bytes original pixels: 12544 uint16_t → ~25088 bytes uncompressed)

// IDA / Ida Auraflow V0.3 009 S3221884742 Th0.100 24 [Folder: IDA] - RLE compressed data (offset: 12920, size: 166)
0xf0, 0x90, 0xb0, 0x24, 0xb0, 0xa0, 0x1b, 0x1e, 0x18, 0x1a, 0xa0, 0xa0, 0x18, 0x1b, 0x2e, 0xa0, 0xa0, 0x13, 0x17, 0x1b, 0x14, 0xa0, 0x90, 0x1d, 0x15, 0x13, 0x14, 0x15, 0xa0, 0x90, 0x2d, 0x2a, 0x1d, 0xa0, 0x90, 0x15, 0x11, 0x1c, 0x1b, 0x18, 0xa0, 0x90, 0x1c, 0x11, 0x12, 0x1a, 0x1b, 0x20, 0x15, 0x70, 0x90, 0x17, 0x15, 0x23, 0x14, 0x1a, 0x10, 0x2e, 0x18, 0x50, 0x80, 0x17, 0x1c, 0x12, 0x1d, 0x16, 0x17, 0x1b, 0x28, 0x10, 0x18, 0x50, 0x80, 0x1c, 0x1a, 0x13, 0x12, 0x1b, 0x13, 0x1a, 0x17, 0x80, 0x80, 0x15, 0x17, 0x15, 0x12, 0x13, 0x14, 0x15, 0x90, 0x80, 0x17, 0x1c, 0x14, 0x16, 0x19, 0x14, 0x17, 0x90, 0x90, 0x13, 0x1c, 0x11, 0x15, 0x17, 0x12, 0x90, 0x90, 0x11, 0x19, 0x11,
0x26, 0x12, 0x90, 0x70, 0x18, 0x13, 0x12, 0x14, 0x11, 0x12, 0x26, 0x90, 0x60, 0x39, 0x11, 0x15, 0x21, 0x16, 0x12, 0x90, 0x80, 0x13, 0x19, 0x26, 0x21, 0xa0, 0x80, 0x11, 0x14, 0x12, 0x16, 0x19, 0x12, 0xa0, 0x80, 0x21, 0x13, 0x14, 0x10, 0x12, 0xa0, 0x80, 0x12, 0x40, 0x13, 0xa0, 0x80, 0x1c, 0x40, 0x19, 0x1d, 0x90, 0xf0, 0x90,
// Compressed size: 166 bytes original pixels: 12544 uint16_t → ~25088 bytes uncompressed)

// INGEBORG / Ingeborg Auraflow V0.3 010 S3675650398 Th0.100 24 [Folder: INGEBORG] - RLE compressed data (offset: 13086, size: 252)
0xc0, 0x18, 0xb0, 0xb0, 0x17, 0x18, 0x13, 0xa0, 0xc0, 0x1c, 0x18, 0xa0, 0xc0, 0x19, 0x12, 0x18, 0x90, 0x90, 0x11, 0x15, 0x13, 0x1c, 0x11, 0x13, 0x90, 0x90, 0x19, 0x14, 0x12, 0x19, 0x1d, 0x13, 0x90, 0x90, 0x16, 0x1d, 0x13, 0x1d, 0x13, 0x1d, 0x11, 0x17, 0x70, 0x80, 0x17, 0x13, 0x10, 0x22, 0x1d, 0x11, 0x12, 0x15, 0x14, 0x1a, 0x50, 0x80, 0x18, 0x14, 0x10, 0x1c, 0x16, 0x14, 0x19, 0x1e, 0x16, 0x21, 0x50, 0x80, 0x19, 0x10, 0x19, 0x14, 0x1d, 0x13, 0x1c, 0x18, 0x11, 0x19, 0x1d, 0x50, 0x70, 0x15, 0x19, 0x10, 0x13, 0x14, 0x13, 0x12, 0x16, 0x13, 0x18, 0x1e, 0x15, 0x50, 0x70, 0x11, 0x13, 0x17, 0x13, 0x16, 0x14, 0x1c, 0x19, 0x1a, 0x14, 0x12, 0x16, 0x50, 0x80, 0x1b, 0x11, 0x14,
0x1a, 0x14, 0x22, 0x1b, 0x16, 0x11, 0x14, 0x50, 0x70, 0x18, 0x15, 0x24, 0x1a, 0x1b, 0x16, 0x13, 0x12, 0x14, 0x12, 0x60, 0x70, 0x15, 0x1c, 0x13, 0x16, 0x1b, 0x19, 0x1a, 0x13, 0x14, 0x1f, 0x70, 0x60, 0x15, 0x21, 0x13, 0x1c, 0x24, 0x1a, 0x1b, 0x90, 0x60, 0x18, 0x11, 0x16, 0x1e, 0x17, 0x3b, 0x22, 0x80, 0x60, 0x15, 0x19, 0x12, 0x13, 0x1e, 0x1a, 0x13, 0x1a, 0x15, 0x12, 0x80, 0x50, 0x15, 0x19, 0x11, 0x12, 0x11, 0x1a, 0x1b, 0x14, 0x1a, 0x22, 0x80, 0x50, 0x16, 0x15, 0x21, 0x18, 0x1a, 0x1b, 0x1a, 0x1b, 0x16, 0x12, 0x1c, 0x70, 0x40, 0x1c, 0x15, 0x17, 0x18, 0x11, 0x14, 0x1a, 0x11, 0x16, 0x12, 0x13, 0x1d, 0x11, 0x70, 0x40, 0x11, 0x10, 0x37, 0x13, 0x11, 0x14, 0x11, 0x12, 0x15,
0x19, 0x15, 0x18, 0x60, 0x40, 0x16, 0x30, 0x17, 0x13, 0x10, 0x15, 0x10, 0x17, 0x1d, 0x18, 0x10, 0x17, 0x60, 0x30, 0x1e, 0x20, 0x17, 0x10, 0x1c, 0x12, 0x40, 0x15, 0x90,
// Compressed size: 252 bytes original pixels: 12544 uint16_t → ~25088 bytes uncompressed)

// INGRID / Ingrid Auraflow V0.3 007 S2784996113 Th0.100 24 [Folder: INGRID] - RLE compressed data (offset: 13338, size: 228)
0xb0, 0x19, 0xc0, 0xa0, 0x17, 0x24, 0xb0, 0xa0, 0x24, 0x11, 0x30, 0x11, 0x70, 0x80, 0x16, 0x15, 0x14, 0x1d, 0x19, 0x14, 0x20, 0x11, 0x70, 0x70, 0x17, 0x14, 0x29, 0x11, 0x16, 0x13, 0x14, 0x10, 0x11, 0x16, 0x60, 0x50, 0x17, 0x10, 0x18, 0x1c, 0x13, 0x18, 0x11, 0x12, 0x15, 0x1b, 0x10, 0x13, 0x70, 0x50, 0x17, 0x16, 0x24, 0x13, 0x18, 0x15, 0x12, 0x18, 0x1d, 0x10, 0x1a, 0x70, 0x50, 0x16, 0x10, 0x17, 0x21, 0x15, 0x11, 0x15, 0x18, 0xa0, 0x40, 0x17, 0x10, 0x17, 0x10, 0x1d, 0x10, 0x13, 0x1a, 0x1e, 0x10, 0x18, 0x90, 0x40, 0x17, 0x10, 0x16, 0x18, 0x13, 0x19, 0x12, 0x13, 0x1c, 0x22, 0x90, 0x70, 0x12, 0x10, 0x19, 0x16, 0x1b, 0x18, 0x1d, 0x24, 0x80, 0x70, 0x17, 0x10, 0x13, 0x12,
0x11, 0x1c, 0x1a, 0x10, 0x1d, 0x80, 0x70, 0x19, 0x11, 0x1b, 0x19, 0x1b, 0x12, 0x1a, 0x13, 0x1d, 0x18, 0x70, 0x90, 0x1c, 0x14, 0x15, 0x1c, 0x1a, 0xa0, 0x80, 0x12, 0x1e, 0x15, 0x2b, 0x1c, 0xa0, 0x60, 0x16, 0x15, 0x13, 0x1a, 0x13, 0x1a, 0x12, 0x11, 0xa0, 0x50, 0x27, 0x13, 0x12, 0x18, 0x1c, 0x1e, 0x1a, 0x1e, 0xa0, 0x50, 0x15, 0x1b, 0x15, 0x12, 0x23, 0x11, 0x1d, 0x13, 0xa0, 0x50, 0x11, 0x10, 0x15, 0x19, 0x1c, 0x13, 0x14, 0x1a, 0x12, 0xa0, 0x40, 0x15, 0x19, 0x15, 0x20, 0x1c, 0x11, 0x10, 0x15, 0x1b, 0x10, 0x12, 0x80, 0x50, 0x16, 0x11, 0x20, 0x1e, 0x30, 0x1e, 0xa0, 0x60, 0x16, 0x20, 0x1b, 0x30, 0x1e, 0xa0, 0x90, 0x14, 0x12, 0x10, 0x11, 0x12, 0x1a, 0x18, 0x15, 0x16, 0x60,
0xf0, 0x10, 0x16, 0x70,
// Compressed size: 228 bytes original pixels: 12544 uint16_t → ~25088 bytes uncompressed)

// IRENE / Irene Auraflow V0.3 030 S4057758106 Th0.100 24 [Folder: IRENE] - RLE compressed data (offset: 13566, size: 167)
0xc0, 0x16, 0xb0, 0xa0, 0x16, 0x13, 0x1f, 0x1e, 0xa0, 0xa0, 0x13, 0x1d, 0x18, 0xb0, 0x90, 0x15, 0x1f, 0x1a, 0xc0, 0x90, 0x13, 0x11, 0x16, 0x11, 0xb0, 0x80, 0x15, 0x17, 0x12, 0x1f, 0x1b, 0x12, 0xa0, 0x90, 0x1d, 0x12, 0x1d, 0x19, 0x18, 0xa0, 0x90, 0x17, 0x10, 0x1a, 0x16, 0x12, 0xa0, 0x80, 0x21, 0x10, 0x11, 0x14, 0x1c, 0x16, 0x90, 0x80, 0x1e, 0x10, 0x15, 0x1a, 0x14, 0x19, 0x1c, 0x90, 0x80, 0x16, 0x10, 0x1c, 0x1d, 0x13, 0x12, 0x10, 0x19, 0x80, 0xa0, 0x1b, 0x11, 0x13, 0x18, 0x20, 0x12, 0x70, 0xa0, 0x11, 0x1a, 0x18, 0x1c, 0x20, 0x16, 0x15, 0x60, 0xa0, 0x1a, 0x14, 0x19, 0x12, 0x30, 0x1b, 0x60, 0xa0, 0x11, 0x23, 0x16, 0x20, 0x14, 0x1e, 0x60, 0x90, 0x11, 0x1a, 0x14, 0x23,
0x12, 0x18, 0x1b, 0x70, 0xa0, 0x1d, 0x19, 0x11, 0x14, 0x1b, 0x15, 0x80, 0x90, 0x17, 0x11, 0x13, 0x17, 0x14, 0x15, 0x90, 0x90, 0x17, 0x13, 0x11, 0x17, 0x15, 0xa0, 0x90, 0x14, 0x12, 0x11, 0x1c, 0x12, 0xa0, 0x90, 0x17, 0x16, 0x12, 0x14, 0x19, 0xa0, 0xa0, 0x15, 0x14, 0x10, 0x18, 0xa0, 0xb0, 0x13, 0x15, 0x11, 0x12, 0x90, 0xf0, 0x90,
// Compressed size: 167 bytes original pixels: 12544 uint16_t → ~25088 bytes uncompressed)

// ISABEL / Isabel Auraflow V0.3 008 S855378758 Th0.100 24 [Folder: ISABEL] - RLE compressed data (offset: 13733, size: 224)
0xa0, 0x19, 0x15, 0x19, 0xb0, 0xa0, 0x18, 0x14, 0x19, 0xb0, 0xa0, 0x17, 0x13, 0x19, 0x1c, 0xa0, 0xa0, 0x1b, 0x13, 0x19, 0x12, 0xa0, 0x90, 0x1b, 0x1d, 0x13, 0x19, 0x17, 0xa0, 0x90, 0x21, 0x2d, 0x12, 0xa0, 0x90, 0x1c, 0x15, 0x12, 0x1f, 0x1d, 0x19, 0x90, 0x90, 0x12, 0x15, 0x14, 0x11, 0x15, 0x13, 0x90, 0x80, 0x11, 0x1a, 0x16, 0x12, 0x13, 0x17, 0x15, 0x90, 0x80, 0x1b, 0x23, 0x17, 0x13, 0x18, 0x13, 0x90, 0x80, 0x11, 0x13, 0x11, 0x14, 0x18, 0x16, 0x14, 0x90, 0x80, 0x12, 0x16, 0x11, 0x16, 0x13, 0x16, 0x1b, 0x90, 0x70, 0x13, 0x1c, 0x11, 0x17, 0x1a, 0x14, 0x15, 0x1d, 0x13, 0x80, 0x70, 0x12, 0x31, 0x1d, 0x1c, 0x15, 0x1b, 0x12, 0x80, 0x70, 0x21, 0x18, 0x17, 0x1f, 0x16, 0x13,
0x1d, 0x11, 0x19, 0x70, 0x70, 0x12, 0x1a, 0x12, 0x11, 0x1d, 0x15, 0x1e, 0x14, 0x16, 0x13, 0x70, 0x70, 0x18, 0x11, 0x12, 0x18, 0x12, 0x15, 0x1e, 0x1a, 0x15, 0x80, 0x70, 0x21, 0x1e, 0x12, 0x1e, 0x14, 0x17, 0x15, 0x1a, 0x80, 0x60, 0x12, 0x17, 0x12, 0x1c, 0x17, 0x1b, 0x14, 0x22, 0x13, 0x80, 0x60, 0x12, 0x21, 0x18, 0x17, 0x1b, 0x15, 0x11, 0x16, 0x14, 0x80, 0x60, 0x11, 0x12, 0x21, 0x18, 0x1b, 0x14, 0x12, 0x14, 0x11, 0x80, 0x50, 0x16, 0x11, 0x15, 0x21, 0x1f, 0x1c, 0x14, 0x1e, 0x24, 0x80, 0x30, 0x15, 0x11, 0x14, 0x11, 0x1a, 0x12, 0x11, 0x1a, 0x1c, 0x16, 0x18, 0x16, 0x18, 0x80, 0x20, 0x19, 0x1a, 0x14, 0x17, 0x12, 0x1a, 0x11, 0x18, 0x12, 0x16, 0x1c, 0x11, 0x16, 0x1b, 0x80,
// Compressed size: 224 bytes original pixels: 12544 uint16_t → ~25088 bytes uncompressed)

// KARIN / Karin Auraflow V0.3 007 S2260848594 Th0.100 24 [Folder: KARIN] - RLE compressed data (offset: 13957, size: 305)
0xb0, 0x16, 0x1c, 0x1b, 0xa0, 0xb0, 0x12, 0x13, 0x12, 0x40, 0x1e, 0x18, 0x40, 0xb0, 0x1a, 0x23, 0x1b, 0x30, 0x28, 0x1d, 0x30, 0xa0, 0x1b, 0x13, 0x1e, 0x1d, 0x16, 0x30, 0x1f, 0x18, 0x40, 0xa0, 0x16, 0x1d, 0x1a, 0x18, 0x12, 0x11, 0x20, 0x18, 0x50, 0xa0, 0x1c, 0x1e, 0x11, 0x1a, 0x17, 0x1c, 0x20, 0x15, 0x50, 0x90, 0x16, 0x1d, 0x13, 0x17, 0x12, 0x18, 0x13, 0x20, 0x1e, 0x50, 0x40, 0x16, 0x11, 0x26, 0x11, 0x1d, 0x23, 0x18, 0x13, 0x19, 0x12, 0x16, 0x14, 0x18, 0x50, 0x30, 0x1b, 0x16, 0x11, 0x1d, 0x2c, 0x33, 0x11, 0x13, 0x11, 0x10, 0x15, 0x12, 0x17, 0x50, 0x10, 0x1b, 0x36, 0x11, 0x1c, 0x1e, 0x12, 0x1d, 0x1e, 0x1b, 0x14, 0x28, 0x30, 0x1a, 0x50, 0x20, 0x1b, 0x10, 0x1d, 0x11,
0x2c, 0x13, 0x12, 0x16, 0x10, 0x1a, 0x27, 0x11, 0x20, 0x1c, 0x50, 0x10, 0x1b, 0x11, 0x16, 0x1c, 0x11, 0x2d, 0x11, 0x1b, 0x10, 0x15, 0x12, 0x1d, 0x11, 0x19, 0x20, 0x11, 0x50, 0x30, 0x11, 0x26, 0x21, 0x1b, 0x10, 0x22, 0x13, 0x12, 0x13, 0x1e, 0x80, 0x20, 0x16, 0x1c, 0x16, 0x11, 0x16, 0x20, 0x24, 0x15, 0x16, 0x17, 0x15, 0x11, 0x80, 0x70, 0x11, 0x29, 0x1a, 0x15, 0x14, 0x13, 0x1a, 0x14, 0x16, 0x70, 0x20, 0x19, 0x14, 0x21, 0x14, 0x19, 0x14, 0x15, 0x14, 0x13, 0x15, 0x13, 0x17, 0x15, 0x11, 0x70, 0x10, 0x14, 0x12, 0x14, 0x12, 0x15, 0x24, 0x12, 0x14, 0x13, 0x14, 0x1a, 0x18, 0x27, 0x21, 0x60, 0x20, 0x15, 0x19, 0x12, 0x29, 0x12, 0x13, 0x11, 0x27, 0x15, 0x2a, 0x18, 0x1a, 0x11,
0x60, 0x40, 0x29, 0x23, 0x15, 0x14, 0x19, 0x14, 0x25, 0x13, 0x17, 0x13, 0x19, 0x60, 0x30, 0x12, 0x19, 0x1a, 0x22, 0x14, 0x11, 0x15, 0x1a, 0x18, 0x15, 0x18, 0x14, 0x18, 0x17, 0x14, 0x50, 0x50, 0x19, 0x15, 0x17, 0x12, 0x11, 0x16, 0x13, 0x17, 0x15, 0x18, 0x12, 0x17, 0x12, 0x1b, 0x16, 0x40, 0x60, 0x14, 0x20, 0x19, 0x12, 0x14, 0x17, 0x15, 0x18, 0x17, 0x19, 0x13, 0x15, 0x14, 0x19, 0x21, 0x10, 0xc0, 0x18, 0x35, 0x27, 0x19, 0x2a, 0x14, 0x20, 0xb0, 0x27, 0x18, 0x22, 0x18, 0x12, 0x1a, 0x50,
// Compressed size: 305 bytes original pixels: 12544 uint16_t → ~25088 bytes uncompressed)

// KATARINA / Katarina Auraflow V0.3 001 S3835393083 Th0.100 24 [Folder: KATARINA] - RLE compressed data (offset: 14262, size: 279)
0xc0, 0x16, 0x17, 0xa0, 0xa0, 0x1a, 0x15, 0x17, 0x18, 0x17, 0x16, 0x80, 0x90, 0x16, 0x17, 0x11, 0x1e, 0x11, 0x13, 0x11, 0x80, 0x80, 0x26, 0x1a, 0x21, 0x17, 0x28, 0x15, 0x14, 0x60, 0x60, 0x12, 0x10, 0x14, 0x15, 0x19, 0x1a, 0x15, 0x11, 0x18, 0x13, 0x1d, 0x12, 0x60, 0x70, 0x15, 0x11, 0x1d, 0x16, 0x1b, 0x12, 0x11, 0x17, 0x1d, 0x13, 0x12, 0x60, 0x70, 0x14, 0x16, 0x18, 0x16, 0x2b, 0x12, 0x33, 0x16, 0x60, 0x70, 0x12, 0x1b, 0x15, 0x19, 0x2b, 0x14, 0x1c, 0x11, 0x18, 0x1c, 0x16, 0x50, 0x60, 0x14, 0x1b, 0x1a, 0x11, 0x15, 0x14, 0x12, 0x14, 0x21, 0x15, 0x17, 0x14, 0x50, 0x70, 0x12, 0x11, 0x1e, 0x13, 0x14, 0x12, 0x1e, 0x18, 0x21, 0x19, 0x60, 0x70, 0x1f, 0x17, 0x18, 0x13, 0x1d,
0x1f, 0x17, 0x11, 0x15, 0x11, 0x1c, 0x12, 0x50, 0x70, 0x14, 0x17, 0x1e, 0x21, 0x17, 0x1c, 0x17, 0x1a, 0x15, 0x1e, 0x12, 0x50, 0x70, 0x1b, 0x11, 0x13, 0x1d, 0x1f, 0x11, 0x17, 0x11, 0x19, 0x12, 0x1c, 0x1b, 0x50, 0x70, 0x12, 0x19, 0x1a, 0x19, 0x13, 0x17, 0x1a, 0x29, 0x2b, 0x16, 0x50, 0x70, 0x1f, 0x15, 0x33, 0x1a, 0x1e, 0x14, 0x16, 0x19, 0x1c, 0x12, 0x50, 0x70, 0x11, 0x18, 0x1f, 0x13, 0x1a, 0x1f, 0x17, 0x15, 0x14, 0x12, 0x16, 0x60, 0x70, 0x1a, 0x13, 0x1d, 0x11, 0x17, 0x19, 0x45, 0x22, 0x50, 0x70, 0x1c, 0x1d, 0x17, 0x28, 0x16, 0x19, 0x15, 0x16, 0x12, 0x14, 0x60, 0x60, 0x1b, 0x17, 0x18, 0x13, 0x1d, 0x4c, 0x15, 0x24, 0x60, 0x60, 0x12, 0x23, 0x1d, 0x13, 0x1e, 0x1a, 0x1c,
0x15, 0x12, 0x15, 0x14, 0x60, 0x60, 0x1b, 0x12, 0x1d, 0x18, 0x23, 0x1e, 0x17, 0x1f, 0x12, 0x16, 0x24, 0x50, 0x60, 0x12, 0x18, 0x1e, 0x21, 0x18, 0x1a, 0x18, 0x29, 0x14, 0x12, 0x60, 0x60, 0x1c, 0x18, 0x13, 0x1a, 0x1e, 0x13, 0x2e, 0x19, 0x34, 0x16, 0x50, 0x60, 0x16, 0x1d, 0x1a, 0x2d, 0x13, 0x1a, 0x1f, 0x29, 0x15, 0x16, 0x14, 0x50,
// Compressed size: 279 bytes original pixels: 12544 uint16_t → ~25088 bytes uncompressed)

// KATIE / Katie Auraflow V0.3 007 S788612930 Th0.100 24 [Folder: KATIE] - RLE compressed data (offset: 14541, size: 186)
0xf0, 0x90, 0xf0, 0x90, 0xa0, 0x1b, 0x1f, 0x11, 0xb0, 0xa0, 0x14, 0x11, 0x17, 0x1c, 0xa0, 0x90, 0x1c, 0x19, 0x1f, 0x1a, 0x1f, 0x13, 0x90, 0x90, 0x15, 0x18, 0x1d, 0x1a, 0x17, 0x15, 0x1c, 0x12, 0x70, 0x90, 0x1f, 0x14, 0x15, 0x1d, 0x28, 0x11, 0x13, 0x12, 0x60, 0x80, 0x11, 0x12, 0x14, 0x17, 0x14, 0x19, 0x15, 0x11, 0x80, 0x80, 0x15, 0x2d, 0x24, 0x12, 0x11, 0x15, 0x80, 0x90, 0x13, 0x15, 0x17, 0x1e, 0x1f, 0x11, 0x90, 0x80, 0x13, 0x18, 0x27, 0x14, 0x1a, 0x1d, 0x90, 0x80, 0x12, 0x10, 0x18, 0x12, 0x1e, 0x1a, 0x18, 0x15, 0x80, 0x80, 0x16, 0x1e, 0x2a, 0x27, 0x1d, 0x12, 0x80, 0x80, 0x12, 0x29, 0x1a, 0x14, 0x19, 0x14, 0x16, 0x80, 0x70, 0x16, 0x10, 0x19, 0x14, 0x12, 0x24, 0x1e,
0x18, 0x80, 0x60, 0x13, 0x10, 0x1b, 0x19, 0x17, 0x13, 0x2e, 0x1b, 0x26, 0x70, 0x80, 0x13, 0x18, 0x19, 0x1a, 0x19, 0x18, 0x13, 0x1b, 0x16, 0x70, 0x80, 0x11, 0x12, 0x19, 0x12, 0x17, 0x1d, 0x13, 0x11, 0x16, 0x13, 0x60, 0x80, 0x25, 0x1e, 0x18, 0x26, 0x15, 0x10, 0x1b, 0x13, 0x60, 0x80, 0x21, 0x1b, 0x16, 0x1b, 0x20, 0x1c, 0x1b, 0x13, 0x60, 0x90, 0x2c, 0x22, 0x11, 0x20, 0x11, 0x70, 0xb0, 0x13, 0x12, 0x11, 0x10, 0x1c, 0x80, 0xf0, 0x90, 0xf0, 0x90,
// Compressed size: 186 bytes original pixels: 12544 uint16_t → ~25088 bytes uncompressed)

// KYRA / Kyra Auraflow V0.3 001 S3053676958 Th0.100 24 [Folder: KYRA] - RLE compressed data (offset: 14727, size: 268)
0xf0, 0x90, 0x90, 0x18, 0x21, 0x18, 0x16, 0xa0, 0x80, 0x1c, 0x13, 0x14, 0x17, 0x21, 0xa0, 0x80, 0x17, 0x25, 0x16, 0x17, 0x11, 0x19, 0x90, 0x90, 0x11, 0x1a, 0x14, 0x1c, 0x14, 0x1b, 0x90, 0x80, 0x18, 0x11, 0x2d, 0x16, 0x1a, 0x15, 0x1f, 0x80, 0x80, 0x14, 0x21, 0x1d, 0x15, 0x11, 0x1d, 0x11, 0x15, 0x70, 0x80, 0x18, 0x16, 0x11, 0x15, 0x1f, 0x1a, 0x11, 0x16, 0x1a, 0x1e, 0x60, 0xa0, 0x1f, 0x11, 0x1f, 0x1d, 0x12, 0x17, 0x1d, 0x13, 0x1f, 0x50, 0x80, 0x19, 0x10, 0x13, 0x14, 0x2a, 0x11, 0x17, 0x2b, 0x14, 0x1c, 0x40, 0xa0, 0x14, 0x11, 0x23, 0x16, 0x12, 0x20, 0x21, 0x40, 0x60, 0x15, 0x40, 0x14, 0x12, 0x11, 0x12, 0x18, 0x20, 0x1b, 0x17, 0x40, 0x40, 0x25, 0x18, 0x14, 0x28, 0x14,
0x1c, 0x1d, 0x13, 0x17, 0x18, 0x20, 0x14, 0x18, 0x40, 0x40, 0x1a, 0x13, 0x1a, 0x1e, 0x14, 0x17, 0x16, 0x1f, 0x15, 0x1a, 0x12, 0x17, 0x10, 0x11, 0x17, 0x50, 0x40, 0x23, 0x14, 0x13, 0x11, 0x16, 0x13, 0x1d, 0x21, 0x1f, 0x1b, 0x10, 0x1a, 0x1b, 0x50, 0x40, 0x1e, 0x1f, 0x13, 0x16, 0x22, 0x11, 0x22, 0x1a, 0x13, 0x12, 0x1e, 0x1d, 0x1b, 0x50, 0x50, 0x17, 0x11, 0x15, 0x36, 0x12, 0x13, 0x15, 0x11, 0x18, 0x10, 0x14, 0x1b, 0x50, 0x50, 0x13, 0x12, 0x1e, 0x18, 0x12, 0x13, 0x12, 0x11, 0x15, 0x17, 0x1b, 0x20, 0x1c, 0x50, 0x50, 0x1d, 0x18, 0x13, 0x1e, 0x12, 0x16, 0x12, 0x15, 0x1c, 0x17, 0x12, 0x80, 0x40, 0x1c, 0x13, 0x14, 0x18, 0x15, 0x22, 0x11, 0x1d, 0x15, 0x17, 0x12, 0x16, 0x10,
0x18, 0x50, 0x40, 0x1a, 0x16, 0x10, 0x14, 0x2e, 0x12, 0x11, 0x17, 0x1e, 0x22, 0x16, 0x70, 0x30, 0x1f, 0x15, 0x1b, 0x15, 0x1d, 0x14, 0x1f, 0x13, 0x17, 0x13, 0x1e, 0x14, 0x2b, 0x16, 0x60, 0x20, 0x1a, 0x14, 0x19, 0x1c, 0x79, 0x12, 0x1b, 0x39, 0x4c, 0x20, 0xf0, 0x90,
// Compressed size: 268 bytes original pixels: 12544 uint16_t → ~25088 bytes uncompressed)

// LACEY / Lacey Auraflow V0.3 024 S3957683122 Th0.100 24 [Folder: LACEY] - RLE compressed data (offset: 14995, size: 165)
0xf0, 0x90, 0xb0, 0x25, 0x1c, 0xa0, 0x90, 0x1c, 0x49, 0x15, 0x90, 0x90, 0x13, 0x1e, 0x17, 0x15, 0x19, 0x15, 0x1b, 0x80, 0x80, 0x15, 0x33, 0x1b, 0x17, 0x15, 0x1c, 0x80, 0x80, 0x27, 0x1e, 0x13, 0x1d, 0x1b, 0x17, 0x19, 0x80, 0x80, 0x13, 0x1b, 0x13, 0x1a, 0x1b, 0x1c, 0x27, 0x80, 0x70, 0x15, 0x10, 0x19, 0x17, 0x13, 0x1a, 0x1d, 0x17, 0x1b, 0x80, 0x90, 0x1b, 0x10, 0x16, 0x11, 0x12, 0x19, 0x15, 0x80, 0x90, 0x1c, 0x1d, 0x16, 0x21, 0x13, 0x15, 0x80, 0xa0, 0x16, 0x18, 0x11, 0x16, 0x1d, 0x1a, 0x80, 0xa0, 0x14, 0x1d, 0x16, 0x10, 0x16, 0x13, 0x80, 0xa0, 0x14, 0x18, 0x14, 0x13, 0x1d, 0x90, 0xa0, 0x16, 0x21, 0x14, 0x1a, 0x90, 0x80, 0x11, 0x16, 0x11, 0x18, 0x32, 0x90, 0x90, 0x11,
0x16, 0x18, 0x22, 0x2a, 0x80, 0x80, 0x12, 0x14, 0x11, 0x18, 0x12, 0x1a, 0x18, 0x90, 0x90, 0x16, 0x18, 0x14, 0x18, 0x14, 0xa0, 0xa0, 0x14, 0x11, 0x10, 0x11, 0xa0, 0xa0, 0x11, 0x12, 0x14, 0x18, 0xa0, 0xb0, 0x12, 0x10, 0x14, 0xa0, 0xa0, 0x21, 0x10, 0x14, 0xa0, 0x80, 0x1a, 0x11, 0x22, 0x11, 0x12, 0x1c, 0x90, 0xf0, 0x90,
// Compressed size: 165 bytes original pixels: 12544 uint16_t → ~25088 bytes uncompressed)

// LEOFWYNN / Leofwynn Auraflow V0.3 009 S1623836998 Th0.100 24 [Folder: LEOFWYNN] - RLE compressed data (offset: 15160, size: 328)
0xc0, 0x1a, 0x22, 0x90, 0xb0, 0x12, 0x14, 0x18, 0x13, 0x17, 0x1f, 0x1a, 0x60, 0xa0, 0x1c, 0x11, 0x17, 0x11, 0x13, 0x16, 0x27, 0x60, 0x90, 0x12, 0x11, 0x13, 0x14, 0x15, 0x16, 0x11, 0x1d, 0x12, 0x60, 0x90, 0x16, 0x11, 0x13, 0x19, 0x13, 0x19, 0x1c, 0x14, 0x1d, 0x60, 0x80, 0x1d, 0x21, 0x15, 0x18, 0x11, 0x14, 0x2f, 0x12, 0x60, 0x80, 0x12, 0x13, 0x17, 0x19, 0x13, 0x15, 0x1e, 0x1b, 0x22, 0x60, 0x60, 0x1a, 0x1d, 0x11, 0x16, 0x14, 0x19, 0x11, 0x15, 0x1f, 0x22, 0x1c, 0x60, 0x60, 0x1d, 0x24, 0x19, 0x13, 0x18, 0x17, 0x11, 0x13, 0x1b, 0x22, 0x60, 0x50, 0x1d, 0x1b, 0x16, 0x21, 0x19, 0x14, 0x19, 0x13, 0x11, 0x1f, 0x15, 0x16, 0x60, 0x60, 0x12, 0x1d, 0x15, 0x17, 0x18, 0x14, 0x11,
0x25, 0x16, 0x11, 0x1e, 0x1a, 0x50, 0x50, 0x1a, 0x17, 0x1e, 0x13, 0x18, 0x11, 0x18, 0x21, 0x18, 0x16, 0x14, 0x1b, 0x1d, 0x50, 0x40, 0x1b, 0x17, 0x16, 0x15, 0x18, 0x13, 0x19, 0x11, 0x15, 0x11, 0x1b, 0x24, 0x1c, 0x60, 0x40, 0x12, 0x10, 0x16, 0x13, 0x11, 0x13, 0x25, 0x19, 0x1c, 0x12, 0x1d, 0x18, 0x1c, 0x1b, 0x50, 0x50, 0x14, 0x17, 0x11, 0x13, 0x29, 0x16, 0x17, 0x1c, 0x22, 0x1e, 0x17, 0x13, 0x50, 0x20, 0x1a, 0x10, 0x12, 0x1f, 0x21, 0x29, 0x13, 0x24, 0x1f, 0x1c, 0x12, 0x1c, 0x1e, 0x12, 0x50, 0x20, 0x1a, 0x22, 0x16, 0x11, 0x15, 0x16, 0x1e, 0x21, 0x13, 0x17, 0x2b, 0x11, 0x17, 0x1b, 0x50, 0x10, 0x1a, 0x20, 0x1c, 0x1f, 0x13, 0x11, 0x13, 0x14, 0x15, 0x19, 0x18, 0x11, 0x1c,
0x1b, 0x11, 0x1d, 0x12, 0x50, 0x30, 0x1c, 0x14, 0x1f, 0x16, 0x15, 0x16, 0x1e, 0x23, 0x15, 0x11, 0x18, 0x1e, 0x14, 0x18, 0x1d, 0x1a, 0x40, 0x20, 0x12, 0x1f, 0x22, 0x1c, 0x16, 0x18, 0x1e, 0x16, 0x11, 0x19, 0x15, 0x19, 0x13, 0x14, 0x16, 0x1a, 0x50, 0x10, 0x1a, 0x17, 0x30, 0x1f, 0x1c, 0x13, 0x18, 0x11, 0x19, 0x15, 0x19, 0x11, 0x16, 0x14, 0x1c, 0x1d, 0x50, 0x20, 0x1a, 0x1f, 0x1a, 0x1d, 0x1e, 0x13, 0x14, 0x13, 0x15, 0x21, 0x19, 0x15, 0x17, 0x1e, 0x2a, 0x1d, 0x40, 0x20, 0x1d, 0x10, 0x1a, 0x2b, 0x27, 0x1e, 0x28, 0x11, 0x15, 0x13, 0x15, 0x1e, 0x70, 0x20, 0x1b, 0x1a, 0x10, 0x1c, 0x12, 0x2b, 0x14, 0x26, 0x38, 0x17, 0x1e, 0x70,
// Compressed size: 328 bytes original pixels: 12544 uint16_t → ~25088 bytes uncompressed)

// LILLIE / Lillie Auraflow V0.3 006 S3151413074 Th0.100 24 [Folder: LILLIE] - RLE compressed data (offset: 15488, size: 211)
0xc0, 0x1c, 0xb0, 0xa0, 0x37, 0x16, 0x1c, 0x90, 0xa0, 0x14, 0x1b, 0x2f, 0x1c, 0x90, 0x90, 0x16, 0x22, 0x14, 0x12, 0x1d, 0x90, 0x90, 0x11, 0x13, 0x1b, 0x12, 0x2d, 0x90, 0x90, 0x12, 0x2b, 0x12, 0x1d, 0xa0, 0x90, 0x1e, 0x15, 0x1f, 0x1d, 0x11, 0xa0, 0x80, 0x11, 0x18, 0x31, 0x2c, 0x90, 0x80, 0x11, 0x14, 0x2d, 0x12, 0x2c, 0x11, 0x80, 0x90, 0x17, 0x12, 0x1b, 0x15, 0x17, 0x11, 0x26, 0x70, 0x90, 0x18, 0x14, 0x15, 0x16, 0x14, 0x11, 0x12, 0x11, 0x70, 0x80, 0x21, 0x15, 0x17, 0x12, 0x15, 0x17, 0x90, 0xa0, 0x14, 0x17, 0x16, 0x17, 0x12, 0x90, 0xb0, 0x1b, 0x12, 0x17, 0x16, 0x11, 0x80, 0xa0, 0x1e, 0x13, 0x1f, 0x12, 0x18, 0x16, 0x11, 0x70, 0x90, 0x16, 0x18, 0x19, 0x15, 0x14, 0x15,
0x18, 0x1c, 0x70, 0x90, 0x1f, 0x18, 0x19, 0x2a, 0x13, 0x18, 0x1d, 0x2c, 0x50, 0x90, 0x1e, 0x19, 0x15, 0x13, 0x1a, 0x15, 0x1e, 0x22, 0x21, 0x40, 0x80, 0x17, 0x29, 0x17, 0x19, 0x15, 0x12, 0x1e, 0x17, 0x12, 0x16, 0x11, 0x15, 0x30, 0x70, 0x26, 0x29, 0x14, 0x13, 0x24, 0x15, 0x19, 0x1e, 0x26, 0x18, 0x30, 0x70, 0x28, 0x2a, 0x33, 0x1f, 0x19, 0x18, 0x1b, 0x12, 0x17, 0x40, 0x60, 0x15, 0x14, 0x23, 0x1a, 0x14, 0x13, 0x1b, 0x1a, 0x29, 0x18, 0x14, 0x18, 0x40, 0x60, 0x15, 0x14, 0x13, 0x1d, 0x1b, 0x3a, 0x19, 0x2a, 0x14, 0x1a, 0x15, 0x40, 0x70, 0x23, 0x4b, 0x13, 0x1b, 0x14, 0x1a, 0x23, 0x19, 0x18, 0x30,
// Compressed size: 211 bytes original pixels: 12544 uint16_t → ~25088 bytes uncompressed)

// LISELOTTE / Liselotte Auraflow V0.3 004 S3663542251 Th0.100 24 [Folder: LISELOTTE] - RLE compressed data (offset: 15699, size: 186)
0xf0, 0x90, 0xf0, 0x90, 0xa0, 0x2e, 0xc0, 0x90, 0x11, 0x19, 0x13, 0x1e, 0xb0, 0x90, 0x13, 0x1a, 0x1b, 0x13, 0xb0, 0x80, 0x19, 0x1d, 0x1b, 0x17, 0x1a, 0xb0, 0x80, 0x1f, 0x12, 0x17, 0x12, 0x13, 0xb0, 0x80, 0x13, 0x1d, 0x15, 0x18, 0xc0, 0x80, 0x16, 0x13, 0x16, 0xd0, 0x70, 0x1d, 0x18, 0x16, 0x1c, 0x1e, 0xc0, 0x70, 0x11, 0x12, 0x21, 0x1a, 0x19, 0xb0, 0x70, 0x11, 0x12, 0x13, 0x1f, 0x11, 0x13, 0xb0, 0x70, 0x1b, 0x15, 0x11, 0x1d, 0x17, 0x13, 0x16, 0xa0, 0x70, 0x15, 0x1b, 0x22, 0x11, 0x16, 0x1c, 0xa0, 0x60, 0x11, 0x2b, 0x12, 0x14, 0x13, 0x19, 0x13, 0x1c, 0x90, 0x60, 0x17, 0x25, 0x18, 0x14, 0x16, 0x1c, 0x19, 0x1e, 0x90, 0x60, 0x18, 0x14, 0x15, 0x17, 0x15, 0x1c, 0x1a, 0x16,
0x1a, 0x90, 0x60, 0x17, 0x12, 0x15, 0x17, 0x15, 0x1a, 0x11, 0x16, 0x19, 0x90, 0x60, 0x18, 0x12, 0x15, 0x18, 0x14, 0x16, 0x17, 0x16, 0x11, 0x90, 0x60, 0x12, 0x14, 0x18, 0x1d, 0x14, 0x11, 0x12, 0x19, 0x11, 0x90, 0x60, 0x14, 0x18, 0x14, 0x12, 0x15, 0x17, 0x18, 0x19, 0x1c, 0x90, 0x60, 0x1b, 0x12, 0x1b, 0x12, 0x14, 0x2a, 0x19, 0x11, 0x90, 0x70, 0x24, 0x18, 0x14, 0x17, 0x1a, 0x16, 0x13, 0x90, 0x70, 0x14, 0x12, 0x25, 0x1d, 0x13, 0x16, 0x11, 0x90,
// Compressed size: 186 bytes original pixels: 12544 uint16_t → ~25088 bytes uncompressed)

// MAGGIE / Maggie Auraflow V0.3 031 S3080244662 Th0.100 24 [Folder: MAGGIE] - RLE compressed data (offset: 15885, size: 229)
0x40, 0x21, 0x12, 0xf0, 0x20, 0x30, 0x15, 0x1b, 0x19, 0x1d, 0x12, 0x20, 0x22, 0xc0, 0x30, 0x1d, 0x39, 0x12, 0x10, 0x1c, 0x27, 0x11, 0xb0, 0x20, 0x12, 0x1b, 0x39, 0x20, 0x17, 0x19, 0x17, 0x1d, 0xb0, 0x30, 0x1d, 0x1b, 0x17, 0x1b, 0x20, 0x11, 0x12, 0x17, 0x22, 0x17, 0x90, 0x50, 0x17, 0x30, 0x12, 0x1d, 0x1b, 0x1e, 0x16, 0xa0, 0x90, 0x12, 0x1c, 0x12, 0x1b, 0x17, 0xa0, 0x90, 0x12, 0x1b, 0x13, 0x16, 0x11, 0xa0, 0x90, 0x11, 0x17, 0x12, 0x21, 0xa0, 0x60, 0x1c, 0x1d, 0x11, 0x19, 0x12, 0x14, 0x16, 0x11, 0xa0, 0x60, 0x16, 0x20, 0x13, 0x11, 0x12, 0x17, 0x18, 0x11, 0x90, 0x60, 0x11, 0x20, 0x15, 0x11, 0x14, 0x22, 0x15, 0x16, 0x80, 0x80, 0x17, 0x14, 0x12, 0x14, 0x13, 0x1c, 0x18,
0x90, 0x80, 0x11, 0x26, 0x13, 0x1a, 0x17, 0x13, 0x15, 0x80, 0x80, 0x14, 0x10, 0x11, 0x25, 0x11, 0x14, 0x90, 0x80, 0x11, 0x14, 0x15, 0x1e, 0x14, 0x16, 0x18, 0x16, 0x80, 0x80, 0x13, 0x1a, 0x11, 0x1a, 0x13, 0x11, 0x16, 0x14, 0x13, 0x70, 0x70, 0x17, 0x2c, 0x18, 0x14, 0x15, 0x13, 0x11, 0x16, 0x18, 0x23, 0x50, 0x70, 0x12, 0x10, 0x14, 0x10, 0x1a, 0x15, 0x18, 0x11, 0x18, 0x1a, 0x14, 0x16, 0x18, 0x23, 0x20, 0x70, 0x11, 0x10, 0x14, 0x20, 0x18, 0x10, 0x1e, 0x13, 0x15, 0x14, 0x15, 0x1e, 0x13, 0x30, 0x70, 0x11, 0x10, 0x15, 0x10, 0x16, 0x30, 0x28, 0x16, 0x13, 0x14, 0x1a, 0x30, 0x70, 0x12, 0x10, 0x1a, 0x10, 0x1c, 0x18, 0x20, 0x2a, 0x13, 0x1e, 0x50, 0x70, 0x15, 0x30, 0x15, 0x16,
0x40, 0x15, 0x60, 0xf0, 0x90,
// Compressed size: 229 bytes original pixels: 12544 uint16_t → ~25088 bytes uncompressed)

// MAIREAD / Mairead Auraflow V0.3 024 S4082451716 Th0.100 24 [Folder: MAIREAD] - RLE compressed data (offset: 16114, size: 137)
0xf0, 0x90, 0xf0, 0x90, 0xb0, 0x1b, 0x15, 0x1a, 0xa0, 0xb0, 0x25, 0x1b, 0x18, 0x90, 0xb0, 0x17, 0x15, 0x16, 0xa0, 0xa0, 0x18, 0x1c, 0x26, 0x1a, 0x17, 0x80, 0xa0, 0x18, 0x11, 0x26, 0x15, 0x17, 0x80, 0xb0, 0x1d, 0x16, 0x25, 0x90, 0xa0, 0x1a, 0x12, 0x16, 0x15, 0x1b, 0x1a, 0x80, 0xa0, 0x19, 0x12, 0x16, 0x17, 0x1b, 0x90, 0xa0, 0x17, 0x13, 0x14, 0x13, 0x1b, 0x90, 0x90, 0x1a, 0x17, 0x31, 0x19, 0x90, 0xa0, 0x14, 0x13, 0x11, 0x12, 0xa0, 0x90, 0x19, 0x14, 0x12, 0x11, 0x14, 0x19, 0x90, 0x90, 0x13, 0x12, 0x13, 0x14, 0x11, 0xa0, 0x70, 0x18, 0x19, 0x11, 0x12, 0x21, 0x13, 0xa0, 0x60, 0x1c, 0x19, 0x10, 0x13, 0x12, 0x1d, 0x11, 0x1d, 0x18, 0x90, 0x60, 0x18, 0x30, 0x11, 0x23, 0x12,
0xa0, 0xb0, 0x3c, 0xa0, 0xb0, 0x12, 0x10, 0x14, 0xa0, 0xb0, 0x14, 0x10, 0x14, 0xa0, 0x90, 0x13, 0x12, 0x14, 0x12, 0x14, 0xa0, 0xf0, 0x90, 0xf0, 0x90,
// Compressed size: 137 bytes original pixels: 12544 uint16_t → ~25088 bytes uncompressed)

// MASAMUNE / Masamune Auraflow V0.3 031 S790665065 Th0.100 24 [Folder: MASAMUNE] - RLE compressed data (offset: 16251, size: 163)
0xf0, 0x90, 0xa0, 0x1a, 0x12, 0xc0, 0xa0, 0x16, 0x18, 0xc0, 0x90, 0x13, 0x1a, 0x23, 0xb0, 0xa0, 0x12, 0x16, 0x17, 0xb0, 0xb0, 0x12, 0x1a, 0x13, 0xa0, 0xa0, 0x16, 0x17, 0x23, 0x17, 0x90, 0xa0, 0x1a, 0x1d, 0x19, 0x14, 0x15, 0x90, 0x80, 0x13, 0x18, 0x1c, 0x1e, 0x21, 0x14, 0x90, 0x60, 0x12, 0x15, 0x20, 0x27, 0x1c, 0x12, 0xa0, 0x40, 0x1a, 0x11, 0x40, 0x15, 0x1e, 0x27, 0x13, 0x90, 0xa0, 0x22, 0x1c, 0x17, 0x23, 0x80, 0x90, 0x1a, 0x15, 0x14, 0x35, 0x10, 0x1b, 0x70, 0x90, 0x11, 0x16, 0x13, 0x12, 0x15, 0x14, 0x20, 0x19, 0x60, 0x80, 0x16, 0x11, 0x18, 0x1d, 0x18, 0x1d, 0x13, 0x30, 0x18, 0x50, 0x70, 0x19, 0x11, 0x16, 0x14, 0x12, 0x1c, 0x15, 0x17, 0x1c, 0x80, 0x70, 0x12, 0x11,
0x1e, 0x51, 0x19, 0x80, 0x70, 0x14, 0x29, 0x11, 0x2b, 0x14, 0x1b, 0x14, 0x80, 0x80, 0x16, 0x1f, 0x11, 0x18, 0x14, 0x18, 0x11, 0x14, 0x80, 0x80, 0x18, 0x12, 0x20, 0x1b, 0x1f, 0x11, 0x15, 0x80, 0x80, 0x14, 0x11, 0x40, 0x12, 0x19, 0x80, 0x80, 0x26, 0x40, 0x1d, 0x12, 0x80, 0xe0, 0x15, 0x14, 0x80, 0xf0, 0x90,
// Compressed size: 163 bytes original pixels: 12544 uint16_t → ~25088 bytes uncompressed)

// MATILDA / Matilda Auraflow V0.3 003 S1948208129 Th0.100 24 [Folder: MATILDA] - RLE compressed data (offset: 16414, size: 244)
0xa0, 0x16, 0xd0, 0x60, 0x18, 0x10, 0x18, 0x25, 0x13, 0x14, 0xb0, 0x50, 0x16, 0x10, 0x15, 0x13, 0x19, 0x15, 0x1e, 0x14, 0xb0, 0x40, 0x2d, 0x1c, 0x21, 0x19, 0x1c, 0x1b, 0x15, 0xb0, 0x30, 0x16, 0x15, 0x23, 0x2b, 0x1e, 0x23, 0x12, 0xb0, 0x20, 0x18, 0x1d, 0x15, 0x13, 0x14, 0x19, 0x12, 0x13, 0x19, 0x12, 0x1d, 0x17, 0xa0, 0x20, 0x16, 0x18, 0x1c, 0x15, 0x11, 0x12, 0x19, 0x22, 0x13, 0x1e, 0x11, 0xa0, 0x10, 0x18, 0x16, 0x15, 0x14, 0x1b, 0x14, 0x13, 0x11, 0x19, 0x27, 0x2a, 0xa0, 0x10, 0x28, 0x14, 0x13, 0x24, 0x13, 0x15, 0x11, 0x12, 0x1c, 0x29, 0xa0, 0x10, 0x16, 0x18, 0x15, 0x1c, 0x13, 0x16, 0x10, 0x13, 0x10, 0x14, 0x17, 0x19, 0x27, 0x90, 0x10, 0x16, 0x18, 0x20, 0x16, 0x13,
0x18, 0x11, 0x15, 0x11, 0x13, 0x27, 0x11, 0x90, 0x10, 0x26, 0x20, 0x2d, 0x15, 0x1e, 0x17, 0x1f, 0x15, 0x1b, 0x1a, 0x1b, 0x90, 0x80, 0x11, 0x12, 0x2a, 0x1c, 0x19, 0x1b, 0x90, 0x50, 0x18, 0x20, 0x1b, 0x12, 0x17, 0x1f, 0x14, 0x1b, 0x10, 0x15, 0x80, 0x80, 0x16, 0x1b, 0x14, 0x17, 0x12, 0x14, 0x18, 0x90, 0x90, 0x22, 0x11, 0x34, 0x10, 0x1e, 0x70, 0x90, 0x11, 0x14, 0x17, 0x11, 0x13, 0x30, 0x12, 0x10, 0x16, 0x1a, 0x30, 0x80, 0x12, 0x2a, 0x14, 0x1d, 0x12, 0x40, 0x1a, 0x13, 0x17, 0x16, 0x20, 0x80, 0x22, 0x20, 0x12, 0x17, 0x30, 0x16, 0x11, 0x12, 0x21, 0x12, 0x10, 0x80, 0x14, 0x15, 0x20, 0x12, 0x14, 0x30, 0x18, 0x21, 0x1a, 0x1e, 0x20, 0x80, 0x1c, 0x40, 0x19, 0x40, 0x21, 0x14,
0x30, 0x70, 0x1a, 0x17, 0x40, 0x19, 0x50, 0x13, 0x40, 0x70, 0x1c, 0x13, 0x30, 0x18, 0x19, 0xa0, 0x70, 0x15, 0x11, 0xf0,
// Compressed size: 244 bytes original pixels: 12544 uint16_t → ~25088 bytes uncompressed)

// MAYA / Maya Auraflow V0.3 031 S1408807416 Th0.100 24 [Folder: MAYA] - RLE compressed data (offset: 16658, size: 157)
0xf0, 0x90, 0xf0, 0x90, 0xf0, 0x90, 0xf0, 0x90, 0xf0, 0x90, 0xf0, 0x90, 0xb0, 0x21, 0x1d, 0x20, 0x15, 0x70, 0xa0, 0x15, 0x13, 0x19, 0xb0, 0x90, 0x16, 0x11, 0x13, 0x11, 0x19, 0x10, 0x19, 0x80, 0x90, 0x14, 0x13, 0x16, 0x15, 0x16, 0x11, 0x90, 0x50, 0x21, 0x19, 0x14, 0x15, 0x10, 0x16, 0x11, 0x19, 0xa0, 0xb0, 0x15, 0x13, 0x11, 0xa0, 0x60, 0x16, 0x20, 0x1d, 0x1b, 0x15, 0x11, 0x19, 0xa0, 0x40, 0x15, 0x24, 0x2c, 0x14, 0x18, 0x13, 0x1e, 0x1c, 0x10, 0x1d, 0x80, 0x40, 0x12, 0x18, 0x11, 0x1a, 0x33, 0x18, 0x17, 0x12, 0x1c, 0x16, 0x80, 0x40, 0x16, 0x14, 0x19, 0x31, 0x27, 0x12, 0x13, 0x12, 0x14, 0x1b, 0x15, 0x1b, 0x50, 0x50, 0x1b, 0x12, 0x18, 0x1a, 0x12, 0x1a, 0x18, 0x12, 0x13,
0x1a, 0x14, 0x12, 0x17, 0x60, 0x60, 0x1b, 0x14, 0x12, 0x17, 0x12, 0x17, 0x28, 0x22, 0x17, 0x15, 0x60, 0x90, 0x11, 0x1a, 0x1e, 0x1a, 0x1e, 0x1c, 0x1b, 0x16, 0x70, 0x90, 0x1e, 0x23, 0x14, 0x1c, 0x1d, 0x90, 0xa0, 0x18, 0xd0, 0xa0, 0x1a, 0xd0, 0xa0, 0x17, 0xd0, 0xf0, 0x90,
// Compressed size: 157 bytes original pixels: 12544 uint16_t → ~25088 bytes uncompressed)

// MILDRITH / Mildrith Auraflow V0.3 005 S3340494432 Th0.100 24 [Folder: MILDRITH] - RLE compressed data (offset: 16815, size: 269)
0xa0, 0x26, 0xc0, 0x90, 0x2d, 0x1c, 0x18, 0x11, 0xa0, 0x80, 0x2d, 0x10, 0x1c, 0x18, 0x15, 0xa0, 0x80, 0x19, 0x16, 0x10, 0x1c, 0x15, 0x16, 0xa0, 0x80, 0x1d, 0x10, 0x19, 0x2a, 0x16, 0x1d, 0x90, 0x80, 0x19, 0x14, 0x13, 0x14, 0x17, 0x13, 0x1c, 0x90, 0x80, 0x24, 0x12, 0x1a, 0x14, 0x13, 0x1a, 0x16, 0x80, 0xb0, 0x13, 0x1a, 0x1b, 0x13, 0x90, 0xb0, 0x17, 0x11, 0x15, 0x14, 0x90, 0x90, 0x26, 0x18, 0x15, 0x14, 0x17, 0x19, 0x80, 0x50, 0x18, 0x16, 0x1d, 0x16, 0x19, 0x17, 0x1e, 0x18, 0x1f, 0x10, 0x13, 0x80, 0x50, 0x16, 0x11, 0x14, 0x20, 0x12, 0x11, 0x1a, 0x18, 0x1e, 0x10, 0x19, 0x70, 0x40, 0x16, 0x14, 0x12, 0x14, 0x20, 0x1c, 0x1a, 0x1b, 0x18, 0x12, 0x10, 0x1c, 0x16, 0x60, 0x60,
0x15, 0x19, 0x20, 0x13, 0x21, 0x1b, 0x13, 0x90, 0x60, 0x1e, 0x19, 0x10, 0x1d, 0x1e, 0x13, 0x17, 0x15, 0x14, 0x20, 0x1d, 0x18, 0x50, 0x50, 0x1a, 0x11, 0x1a, 0x10, 0x12, 0x17, 0x2b, 0x15, 0x13, 0x1c, 0x15, 0x16, 0x11, 0x50, 0x40, 0x21, 0x12, 0x14, 0x10, 0x14, 0x12, 0x17, 0x31, 0x1c, 0x20, 0x17, 0x1c, 0x40, 0x30, 0x11, 0x18, 0x11, 0x18, 0x20, 0x19, 0x1a, 0x15, 0x12, 0x21, 0x16, 0x20, 0x11, 0x18, 0x1e, 0x30, 0x30, 0x18, 0x12, 0x1e, 0x30, 0x13, 0x12, 0x11, 0x13, 0x11, 0x1b, 0x11, 0x20, 0x19, 0x15, 0x12, 0x1b, 0x20, 0x30, 0x15, 0x1b, 0x1e, 0x20, 0x19, 0x14, 0x11, 0x12, 0x13, 0x11, 0x12, 0x1a, 0x20, 0x19, 0x18, 0x12, 0x1b, 0x20, 0x30, 0x18, 0x15, 0x13, 0x10, 0x15, 0x13,
0x1e, 0x12, 0x17, 0x13, 0x11, 0x14, 0x12, 0x20, 0x25, 0x12, 0x18, 0x1c, 0x10, 0x10, 0x16, 0x13, 0x12, 0x15, 0x12, 0x1b, 0x1c, 0x13, 0x22, 0x17, 0x13, 0x37, 0x16, 0x1d, 0x40, 0x1b, 0x14, 0x14, 0x12, 0x15, 0x1b, 0x50, 0x13, 0x14, 0x1a, 0x15, 0x11, 0x27, 0x80, 0xf0, 0x90,
// Compressed size: 269 bytes original pixels: 12544 uint16_t → ~25088 bytes uncompressed)

// MINDRED / Mindred Auraflow V0.3 034 S899068641 Th0.100 24 [Folder: MINDRED] - RLE compressed data (offset: 17084, size: 169)
0xf0, 0x90, 0xf0, 0x90, 0x80, 0x16, 0xf0, 0x70, 0x43, 0x16, 0x13, 0xb0, 0x80, 0x13, 0x26, 0x19, 0x12, 0xb0, 0x70, 0x23, 0x16, 0x19, 0x1c, 0x14, 0x19, 0xa0, 0x60, 0x13, 0x26, 0x19, 0x16, 0x1a, 0xc0, 0x60, 0x23, 0x16, 0x13, 0x24, 0x13, 0xb0, 0x70, 0x23, 0x19, 0x34, 0x1a, 0xa0, 0x70, 0x13, 0x14, 0x20, 0x2a, 0xb0, 0x40, 0x1c, 0x15, 0x50, 0x15, 0x17, 0xb0, 0xa0, 0x12, 0x25, 0xb0, 0x70, 0x16, 0x27, 0x12, 0x11, 0x17, 0x12, 0x50, 0x13, 0x40, 0x70, 0x19, 0x22, 0x18, 0x1a, 0x11, 0x15, 0x18, 0x40, 0x14, 0x17, 0x30, 0x60, 0x17, 0x42, 0x14, 0x11, 0x19, 0x11, 0x18, 0x13, 0x10, 0x15, 0x14, 0x15, 0x30, 0x60, 0x19, 0x32, 0x15, 0x18, 0x15, 0x1a, 0x17, 0x16, 0x19, 0x15, 0x18, 0x1e,
0x40, 0x70, 0x12, 0x41, 0x24, 0x11, 0x18, 0x17, 0x1a, 0x28, 0x40, 0x70, 0x1a, 0x22, 0x18, 0x51, 0x3b, 0x50, 0x80, 0x17, 0x11, 0x28, 0x41, 0x12, 0x17, 0x60, 0x80, 0x15, 0x10, 0x1d, 0x17, 0x11, 0x10, 0x22, 0x11, 0x70, 0x70, 0x1a, 0x40, 0x14, 0xb0, 0x60, 0x15, 0x14, 0x40, 0x14, 0xb0, 0x70, 0x14, 0x40, 0x1a, 0x1d, 0xa0, 0x70, 0x19, 0x12, 0xf0,
// Compressed size: 169 bytes original pixels: 12544 uint16_t → ~25088 bytes uncompressed)

// NADJA / Nadja Auraflow V0.3 002 S2701776878 Th0.100 24 [Folder: NADJA] - RLE compressed data (offset: 17253, size: 165)
0xf0, 0x90, 0xc0, 0x1a, 0x14, 0xa0, 0xc0, 0x23, 0xa0, 0xb0, 0x1c, 0x17, 0x1e, 0x11, 0x90, 0xa0, 0x1d, 0x13, 0x17, 0x1a, 0xa0, 0xa0, 0x26, 0x1e, 0x11, 0x1a, 0x90, 0xa0, 0x15, 0x32, 0x11, 0x90, 0xa0, 0x17, 0x15, 0x1a, 0x14, 0x18, 0x90, 0x90, 0x1b, 0x10, 0x18, 0x21, 0x10, 0x1e, 0x80, 0x90, 0x26, 0x17, 0x16, 0x18, 0x11, 0x19, 0x80, 0x80, 0x17, 0x10, 0x17, 0x1f, 0x19, 0x15, 0x14, 0x10, 0x1a, 0x70, 0x80, 0x15, 0x10, 0x1b, 0x15, 0x11, 0x12, 0x13, 0x16, 0x18, 0x70, 0x80, 0x15, 0x11, 0x22, 0x14, 0x12, 0x18, 0x1f, 0x13, 0x70, 0xa0, 0x17, 0x14, 0x12, 0x1a, 0x18, 0x1e, 0x80, 0xa0, 0x1b, 0x12, 0x14, 0x12, 0x18, 0x13, 0x80, 0xa0, 0x1b, 0x10, 0x1a, 0x14, 0x10, 0x13, 0x80, 0x90,
0x29, 0x10, 0x24, 0x10, 0x19, 0x80, 0x90, 0x16, 0x1d, 0x20, 0x14, 0x10, 0x1d, 0x11, 0x70, 0x90, 0x1c, 0x13, 0x20, 0x11, 0x10, 0x19, 0x1c, 0x70, 0x90, 0x15, 0x1d, 0x20, 0x13, 0x20, 0x1f, 0x70, 0x90, 0x15, 0x60, 0x16, 0x70, 0x90, 0x1c, 0x19, 0x50, 0x11, 0x70, 0x80, 0x1b, 0x1c, 0x60, 0x11, 0x70, 0x70, 0x13, 0x1d, 0xf0,
// Compressed size: 165 bytes original pixels: 12544 uint16_t → ~25088 bytes uncompressed)

// NIALL / Niall Auraflow V0.3 035 S76981545 Th0.100 24 [Folder: NIALL] - RLE compressed data (offset: 17418, size: 163)
0xb0, 0x14, 0xc0, 0x90, 0x16, 0x13, 0x11, 0x17, 0xb0, 0x90, 0x17, 0x12, 0x11, 0x1d, 0xb0, 0xa0, 0x19, 0x12, 0x16, 0x14, 0xa0, 0xa0, 0x18, 0x13, 0x22, 0x15, 0x90, 0x90, 0x15, 0x18, 0x15, 0x12, 0x21, 0x90, 0xa0, 0x22, 0x1a, 0x13, 0x12, 0x15, 0x80, 0x90, 0x1c, 0x21, 0x13, 0x22, 0x90, 0x90, 0x32, 0x13, 0x14, 0x10, 0x11, 0x80, 0x80, 0x14, 0x25, 0x11, 0x1b, 0x13, 0x10, 0x13, 0x16, 0x70, 0x80, 0x1c, 0x10, 0x16, 0x21, 0x12, 0x10, 0x11, 0x80, 0x80, 0x23, 0x19, 0x11, 0x19, 0x11, 0x10, 0x12, 0x80, 0x80, 0x11, 0x10, 0x22, 0x11, 0x12, 0x23, 0x80, 0x80, 0x22, 0x18, 0x31, 0x27, 0x80, 0x90, 0x17, 0x51, 0x90, 0x70, 0x13, 0x10, 0x13, 0x12, 0x15, 0x10, 0x21, 0x14, 0x80, 0x90, 0x11,
0x16, 0x20, 0x1a, 0x13, 0x12, 0x80, 0x60, 0x1a, 0x20, 0x12, 0x1b, 0x10, 0x14, 0x10, 0x11, 0x14, 0x80, 0x80, 0x14, 0x19, 0x14, 0x30, 0x12, 0x10, 0x11, 0x70, 0x90, 0x11, 0x30, 0x15, 0x11, 0x14, 0x80, 0x40, 0x14, 0x40, 0x13, 0x40, 0x16, 0x90, 0x90, 0x11, 0xe0, 0x70, 0x15, 0x22, 0x50, 0x18, 0x80, 0xf0, 0x90,
// Compressed size: 163 bytes original pixels: 12544 uint16_t → ~25088 bytes uncompressed)

// NIAMH / Niamh Auraflow V0.3 011 S1271703886 Th0.100 24 [Folder: NIAMH] - RLE compressed data (offset: 17581, size: 198)
0xf0, 0x90, 0xd0, 0x15, 0x18, 0x1c, 0x80, 0x90, 0x16, 0x10, 0x13, 0x18, 0x15, 0x19, 0x15, 0x80, 0xa0, 0x1c, 0x18, 0x14, 0x19, 0x14, 0x1c, 0x80, 0x80, 0x25, 0x24, 0x29, 0xa0, 0x70, 0x1e, 0x15, 0x24, 0x18, 0x17, 0x1b, 0x11, 0x90, 0x60, 0x15, 0x1c, 0x15, 0x19, 0x14, 0x18, 0x1a, 0x12, 0x1a, 0x90, 0x70, 0x15, 0x18, 0x24, 0x1b, 0x1d, 0x11, 0x12, 0x90, 0x60, 0x1e, 0x18, 0x15, 0x1c, 0x13, 0x16, 0x12, 0x19, 0x13, 0x90, 0x70, 0x15, 0x18, 0x23, 0x12, 0x11, 0x1d, 0x1c, 0x90, 0x70, 0x13, 0x10, 0x23, 0x11, 0x12, 0x16, 0x14, 0x90, 0x90, 0x13, 0x1b, 0x21, 0x19, 0xa0, 0x90, 0x13, 0x17, 0x22, 0x11, 0x16, 0x90, 0x90, 0x16, 0x11, 0x14, 0x21, 0x14, 0x90, 0x70, 0x16, 0x13, 0x11, 0x1d,
0x19, 0x11, 0x12, 0xa0, 0x70, 0x13, 0x12, 0x1b, 0x14, 0x12, 0x11, 0x1a, 0xa0, 0x60, 0x13, 0x1b, 0x12, 0x1f, 0x19, 0x17, 0x21, 0xa0, 0x50, 0x13, 0x26, 0x11, 0x17, 0x18, 0x21, 0x1a, 0xa0, 0x40, 0x13, 0x26, 0x17, 0x11, 0x1e, 0x17, 0x12, 0x1f, 0x16, 0xa0, 0x40, 0x13, 0x26, 0x15, 0x18, 0x32, 0x17, 0x11, 0xa0, 0x40, 0x13, 0x1b, 0x15, 0x11, 0x12, 0x2a, 0x12, 0x17, 0x11, 0xa0, 0x40, 0x2b, 0x19, 0x12, 0x2a, 0x1d, 0x1a, 0x27, 0xa0, 0x30, 0x1d, 0x14, 0x1e, 0x12, 0x17, 0x1d, 0x11, 0x22, 0x11, 0x17, 0x18, 0x90, 0xf0, 0x90,
// Compressed size: 198 bytes original pixels: 12544 uint16_t → ~25088 bytes uncompressed)

// OCTAVIA / Octavia Auraflow V0.3 010 S3584990128 Th0.100 24 [Folder: OCTAVIA] - RLE compressed data (offset: 17779, size: 127)
0xf0, 0x90, 0xf0, 0x90, 0xf0, 0x90, 0xb0, 0x1b, 0x12, 0xb0, 0xa0, 0x18, 0x1a, 0x11, 0x16, 0xa0, 0xb0, 0x17, 0x11, 0x1b, 0xa0, 0xa0, 0x1b, 0x16, 0x1a, 0x1d, 0xa0, 0xa0, 0x1f, 0x11, 0x14, 0x1d, 0xa0, 0xa0, 0x34, 0x11, 0xa0, 0xa0, 0x11, 0x17, 0x19, 0x18, 0xa0, 0xa0, 0x11, 0x1a, 0x14, 0x19, 0xa0, 0x90, 0x13, 0x1a, 0x14, 0x13, 0x12, 0x14, 0x90, 0x90, 0x12, 0x15, 0x14, 0x11, 0x16, 0x13, 0x90, 0xa0, 0x23, 0x11, 0x15, 0x11, 0x90, 0xa0, 0x12, 0x15, 0x17, 0x16, 0xa0, 0xa0, 0x1c, 0x13, 0x11, 0x16, 0xa0, 0xa0, 0x16, 0x1e, 0x17, 0x1c, 0xa0, 0xa0, 0x18, 0x1e, 0x15, 0x1b, 0xa0, 0xa0, 0x25, 0x18, 0x12, 0xa0, 0xa0, 0x19, 0x11, 0x17, 0x12, 0xa0, 0xa0, 0x14, 0x19, 0x12, 0x1c, 0xa0,
0x90, 0x15, 0x18, 0x19, 0x13, 0x22, 0x90, 0x80, 0x1a, 0x13, 0x17, 0x13, 0xc0, 0xf0, 0x90,
// Compressed size: 127 bytes original pixels: 12544 uint16_t → ~25088 bytes uncompressed)

// OTTILIE / Ottilie Auraflow V0.3 025 S2098987746 Th0.100 24 [Folder: OTTILIE] - RLE compressed data (offset: 17906, size: 203)
0xf0, 0x90, 0xa0, 0x18, 0x13, 0x11, 0xb0, 0xa0, 0x1f, 0x11, 0x1b, 0xb0, 0xa0, 0x17, 0x11, 0x1b, 0xb0, 0xa0, 0x11, 0x18, 0x19, 0xb0, 0xa0, 0x19, 0x18, 0x11, 0xb0, 0x90, 0x13, 0x11, 0x1a, 0x11, 0x1b, 0xa0, 0x80, 0x13, 0x1a, 0x16, 0x15, 0x19, 0x13, 0xa0, 0x80, 0x1a, 0x14, 0x10, 0x1e, 0x12, 0x16, 0xa0, 0x80, 0x12, 0x11, 0x10, 0x17, 0x24, 0x1d, 0x90, 0x90, 0x16, 0x13, 0x15, 0x11, 0x1c, 0x16, 0x90, 0x90, 0x13, 0x11, 0x19, 0x21, 0x1b, 0x19, 0x80, 0x90, 0x13, 0x12, 0x17, 0x11, 0x19, 0x12, 0x17, 0x80, 0x80, 0x1b, 0x18, 0x25, 0x14, 0x19, 0x18, 0x11, 0x80, 0x80, 0x14, 0x12, 0x14, 0x1c, 0x13, 0x15, 0x13, 0x11, 0x80, 0x80, 0x1c, 0x17, 0x15, 0x1a, 0x12, 0x16, 0x1b, 0x19, 0x80,
0x70, 0x13, 0x16, 0x1e, 0x11, 0x19, 0x18, 0x12, 0x1a, 0x1d, 0x80, 0x70, 0x13, 0x15, 0x16, 0x12, 0x2d, 0x12, 0x13, 0x17, 0x80, 0x70, 0x1a, 0x1d, 0x12, 0x18, 0x1e, 0x14, 0x1c, 0x17, 0x13, 0x80, 0x60, 0x22, 0x14, 0x16, 0x1a, 0x18, 0x14, 0x2e, 0x1a, 0x13, 0x70, 0x60, 0x17, 0x14, 0x16, 0x1d, 0x17, 0x18, 0x11, 0x14, 0x16, 0x18, 0x1e, 0x12, 0x60, 0x50, 0x11, 0x1c, 0x22, 0x15, 0x13, 0x15, 0x12, 0x16, 0x13, 0x14, 0x11, 0x17, 0x1c, 0x19, 0x40, 0x40, 0x1c, 0x15, 0x17, 0x12, 0x14, 0x10, 0x16, 0x12, 0x15, 0x14, 0x1b, 0x15, 0x1a, 0x70, 0xa0, 0x18, 0xd0,
// Compressed size: 203 bytes original pixels: 12544 uint16_t → ~25088 bytes uncompressed)

// PAIGE / Paige Auraflow V0.3 033 S835639098 Th0.100 24 [Folder: PAIGE] - RLE compressed data (offset: 18109, size: 177)
0xb0, 0x15, 0xc0, 0xa0, 0x15, 0x1f, 0x16, 0xb0, 0xa0, 0x17, 0x12, 0x18, 0xb0, 0xa0, 0x1e, 0x12, 0xc0, 0x80, 0x1e, 0x12, 0x11, 0x2b, 0xb0, 0x70, 0x12, 0x1b, 0x19, 0x24, 0x1d, 0x12, 0xa0, 0x70, 0x16, 0x1a, 0x13, 0x16, 0x17, 0x12, 0xb0, 0x70, 0x1e, 0x1b, 0x38, 0x12, 0xb0, 0x70, 0x15, 0x13, 0x24, 0x15, 0x1a, 0xb0, 0x60, 0x13, 0x1b, 0x1c, 0x1a, 0x11, 0x16, 0x13, 0xb0, 0x70, 0x14, 0x1a, 0x16, 0x15, 0x14, 0x16, 0x17, 0xa0, 0x70, 0x12, 0x1a, 0x24, 0x15, 0x1f, 0x18, 0xa0, 0x60, 0x21, 0x1b, 0x1c, 0x13, 0x1d, 0x12, 0x1f, 0x15, 0x90, 0x70, 0x1c, 0x14, 0x1a, 0x1d, 0x17, 0x28, 0x17, 0x11, 0x80, 0x70, 0x19, 0x1a, 0x27, 0x11, 0x29, 0xa0, 0x60, 0x1c, 0x1a, 0x13, 0x16, 0x41, 0x15,
0x90, 0x50, 0x1f, 0x2c, 0x11, 0x19, 0x11, 0x13, 0x16, 0x14, 0x16, 0x90, 0x50, 0x1e, 0x11, 0x12, 0x13, 0x19, 0x10, 0x13, 0x11, 0x1d, 0x13, 0x90, 0x50, 0x12, 0x16, 0x13, 0x19, 0x1c, 0x30, 0x19, 0x14, 0x90, 0x50, 0x12, 0x15, 0x10, 0x11, 0x14, 0x40, 0x1d, 0x90, 0x40, 0x15, 0x30, 0x12, 0x13, 0x40, 0x18, 0x90, 0x80, 0x1b, 0x50, 0x11, 0x90, 0x80, 0x17, 0x50, 0x1d, 0x11, 0x1d, 0x70, 0xf0, 0x90,
// Compressed size: 177 bytes original pixels: 12544 uint16_t → ~25088 bytes uncompressed)

// PERNILLA / Pernilla Auraflow V0.3 024 S2558956129 Th0.100 24 [Folder: PERNILLA] - RLE compressed data (offset: 18286, size: 179)
0xf0, 0x90, 0xa0, 0x22, 0xc0, 0x90, 0x1c, 0x12, 0x17, 0xc0, 0x80, 0x12, 0x1e, 0x27, 0xc0, 0x80, 0x32, 0x17, 0x10, 0x13, 0xa0, 0x80, 0x1d, 0x12, 0x27, 0x13, 0x16, 0xa0, 0x80, 0x12, 0x11, 0x1a, 0x13, 0x17, 0x1e, 0xa0, 0x80, 0x1f, 0x1b, 0x24, 0x1a, 0x11, 0x1f, 0x90, 0x70, 0x13, 0x18, 0x10, 0x1d, 0x14, 0x1a, 0x10, 0x18, 0x90, 0x70, 0x18, 0x20, 0x19, 0x13, 0x15, 0xb0, 0x60, 0x13, 0x30, 0x1c, 0x1b, 0x1d, 0xb0, 0x60, 0x1b, 0x30, 0x14, 0x15, 0x16, 0x17, 0xa0, 0x80, 0x12, 0x1c, 0x1e, 0x19, 0x1d, 0x18, 0xa0, 0x50, 0x13, 0x1b, 0x1c, 0x18, 0x14, 0x1c, 0x19, 0x13, 0x16, 0x17, 0x90, 0x70, 0x14, 0x15, 0x11, 0x19, 0x1d, 0x1c, 0x13, 0x16, 0x90, 0x80, 0x13, 0x18, 0x19, 0x25, 0x21,
0x13, 0x12, 0x70, 0x70, 0x24, 0x11, 0x1e, 0x19, 0x16, 0x21, 0x1b, 0x14, 0x1a, 0x1f, 0x50, 0x70, 0x14, 0x1a, 0x16, 0x21, 0x1a, 0x11, 0x19, 0x18, 0x10, 0x1b, 0x60, 0x90, 0x31, 0x15, 0x10, 0x19, 0x20, 0x12, 0x60, 0x90, 0x18, 0x16, 0x1d, 0x12, 0x10, 0x11, 0x90, 0x90, 0x13, 0x16, 0x14, 0x20, 0x15, 0x10, 0x13, 0x70, 0xa0, 0x26, 0x20, 0x15, 0x90, 0xa0, 0x1e, 0x15, 0x20, 0x15, 0x1a, 0x80, 0xb0, 0x15, 0xc0,
// Compressed size: 179 bytes original pixels: 12544 uint16_t → ~25088 bytes uncompressed)

// PHILIPPA / Philippa Auraflow V0.3 005 S4149757206 Th0.100 24 [Folder: PHILIPPA] - RLE compressed data (offset: 18465, size: 263)
0xf0, 0x90, 0xb0, 0x13, 0x14, 0xb0, 0xa0, 0x18, 0x13, 0x14, 0xb0, 0x80, 0x1b, 0x1d, 0x17, 0x19, 0x18, 0xb0, 0x80, 0x15, 0x17, 0x1a, 0x18, 0x14, 0x40, 0x24, 0x11, 0x40, 0x80, 0x16, 0x11, 0x13, 0x34, 0x20, 0x14, 0x1b, 0x1c, 0x14, 0x40, 0x90, 0x29, 0x1a, 0x12, 0x1d, 0x10, 0x14, 0x11, 0x25, 0x14, 0x1c, 0x30, 0x90, 0x12, 0x19, 0x1a, 0x1c, 0x1d, 0x14, 0x18, 0x16, 0x27, 0x12, 0x40, 0x90, 0x14, 0x19, 0x1e, 0x19, 0x24, 0x15, 0x16, 0x17, 0x1b, 0x18, 0x40, 0x80, 0x1c, 0x1d, 0x2c, 0x17, 0x11, 0x12, 0x1b, 0x19, 0x17, 0x25, 0x1c, 0x30, 0x70, 0x14, 0x1a, 0x13, 0x19, 0x1d, 0x1e, 0x12, 0x2b, 0x19, 0x17, 0x1a, 0x17, 0x11, 0x30, 0x60, 0x12, 0x1a, 0x1c, 0x11, 0x2c, 0x17, 0x1a, 0x22,
0x15, 0x11, 0x1e, 0x50, 0x50, 0x1a, 0x11, 0x1d, 0x12, 0x13, 0x1a, 0x13, 0x16, 0x1b, 0x19, 0x12, 0x13, 0x11, 0x1a, 0x50, 0x40, 0x18, 0x25, 0x1d, 0x13, 0x17, 0x1a, 0x16, 0x17, 0x12, 0x16, 0x15, 0x13, 0x11, 0x19, 0x50, 0x30, 0x18, 0x1b, 0x16, 0x1d, 0x15, 0x1b, 0x16, 0x19, 0x1e, 0x17, 0x15, 0x16, 0x13, 0x17, 0x13, 0x60, 0x20, 0x28, 0x1e, 0x23, 0x11, 0x13, 0x16, 0x18, 0x1e, 0x17, 0x21, 0x16, 0x17, 0x11, 0x1b, 0x50, 0x10, 0x38, 0x1d, 0x1b, 0x16, 0x17, 0x11, 0x19, 0x15, 0x11, 0x29, 0x16, 0x13, 0x16, 0x11, 0x16, 0x1c, 0x40, 0x28, 0x32, 0x1d, 0x13, 0x12, 0x15, 0x10, 0x11, 0x14, 0x30, 0x11, 0x1e, 0x10, 0x19, 0x18, 0x11, 0x30, 0x10, 0x18, 0x2a, 0x12, 0x10, 0x16, 0x21, 0x70,
0x15, 0x70, 0x30, 0x12, 0x1a, 0x10, 0x13, 0x16, 0x1b, 0x60, 0x16, 0x30, 0x13, 0x40, 0x60, 0x17, 0x10, 0x1b, 0x50, 0x1b, 0x30, 0x1a, 0x13, 0x40, 0x60, 0x12, 0xb0, 0x12, 0x50, 0x60, 0x19, 0x20, 0x15, 0xe0, 0x60, 0x15, 0x20, 0x15, 0xe0,
// Compressed size: 263 bytes original pixels: 12544 uint16_t → ~25088 bytes uncompressed)

// RONJA / Ronja Auraflow V0.3 005 S3116322298 Th0.100 24 [Folder: RONJA] - RLE compressed data (offset: 18728, size: 268)
0xb0, 0x16, 0x24, 0xa0, 0xa0, 0x14, 0x13, 0x1a, 0x13, 0xa0, 0xa0, 0x16, 0x1b, 0x1a, 0x1b, 0xa0, 0x90, 0x14, 0x10, 0x13, 0x17, 0x1a, 0xa0, 0xa0, 0x23, 0x15, 0x16, 0x19, 0x13, 0x80, 0x90, 0x1b, 0x1d, 0x1a, 0x15, 0x14, 0x18, 0x16, 0x80, 0x90, 0x1e, 0x18, 0x16, 0x15, 0x1a, 0x1c, 0x90, 0x80, 0x17, 0x25, 0x1b, 0x13, 0x1b, 0x12, 0x13, 0x80, 0x70, 0x1e, 0x13, 0x15, 0x1c, 0x36, 0x1e, 0x1d, 0x80, 0x50, 0x14, 0x23, 0x14, 0x11, 0x12, 0x16, 0x11, 0x19, 0x11, 0x18, 0x16, 0x70, 0x80, 0x37, 0x1b, 0x18, 0x17, 0x21, 0x1a, 0x70, 0x70, 0x13, 0x22, 0x19, 0x1a, 0x15, 0x18, 0x1c, 0x11, 0x10, 0x17, 0x60, 0x70, 0x13, 0x11, 0x15, 0x19, 0x13, 0x11, 0x1c, 0x16, 0x11, 0x12, 0x14, 0x60, 0x60,
0x14, 0x18, 0x13, 0x17, 0x11, 0x16, 0x11, 0x1e, 0x19, 0x12, 0x17, 0x70, 0x60, 0x1b, 0x19, 0x12, 0x1b, 0x1e, 0x16, 0x12, 0x15, 0x1a, 0x1c, 0x1e, 0x70, 0x50, 0x19, 0x1e, 0x1d, 0x27, 0x19, 0x1c, 0x16, 0x18, 0x16, 0x11, 0x80, 0x30, 0x17, 0x26, 0x19, 0x17, 0x1d, 0x1c, 0x15, 0x21, 0x15, 0x18, 0x11, 0x13, 0x70, 0x40, 0x13, 0x17, 0x1e, 0x12, 0x18, 0x1e, 0x1d, 0x2c, 0x18, 0x1c, 0x15, 0x17, 0x70, 0x20, 0x13, 0x1b, 0x20, 0x1b, 0x12, 0x1e, 0x15, 0x62, 0x1c, 0x10, 0x12, 0x10, 0x24, 0x20, 0x50, 0x13, 0x12, 0x1b, 0x17, 0x11, 0x12, 0x19, 0x1d, 0x11, 0x19, 0x1c, 0x1d, 0x1a, 0x60, 0x30, 0x19, 0x10, 0x14, 0x15, 0x18, 0x11, 0x1d, 0x12, 0x11, 0x18, 0x11, 0x12, 0x11, 0x12, 0x1a, 0x13,
0x50, 0x20, 0x14, 0x20, 0x15, 0x17, 0x29, 0x11, 0x2d, 0x17, 0x12, 0x18, 0x11, 0x1d, 0x16, 0x24, 0x40, 0x20, 0x1b, 0x19, 0x15, 0x1b, 0x1a, 0x12, 0x18, 0x1a, 0x11, 0x15, 0x21, 0x15, 0x12, 0x18, 0x15, 0x18, 0x13, 0x19, 0x1a, 0x14, 0x10, 0x80, 0x14, 0x30, 0x24, 0xa0,
// Compressed size: 268 bytes original pixels: 12544 uint16_t → ~25088 bytes uncompressed)

// SABRINA / Sabrina Auraflow V0.3 006 S3709341135 Th0.100 24 [Folder: SABRINA] - RLE compressed data (offset: 18996, size: 199)
0xf0, 0x90, 0xa0, 0x1b, 0x11, 0x13, 0x11, 0xa0, 0xa0, 0x11, 0x1d, 0x19, 0x18, 0xa0, 0x90, 0x21, 0x1a, 0x14, 0x19, 0xa0, 0xb0, 0x13, 0x17, 0x1d, 0x1e, 0x90, 0xb0, 0x13, 0x1a, 0x18, 0x13, 0x90, 0xa0, 0x1a, 0x1e, 0x12, 0x18, 0x1e, 0x90, 0xa0, 0x11, 0x15, 0x12, 0x1d, 0x11, 0x90, 0xa0, 0x11, 0x18, 0x1d, 0x1e, 0x14, 0x90, 0xa0, 0x2d, 0x26, 0x18, 0x90, 0xa0, 0x18, 0x1e, 0x1d, 0x16, 0x21, 0x80, 0xa0, 0x12, 0x13, 0x1d, 0x14, 0x19, 0x1a, 0x80, 0x90, 0x14, 0x1d, 0x1c, 0x1f, 0x13, 0x14, 0x90, 0x90, 0x12, 0x17, 0x12, 0x1b, 0x29, 0x90, 0x90, 0x13, 0x15, 0x16, 0x1f, 0x16, 0x14, 0x90, 0x80, 0x18, 0x14, 0x1f, 0x19, 0x22, 0x15, 0x90, 0x80, 0x11, 0x17, 0x1e, 0x1c, 0x12, 0x15, 0x1f,
0x90, 0x80, 0x1b, 0x12, 0x13, 0x1c, 0x16, 0x15, 0x13, 0x11, 0x80, 0x70, 0x1b, 0x13, 0x12, 0x15, 0x11, 0x1c, 0x15, 0x1e, 0x1a, 0x80, 0x40, 0x1a, 0x13, 0x1c, 0x15, 0x12, 0x29, 0x1a, 0x1f, 0x13, 0x11, 0x17, 0x80, 0x30, 0x21, 0x1b, 0x11, 0x16, 0x1c, 0x16, 0x1b, 0x15, 0x1c, 0x12, 0x16, 0x19, 0x80, 0x11, 0x1a, 0x31, 0x12, 0x16, 0x1b, 0x15, 0x1b, 0x12, 0x15, 0x16, 0x17, 0x14, 0x13, 0x80, 0x1c, 0x12, 0x18, 0x14, 0x18, 0x1e, 0x16, 0x15, 0x1f, 0x1b, 0x1c, 0x47, 0x90, 0x14, 0x17, 0x24, 0x11, 0x13, 0x1a, 0x18, 0x19, 0x17, 0xe0,
// Compressed size: 199 bytes original pixels: 12544 uint16_t → ~25088 bytes uncompressed)

// SAEWYNN / Saewynn Auraflow V0.3 010 S4232203134 Th0.100 24 [Folder: SAEWYNN] - RLE compressed data (offset: 19195, size: 182)
0xa0, 0x1f, 0x19, 0xc0, 0x90, 0x1a, 0x18, 0x17, 0x19, 0xb0, 0x90, 0x27, 0x1b, 0x12, 0xb0, 0x80, 0x12, 0x28, 0x1b, 0xc0, 0x80, 0x1b, 0x18, 0x19, 0x18, 0x1f, 0xb0, 0x80, 0x28, 0x14, 0x13, 0x18, 0xb0, 0x70, 0x13, 0x17, 0x21, 0x1a, 0x19, 0x1b, 0xa0, 0x70, 0x2e, 0x13, 0x26, 0x1e, 0x1a, 0xa0, 0x70, 0x16, 0x11, 0x14, 0x1e, 0x15, 0x1c, 0x12, 0xa0, 0x70, 0x11, 0x12, 0x25, 0x1b, 0x17, 0x18, 0xa0, 0x70, 0x11, 0x15, 0x11, 0x1e, 0x27, 0x1b, 0xa0, 0x70, 0x16, 0x14, 0x1a, 0x18, 0x22, 0x1c, 0xa0, 0x70, 0x11, 0x14, 0x16, 0x11, 0x16, 0x11, 0x1f, 0xa0, 0x80, 0x23, 0x11, 0x1d, 0x16, 0x17, 0x19, 0x90, 0x80, 0x13, 0x15, 0x16, 0x13, 0x19, 0x2b, 0x90, 0x80, 0x12, 0x14, 0x12, 0x1c, 0x1a,
0x12, 0xa0, 0x80, 0x14, 0x15, 0x13, 0x1e, 0x11, 0x19, 0xa0, 0x70, 0x13, 0x17, 0x15, 0x1e, 0x17, 0x1d, 0x1c, 0xa0, 0x70, 0x11, 0x1c, 0x13, 0x15, 0x1f, 0x14, 0x1c, 0xa0, 0x70, 0x11, 0x13, 0x14, 0x15, 0x12, 0x14, 0x12, 0xa0, 0x70, 0x1a, 0x14, 0x15, 0x14, 0x11, 0x15, 0x1c, 0xa0, 0x70, 0x11, 0x12, 0x14, 0x12, 0x1c, 0x2d, 0xa0, 0x70, 0x1a, 0x16, 0x2d, 0x13, 0x12, 0x1d, 0xa0, 0x80, 0x13, 0x14, 0x1a, 0x13, 0x16, 0x19, 0xa0,
// Compressed size: 182 bytes original pixels: 12544 uint16_t → ~25088 bytes uncompressed)

// SELINA / Selina Auraflow V0.3 026 S3270675700 Th0.100 24 [Folder: SELINA] - RLE compressed data (offset: 19377, size: 182)
0xf0, 0x90, 0xf0, 0x90, 0xf0, 0x90, 0xf0, 0x90, 0xc0, 0x12, 0x16, 0x11, 0x50, 0x11, 0x30, 0x90, 0x13, 0x12, 0x2c, 0x18, 0x11, 0x50, 0x1f, 0x30, 0x90, 0x19, 0x13, 0x14, 0x1c, 0x18, 0x17, 0x50, 0x16, 0x30, 0xb0, 0x12, 0x16, 0x19, 0x16, 0x12, 0x20, 0x1e, 0x15, 0x1d, 0x30, 0xb0, 0x1f, 0x22, 0x10, 0x14, 0x25, 0x60, 0xc0, 0x1b, 0x18, 0xa0, 0xc0, 0x17, 0x18, 0x13, 0x40, 0x16, 0x40, 0xa0, 0x1a, 0x1b, 0x15, 0x11, 0x19, 0x40, 0x16, 0x40, 0xa0, 0x1d, 0x16, 0x1c, 0x19, 0x18, 0x13, 0x80, 0xa0, 0x13, 0x16, 0x1c, 0x11, 0x19, 0x14, 0x80, 0x30, 0x1a, 0x34, 0x1a, 0x13, 0x1b, 0x11, 0x16, 0x22, 0x11, 0x17, 0x20, 0x12, 0x50, 0x30, 0x14, 0x17, 0x1b, 0x15, 0x1d, 0x17, 0x18, 0x12, 0x11,
0x32, 0x90, 0x30, 0x13, 0x1a, 0x28, 0x12, 0x19, 0x1b, 0x19, 0x1c, 0x16, 0x1c, 0x18, 0x90, 0x30, 0x13, 0x24, 0x11, 0x12, 0x31, 0x1b, 0x16, 0x1d, 0x11, 0x20, 0x13, 0x60, 0x40, 0x2a, 0x17, 0x1b, 0x11, 0x15, 0x1b, 0x17, 0x21, 0x19, 0x15, 0x10, 0x16, 0x60, 0x50, 0x33, 0x1d, 0x25, 0x17, 0x14, 0x25, 0x14, 0x80, 0x60, 0x14, 0x1a, 0x14, 0x1a, 0x1d, 0x1e, 0x13, 0x20, 0x17, 0x80, 0xc0, 0x19, 0xb0, 0xc0, 0x15, 0xb0, 0xf0, 0x90,
// Compressed size: 182 bytes original pixels: 12544 uint16_t → ~25088 bytes uncompressed)

// SIGRID / Sigrid Auraflow V0.3 000 S2223058159 Th0.100 24 [Folder: SIGRID] - RLE compressed data (offset: 19559, size: 225)
0xf0, 0x90, 0x40, 0x1c, 0x15, 0x10, 0x14, 0x30, 0x1c, 0x2b, 0xa0, 0x40, 0x14, 0x15, 0x16, 0x1d, 0x17, 0x20, 0x17, 0x18, 0x1e, 0xa0, 0x40, 0x2e, 0x10, 0x16, 0x1d, 0x10, 0x15, 0x1d, 0x22, 0x2b, 0x80, 0x40, 0x1e, 0x17, 0x10, 0x14, 0x30, 0x1b, 0x16, 0x13, 0x11, 0x13, 0x80, 0x50, 0x15, 0x10, 0x11, 0x30, 0x13, 0x1e, 0x15, 0x11, 0x10, 0x13, 0x70, 0x70, 0x19, 0x20, 0x1e, 0x19, 0x18, 0x15, 0x11, 0x13, 0x80, 0x70, 0x1f, 0x20, 0x15, 0x19, 0x12, 0x28, 0x1d, 0x80, 0x70, 0x18, 0x16, 0x10, 0x13, 0x1a, 0x14, 0x12, 0x15, 0x1c, 0x80, 0x70, 0x1d, 0x12, 0x28, 0x11, 0x1a, 0x1b, 0x1c, 0x13, 0x80, 0x70, 0x12, 0x10, 0x16, 0x18, 0x12, 0x1f, 0x20, 0x13, 0x80, 0x70, 0x18, 0x10, 0x16, 0x21,
0x16, 0x17, 0xa0, 0x70, 0x1a, 0x10, 0x17, 0x14, 0x19, 0x15, 0x18, 0x17, 0x90, 0x70, 0x1a, 0x10, 0x15, 0x12, 0x11, 0x1d, 0x12, 0x1f, 0x15, 0x80, 0x90, 0x17, 0x11, 0x27, 0x11, 0x19, 0x20, 0x11, 0x13, 0x50, 0x90, 0x13, 0x17, 0x18, 0x12, 0x14, 0x11, 0x14, 0x80, 0x90, 0x16, 0x17, 0x12, 0x21, 0x12, 0x90, 0x80, 0x2c, 0x14, 0x1e, 0x1a, 0x14, 0x11, 0x1c, 0x80, 0x80, 0x12, 0x1e, 0x19, 0x15, 0x1a, 0x19, 0x22, 0x80, 0x80, 0x14, 0x2a, 0x13, 0x1c, 0x1d, 0x16, 0x11, 0x12, 0x70, 0x80, 0x1d, 0x11, 0x19, 0x13, 0x1c, 0x30, 0x14, 0x13, 0x60, 0x80, 0x13, 0x1a, 0x20, 0x16, 0x30, 0x11, 0x16, 0x60, 0x70, 0x13, 0x24, 0x60, 0x12, 0x14, 0x60, 0x60, 0x1b, 0x19, 0x1a, 0x19, 0x10, 0x2b, 0x13,
0xa0,
// Compressed size: 225 bytes original pixels: 12544 uint16_t → ~25088 bytes uncompressed)

// SVEA / Svea Auraflow V0.3 033 S131431270 Th0.100 24 [Folder: SVEA] - RLE compressed data (offset: 19784, size: 255)
0xb0, 0x14, 0x17, 0xb0, 0x90, 0x1b, 0x24, 0x18, 0x1b, 0xa0, 0x90, 0x1b, 0x1d, 0x18, 0x14, 0x1b, 0xa0, 0x90, 0x17, 0x13, 0x18, 0x14, 0x1e, 0x17, 0x90, 0x90, 0x1e, 0x14, 0x18, 0x15, 0x18, 0x17, 0x90, 0x60, 0x1a, 0x17, 0x1b, 0x11, 0x14, 0x1d, 0x12, 0x24, 0x90, 0x70, 0x1b, 0x1d, 0x14, 0x18, 0x1f, 0x12, 0x13, 0x27, 0x80, 0x60, 0x1a, 0x1e, 0x12, 0x15, 0x1c, 0x19, 0x13, 0x14, 0x18, 0x17, 0x80, 0x60, 0x1e, 0x1b, 0x12, 0x13, 0x11, 0x1c, 0x12, 0x28, 0x17, 0x80, 0x70, 0x17, 0x14, 0x17, 0x12, 0x13, 0x22, 0x1e, 0x17, 0x80, 0x70, 0x17, 0x12, 0x1b, 0x1d, 0x22, 0x18, 0x14, 0x17, 0x80, 0x60, 0x17, 0x1c, 0x32, 0x18, 0x21, 0x14, 0x17, 0x80, 0x60, 0x1e, 0x14, 0x1d, 0x11, 0x16, 0x1d,
0x13, 0x1d, 0x18, 0x1b, 0x80, 0x60, 0x1a, 0x11, 0x1c, 0x11, 0x15, 0x19, 0x13, 0x1f, 0x1a, 0x14, 0x80, 0x40, 0x14, 0x2a, 0x19, 0x10, 0x11, 0x16, 0x2c, 0x15, 0x10, 0x12, 0x80, 0x50, 0x14, 0x1e, 0x19, 0x35, 0x12, 0x1c, 0x19, 0x1a, 0x1e, 0x80, 0x30, 0x1a, 0x14, 0x1b, 0x10, 0x11, 0x25, 0x19, 0x11, 0x13, 0x19, 0x1b, 0x1e, 0x80, 0x30, 0x18, 0x2a, 0x13, 0x10, 0x11, 0x16, 0x1a, 0x19, 0x11, 0x19, 0x1a, 0x90, 0x30, 0x12, 0x10, 0x11, 0x10, 0x12, 0x23, 0x11, 0x23, 0x11, 0x12, 0x90, 0x30, 0x1c, 0x1d, 0x20, 0x19, 0x16, 0x13, 0x19, 0x12, 0x11, 0x13, 0x12, 0x90, 0x30, 0x15, 0x20, 0x1c, 0x11, 0x16, 0x15, 0x11, 0x16, 0x13, 0x11, 0x12, 0x90, 0x20, 0x13, 0x11, 0x1c, 0x14, 0x13, 0x46,
0x15, 0x13, 0x1d, 0x1c, 0x90, 0x10, 0x16, 0x11, 0x13, 0x31, 0x15, 0x26, 0x35, 0x1d, 0x11, 0x90, 0x10, 0x19, 0x12, 0x11, 0x19, 0x16, 0x23, 0x26, 0x15, 0x13, 0x16, 0x12, 0x13, 0x12, 0x80,
// Compressed size: 255 bytes original pixels: 12544 uint16_t → ~25088 bytes uncompressed)

// THEA / Thea Auraflow V0.3 009 S1520269408 Th0.100 24 [Folder: THEA] - RLE compressed data (offset: 20039, size: 154)
0xb0, 0x1c, 0x13, 0xb0, 0xb0, 0x16, 0x1c, 0x1d, 0xa0, 0xb0, 0x18, 0x16, 0x1d, 0xa0, 0xa0, 0x13, 0x16, 0x1b, 0x1c, 0xa0, 0xa0, 0x49, 0xa0, 0x90, 0x16, 0x1d, 0x1b, 0x29, 0xa0, 0x90, 0x16, 0x12, 0x1e, 0x11, 0x17, 0x1a, 0x90, 0x90, 0x1c, 0x15, 0x12, 0x17, 0x1b, 0x12, 0x90, 0xa0, 0x16, 0x11, 0x22, 0x1e, 0x90, 0x80, 0x13, 0x10, 0x12, 0x1e, 0x2a, 0xa0, 0x80, 0x12, 0x10, 0x21, 0x14, 0x1a, 0x10, 0x1b, 0x80, 0x80, 0x14, 0x10, 0x15, 0x18, 0x11, 0x1b, 0xa0, 0xa0, 0x23, 0x15, 0x1a, 0x1b, 0x90, 0xa0, 0x18, 0x1f, 0x18, 0x1a, 0x14, 0x90, 0xa0, 0x1c, 0x11, 0x14, 0x12, 0x11, 0x90, 0xa0, 0x23, 0x17, 0x24, 0x90, 0xa0, 0x15, 0x1e, 0x11, 0x14, 0x13, 0x90, 0xa0, 0x11, 0x1f, 0x15, 0x17,
0x16, 0x90, 0xa0, 0x18, 0x1f, 0x17, 0x15, 0x11, 0x90, 0xa0, 0x16, 0x1e, 0x11, 0x12, 0x18, 0x90, 0xa0, 0x13, 0x17, 0x1c, 0x11, 0x12, 0x90, 0xa0, 0x15, 0x13, 0x11, 0x18, 0x1f, 0x90, 0x80, 0x15, 0x14, 0x12, 0x1d, 0x14, 0x17, 0x1d, 0x11, 0x80, 0xf0, 0x90,
// Compressed size: 154 bytes original pixels: 12544 uint16_t → ~25088 bytes uncompressed)

// THRYTH / Thryth Auraflow V0.3 008 S2470927742 Th0.100 24 [Folder: THRYTH] - RLE compressed data (offset: 20193, size: 267)
0x40, 0x1b, 0x17, 0x1d, 0x14, 0xf0, 0x10, 0x40, 0x17, 0x2e, 0x17, 0x30, 0x19, 0x17, 0xb0, 0x40, 0x18, 0x1b, 0x18, 0x16, 0x30, 0x14, 0x27, 0xa0, 0x30, 0x11, 0x18, 0x11, 0x28, 0x20, 0x14, 0x16, 0x12, 0x14, 0x12, 0x13, 0x80, 0x50, 0x19, 0x30, 0x2e, 0x32, 0x19, 0x14, 0x12, 0x70, 0x50, 0x13, 0x19, 0x10, 0x13, 0x1d, 0x32, 0x13, 0x1d, 0x13, 0x16, 0x70, 0x40, 0x1b, 0x26, 0x23, 0x27, 0x12, 0x14, 0x17, 0x1a, 0x12, 0x14, 0x13, 0x60, 0x40, 0x11, 0x1a, 0x18, 0x1a, 0x14, 0x1c, 0x12, 0x16, 0x13, 0x1a, 0x21, 0x13, 0x12, 0x13, 0x50, 0x50, 0x19, 0x18, 0x16, 0x10, 0x1c, 0x1a, 0x16, 0x17, 0x14, 0x16, 0x11, 0x14, 0x19, 0x16, 0x50, 0x50, 0x17, 0x30, 0x14, 0x1b, 0x12, 0x15, 0x13, 0x11,
0x1a, 0x10, 0x1f, 0x12, 0x1c, 0x40, 0x50, 0x16, 0x30, 0x12, 0x15, 0x11, 0x25, 0x11, 0x13, 0x10, 0x11, 0x15, 0x1e, 0x40, 0x50, 0x1a, 0x30, 0x15, 0x1b, 0x19, 0x12, 0x1e, 0x15, 0x1d, 0x10, 0x19, 0x13, 0x17, 0x40, 0x60, 0x19, 0x10, 0x18, 0x11, 0x13, 0x12, 0x18, 0x11, 0x16, 0x1b, 0x10, 0x13, 0x11, 0x14, 0x40, 0x50, 0x11, 0x20, 0x11, 0x12, 0x15, 0x18, 0x2b, 0x19, 0x11, 0x10, 0x12, 0x18, 0x50, 0x50, 0x16, 0x1a, 0x13, 0x15, 0x1b, 0x18, 0x15, 0x19, 0x21, 0x1b, 0x1d, 0x70, 0x60, 0x17, 0x21, 0x15, 0x19, 0x25, 0x14, 0x1a, 0x18, 0x80, 0x60, 0x26, 0x14, 0x1b, 0x14, 0x18, 0x15, 0x17, 0x2c, 0x80, 0x60, 0x16, 0x1d, 0x25, 0x17, 0x30, 0x16, 0x14, 0x1a, 0x70, 0x60, 0x1c, 0x16, 0x21,
0x1c, 0x30, 0x25, 0x11, 0x17, 0x60, 0x60, 0x1a, 0x10, 0x15, 0x18, 0x1a, 0x40, 0x21, 0x70, 0x60, 0x1a, 0x1d, 0x19, 0x1c, 0x14, 0x40, 0x12, 0x1c, 0x70, 0x60, 0x14, 0x19, 0x11, 0x14, 0x50, 0x13, 0x1c, 0x70, 0x60, 0x18, 0x13, 0x19, 0x60, 0x13, 0x80, 0xf0, 0x90,
// Compressed size: 267 bytes original pixels: 12544 uint16_t → ~25088 bytes uncompressed)

// TUVA / Tuva Auraflow V0.3 005 S3839269024 Th0.100 24 [Folder: TUVA] - RLE compressed data (offset: 20460, size: 268)
0xf0, 0x90, 0x70, 0x15, 0x1c, 0x18, 0x15, 0x1c, 0xc0, 0x60, 0x1c, 0x15, 0x18, 0x1a, 0x15, 0x1a, 0x1c, 0xb0, 0x70, 0x2a, 0x18, 0x1d, 0x1a, 0x1c, 0xb0, 0x70, 0x1c, 0x18, 0x16, 0x25, 0x18, 0xb0, 0x50, 0x1a, 0x1c, 0x18, 0x1c, 0x17, 0x13, 0x1f, 0x16, 0xb0, 0x20, 0x2c, 0x16, 0x18, 0x1c, 0x15, 0x19, 0x17, 0x19, 0x14, 0x1d, 0x13, 0xa0, 0x50, 0x28, 0x16, 0x11, 0x29, 0x21, 0x13, 0xa0, 0x50, 0x1a, 0x18, 0x1f, 0x14, 0x17, 0x31, 0x12, 0xa0, 0x40, 0x1c, 0x16, 0x1a, 0x19, 0x12, 0x1e, 0x24, 0x11, 0x12, 0xa0, 0x40, 0x15, 0x1c, 0x13, 0x22, 0x18, 0x14, 0x11, 0x14, 0x11, 0x13, 0x90, 0x50, 0x13, 0x1a, 0x19, 0x13, 0x10, 0x1e, 0x13, 0x17, 0x2d, 0x13, 0x40, 0x1b, 0x30, 0x30, 0x18, 0x15,
0x13, 0x22, 0x10, 0x15, 0x1e, 0x19, 0x14, 0x1d, 0x16, 0x15, 0x11, 0x14, 0x18, 0x1d, 0x1b, 0x30, 0x30, 0x15, 0x1a, 0x23, 0x1a, 0x15, 0x1f, 0x11, 0x27, 0x1d, 0x17, 0x30, 0x27, 0x40, 0x20, 0x16, 0x1a, 0x16, 0x2f, 0x18, 0x15, 0x21, 0x19, 0x17, 0x11, 0x13, 0x16, 0x20, 0x11, 0x50, 0x40, 0x16, 0x13, 0x10, 0x18, 0x15, 0x21, 0x17, 0x14, 0x12, 0x14, 0x1e, 0x10, 0x14, 0x60, 0x40, 0x1a, 0x15, 0x20, 0x1b, 0x11, 0x1e, 0x24, 0x12, 0x13, 0x10, 0x17, 0x70, 0x70, 0x1d, 0x16, 0x17, 0x11, 0x1e, 0x19, 0x13, 0x1d, 0x90, 0x30, 0x16, 0x30, 0x1b, 0x1e, 0x1b, 0x1e, 0x24, 0x1b, 0x1e, 0x19, 0x80, 0x60, 0x16, 0x12, 0x11, 0x2b, 0x1e, 0x17, 0x14, 0x22, 0x80, 0x50, 0x15, 0x1f, 0x11, 0x1b, 0x12,
0x14, 0x17, 0x1e, 0x17, 0x12, 0x1d, 0x80, 0x40, 0x1d, 0x1f, 0x11, 0x2b, 0x1f, 0x14, 0x1e, 0x12, 0x17, 0x1b, 0x1f, 0x80, 0x40, 0x19, 0x11, 0x19, 0x16, 0x1f, 0x22, 0x1d, 0x12, 0x1b, 0x13, 0x90, 0x30, 0x1f, 0x11, 0x19, 0x36, 0x12, 0x29, 0x1b, 0x13, 0x1d, 0x1a, 0x80,
// Compressed size: 268 bytes original pixels: 12544 uint16_t → ~25088 bytes uncompressed)

// VALENTINE / Valentine Auraflow V0.3 006 S228085498 Th0.100 24 [Folder: VALENTINE] - RLE compressed data (offset: 20728, size: 288)
0xd0, 0x15, 0x14, 0x90, 0xa0, 0x13, 0x16, 0x1a, 0x15, 0x12, 0x16, 0x80, 0x90, 0x1c, 0x16, 0x1d, 0x14, 0x17, 0x1b, 0x13, 0x80, 0x90, 0x14, 0x19, 0x11, 0x15, 0x14, 0x17, 0x90, 0x90, 0x19, 0x12, 0x1e, 0x1c, 0x1e, 0x1b, 0x1f, 0x19, 0x70, 0xa0, 0x19, 0x11, 0x17, 0x1e, 0x17, 0x13, 0x19, 0x70, 0xa0, 0x16, 0x11, 0x1d, 0x18, 0x17, 0x15, 0x80, 0x40, 0x13, 0x18, 0x11, 0x14, 0x12, 0x11, 0x1a, 0x20, 0x11, 0x14, 0x12, 0x1a, 0x70, 0xd0, 0x18, 0x14, 0x1a, 0x15, 0x70, 0x80, 0x13, 0x30, 0x16, 0x1a, 0x17, 0x13, 0x11, 0x1b, 0x60, 0x70, 0x13, 0x40, 0x14, 0x22, 0x1d, 0x1b, 0x13, 0x60, 0x70, 0x19, 0x40, 0x12, 0x21, 0x1d, 0x17, 0x1b, 0x60, 0xb0, 0x32, 0x18, 0x1d, 0x17, 0x70, 0xb0, 0x1d,
0x22, 0x14, 0x11, 0x18, 0x1b, 0x60, 0xa0, 0x14, 0x11, 0x1d, 0x14, 0x1a, 0x18, 0x15, 0x11, 0x10, 0x1e, 0x40, 0x50, 0x13, 0x30, 0x1b, 0x18, 0x22, 0x1d, 0x11, 0x35, 0x60, 0x30, 0x19, 0x10, 0x13, 0x10, 0x19, 0x16, 0x11, 0x1a, 0x12, 0x11, 0x1e, 0x11, 0x15, 0x27, 0x10, 0x13, 0x19, 0x30, 0x30, 0x16, 0x13, 0x1c, 0x10, 0x1a, 0x11, 0x12, 0x18, 0x12, 0x1d, 0x11, 0x18, 0x15, 0x17, 0x11, 0x14, 0x19, 0x16, 0x30, 0x40, 0x11, 0x2e, 0x18, 0x11, 0x15, 0x1d, 0x1c, 0x11, 0x18, 0x17, 0x18, 0x17, 0x1a, 0x12, 0x13, 0x10, 0x1b, 0x20, 0x20, 0x13, 0x16, 0x13, 0x17, 0x18, 0x1a, 0x1b, 0x11, 0x1b, 0x15, 0x18, 0x1d, 0x15, 0x14, 0x15, 0x12, 0x18, 0x16, 0x40, 0x10, 0x13, 0x1e, 0x12, 0x1c, 0x1a,
0x13, 0x17, 0x1c, 0x13, 0x1b, 0x18, 0x15, 0x11, 0x14, 0x18, 0x17, 0x11, 0x17, 0x1c, 0x40, 0x10, 0x1c, 0x2f, 0x2c, 0x14, 0x15, 0x1a, 0x1c, 0x1e, 0x12, 0x15, 0x14, 0x17, 0x2a, 0x14, 0x1b, 0x12, 0x1c, 0x30, 0x40, 0x14, 0x13, 0x1c, 0x1e, 0x1a, 0x1e, 0x14, 0x1d, 0x1b, 0x19, 0x1b, 0x14, 0x10, 0x16, 0x19, 0x16, 0x19, 0x30, 0x40, 0x16, 0x10, 0x19, 0x13, 0x46, 0x19, 0x16, 0x15, 0x12, 0x80,
// Compressed size: 288 bytes original pixels: 12544 uint16_t → ~25088 bytes uncompressed)

// WILMA / Wilma Auraflow V0.3 027 S1647033594 Th0.100 24 [Folder: WILMA] - RLE compressed data (offset: 21016, size: 176)
0xf0, 0x90, 0xb0, 0x19, 0x1c, 0xb0, 0xb0, 0x14, 0x15, 0xb0, 0xa0, 0x14, 0x12, 0x17, 0x20, 0x11, 0x80, 0x90, 0x11, 0x12, 0x14, 0x16, 0x20, 0x1e, 0x80, 0x90, 0x15, 0x11, 0x12, 0x17, 0x1a, 0x10, 0x16, 0x80, 0x90, 0x14, 0x11, 0x18, 0x1c, 0x1d, 0x10, 0x15, 0x80, 0x80, 0x11, 0x1d, 0x10, 0x11, 0x12, 0x1d, 0x10, 0x11, 0x80, 0x90, 0x1b, 0x10, 0x19, 0x15, 0x16, 0x17, 0x15, 0x80, 0xa0, 0x14, 0x1d, 0x13, 0x1a, 0x10, 0x15, 0x80, 0x90, 0x11, 0x2c, 0x11, 0x16, 0x10, 0x1e, 0x80, 0x90, 0x1b, 0x13, 0x1b, 0x14, 0x13, 0x10, 0x17, 0x80, 0x90, 0x19, 0x13, 0x19, 0x1c, 0x12, 0xa0, 0x90, 0x1d, 0x1b, 0x3a, 0xa0, 0x80, 0x17, 0x11, 0x16, 0x1a, 0x17, 0x1a, 0xa0, 0x80, 0x14, 0x12, 0x18, 0x16,
0x13, 0x29, 0x90, 0x70, 0x16, 0x13, 0x18, 0x13, 0x15, 0x14, 0x18, 0x16, 0x90, 0x60, 0x1c, 0x19, 0x21, 0x13, 0x12, 0x23, 0x11, 0x90, 0x60, 0x12, 0x17, 0x11, 0x25, 0x17, 0x11, 0x12, 0xa0, 0x60, 0x12, 0x17, 0x14, 0x18, 0x1b, 0x13, 0x28, 0xa0, 0x60, 0x22, 0x13, 0x1d, 0x13, 0x11, 0x18, 0x19, 0xa0, 0xa0, 0x18, 0x10, 0x16, 0x1b, 0xa0, 0xa0, 0x14, 0x10, 0x12, 0x1b, 0x14, 0x90, 0xf0, 0x90,
// Compressed size: 176 bytes original pixels: 12544 uint16_t → ~25088 bytes uncompressed)

// WINIFRED / Winifred Auraflow V0.3 010 S4264381568 Th0.100 24 [Folder: WINIFRED] - RLE compressed data (offset: 21192, size: 197)
0xf0, 0x90, 0xf0, 0x90, 0xf0, 0x90, 0xf0, 0x90, 0xf0, 0x90, 0xf0, 0x90, 0x70, 0x16, 0x1e, 0x19, 0x1b, 0x1e, 0x19, 0xb0, 0x80, 0x11, 0x1b, 0x1a, 0x1e, 0x16, 0xb0, 0x70, 0x18, 0x17, 0x12, 0x13, 0x14, 0x16, 0xb0, 0x70, 0x16, 0x18, 0x11, 0x19, 0x1c, 0x16, 0x28, 0x90, 0x70, 0x18, 0x15, 0x17, 0x15, 0x20, 0x14, 0x19, 0x90, 0x70, 0x19, 0x1a, 0x24, 0x15, 0xc0, 0x70, 0x24, 0x1c, 0x14, 0x15, 0x16, 0x10, 0x1c, 0x90, 0x70, 0x17, 0x14, 0x15, 0x14, 0x15, 0x14, 0x10, 0x15, 0x90, 0x70, 0x16, 0x1a, 0x14, 0x1f, 0x1c, 0x13, 0x1c, 0x15, 0x90, 0x80, 0x17, 0x11, 0x2d, 0x1b, 0x19, 0x15, 0x90, 0x80, 0x1a, 0x12, 0x2d, 0x18, 0x15, 0xa0, 0x80, 0x21, 0x1d, 0x12, 0x18, 0xb0, 0x60, 0x18, 0x16,
0x1b, 0x11, 0x2d, 0x21, 0xa0, 0x60, 0x17, 0x11, 0x12, 0x23, 0x17, 0x1d, 0x1a, 0x13, 0x19, 0x15, 0x70, 0x40, 0x1c, 0x18, 0x1a, 0x11, 0x22, 0x1b, 0x32, 0x13, 0x12, 0x11, 0x16, 0x60, 0x20, 0x26, 0x1a, 0x1e, 0x1b, 0x12, 0x1b, 0x13, 0x11, 0x22, 0x13, 0x32, 0x13, 0x15, 0x20, 0x14, 0x20, 0x1c, 0x18, 0x1a, 0x19, 0x1b, 0x1e, 0x17, 0x13, 0x11, 0x23, 0x12, 0x13, 0x11, 0x17, 0x13, 0x2b, 0x13, 0x15, 0x14, 0x19, 0x20, 0x1a, 0x19, 0x17, 0x1a, 0x11, 0x14, 0x1d, 0x16, 0x12, 0x61, 0x17, 0x1c, 0x1e, 0x17, 0x1e, 0x1c, 0x30,
// Compressed size: 197 bytes original pixels: 12544 uint16_t → ~25088 bytes uncompressed)

// WINSTON / Winston Auraflow V0.3 031 S3261743678 Th0.100 24 [Folder: WINSTON] - RLE compressed data (offset: 21389, size: 217)
0xf0, 0x90, 0xb0, 0x15, 0x1b, 0xb0, 0xb0, 0x11, 0x1c, 0xb0, 0xa0, 0x13, 0x1f, 0x1b, 0x1c, 0x40, 0x1b, 0x18, 0x40, 0x90, 0x13, 0x1f, 0x14, 0x2b, 0x30, 0x1d, 0x2b, 0x40, 0x90, 0x16, 0x1e, 0x18, 0x1d, 0x18, 0x19, 0x20, 0x1d, 0x2b, 0x40, 0x80, 0x1e, 0x12, 0x17, 0x11, 0x13, 0x18, 0x14, 0x30, 0x18, 0x1d, 0x40, 0x80, 0x1a, 0x13, 0x14, 0x11, 0x19, 0x18, 0x16, 0x1c, 0x20, 0x19, 0x50, 0x70, 0x1c, 0x16, 0x1f, 0x17, 0x16, 0x18, 0x13, 0x16, 0x1c, 0x20, 0x18, 0x50, 0x80, 0x21, 0x13, 0x16, 0x1a, 0x18, 0x1e, 0x13, 0x1c, 0x12, 0x15, 0x50, 0x80, 0x11, 0x13, 0x1e, 0x11, 0x14, 0x11, 0x12, 0x30, 0x15, 0x50, 0x80, 0x1a, 0x17, 0x1c, 0x17, 0x1d, 0x19, 0x1d, 0x30, 0x15, 0x50, 0x80, 0x11,
0x14, 0x13, 0x16, 0x19, 0x14, 0x19, 0x30, 0x13, 0x50, 0x80, 0x12, 0x17, 0x12, 0x15, 0x17, 0x19, 0x1d, 0x30, 0x1f, 0x50, 0x80, 0x1a, 0x17, 0x13, 0x14, 0x15, 0x19, 0x12, 0x30, 0x11, 0x50, 0x70, 0x1a, 0x1e, 0x1a, 0x16, 0x1d, 0x12, 0x15, 0x1c, 0x30, 0x18, 0x50, 0x70, 0x19, 0x1a, 0x26, 0x14, 0x22, 0x19, 0x90, 0x70, 0x15, 0x16, 0x25, 0x14, 0x16, 0x12, 0x13, 0x30, 0x11, 0x50, 0x70, 0x1c, 0x19, 0x13, 0x15, 0x16, 0x11, 0x17, 0x12, 0x90, 0x40, 0x1a, 0x21, 0x14, 0x15, 0x17, 0x11, 0x17, 0x11, 0x13, 0x12, 0x1a, 0x80, 0x50, 0x15, 0x24, 0x1a, 0x17, 0x14, 0x17, 0x11, 0x12, 0x17, 0x18, 0x80, 0x90, 0x11, 0x12, 0xd0, 0xf0, 0x90, 0xf0, 0x90,
// Compressed size: 217 bytes original pixels: 12544 uint16_t → ~25088 bytes uncompressed)

// WULFSTAN / Wulfstan Auraflow V0.3 004 S2718788170 Th0.100 24 [Folder: WULFSTAN] - RLE compressed data (offset: 21606, size: 222)
0xc0, 0x25, 0xa0, 0xc0, 0x2b, 0xa0, 0xb0, 0x11, 0x1b, 0x1c, 0xa0, 0x90, 0x15, 0x16, 0x1e, 0x14, 0x18, 0x1e, 0x90, 0x80, 0x11, 0x15, 0x14, 0x23, 0x1c, 0x17, 0x1d, 0x80, 0x70, 0x1a, 0x14, 0x1a, 0x17, 0x16, 0x17, 0x18, 0x16, 0x1d, 0x15, 0x70, 0x70, 0x15, 0x12, 0x14, 0x11, 0x1d, 0x24, 0x2c, 0x16, 0x70, 0x70, 0x15, 0x13, 0x12, 0x16, 0x17, 0x1a, 0x16, 0x11, 0x14, 0x80, 0x70, 0x15, 0x1b, 0x26, 0x17, 0x16, 0x11, 0x1c, 0x1b, 0x80, 0x70, 0x18, 0x17, 0x1e, 0x12, 0x16, 0x1d, 0x13, 0x12, 0x1e, 0x13, 0x1a, 0x60, 0x60, 0x1c, 0x17, 0x11, 0x19, 0x14, 0x12, 0x1f, 0x1e, 0x18, 0x19, 0x13, 0x1a, 0x60, 0x60, 0x1a, 0x1c, 0x1a, 0x11, 0x1f, 0x27, 0x1e, 0x19, 0x10, 0x13, 0x15, 0x60, 0x70,
0x1b, 0x13, 0x11, 0x14, 0x18, 0x11, 0x1b, 0x12, 0x10, 0x1d, 0x70, 0x70, 0x15, 0x12, 0x13, 0x17, 0x18, 0x16, 0x11, 0x18, 0x17, 0x15, 0x70, 0x70, 0x11, 0x28, 0x1e, 0x13, 0x11, 0x1d, 0x19, 0x12, 0x1b, 0x70, 0x80, 0x11, 0x1b, 0x12, 0x18, 0x1d, 0x16, 0x13, 0x12, 0x80, 0x80, 0x14, 0x11, 0x12, 0x19, 0x1c, 0x24, 0x13, 0x80, 0x80, 0x14, 0x11, 0x12, 0x19, 0x1c, 0x19, 0x13, 0x11, 0x80, 0x80, 0x12, 0x14, 0x1d, 0x1a, 0x21, 0x14, 0x11, 0x80, 0x70, 0x11, 0x19, 0x16, 0x1c, 0x20, 0x11, 0x19, 0x18, 0x80, 0x80, 0x1d, 0x12, 0x1a, 0x20, 0x11, 0x12, 0x19, 0x80, 0x80, 0x13, 0x12, 0x40, 0x13, 0x19, 0x80, 0x80, 0x1b, 0x50, 0x12, 0x15, 0x80, 0x70, 0x1a, 0x15, 0x60, 0x1e, 0x80,
// Compressed size: 222 bytes original pixels: 12544 uint16_t → ~25088 bytes uncompressed)

// YUUKO / Yuuko Auraflow V0.3 001 S4197178951 Th0.100 24 [Folder: YUUKO] - RLE compressed data (offset: 21828, size: 308)
0xf0, 0x90, 0x90, 0x1e, 0x1d, 0x1e, 0x1d, 0x26, 0x90, 0x90, 0x12, 0x1e, 0x16, 0x1d, 0x12, 0x16, 0x15, 0x80, 0x80, 0x16, 0x1c, 0x26, 0x1e, 0x1d, 0x15, 0x12, 0x13, 0x70, 0x80, 0x1e, 0x15, 0x16, 0x11, 0x1d, 0x12, 0x13, 0x12, 0x13, 0x70, 0x40, 0x17, 0x16, 0x10, 0x15, 0x11, 0x1c, 0x14, 0x33, 0x12, 0x1c, 0x12, 0x16, 0x60, 0x40, 0x1d, 0x12, 0x10, 0x11, 0x1c, 0x11, 0x12, 0x1b, 0x14, 0x15, 0x1d, 0x12, 0x1c, 0x16, 0x60, 0x40, 0x1b, 0x11, 0x10, 0x1d, 0x12, 0x11, 0x1b, 0x24, 0x13, 0x14, 0x1c, 0x12, 0x16, 0x60, 0x40, 0x15, 0x13, 0x10, 0x11, 0x12, 0x1c, 0x12, 0x2a, 0x24, 0x1d, 0x11, 0x1d, 0x60, 0x40, 0x17, 0x1c, 0x10, 0x16, 0x1c, 0x14, 0x2f, 0x29, 0x1f, 0x11, 0x12, 0x70, 0x50,
0x1c, 0x10, 0x1d, 0x21, 0x1f, 0x1b, 0x13, 0x19, 0x1b, 0x1c, 0x26, 0x60, 0x50, 0x11, 0x10, 0x16, 0x13, 0x12, 0x1a, 0x1b, 0x14, 0x17, 0x14, 0x1c, 0x13, 0x1d, 0x60, 0x50, 0x14, 0x20, 0x1d, 0x12, 0x13, 0x2a, 0x1b, 0x2c, 0x14, 0x70, 0x50, 0x13, 0x20, 0x11, 0x15, 0x34, 0x13, 0x1c, 0x11, 0x13, 0x70, 0x50, 0x14, 0x17, 0x19, 0x21, 0x2b, 0x24, 0x12, 0x1c, 0x12, 0x70, 0x50, 0x18, 0x2e, 0x11, 0x17, 0x3f, 0x17, 0x1b, 0x13, 0x1e, 0x17, 0x18, 0x50, 0x40, 0x18, 0x19, 0x1f, 0x22, 0x1a, 0x49, 0x17, 0x11, 0x12, 0x1e, 0x18, 0x19, 0x40, 0x30, 0x15, 0x19, 0x1f, 0x1b, 0x11, 0x25, 0x19, 0x28, 0x19, 0x1f, 0x11, 0x1d, 0x11, 0x27, 0x40, 0x30, 0x1b, 0x17, 0x1a, 0x13, 0x27, 0x1e, 0x48, 0x1a,
0x16, 0x15, 0x1e, 0x2a, 0x40, 0x40, 0x2a, 0x23, 0x17, 0x15, 0x58, 0x1f, 0x1a, 0x15, 0x1a, 0x1b, 0x40, 0x40, 0x1a, 0x1b, 0x1e, 0x1b, 0x11, 0x16, 0x15, 0x29, 0x28, 0x19, 0x16, 0x17, 0x2b, 0x40, 0x30, 0x16, 0x1a, 0x14, 0x37, 0x15, 0x1f, 0x19, 0x1f, 0x17, 0x28, 0x13, 0x12, 0x24, 0x40, 0x30, 0x11, 0x25, 0x12, 0x17, 0x24, 0x11, 0x1a, 0x1f, 0x15, 0x19, 0x15, 0x13, 0x16, 0x15, 0x13, 0x1d, 0x30, 0x30, 0x26, 0x1e, 0x13, 0x1e, 0x15, 0x11, 0x12, 0x14, 0x11, 0x1c, 0x13, 0x1e, 0x15, 0x13, 0x1d, 0x15, 0x12, 0x30,
// Compressed size: 308 bytes original pixels: 12544 uint16_t → ~25088 bytes uncompressed)

// Total data size: 22144 bytes
