// RLE data generated from ../assets_processed/trainers/deployable (recursive scan)
// Data is concatenated sequentially

// ADALHEID / Adalheid Auraflow V0.3 010 S1070723317 Th0.100 20 [Folder: ADALHEID] - RLE compressed data (offset: 0, size: 155)
0xa0, 0x17, 0x90, 0x90, 0x13, 0x16, 0x18, 0x80, 0x90, 0x19, 0x11, 0x16, 0x11, 0x70, 0x80, 0x1c, 0x13, 0x12, 0x15, 0x13, 0x70, 0x80, 0x16, 0x13, 0x11, 0x17, 0x1a, 0x70, 0x70, 0x1a, 0x15, 0x18, 0x21, 0x14, 0x70, 0x80, 0x17, 0x13, 0x14, 0x12, 0x1c, 0x70, 0x70, 0x17, 0x1b, 0x11, 0x18, 0x12, 0x16, 0x70, 0x70, 0x13, 0x16, 0x23, 0x15, 0x17, 0x70, 0x70, 0x1e, 0x18, 0x11, 0x16, 0x1f, 0x11, 0x70, 0x70, 0x14, 0x18, 0x1d, 0x16, 0x11, 0x19, 0x12, 0x60, 0x60, 0x1d, 0x1c, 0x15, 0x13, 0x1d, 0x15, 0x19, 0x70, 0x60, 0x11, 0x10, 0x14, 0x11, 0x12, 0x1a, 0x19, 0x70, 0x60, 0x13, 0x10, 0x14, 0x15, 0x12, 0x17, 0x12, 0x11, 0x60, 0x80, 0x14, 0x13, 0x12, 0x15, 0x1b, 0x14, 0x60, 0x50, 0x1e,
0x20, 0x12, 0x13, 0x1b, 0x13, 0x12, 0x16, 0x1a, 0x50, 0x50, 0x1a, 0x10, 0x11, 0x12, 0x11, 0x12, 0x18, 0x15, 0x12, 0x60, 0x40, 0x17, 0x20, 0x24, 0x11, 0x22, 0x1b, 0x14, 0x60, 0x40, 0x11, 0x20, 0x29, 0x18, 0x1b, 0x12, 0x11, 0x14, 0x60, 0xb0, 0x19, 0x12, 0x70,
// Compressed size: 155 bytes original pixels: 12544 uint16_t → ~25088 bytes uncompressed)

// ADALTRUD / Adaltrud Auraflow V0.3 011 S1299265468 Th0.100 20 [Folder: ADALTRUD] - RLE compressed data (offset: 155, size: 249)
0xf0, 0x50, 0x40, 0x1c, 0x1a, 0x1b, 0x1c, 0xc0, 0x40, 0x15, 0x18, 0x12, 0x18, 0xc0, 0x30, 0x17, 0x1a, 0x13, 0x11, 0x18, 0x50, 0x2c, 0x16, 0x1c, 0x30, 0x20, 0x19, 0x1f, 0x1d, 0x12, 0x11, 0x1f, 0x20, 0x19, 0x17, 0x1e, 0x1b, 0x1f, 0x13, 0x1a, 0x16, 0x20, 0x10, 0x16, 0x18, 0x11, 0x1d, 0x15, 0x1f, 0x11, 0x16, 0x1a, 0x1f, 0x13, 0x26, 0x2f, 0x13, 0x16, 0x20, 0x20, 0x13, 0x15, 0x1a, 0x22, 0x11, 0x18, 0x1e, 0x2b, 0x16, 0x18, 0x12, 0x11, 0x13, 0x1c, 0x1e, 0x10, 0x10, 0x12, 0x15, 0x1d, 0x16, 0x12, 0x11, 0x12, 0x11, 0x2c, 0x16, 0x19, 0x2d, 0x12, 0x10, 0x13, 0x15, 0x10, 0x20, 0x23, 0x1a, 0x12, 0x23, 0x1d, 0x19, 0x1b, 0x29, 0x21, 0x1b, 0x1e, 0x30, 0x10, 0x17, 0x13, 0x12, 0x15,
0x31, 0x12, 0x18, 0x2b, 0x19, 0x18, 0x11, 0x1b, 0x1e, 0x30, 0x10, 0x16, 0x13, 0x11, 0x12, 0x1f, 0x18, 0x11, 0x15, 0x16, 0x18, 0x17, 0x16, 0x1c, 0x1b, 0x1a, 0x40, 0x20, 0x18, 0x21, 0x19, 0x11, 0x15, 0x13, 0x1a, 0x22, 0x1b, 0x11, 0x1a, 0x1e, 0x40, 0x10, 0x1b, 0x17, 0x15, 0x18, 0x20, 0x1b, 0x1c, 0x19, 0x14, 0x12, 0x18, 0x19, 0x1e, 0x50, 0x20, 0x15, 0x1d, 0x19, 0x20, 0x12, 0x11, 0x1c, 0x13, 0x15, 0x1f, 0x16, 0x60, 0x20, 0x17, 0x1d, 0x1e, 0x10, 0x1a, 0x15, 0x17, 0x15, 0x14, 0x12, 0x14, 0x18, 0x60, 0x30, 0x1d, 0x20, 0x16, 0x17, 0x11, 0x14, 0x13, 0x14, 0x17, 0x13, 0x60, 0x20, 0x1a, 0x19, 0x20, 0x11, 0x15, 0x1d, 0x14, 0x13, 0x34, 0x15, 0x14, 0x40, 0x30, 0x1a, 0x10, 0x1c,
0x1e, 0x22, 0x15, 0x12, 0x24, 0x17, 0x34, 0x17, 0x20, 0x40, 0x19, 0x17, 0x14, 0x17, 0x24, 0x13, 0x14, 0x15, 0x23, 0x17, 0x15, 0x1a, 0x20, 0xf0, 0x50,
// Compressed size: 249 bytes original pixels: 12544 uint16_t → ~25088 bytes uncompressed)

// ADELE / Adele Auraflow V0.3 007 S228221863 Th0.100 20 [Folder: ADELE] - RLE compressed data (offset: 404, size: 178)
0xf0, 0x50, 0x80, 0x11, 0x1e, 0x16, 0x1c, 0x19, 0x18, 0x60, 0x70, 0x21, 0x19, 0x1d, 0x16, 0x1b, 0x1c, 0x60, 0x70, 0x13, 0x19, 0x13, 0x1a, 0x18, 0x2c, 0x60, 0x70, 0x1d, 0x17, 0x1d, 0x17, 0x1e, 0x1d, 0x18, 0x16, 0x50, 0x70, 0x1d, 0x17, 0x16, 0x14, 0x27, 0x14, 0x1c, 0x50, 0x70, 0x1b, 0x1d, 0x14, 0x26, 0x18, 0x1d, 0x14, 0x50, 0x70, 0x11, 0x16, 0x34, 0x19, 0x16, 0x14, 0x1e, 0x40, 0x70, 0x17, 0x1d, 0x19, 0x1b, 0x16, 0x17, 0x1a, 0x14, 0x50, 0x70, 0x1b, 0x20, 0x1a, 0x19, 0x15, 0x17, 0x2b, 0x40, 0x90, 0x15, 0x12, 0x15, 0x17, 0x16, 0x19, 0x14, 0x40, 0x90, 0x13, 0x12, 0x21, 0x16, 0x1b, 0x14, 0x40, 0x70, 0x33, 0x11, 0x14, 0x18, 0x15, 0x2c, 0x40, 0x70, 0x15, 0x1e, 0x23, 0x18,
0x13, 0x1a, 0x16, 0x17, 0x40, 0x60, 0x22, 0x15, 0x11, 0x1e, 0x11, 0x1e, 0x11, 0x19, 0x1c, 0x40, 0x60, 0x13, 0x1a, 0x15, 0x11, 0x2a, 0x18, 0x1a, 0x18, 0x14, 0x40, 0x60, 0x13, 0x12, 0x13, 0x18, 0x12, 0x31, 0x19, 0x1b, 0x11, 0x30, 0x60, 0x52, 0x11, 0x1a, 0x11, 0x18, 0x17, 0x40, 0x60, 0x22, 0x35, 0x13, 0x15, 0x11, 0x13, 0x14, 0x40, 0x60, 0x22, 0x15, 0x1e, 0x1a, 0x13, 0x15, 0x12, 0x19, 0x1b, 0x40,
// Compressed size: 178 bytes original pixels: 12544 uint16_t → ~25088 bytes uncompressed)

// ADELINE / Adeline Auraflow V0.3 028 S2917032694 Th0.100 20 [Folder: ADELINE] - RLE compressed data (offset: 582, size: 140)
0xf0, 0x50, 0x80, 0x18, 0x16, 0x11, 0x90, 0x80, 0x1e, 0x14, 0x13, 0x90, 0x90, 0x16, 0x14, 0x13, 0x80, 0x80, 0x14, 0x15, 0x13, 0x19, 0x80, 0x90, 0x1f, 0x16, 0x14, 0x80, 0x80, 0x1b, 0x1a, 0x1d, 0x1a, 0x80, 0x70, 0x19, 0x18, 0x15, 0x11, 0x12, 0x14, 0x70, 0x70, 0x13, 0x12, 0x15, 0x1a, 0x12, 0x80, 0x80, 0x1d, 0x18, 0x1b, 0x1a, 0x1c, 0x70, 0x80, 0x1a, 0x11, 0x1c, 0x15, 0x1e, 0x70, 0x80, 0x12, 0x17, 0x12, 0x1a, 0x1b, 0x70, 0x70, 0x25, 0x1c, 0x17, 0x1c, 0x1b, 0x14, 0x60, 0x60, 0x16, 0x1d, 0x13, 0x21, 0x18, 0x15, 0x18, 0x60, 0x50, 0x1e, 0x18, 0x11, 0x17, 0x1d, 0x1b, 0x17, 0x12, 0x17, 0x60, 0x30, 0x16, 0x10, 0x14, 0x15, 0x10, 0x13, 0x12, 0x1c, 0x15, 0x21, 0x60, 0x40, 0x19,
0x10, 0x1e, 0x10, 0x16, 0x22, 0x18, 0x17, 0x13, 0x60, 0x40, 0x16, 0x30, 0x13, 0x1d, 0x11, 0x17, 0x29, 0x60, 0x80, 0x13, 0x11, 0x12, 0x24, 0x70, 0x80, 0x16, 0x19, 0xa0,
// Compressed size: 140 bytes original pixels: 12544 uint16_t → ~25088 bytes uncompressed)

// AELFWYN / Aelfwyn Auraflow V0.3 030 S1360054354 Th0.100 20 [Folder: AELFWYN] - RLE compressed data (offset: 722, size: 192)
0xf0, 0x10, 0x1c, 0x30, 0x70, 0x24, 0x1a, 0x24, 0x40, 0x1c, 0x30, 0x80, 0x14, 0x2a, 0x14, 0x20, 0x14, 0x1b, 0x40, 0x80, 0x15, 0x12, 0x13, 0x40, 0x1e, 0x40, 0x70, 0x11, 0x18, 0x12, 0x18, 0x1a, 0x80, 0x70, 0x13, 0x21, 0x13, 0x12, 0x80, 0x70, 0x1c, 0x18, 0x17, 0x11, 0x16, 0x1e, 0x70, 0x60, 0x13, 0x11, 0x15, 0x12, 0x17, 0x16, 0x17, 0x20, 0x1a, 0x40, 0x50, 0x19, 0x33, 0x1e, 0x2d, 0x19, 0x1c, 0x14, 0x50, 0x40, 0x13, 0x17, 0x19, 0x13, 0x1b, 0x12, 0x1d, 0x1c, 0x11, 0x70, 0x30, 0x19, 0x13, 0x19, 0x23, 0x21, 0x1c, 0x16, 0x19, 0x70, 0x20, 0x1d, 0x1b, 0x1e, 0x1b, 0x23, 0x25, 0x1c, 0x12, 0x13, 0x70, 0x30, 0x18, 0x12, 0x1e, 0x18, 0x11, 0x25, 0x1d, 0x11, 0x19, 0x18, 0x10, 0x1d,
0x40, 0x30, 0x22, 0x16, 0x18, 0x12, 0x11, 0x12, 0x15, 0x16, 0x19, 0x12, 0x10, 0x1a, 0x40, 0x20, 0x1a, 0x15, 0x11, 0x15, 0x18, 0x31, 0x12, 0x11, 0x1b, 0x13, 0x10, 0x14, 0x40, 0x20, 0x14, 0x15, 0x36, 0x37, 0x12, 0x17, 0x19, 0x16, 0x10, 0x1e, 0x40, 0x20, 0x17, 0x14, 0x10, 0x16, 0x1b, 0x12, 0x11, 0x15, 0x16, 0x2b, 0x20, 0x1a, 0x40, 0x30, 0x14, 0x11, 0x1d, 0x1b, 0x18, 0x10, 0x11, 0x10, 0x19, 0x20, 0x18, 0x12, 0x40, 0x50, 0x1c, 0x50, 0x12, 0x20, 0x1e, 0x1a, 0x40, 0x70, 0x17, 0xc0,
// Compressed size: 192 bytes original pixels: 12544 uint16_t → ~25088 bytes uncompressed)

// AETHELBURG / Aethelburg Auraflow V0.3 002 S1993196699 Th0.100 20 [Folder: AETHELBURG] - RLE compressed data (offset: 914, size: 132)
0xf0, 0x50, 0x80, 0x1e, 0x11, 0xa0, 0x80, 0x1e, 0x15, 0xa0, 0x80, 0x17, 0x1d, 0x15, 0x1c, 0x18, 0x70, 0x70, 0x11, 0x12, 0x17, 0x1d, 0x1c, 0x19, 0x1f, 0x60, 0x70, 0x19, 0x16, 0x1c, 0x19, 0x16, 0x15, 0x14, 0x60, 0x60, 0x13, 0x11, 0x22, 0x19, 0x18, 0x15, 0x12, 0x60, 0x60, 0x1a, 0x10, 0x12, 0x26, 0x14, 0x2b, 0x60, 0x80, 0x1b, 0x14, 0x1b, 0x12, 0x13, 0x14, 0x60, 0x70, 0x18, 0x17, 0x19, 0x11, 0x17, 0x11, 0x14, 0x60, 0x70, 0x1e, 0x13, 0x21, 0x16, 0x17, 0x14, 0x60, 0x70, 0x1a, 0x16, 0x18, 0x1b, 0x22, 0x70, 0x60, 0x1d, 0x23, 0x21, 0x90, 0x60, 0x13, 0x10, 0x11, 0x10, 0x14, 0x90, 0x70, 0x12, 0x1c, 0x10, 0x1e, 0x90, 0x70, 0x13, 0x20, 0x11, 0x90, 0x50, 0x14, 0x10, 0x11, 0x20,
0x13, 0x90, 0x70, 0x1a, 0x20, 0x1a, 0x90, 0x40, 0x15, 0x20, 0x1a, 0x20, 0x13, 0x17, 0x80, 0x80, 0x1d, 0x18, 0x15, 0x90,
// Compressed size: 132 bytes original pixels: 12544 uint16_t → ~25088 bytes uncompressed)

// AKI / Aki Auraflow V0.3 011 S1471492538 Th0.100 20 [Folder: AKI] - RLE compressed data (offset: 1046, size: 133)
0xf0, 0x50, 0x80, 0x1d, 0xb0, 0x70, 0x17, 0x11, 0x18, 0xa0, 0x60, 0x1a, 0x1f, 0x22, 0x14, 0x1a, 0x40, 0x19, 0x30, 0x60, 0x16, 0x13, 0x14, 0x1c, 0x19, 0x14, 0x12, 0x14, 0x13, 0x10, 0x13, 0x30, 0x60, 0x1c, 0x1d, 0x11, 0x1a, 0x13, 0x1f, 0x15, 0x12, 0x17, 0x50, 0x80, 0x1a, 0x25, 0x16, 0x13, 0x14, 0x60, 0x80, 0x12, 0x15, 0x1d, 0x13, 0x19, 0x70, 0x50, 0x11, 0x30, 0x13, 0x11, 0x1b, 0x1e, 0x18, 0x60, 0x80, 0x18, 0x31, 0x1b, 0x18, 0x60, 0x70, 0x19, 0x12, 0x11, 0x1c, 0x16, 0x15, 0x1a, 0x60, 0x50, 0x14, 0x16, 0x17, 0x13, 0x15, 0x21, 0x15, 0x17, 0x19, 0x18, 0x40, 0x60, 0x11, 0x1b, 0x1c, 0x17, 0x1d, 0x1b, 0x11, 0x16, 0x12, 0x13, 0x40, 0x70, 0x12, 0x30, 0x14, 0x13, 0x17, 0x16,
0x11, 0x40, 0x70, 0x1e, 0x40, 0x16, 0x12, 0x1c, 0x50, 0xc0, 0x12, 0x70, 0xc0, 0x1b, 0x70, 0xf0, 0x50, 0xf0, 0x50, 0xf0, 0x50,
// Compressed size: 133 bytes original pixels: 12544 uint16_t → ~25088 bytes uncompressed)

// ALETTE / Alette Auraflow V0.3 030 S684776834 Th0.100 20 [Folder: ALETTE] - RLE compressed data (offset: 1179, size: 172)
0xf0, 0x50, 0x90, 0x13, 0x1e, 0x17, 0x80, 0x80, 0x1e, 0x1a, 0x1f, 0x29, 0x70, 0x80, 0x1b, 0x1c, 0x11, 0x1b, 0x80, 0x70, 0x1d, 0x1c, 0x17, 0x11, 0x16, 0x80, 0x70, 0x14, 0x16, 0x11, 0x17, 0x1c, 0x1d, 0x70, 0x70, 0x1c, 0x12, 0x21, 0x13, 0x1a, 0x15, 0x60, 0x60, 0x2a, 0x21, 0x17, 0x15, 0x14, 0x12, 0x15, 0x50, 0x40, 0x1e, 0x15, 0x11, 0x1d, 0x21, 0x17, 0x19, 0x12, 0x16, 0x18, 0x1e, 0x15, 0x1d, 0x20, 0x30, 0x19, 0x18, 0x12, 0x16, 0x12, 0x21, 0x16, 0x11, 0x18, 0x12, 0x11, 0x12, 0x23, 0x20, 0x20, 0x14, 0x1b, 0x12, 0x14, 0x1d, 0x1b, 0x37, 0x11, 0x18, 0x14, 0x19, 0x18, 0x1c, 0x1f, 0x20, 0x10, 0x19, 0x18, 0x34, 0x1d, 0x13, 0x16, 0x11, 0x27, 0x12, 0x1a, 0x13, 0x20, 0x2f, 0x10,
0x10, 0x29, 0x12, 0x14, 0x1d, 0x1b, 0x18, 0x1c, 0x1a, 0x11, 0x17, 0x1a, 0x12, 0x1f, 0x14, 0x13, 0x15, 0x20, 0x10, 0x28, 0x13, 0x19, 0x1b, 0x25, 0x1a, 0x36, 0x1c, 0x13, 0x12, 0x1b, 0x40, 0x20, 0x15, 0x19, 0x18, 0x25, 0x10, 0x1c, 0x26, 0x10, 0x23, 0x12, 0x50, 0x80, 0x1b, 0x14, 0x13, 0x90, 0x90, 0x1e, 0x14, 0x90, 0xa0, 0x1a, 0x90, 0xa0, 0x1e, 0x90, 0xf0, 0x50,
// Compressed size: 172 bytes original pixels: 12544 uint16_t → ~25088 bytes uncompressed)

// ALFRUN / Alfrun Auraflow V0.3 000 S756483706 Th0.100 20 [Folder: ALFRUN] - RLE compressed data (offset: 1351, size: 168)
0x40, 0x17, 0x10, 0x12, 0x16, 0x10, 0x12, 0x18, 0x90, 0x60, 0x19, 0x20, 0x12, 0x19, 0x90, 0x40, 0x18, 0x10, 0x11, 0x20, 0x22, 0x13, 0x15, 0x70, 0x40, 0x12, 0x10, 0x11, 0x20, 0x12, 0x11, 0x19, 0x12, 0x70, 0x40, 0x1b, 0x10, 0x17, 0x10, 0x1e, 0x24, 0x15, 0x26, 0x60, 0x40, 0x18, 0x10, 0x1c, 0x10, 0x1a, 0x15, 0x1e, 0x12, 0x18, 0x16, 0x60, 0x40, 0x18, 0x10, 0x1f, 0x10, 0x27, 0x18, 0x1f, 0x80, 0x60, 0x17, 0x1c, 0x19, 0x21, 0x19, 0x80, 0x60, 0x1c, 0x10, 0x14, 0x11, 0x14, 0x1e, 0x80, 0x80, 0x11, 0x1d, 0x14, 0x19, 0x80, 0x80, 0x11, 0x1b, 0x14, 0x19, 0x80, 0x80, 0x2a, 0x1d, 0x11, 0x1c, 0x70, 0x80, 0x13, 0x1e, 0x11, 0x1e, 0x1a, 0x17, 0x60, 0x70, 0x11, 0x1a, 0x10, 0x11, 0x1a,
0x23, 0x60, 0x80, 0x14, 0x10, 0x14, 0x1d, 0x1f, 0x17, 0x60, 0x80, 0x11, 0x10, 0x11, 0x15, 0x23, 0x16, 0x50, 0x60, 0x15, 0x10, 0x1f, 0x10, 0x13, 0x10, 0x1c, 0x10, 0x1b, 0x16, 0x15, 0x30, 0x80, 0x1d, 0x10, 0x13, 0x10, 0x13, 0x10, 0x15, 0x18, 0x40, 0x70, 0x1b, 0x1d, 0x10, 0x17, 0x30, 0x16, 0x10, 0x1b, 0x16, 0x15, 0x10, 0xa0, 0x14, 0x90,
// Compressed size: 168 bytes original pixels: 12544 uint16_t → ~25088 bytes uncompressed)

// AMELIA / Amelia Auraflow V0.3 003 S557292514 Th0.100 20 [Folder: AMELIA] - RLE compressed data (offset: 1519, size: 128)
0xf0, 0x50, 0x90, 0x14, 0x13, 0x16, 0x80, 0x90, 0x13, 0x15, 0x11, 0x80, 0x80, 0x19, 0x12, 0x11, 0x1f, 0x80, 0x80, 0x19, 0x12, 0x15, 0x12, 0x80, 0x80, 0x11, 0x1c, 0x17, 0x16, 0x15, 0x70, 0x70, 0x1a, 0x14, 0x13, 0x1c, 0x18, 0x80, 0x70, 0x14, 0x10, 0x31, 0x80, 0x70, 0x11, 0x19, 0x31, 0x80, 0x80, 0x19, 0x27, 0x13, 0x15, 0x70, 0x80, 0x14, 0x17, 0x1c, 0x1e, 0x11, 0x70, 0x80, 0x1e, 0x13, 0x1d, 0x1e, 0x80, 0x70, 0x18, 0x13, 0x1c, 0x16, 0x18, 0x80, 0x70, 0x14, 0x13, 0x17, 0x18, 0x1d, 0x80, 0x60, 0x14, 0x23, 0x16, 0x12, 0x16, 0x80, 0x60, 0x12, 0x14, 0x17, 0x16, 0x12, 0x11, 0x80, 0x40, 0x32, 0x18, 0x19, 0x21, 0x1b, 0x1a, 0x70, 0x30, 0x14, 0x15, 0x10, 0x18, 0x1d, 0x1a, 0x1b,
0x10, 0x15, 0x80, 0x30, 0x1b, 0x15, 0x10, 0x1b, 0x10, 0x1a, 0x14, 0xa0, 0x80, 0x15, 0x19, 0xa0,
// Compressed size: 128 bytes original pixels: 12544 uint16_t → ~25088 bytes uncompressed)

// ANLAF / Anlaf Auraflow V0.3 033 S889144974 Th0.100 20 [Folder: ANLAF] - RLE compressed data (offset: 1647, size: 194)
0xf0, 0x50, 0x90, 0x14, 0x1d, 0x50, 0x1c, 0x1e, 0x20, 0x80, 0x23, 0x14, 0x90, 0x70, 0x11, 0x14, 0x1c, 0x15, 0x1b, 0x40, 0x16, 0x12, 0x20, 0x60, 0x11, 0x13, 0x21, 0x1d, 0x12, 0x16, 0x30, 0x17, 0x30, 0x60, 0x11, 0x12, 0x19, 0x1e, 0x11, 0x1d, 0x14, 0x20, 0x17, 0x40, 0x60, 0x12, 0x18, 0x16, 0x17, 0x13, 0x26, 0x70, 0x60, 0x15, 0x1e, 0x13, 0x1e, 0x16, 0x1b, 0x12, 0x19, 0x10, 0x11, 0x40, 0x60, 0x15, 0x18, 0x15, 0x11, 0x14, 0x11, 0x12, 0x19, 0x11, 0x1c, 0x40, 0x50, 0x17, 0x11, 0x14, 0x19, 0x12, 0x1a, 0x12, 0x1a, 0x10, 0x23, 0x40, 0x50, 0x1c, 0x13, 0x16, 0x15, 0x21, 0x15, 0x18, 0x10, 0x13, 0x50, 0x50, 0x15, 0x1a, 0x13, 0x26, 0x13, 0x24, 0x10, 0x13, 0x50, 0x50, 0x14, 0x1b,
0x15, 0x1d, 0x1e, 0x16, 0x17, 0x1a, 0x12, 0x1c, 0x50, 0x50, 0x1e, 0x1a, 0x17, 0x19, 0x12, 0x11, 0x1d, 0x16, 0x12, 0x60, 0x40, 0x19, 0x18, 0x1b, 0x28, 0x12, 0x13, 0x12, 0x2b, 0x60, 0x30, 0x13, 0x19, 0x15, 0x18, 0x1a, 0x1b, 0x1a, 0x19, 0x1a, 0x18, 0x15, 0x60, 0x20, 0x11, 0x17, 0x14, 0x1a, 0x18, 0x17, 0x12, 0x1a, 0x12, 0x14, 0x12, 0x1c, 0x60, 0x20, 0x14, 0x11, 0x14, 0x19, 0x18, 0x17, 0x18, 0x2b, 0x1d, 0x1e, 0x70, 0x50, 0x17, 0x14, 0x17, 0x35, 0x1d, 0x13, 0x16, 0x19, 0x1c, 0x40, 0xf0, 0x50,
// Compressed size: 194 bytes original pixels: 12544 uint16_t → ~25088 bytes uncompressed)

// ANNABEL / Annabel Auraflow V0.3 029 S396334667 Th0.100 20 [Folder: ANNABEL] - RLE compressed data (offset: 1841, size: 143)
0xf0, 0x50, 0x80, 0x19, 0x15, 0xa0, 0x80, 0x1b, 0x29, 0x90, 0x90, 0x2a, 0x15, 0x1b, 0x70, 0x80, 0x11, 0x1d, 0x2a, 0x19, 0x70, 0x80, 0x11, 0x14, 0x1a, 0x15, 0x1a, 0x19, 0x1b, 0x50, 0x80, 0x11, 0x1d, 0x19, 0x13, 0x10, 0x15, 0x1b, 0x15, 0x40, 0x60, 0x1b, 0x11, 0x15, 0x14, 0x23, 0x1e, 0x70, 0x90, 0x12, 0x14, 0x20, 0x11, 0x60, 0x80, 0x1c, 0x13, 0x12, 0x13, 0x80, 0x80, 0x1f, 0x16, 0x12, 0x1d, 0x80, 0x40, 0x15, 0x31, 0x14, 0x16, 0x18, 0x12, 0x1e, 0x40, 0x11, 0x20, 0x30, 0x21, 0x13, 0x18, 0x22, 0x28, 0x13, 0x11, 0x1e, 0x15, 0x31, 0x20, 0x30, 0x13, 0x18, 0x14, 0x1c, 0x12, 0x1d, 0x17, 0x24, 0x1c, 0x13, 0x16, 0x11, 0x40, 0x40, 0x11, 0x12, 0x14, 0x37, 0x1e, 0x17, 0x22, 0x16,
0x50, 0x50, 0x14, 0x18, 0x16, 0x27, 0x15, 0x17, 0x16, 0x13, 0x60, 0x50, 0x1c, 0x16, 0x20, 0x1d, 0xa0, 0x90, 0x18, 0x11, 0x10, 0x12, 0x70, 0x90, 0x1c, 0x16, 0x10, 0x14, 0x70, 0xf0, 0x50,
// Compressed size: 143 bytes original pixels: 12544 uint16_t → ~25088 bytes uncompressed)

// ANTONIO / Antonio Auraflow V0.3 034 S1994850378 Th0.100 20 [Folder: ANTONIO] - RLE compressed data (offset: 1984, size: 146)
0xf0, 0x50, 0x80, 0x1b, 0x11, 0xa0, 0x80, 0x19, 0x11, 0x14, 0x90, 0x80, 0x22, 0x1b, 0x16, 0x1c, 0x70, 0x50, 0x14, 0x10, 0x12, 0x11, 0x15, 0x19, 0x13, 0x19, 0x70, 0x50, 0x13, 0x10, 0x17, 0x1b, 0x14, 0x13, 0x15, 0x18, 0x14, 0x60, 0x60, 0x1d, 0x44, 0x15, 0x10, 0x1a, 0x60, 0x60, 0x13, 0x11, 0x26, 0x2a, 0x10, 0x13, 0x60, 0x60, 0x13, 0x12, 0x1d, 0x1c, 0x12, 0x11, 0x20, 0x13, 0x50, 0x70, 0x17, 0x1b, 0x17, 0x11, 0x13, 0x1e, 0x10, 0x1d, 0x50, 0x70, 0x15, 0x12, 0x1a, 0x16, 0x11, 0x17, 0x10, 0x13, 0x50, 0x70, 0x18, 0x16, 0x19, 0x1c, 0x18, 0x1c, 0x10, 0x1b, 0x50, 0x70, 0x16, 0x12, 0x11, 0x1a, 0x18, 0x1c, 0x10, 0x1b, 0x50, 0x70, 0x11, 0x1a, 0x15, 0x17, 0x18, 0x80, 0x60, 0x17,
0x11, 0x15, 0x14, 0x12, 0x25, 0x70, 0x60, 0x18, 0x12, 0x1d, 0x10, 0x12, 0x15, 0x17, 0x10, 0x18, 0x50, 0x70, 0x17, 0x30, 0x11, 0x16, 0x70, 0x60, 0x19, 0x16, 0x40, 0x16, 0x70, 0xc0, 0x19, 0x70, 0xf0, 0x50,
// Compressed size: 146 bytes original pixels: 12544 uint16_t → ~25088 bytes uncompressed)

// ARABELLA / Arabella Auraflow V0.3 035 S1664133666 Th0.100 20 [Folder: ARABELLA] - RLE compressed data (offset: 2130, size: 152)
0xf0, 0x50, 0x80, 0x19, 0x15, 0x19, 0x90, 0x80, 0x25, 0x13, 0x90, 0x70, 0x1d, 0x1e, 0x17, 0x1a, 0x90, 0x70, 0x25, 0x26, 0x90, 0x70, 0x1d, 0x15, 0x19, 0xa0, 0x60, 0x35, 0x19, 0x1c, 0x90, 0x60, 0x14, 0x12, 0x17, 0x19, 0x2c, 0x1a, 0x70, 0x60, 0x2e, 0x2d, 0x19, 0x1b, 0x1a, 0x70, 0x60, 0x21, 0x14, 0x17, 0x13, 0x1a, 0x16, 0x70, 0x60, 0x14, 0x11, 0x12, 0x18, 0x1a, 0x1c, 0x16, 0x70, 0x60, 0x18, 0x21, 0x1b, 0x12, 0x14, 0x1d, 0x70, 0x50, 0x13, 0x1f, 0x11, 0x12, 0x18, 0x12, 0x14, 0x13, 0x70, 0x50, 0x16, 0x14, 0x11, 0x38, 0x14, 0x13, 0x70, 0x50, 0x13, 0x14, 0x22, 0x21, 0x16, 0x13, 0x2c, 0x19, 0x40, 0x50, 0x17, 0x18, 0x22, 0x1e, 0x37, 0x1c, 0x16, 0x13, 0x16, 0x30, 0x50, 0x17,
0x22, 0x11, 0x12, 0x14, 0x15, 0x1b, 0x17, 0x33, 0x19, 0x20, 0x40, 0x1f, 0x1e, 0x11, 0x12, 0x1f, 0x15, 0x24, 0x17, 0x2b, 0x13, 0x1b, 0x16, 0x20, 0x20, 0x1d, 0x31, 0x22, 0x14, 0x18, 0x11, 0x18, 0x2b, 0x1a, 0x14, 0x16, 0x13, 0x2a, 0xf0, 0x50,
// Compressed size: 152 bytes original pixels: 12544 uint16_t → ~25088 bytes uncompressed)

// ARILD / Arild Auraflow V0.3 001 S1007485810 Th0.100 20 [Folder: ARILD] - RLE compressed data (offset: 2282, size: 186)
0xf0, 0x50, 0xf0, 0x50, 0x90, 0x16, 0xa0, 0x80, 0x22, 0x15, 0x90, 0x70, 0x13, 0x17, 0x13, 0x1c, 0x12, 0x80, 0x60, 0x17, 0x12, 0x17, 0x22, 0x13, 0x12, 0x70, 0x60, 0x11, 0x15, 0x13, 0x12, 0x24, 0x1d, 0x70, 0x50, 0x1a, 0x12, 0x19, 0x21, 0x1c, 0x19, 0x14, 0x15, 0x60, 0x50, 0x17, 0x1f, 0x1b, 0x1c, 0x13, 0x16, 0x27, 0x1c, 0x60, 0x40, 0x16, 0x11, 0x14, 0x19, 0x1c, 0x11, 0x13, 0x11, 0x17, 0x13, 0x60, 0x40, 0x14, 0x16, 0x28, 0x13, 0x17, 0x18, 0x1a, 0x10, 0x13, 0x60, 0x30, 0x13, 0x2b, 0x18, 0x1b, 0x1f, 0x19, 0x13, 0x17, 0x12, 0x1e, 0x60, 0x20, 0x1a, 0x11, 0x18, 0x16, 0x1a, 0x29, 0x1c, 0x12, 0x11, 0x19, 0x70, 0x20, 0x16, 0x18, 0x11, 0x1b, 0x31, 0x17, 0x1c, 0x13, 0x19, 0x50,
0x15, 0x10, 0x10, 0x16, 0x1a, 0x12, 0x14, 0x1e, 0x11, 0x14, 0x11, 0x18, 0x1f, 0x11, 0x1e, 0x14, 0x40, 0x16, 0x10, 0x10, 0x1a, 0x15, 0x12, 0x1a, 0x14, 0x1a, 0x1b, 0x11, 0x18, 0x1b, 0x11, 0x1b, 0x14, 0x20, 0x15, 0x10, 0x1d, 0x15, 0x10, 0x15, 0x30, 0x12, 0x10, 0x19, 0x14, 0x15, 0x11, 0x10, 0x18, 0x40, 0x1d, 0x11, 0x10, 0x70, 0x11, 0x40, 0x14, 0x20, 0x16, 0x1e, 0x1d, 0x15, 0x10, 0x60, 0x16, 0x1d, 0x40, 0x1e, 0x1d, 0x20, 0x12, 0x30, 0xf0, 0x50,
// Compressed size: 186 bytes original pixels: 12544 uint16_t → ~25088 bytes uncompressed)

// ARNHILDUR / Arnhildur Auraflow V0.3 027 S1320555054 Th0.100 20 [Folder: ARNHILDUR] - RLE compressed data (offset: 2468, size: 161)
0xf0, 0x50, 0x80, 0x1a, 0x16, 0x15, 0x12, 0x25, 0x60, 0x90, 0x19, 0x1d, 0x22, 0x15, 0x12, 0x50, 0x90, 0x16, 0x11, 0x16, 0x19, 0x12, 0x15, 0x50, 0x80, 0x1c, 0x1b, 0x13, 0x14, 0x1b, 0x16, 0x1e, 0x12, 0x15, 0x12, 0x20, 0x70, 0x11, 0x13, 0x17, 0x1c, 0x19, 0x1b, 0x19, 0x1a, 0x15, 0x12, 0x30, 0x80, 0x1d, 0x21, 0x19, 0x20, 0x15, 0x12, 0x40, 0x70, 0x16, 0x10, 0x1b, 0x17, 0x10, 0x1f, 0x70, 0x70, 0x18, 0x12, 0x18, 0x11, 0x10, 0x11, 0x70, 0x70, 0x1a, 0x13, 0x21, 0x28, 0x70, 0x60, 0x1e, 0x12, 0x14, 0x13, 0x11, 0x14, 0x16, 0x13, 0x60, 0x50, 0x1f, 0x20, 0x16, 0x17, 0x14, 0x1f, 0x17, 0x70, 0x40, 0x19, 0x30, 0x13, 0x1d, 0x11, 0x24, 0x18, 0x1e, 0x50, 0x30, 0x1c, 0x40, 0x11, 0x17,
0x14, 0x11, 0x13, 0x17, 0x16, 0x1a, 0x40, 0x10, 0x1c, 0x50, 0x21, 0x10, 0x1b, 0x24, 0x10, 0x1d, 0x17, 0x1a, 0x30, 0x70, 0x1c, 0x14, 0x20, 0x18, 0x13, 0x10, 0x23, 0x40, 0x70, 0x1d, 0x40, 0x14, 0x20, 0x13, 0x1e, 0x12, 0x20, 0x70, 0x1f, 0x40, 0x18, 0x70, 0x70, 0x12, 0x40, 0x17, 0x70, 0xf0, 0x50,
// Compressed size: 161 bytes original pixels: 12544 uint16_t → ~25088 bytes uncompressed)

// AUDREY / Audrey Auraflow V0.3 008 S287678065 Th0.100 20 [Folder: AUDREY] - RLE compressed data (offset: 2629, size: 123)
0x90, 0x23, 0x90, 0x80, 0x11, 0x14, 0x13, 0x90, 0x80, 0x18, 0x17, 0x14, 0x15, 0x80, 0x80, 0x15, 0x1b, 0x14, 0x1b, 0x80, 0x70, 0x12, 0x16, 0x1e, 0x16, 0x12, 0x80, 0x70, 0x1c, 0x16, 0x15, 0x1e, 0x12, 0x80, 0x50, 0x15, 0x1c, 0x20, 0x19, 0x12, 0x10, 0x13, 0x12, 0x60, 0x40, 0x15, 0x30, 0x13, 0x14, 0x11, 0x18, 0x20, 0x1e, 0x50, 0x70, 0x14, 0x31, 0x18, 0x20, 0x1d, 0x50, 0x70, 0x14, 0x16, 0x11, 0x16, 0x18, 0x80, 0x70, 0x14, 0x15, 0x13, 0x1d, 0x11, 0x80, 0x70, 0x11, 0x1a, 0x20, 0x16, 0x80, 0x70, 0x18, 0x1d, 0x20, 0x19, 0x80, 0x70, 0x1a, 0x17, 0x20, 0x19, 0x80, 0x70, 0x1a, 0x30, 0x19, 0x12, 0x70, 0x70, 0x1a, 0x30, 0x12, 0x80, 0x70, 0x1c, 0x30, 0x17, 0x80, 0x60, 0x11, 0x40,
0x12, 0x17, 0x70, 0x60, 0x13, 0x30, 0x1b, 0x17, 0x80, 0xf0, 0x50,
// Compressed size: 123 bytes original pixels: 12544 uint16_t → ~25088 bytes uncompressed)

// AUKJE / Aukje Auraflow V0.3 008 S714090705 Th0.100 20 [Folder: AUKJE] - RLE compressed data (offset: 2752, size: 136)
0xf0, 0x50, 0x90, 0x1b, 0x18, 0x13, 0x80, 0x90, 0x1b, 0x14, 0x18, 0x19, 0x17, 0x60, 0xa0, 0x13, 0x18, 0x13, 0x18, 0x19, 0x50, 0x90, 0x15, 0x11, 0x14, 0x18, 0x13, 0x1d, 0x50, 0x90, 0x15, 0x16, 0x15, 0x33, 0x10, 0x17, 0x19, 0x20, 0x90, 0x16, 0x11, 0x1f, 0x1d, 0x27, 0x10, 0x19, 0x30, 0x90, 0x1c, 0x15, 0x10, 0x18, 0x13, 0x17, 0x19, 0x10, 0x17, 0x20, 0x90, 0x15, 0x12, 0x11, 0x20, 0x19, 0x17, 0x40, 0x80, 0x1a, 0x12, 0x11, 0x1a, 0x14, 0x70, 0x80, 0x1e, 0x16, 0x22, 0x18, 0x70, 0x90, 0x16, 0x12, 0x11, 0x12, 0x70, 0x90, 0x16, 0x11, 0x1a, 0x11, 0x15, 0x10, 0x13, 0x40, 0x90, 0x16, 0x41, 0x14, 0x10, 0x1c, 0x14, 0x20, 0x90, 0x14, 0x12, 0x2a, 0x11, 0x1e, 0x1b, 0x40, 0x90, 0x12,
0x11, 0x15, 0x16, 0x15, 0x14, 0x50, 0x90, 0x16, 0x21, 0x1c, 0x14, 0x60, 0x90, 0x11, 0x15, 0x12, 0x80, 0x90, 0x12, 0x14, 0x90, 0x90, 0x11, 0xa0,
// Compressed size: 136 bytes original pixels: 12544 uint16_t → ~25088 bytes uncompressed)

// AYLWARD / Aylward Auraflow V0.3 007 S949648177 Th0.100 20 [Folder: AYLWARD] - RLE compressed data (offset: 2888, size: 145)
0xf0, 0x50, 0x90, 0x22, 0x90, 0x90, 0x18, 0x14, 0x90, 0x90, 0x1b, 0x15, 0x90, 0x80, 0x1a, 0x25, 0x27, 0x70, 0x80, 0x22, 0x13, 0x15, 0x12, 0x15, 0x60, 0x80, 0x16, 0x11, 0x15, 0x17, 0x22, 0x1e, 0x50, 0x70, 0x27, 0x14, 0x13, 0x17, 0x11, 0x12, 0x14, 0x50, 0x70, 0x12, 0x11, 0x2b, 0x13, 0x1b, 0x18, 0x13, 0x50, 0x70, 0x29, 0x11, 0x1e, 0x13, 0x24, 0x13, 0x50, 0x70, 0x1a, 0x12, 0x28, 0x19, 0x11, 0x13, 0x19, 0x50, 0x60, 0x11, 0x1a, 0x24, 0x18, 0x11, 0x14, 0x12, 0x60, 0x50, 0x12, 0x10, 0x11, 0x1b, 0x18, 0x14, 0x21, 0x70, 0x40, 0x12, 0x20, 0x11, 0x14, 0x18, 0x14, 0x17, 0x18, 0x15, 0x60, 0x60, 0x16, 0x1c, 0x13, 0x11, 0x1a, 0x1d, 0x19, 0x1b, 0x60, 0x30, 0x1d, 0x20, 0x13, 0x16,
0x21, 0x1c, 0x29, 0x17, 0x1c, 0x50, 0x20, 0x1f, 0x20, 0x36, 0x1a, 0x10, 0x26, 0x11, 0x10, 0x1a, 0x15, 0x40, 0x60, 0x15, 0x10, 0x1d, 0x30, 0x13, 0x70, 0x80, 0x13, 0x16, 0x20, 0x1c, 0x70, 0xf0, 0x50,
// Compressed size: 145 bytes original pixels: 12544 uint16_t → ~25088 bytes uncompressed)

// BERNARD / Bernard Auraflow V0.3 005 S3727069302 Th0.100 20 [Folder: BERNARD] - RLE compressed data (offset: 3033, size: 179)
0xf0, 0x50, 0xf0, 0x50, 0x70, 0x22, 0xb0, 0x70, 0x1a, 0x14, 0x12, 0x40, 0x1b, 0x50, 0x60, 0x12, 0x18, 0x1e, 0x17, 0x1f, 0x19, 0x12, 0x1b, 0x10, 0x12, 0x40, 0x60, 0x24, 0x18, 0x17, 0x1c, 0x1f, 0x14, 0x2b, 0x12, 0x40, 0x50, 0x12, 0x28, 0x16, 0x19, 0x1d, 0x1c, 0x19, 0x22, 0x50, 0x60, 0x14, 0x15, 0x17, 0x13, 0x1c, 0x15, 0x1d, 0x17, 0x1a, 0x12, 0x40, 0x50, 0x1a, 0x17, 0x16, 0x11, 0x23, 0x17, 0x16, 0x1a, 0x19, 0x15, 0x1c, 0x30, 0x50, 0x11, 0x18, 0x16, 0x18, 0x23, 0x14, 0x17, 0x14, 0x1a, 0x15, 0x40, 0x50, 0x15, 0x19, 0x26, 0x1d, 0x13, 0x18, 0x1c, 0x1d, 0x16, 0x19, 0x40, 0x50, 0x1b, 0x19, 0x14, 0x11, 0x16, 0x13, 0x19, 0x18, 0x21, 0x19, 0x40, 0x50, 0x1a, 0x11, 0x16, 0x13,
0x1e, 0x11, 0x13, 0x18, 0x1a, 0x15, 0x12, 0x40, 0x40, 0x15, 0x17, 0x14, 0x19, 0x13, 0x25, 0x13, 0x16, 0x17, 0x1f, 0x50, 0x40, 0x17, 0x13, 0x15, 0x1d, 0x1e, 0x11, 0x13, 0x1e, 0x16, 0x12, 0x10, 0x12, 0x40, 0x40, 0x11, 0x14, 0x11, 0x1a, 0x1e, 0x31, 0x18, 0x1c, 0x60, 0x40, 0x12, 0x21, 0x10, 0x18, 0x11, 0x1d, 0x14, 0x80, 0x60, 0x11, 0x10, 0x15, 0x14, 0x1b, 0x90, 0x60, 0x17, 0x20, 0x1b, 0xa0, 0xf0, 0x50,
// Compressed size: 179 bytes original pixels: 12544 uint16_t → ~25088 bytes uncompressed)

// BERTRADE / Bertrade Auraflow V0.3 002 S352484074 Th0.100 20 [Folder: BERTRADE] - RLE compressed data (offset: 3212, size: 129)
0xf0, 0x50, 0x90, 0x16, 0x18, 0x90, 0x90, 0x13, 0x15, 0x90, 0x70, 0x12, 0x1e, 0x1f, 0x12, 0x90, 0x70, 0x12, 0x13, 0x12, 0x14, 0x90, 0x80, 0x2a, 0x1e, 0x10, 0x14, 0x70, 0x70, 0x1b, 0x1d, 0x1e, 0x12, 0x10, 0x16, 0x70, 0x80, 0x1a, 0x1e, 0x1f, 0x17, 0x13, 0x70, 0x80, 0x11, 0x14, 0x1a, 0x1b, 0x13, 0x70, 0x80, 0x11, 0x16, 0x19, 0x1b, 0x12, 0x70, 0x70, 0x11, 0x17, 0x16, 0x12, 0x14, 0x12, 0x70, 0x70, 0x1d, 0x11, 0x13, 0x18, 0x17, 0x80, 0x70, 0x11, 0x26, 0x18, 0x13, 0x80, 0x70, 0x11, 0x16, 0x13, 0x14, 0x12, 0x80, 0x60, 0x1c, 0x1d, 0x15, 0x1d, 0x13, 0x18, 0x80, 0x60, 0x11, 0x25, 0x2c, 0x14, 0x80, 0x50, 0x17, 0x19, 0x25, 0x11, 0x1b, 0x14, 0x80, 0x40, 0x19, 0x21, 0x1f, 0x1a,
0x16, 0x11, 0x1c, 0x80, 0x10, 0x17, 0x14, 0x18, 0x21, 0x25, 0x19, 0x13, 0x19, 0x17, 0x80, 0xf0, 0x50,
// Compressed size: 129 bytes original pixels: 12544 uint16_t → ~25088 bytes uncompressed)

// BONNIE / Bonnie Auraflow V0.3 004 S2890166714 Th0.100 20 [Folder: BONNIE] - RLE compressed data (offset: 3341, size: 234)
0xf0, 0x50, 0x80, 0x22, 0x1b, 0x1d, 0x13, 0x70, 0x70, 0x1a, 0x12, 0x1b, 0x19, 0x1d, 0x1b, 0x70, 0x60, 0x16, 0x22, 0x1a, 0x15, 0x12, 0x1d, 0x1a, 0x60, 0x60, 0x21, 0x16, 0x25, 0x13, 0x12, 0x15, 0x60, 0x60, 0x17, 0x16, 0x11, 0x13, 0x15, 0x1c, 0x12, 0x19, 0x15, 0x50, 0x60, 0x31, 0x35, 0x12, 0x15, 0x1d, 0x1c, 0x40, 0x60, 0x16, 0x1a, 0x11, 0x1c, 0x15, 0x1c, 0x16, 0x1a, 0x15, 0x19, 0x40, 0x50, 0x1a, 0x11, 0x16, 0x17, 0x1f, 0x1c, 0x1f, 0x1a, 0x11, 0x39, 0x30, 0x30, 0x1a, 0x10, 0x26, 0x1f, 0x27, 0x13, 0x1f, 0x12, 0x19, 0x2b, 0x40, 0x30, 0x1c, 0x16, 0x12, 0x17, 0x11, 0x14, 0x1f, 0x13, 0x11, 0x22, 0x1b, 0x13, 0x40, 0x30, 0x12, 0x1c, 0x17, 0x14, 0x17, 0x19, 0x1e, 0x17, 0x1c,
0x11, 0x19, 0x15, 0x23, 0x30, 0x20, 0x13, 0x16, 0x17, 0x11, 0x17, 0x14, 0x1e, 0x18, 0x1e, 0x11, 0x1d, 0x17, 0x1b, 0x19, 0x40, 0x20, 0x13, 0x26, 0x21, 0x1e, 0x13, 0x18, 0x13, 0x17, 0x19, 0x1d, 0x12, 0x1b, 0x1d, 0x30, 0x20, 0x11, 0x16, 0x1a, 0x17, 0x16, 0x24, 0x28, 0x14, 0x1e, 0x25, 0x1b, 0x13, 0x30, 0x30, 0x12, 0x1a, 0x1c, 0x11, 0x18, 0x14, 0x18, 0x14, 0x11, 0x1e, 0x13, 0x12, 0x19, 0x40, 0x20, 0x13, 0x15, 0x22, 0x17, 0x18, 0x14, 0x18, 0x14, 0x1e, 0x14, 0x18, 0x1a, 0x19, 0x13, 0x30, 0x30, 0x1c, 0x19, 0x1a, 0x1f, 0x15, 0x14, 0x18, 0x14, 0x18, 0x14, 0x18, 0x16, 0x12, 0x40, 0x40, 0x1a, 0x16, 0x11, 0x1f, 0x14, 0x11, 0x14, 0x18, 0x14, 0x18, 0x1a, 0x23, 0x30, 0x40, 0x1b,
0x1d, 0x27, 0x1f, 0x1e, 0x34, 0x18, 0x1b, 0x1c, 0x23, 0x20,
// Compressed size: 234 bytes original pixels: 12544 uint16_t → ~25088 bytes uncompressed)

// CAITLIN / Caitlin Auraflow V0.3 024 S2453536874 Th0.100 20 [Folder: CAITLIN] - RLE compressed data (offset: 3575, size: 170)
0xf0, 0x50, 0xf0, 0x50, 0x80, 0x1a, 0x1d, 0x17, 0x90, 0x60, 0x13, 0x18, 0x1d, 0x13, 0x1a, 0x90, 0x60, 0x1a, 0x18, 0x1d, 0x13, 0x1e, 0x20, 0x27, 0x19, 0x40, 0x50, 0x28, 0x1d, 0x1b, 0x15, 0x13, 0x10, 0x1a, 0x19, 0x1c, 0x19, 0x40, 0x60, 0x38, 0x1b, 0x15, 0x17, 0x19, 0x13, 0x1b, 0x15, 0x40, 0x50, 0x1a, 0x20, 0x11, 0x1e, 0x15, 0x14, 0x1b, 0x11, 0x12, 0x14, 0x17, 0x30, 0x40, 0x17, 0x1d, 0x10, 0x1b, 0x12, 0x11, 0x13, 0x1b, 0x11, 0x15, 0x60, 0x30, 0x1a, 0x19, 0x1e, 0x11, 0x16, 0x1f, 0x22, 0x11, 0x1c, 0x14, 0x60, 0x20, 0x13, 0x18, 0x19, 0x15, 0x16, 0x14, 0x16, 0x1c, 0x12, 0x15, 0x11, 0x1f, 0x1c, 0x50, 0x10, 0x11, 0x13, 0x19, 0x10, 0x16, 0x11, 0x26, 0x11, 0x12, 0x15, 0x16,
0x12, 0x60, 0x10, 0x21, 0x13, 0x20, 0x16, 0x34, 0x12, 0x15, 0x17, 0x12, 0x14, 0x50, 0x20, 0x13, 0x20, 0x16, 0x10, 0x14, 0x30, 0x14, 0x30, 0x12, 0x40, 0x30, 0x1a, 0x10, 0x12, 0x50, 0x12, 0x20, 0x17, 0x50, 0x50, 0x1c, 0x10, 0x1c, 0x50, 0x1b, 0x1f, 0x50, 0x50, 0x1c, 0x10, 0x19, 0x20, 0x11, 0x90, 0x50, 0x11, 0x40, 0x1e, 0x90, 0xf0, 0x50, 0xf0, 0x50,
// Compressed size: 170 bytes original pixels: 12544 uint16_t → ~25088 bytes uncompressed)

// CARA / Cara Auraflow V0.3 004 S2248723671 Th0.100 20 [Folder: CARA] - RLE compressed data (offset: 3745, size: 262)
0x80, 0x1c, 0x16, 0x1c, 0x1f, 0x16, 0x70, 0x60, 0x1a, 0x1b, 0x19, 0x12, 0x23, 0x12, 0x16, 0x60, 0x60, 0x1b, 0x19, 0x22, 0x2d, 0x12, 0x19, 0x1c, 0x50, 0x50, 0x14, 0x19, 0x12, 0x13, 0x12, 0x2d, 0x13, 0x12, 0x1c, 0x1a, 0x40, 0x50, 0x19, 0x1b, 0x13, 0x1d, 0x33, 0x22, 0x11, 0x14, 0x40, 0x50, 0x1b, 0x21, 0x17, 0x1e, 0x15, 0x1d, 0x13, 0x12, 0x1b, 0x1a, 0x40, 0x40, 0x14, 0x22, 0x18, 0x17, 0x2e, 0x1d, 0x11, 0x29, 0x24, 0x30, 0x40, 0x13, 0x12, 0x13, 0x16, 0x28, 0x17, 0x12, 0x13, 0x12, 0x1c, 0x1f, 0x40, 0x40, 0x13, 0x12, 0x11, 0x28, 0x2e, 0x17, 0x11, 0x2b, 0x19, 0x14, 0x30, 0x40, 0x22, 0x16, 0x28, 0x17, 0x1e, 0x15, 0x1f, 0x1d, 0x1c, 0x19, 0x1f, 0x30, 0x30, 0x14, 0x13, 0x11,
0x2a, 0x18, 0x1d, 0x12, 0x15, 0x16, 0x11, 0x3b, 0x1a, 0x20, 0x30, 0x1b, 0x21, 0x13, 0x26, 0x1e, 0x17, 0x18, 0x11, 0x1b, 0x2c, 0x1d, 0x14, 0x20, 0x30, 0x14, 0x13, 0x19, 0x11, 0x1c, 0x16, 0x14, 0x18, 0x15, 0x19, 0x1c, 0x19, 0x21, 0x12, 0x20, 0x30, 0x14, 0x11, 0x12, 0x1c, 0x11, 0x16, 0x18, 0x15, 0x1d, 0x13, 0x19, 0x26, 0x12, 0x11, 0x20, 0x30, 0x14, 0x19, 0x1b, 0x13, 0x1b, 0x16, 0x17, 0x15, 0x17, 0x28, 0x11, 0x19, 0x12, 0x13, 0x14, 0x10, 0x30, 0x1f, 0x13, 0x1c, 0x12, 0x19, 0x18, 0x1e, 0x18, 0x23, 0x25, 0x18, 0x1c, 0x1b, 0x1c, 0x10, 0x10, 0x14, 0x10, 0x21, 0x1b, 0x19, 0x14, 0x17, 0x25, 0x37, 0x15, 0x16, 0x1a, 0x19, 0x1b, 0x10, 0x10, 0x1a, 0x14, 0x13, 0x11, 0x16, 0x28,
0x17, 0x15, 0x27, 0x15, 0x34, 0x1a, 0x16, 0x1a, 0x10, 0x10, 0x1a, 0x1f, 0x13, 0x21, 0x15, 0x17, 0x25, 0x17, 0x1e, 0x16, 0x2a, 0x14, 0x1a, 0x16, 0x20, 0x20, 0x1f, 0x11, 0x14, 0x11, 0x1f, 0x45, 0x17, 0x16, 0x2a, 0x14, 0x2a, 0x20,
// Compressed size: 262 bytes original pixels: 12544 uint16_t → ~25088 bytes uncompressed)

// CHARLOTTE / Charlotte Auraflow V0.3 034 S1708120671 Th0.100 20 [Folder: CHARLOTTE] - RLE compressed data (offset: 4007, size: 139)
0x60, 0x16, 0xd0, 0x60, 0x1e, 0x20, 0x1c, 0x14, 0x1b, 0x80, 0x60, 0x15, 0x20, 0x1e, 0x13, 0x11, 0x80, 0x60, 0x15, 0x30, 0x13, 0x12, 0x80, 0x60, 0x15, 0x20, 0x17, 0x16, 0x14, 0x80, 0x60, 0x15, 0x20, 0x15, 0x11, 0x1d, 0x14, 0x70, 0x60, 0x16, 0x20, 0x16, 0x11, 0x19, 0x1b, 0x70, 0x60, 0x18, 0x20, 0x15, 0x19, 0x1c, 0x1d, 0x70, 0x60, 0x18, 0x20, 0x12, 0x13, 0x1e, 0x80, 0x60, 0x17, 0x10, 0x12, 0x16, 0x1d, 0x12, 0x80, 0x60, 0x17, 0x23, 0x12, 0x1f, 0x12, 0x11, 0x70, 0x80, 0x17, 0x13, 0x12, 0x1b, 0x1a, 0x70, 0x60, 0x11, 0x10, 0x28, 0x2f, 0x12, 0x70, 0x60, 0x17, 0x20, 0x13, 0x1d, 0x11, 0x14, 0x70, 0x60, 0x11, 0x20, 0x1c, 0x10, 0x1b, 0x1c, 0x14, 0x60, 0x60, 0x11, 0x20, 0x12,
0x19, 0x12, 0x1c, 0x14, 0x60, 0x90, 0x3a, 0x11, 0x13, 0x60, 0x90, 0x1a, 0x10, 0x19, 0x10, 0x11, 0x14, 0x50, 0x90, 0x18, 0x10, 0x11, 0x80, 0xa0, 0x1b, 0x19, 0x80,
// Compressed size: 139 bytes original pixels: 12544 uint16_t → ~25088 bytes uncompressed)

// CHIYO / Chiyo Auraflow V0.3 003 S2265979770 Th0.100 20 [Folder: CHIYO] - RLE compressed data (offset: 4146, size: 196)
0x90, 0x22, 0x90, 0x60, 0x28, 0x17, 0x1d, 0x14, 0x12, 0x13, 0x1b, 0x60, 0x80, 0x3a, 0x13, 0x80, 0x80, 0x12, 0x2a, 0x17, 0x80, 0x80, 0x1c, 0x15, 0x1a, 0x11, 0x80, 0x80, 0x19, 0x14, 0x13, 0x12, 0x80, 0x70, 0x13, 0x12, 0x11, 0x16, 0x1d, 0x80, 0x50, 0x11, 0x13, 0x18, 0x21, 0x14, 0x19, 0x16, 0x70, 0x40, 0x15, 0x10, 0x13, 0x18, 0x19, 0x12, 0x14, 0x11, 0x14, 0x70, 0x60, 0x13, 0x1d, 0x12, 0x16, 0x15, 0x11, 0x16, 0x14, 0x60, 0x40, 0x13, 0x10, 0x16, 0x1c, 0x12, 0x21, 0x12, 0x16, 0x15, 0x24, 0x16, 0x30, 0x60, 0x27, 0x12, 0x1e, 0x14, 0x19, 0x18, 0x1b, 0x20, 0x13, 0x14, 0x20, 0x50, 0x15, 0x1c, 0x1b, 0x1d, 0x1e, 0x16, 0x11, 0x14, 0x18, 0x15, 0x20, 0x17, 0x20, 0x50, 0x15, 0x11,
0x1e, 0x19, 0x1c, 0x11, 0x12, 0x17, 0x15, 0x1d, 0x50, 0x50, 0x24, 0x12, 0x1c, 0x1b, 0x15, 0x11, 0x12, 0x1b, 0x19, 0x16, 0x40, 0x50, 0x13, 0x10, 0x12, 0x14, 0x1d, 0x11, 0x19, 0x18, 0x10, 0x1c, 0x20, 0x13, 0x20, 0x40, 0x23, 0x17, 0x1d, 0x11, 0x12, 0x15, 0x21, 0x17, 0x60, 0x10, 0x13, 0x26, 0x17, 0x14, 0x18, 0x11, 0x1c, 0x2b, 0x12, 0x19, 0x12, 0x14, 0x15, 0x13, 0x30, 0x10, 0x1a, 0x13, 0x17, 0x14, 0x18, 0x17, 0x11, 0x12, 0x16, 0x1e, 0x17, 0x11, 0x15, 0x13, 0x19, 0x12, 0x14, 0x20, 0x90, 0x15, 0x13, 0x90,
// Compressed size: 196 bytes original pixels: 12544 uint16_t → ~25088 bytes uncompressed)

// CHUNHO / Chunho Auraflow V0.3 029 S104851830 Th0.100 20 [Folder: CHUNHO] - RLE compressed data (offset: 4342, size: 137)
0x90, 0x1c, 0xa0, 0x90, 0x13, 0x1a, 0x90, 0x80, 0x16, 0x17, 0x15, 0x90, 0x70, 0x1a, 0x13, 0x1d, 0x13, 0x1b, 0x80, 0x70, 0x18, 0x15, 0x1c, 0x13, 0x19, 0x80, 0x70, 0x1b, 0x18, 0x11, 0x19, 0x17, 0x80, 0x70, 0x18, 0x11, 0x2e, 0x14, 0x12, 0x70, 0x70, 0x15, 0x19, 0x1d, 0x1b, 0x21, 0x70, 0x70, 0x13, 0x24, 0x16, 0x21, 0x70, 0x70, 0x19, 0x21, 0x18, 0x14, 0x12, 0x70, 0x70, 0x14, 0x17, 0x18, 0x15, 0x1d, 0x19, 0x70, 0x60, 0x1a, 0x14, 0x16, 0x17, 0x18, 0x11, 0x16, 0x70, 0x60, 0x1a, 0x12, 0x16, 0x11, 0x12, 0x13, 0x17, 0x70, 0x60, 0x12, 0x16, 0x1e, 0x15, 0x12, 0x11, 0x17, 0x70, 0x50, 0x1a, 0x16, 0x14, 0x17, 0x13, 0x14, 0x15, 0x12, 0x70, 0x50, 0x12, 0x10, 0x15, 0x1c, 0x24, 0x15,
0x12, 0x70, 0x70, 0x12, 0x16, 0x1d, 0x11, 0x15, 0x23, 0x60, 0x70, 0x19, 0x30, 0x13, 0x10, 0x1b, 0x1c, 0x50, 0x70, 0x17, 0x30, 0x18, 0x80, 0xf0, 0x50,
// Compressed size: 137 bytes original pixels: 12544 uint16_t → ~25088 bytes uncompressed)

// COENWULF / Coenwulf Auraflow V0.3 008 S430347125 Th0.100 20 [Folder: COENWULF] - RLE compressed data (offset: 4479, size: 204)
0xf0, 0x50, 0x70, 0x11, 0x18, 0x1a, 0xa0, 0x70, 0x1a, 0x1c, 0x18, 0x12, 0x90, 0x60, 0x1d, 0x13, 0x16, 0x18, 0x14, 0x12, 0x80, 0x50, 0x12, 0x16, 0x33, 0x18, 0x29, 0x70, 0x50, 0x16, 0x23, 0x15, 0x1b, 0x17, 0x19, 0x17, 0x70, 0x50, 0x16, 0x1e, 0x29, 0x1b, 0x12, 0x1a, 0x1b, 0x15, 0x60, 0x40, 0x1d, 0x16, 0x13, 0x18, 0x1a, 0x16, 0x11, 0x14, 0x11, 0x15, 0x60, 0x40, 0x22, 0x13, 0x1a, 0x1e, 0x11, 0x1f, 0x14, 0x1c, 0x16, 0x13, 0x50, 0x30, 0x15, 0x13, 0x1e, 0x14, 0x11, 0x1c, 0x23, 0x11, 0x14, 0x12, 0x19, 0x50, 0x30, 0x1a, 0x10, 0x18, 0x1b, 0x18, 0x15, 0x11, 0x1b, 0x11, 0x1b, 0x16, 0x1a, 0x50, 0x30, 0x16, 0x20, 0x13, 0x19, 0x15, 0x24, 0x1b, 0x11, 0x18, 0x1b, 0x12, 0x40, 0x30,
0x15, 0x20, 0x1c, 0x1b, 0x17, 0x13, 0x14, 0x1c, 0x1b, 0x11, 0x14, 0x12, 0x40, 0x30, 0x18, 0x20, 0x12, 0x14, 0x25, 0x13, 0x27, 0x21, 0x1c, 0x12, 0x30, 0x50, 0x12, 0x14, 0x11, 0x24, 0x13, 0x11, 0x12, 0x11, 0x15, 0x1c, 0x17, 0x2d, 0x10, 0x50, 0x12, 0x21, 0x14, 0x11, 0x13, 0x16, 0x17, 0x14, 0x27, 0x1c, 0x1a, 0x20, 0x20, 0x1e, 0x20, 0x1d, 0x19, 0x18, 0x15, 0x14, 0x17, 0x19, 0x12, 0x16, 0x1d, 0x2a, 0x12, 0x20, 0x10, 0x17, 0x15, 0x30, 0x1b, 0x10, 0x19, 0x1d, 0x16, 0x17, 0x80, 0x10, 0x19, 0x1a, 0x15, 0x10, 0x18, 0x1e, 0x40, 0x11, 0x12, 0x70, 0xf0, 0x50,
// Compressed size: 204 bytes original pixels: 12544 uint16_t → ~25088 bytes uncompressed)

// DAPHNE / Daphne Auraflow V0.3 009 S670452016 Th0.100 20 [Folder: DAPHNE] - RLE compressed data (offset: 4683, size: 165)
0xf0, 0x50, 0xf0, 0x50, 0xd0, 0x13, 0x1d, 0x11, 0x40, 0x80, 0x1d, 0x11, 0x1c, 0x20, 0x15, 0x60, 0x90, 0x11, 0x20, 0x1c, 0x70, 0x80, 0x35, 0x1c, 0x80, 0x70, 0x16, 0x13, 0x11, 0x16, 0x30, 0x1d, 0x50, 0x50, 0x17, 0x30, 0x11, 0x15, 0x30, 0x18, 0x50, 0x50, 0x13, 0x20, 0x13, 0x21, 0x17, 0x13, 0x1d, 0x14, 0x10, 0x13, 0x30, 0x30, 0x15, 0x13, 0x19, 0x10, 0x14, 0x11, 0x1c, 0x25, 0x19, 0x13, 0x38, 0x30, 0x20, 0x13, 0x24, 0x12, 0x18, 0x36, 0x2b, 0x1a, 0x1f, 0x1b, 0x19, 0x17, 0x30, 0x20, 0x1c, 0x13, 0x1a, 0x14, 0x12, 0x1b, 0x16, 0x11, 0x16, 0x11, 0x19, 0x2b, 0x39, 0x20, 0x30, 0x28, 0x15, 0x1b, 0x1a, 0x31, 0x1a, 0x12, 0x1f, 0x1d, 0x1a, 0x17, 0x14, 0x20, 0x30, 0x12, 0x18, 0x17,
0x1d, 0x12, 0x16, 0x11, 0x16, 0x1a, 0x19, 0x17, 0x1b, 0x17, 0x1e, 0x30, 0x40, 0x1c, 0x22, 0x1e, 0x1a, 0x21, 0x17, 0x14, 0x18, 0x14, 0x1e, 0x40, 0x60, 0x1c, 0x1b, 0x1a, 0x11, 0x12, 0x19, 0x17, 0x12, 0x60, 0x60, 0x22, 0x24, 0x12, 0x2e, 0x70, 0x70, 0x1f, 0x10, 0x13, 0x1a, 0x10, 0x15, 0x70, 0xa0, 0x16, 0x90, 0xf0, 0x50,
// Compressed size: 165 bytes original pixels: 12544 uint16_t → ~25088 bytes uncompressed)

// DARIA / Daria Auraflow V0.3 002 S1562242478 Th0.100 20 [Folder: DARIA] - RLE compressed data (offset: 4848, size: 167)
0xf0, 0x50, 0x70, 0x13, 0x15, 0x1b, 0xa0, 0x70, 0x1a, 0x14, 0x1f, 0xa0, 0x70, 0x11, 0x17, 0x14, 0x11, 0x90, 0x70, 0x1a, 0x1e, 0x22, 0x90, 0x70, 0x11, 0x18, 0x16, 0x14, 0x1a, 0x80, 0x70, 0x11, 0x12, 0x15, 0x18, 0x1c, 0x12, 0x1a, 0x60, 0x70, 0x1e, 0x1b, 0x16, 0x11, 0x14, 0x17, 0x13, 0x60, 0x60, 0x1a, 0x17, 0x1e, 0x15, 0x12, 0x14, 0x80, 0x70, 0x17, 0x13, 0x32, 0x17, 0x70, 0x70, 0x1a, 0x1c, 0x16, 0x22, 0x1e, 0x13, 0x60, 0x70, 0x1a, 0x1d, 0x26, 0x1b, 0x14, 0x11, 0x60, 0x70, 0x13, 0x1c, 0x15, 0x18, 0x21, 0x18, 0x17, 0x50, 0x70, 0x13, 0x1d, 0x19, 0x18, 0x1b, 0x11, 0x33, 0x17, 0x30, 0x70, 0x1c, 0x1f, 0x15, 0x16, 0x18, 0x1b, 0x14, 0x1c, 0x1d, 0x40, 0x70, 0x1f, 0x15, 0x19,
0x15, 0x1b, 0x11, 0x1b, 0x1d, 0x50, 0x60, 0x17, 0x1d, 0x15, 0x19, 0x15, 0x18, 0x1a, 0x14, 0x11, 0x27, 0x30, 0x40, 0x12, 0x2c, 0x15, 0x26, 0x12, 0x14, 0x16, 0x31, 0x13, 0x1e, 0x20, 0x30, 0x14, 0x11, 0x13, 0x18, 0x1d, 0x15, 0x29, 0x16, 0x14, 0x16, 0x11, 0x1b, 0x12, 0x18, 0x12, 0x10, 0x90, 0x29, 0x13, 0x2f, 0x19, 0x1d, 0x19, 0x30,
// Compressed size: 167 bytes original pixels: 12544 uint16_t → ~25088 bytes uncompressed)

// EADGYTH / Eadgyth Auraflow V0.3 034 S3813406781 Th0.100 20 [Folder: EADGYTH] - RLE compressed data (offset: 5015, size: 122)
0xf0, 0x50, 0x90, 0x15, 0x18, 0x20, 0x17, 0x12, 0x18, 0x40, 0x80, 0x17, 0x13, 0x16, 0x20, 0x15, 0x24, 0x40, 0x90, 0x1a, 0x15, 0x20, 0x12, 0x10, 0x14, 0x40, 0x70, 0x1c, 0x26, 0x17, 0x20, 0x14, 0x13, 0x50, 0x70, 0x19, 0x21, 0x1a, 0x16, 0x10, 0x1e, 0x60, 0x70, 0x19, 0x10, 0x11, 0x1a, 0x16, 0x10, 0x14, 0x60, 0x60, 0x13, 0x11, 0x10, 0x11, 0x32, 0x70, 0x70, 0x11, 0x23, 0x1d, 0x17, 0x80, 0x80, 0x18, 0x15, 0x11, 0x14, 0x80, 0x80, 0x1b, 0x11, 0x1d, 0x11, 0x1a, 0x70, 0x80, 0x11, 0x1c, 0x12, 0x11, 0x12, 0x70, 0x80, 0x13, 0x21, 0x17, 0x80, 0x80, 0x32, 0x90, 0x80, 0x19, 0x10, 0x15, 0x90, 0x80, 0x13, 0x18, 0x12, 0x90, 0x80, 0x11, 0x19, 0x1b, 0x90, 0x80, 0x1b, 0x10, 0x1c, 0x90,
0x80, 0x15, 0x10, 0x1b, 0x12, 0x80, 0x80, 0x19, 0x18, 0xa0,
// Compressed size: 122 bytes original pixels: 12544 uint16_t → ~25088 bytes uncompressed)

// EDITH / Edith Auraflow V0.3 010 S1173902871 Th0.100 20 [Folder: EDITH] - RLE compressed data (offset: 5137, size: 146)
0xf0, 0x50, 0x90, 0x1c, 0x14, 0x90, 0x90, 0x18, 0x1c, 0x19, 0x80, 0x90, 0x1b, 0x21, 0x80, 0x90, 0x24, 0x19, 0x80, 0x80, 0x19, 0x14, 0x15, 0x1b, 0x80, 0x80, 0x11, 0x1c, 0x18, 0x14, 0x80, 0x80, 0x1b, 0x1c, 0x22, 0x14, 0x70, 0x50, 0x1d, 0x10, 0x14, 0x15, 0x32, 0x1d, 0x70, 0x60, 0x24, 0x17, 0x12, 0x13, 0x1b, 0x14, 0x1d, 0x1a, 0x50, 0x70, 0x31, 0x18, 0x15, 0x14, 0x70, 0x70, 0x18, 0x11, 0x13, 0x18, 0x13, 0x11, 0x70, 0x70, 0x19, 0x1a, 0x13, 0x1a, 0x27, 0x70, 0x70, 0x19, 0x15, 0x11, 0x1a, 0x23, 0x16, 0x60, 0x60, 0x15, 0x1e, 0x21, 0x17, 0x22, 0x1a, 0x60, 0x60, 0x11, 0x18, 0x23, 0x27, 0x1e, 0x1a, 0x60, 0x60, 0x19, 0x13, 0x1b, 0x26, 0x17, 0x12, 0x11, 0x16, 0x50, 0x50, 0x1b,
0x19, 0x1c, 0x15, 0x17, 0x16, 0x13, 0x1e, 0x15, 0x16, 0x50, 0x50, 0x11, 0x19, 0x1f, 0x13, 0x12, 0x16, 0x13, 0x22, 0x16, 0x15, 0x40, 0x40, 0x18, 0x12, 0x1f, 0x11, 0x18, 0x12, 0x35, 0x11, 0x1a, 0x13, 0x40,
// Compressed size: 146 bytes original pixels: 12544 uint16_t → ~25088 bytes uncompressed)

// EDWIN / Edwin Auraflow V0.3 009 S1027019353 Th0.100 20 [Folder: EDWIN] - RLE compressed data (offset: 5283, size: 183)
0xf0, 0x50, 0x50, 0x16, 0x30, 0x19, 0x17, 0x18, 0x80, 0x50, 0x2b, 0x20, 0x16, 0x19, 0x1e, 0x80, 0x40, 0x16, 0x2b, 0x30, 0x11, 0x17, 0x15, 0x70, 0x50, 0x16, 0x30, 0x1b, 0x18, 0x13, 0x19, 0x17, 0x18, 0x50, 0x50, 0x1b, 0x30, 0x16, 0x21, 0x18, 0x1c, 0x13, 0x50, 0x90, 0x1b, 0x16, 0x12, 0x17, 0x13, 0x15, 0x50, 0x80, 0x1b, 0x1a, 0x19, 0x1a, 0x13, 0x17, 0x15, 0x50, 0x60, 0x16, 0x1a, 0x17, 0x16, 0x1a, 0x13, 0x12, 0x14, 0x15, 0x11, 0x40, 0x60, 0x11, 0x1a, 0x1d, 0x11, 0x14, 0x15, 0x12, 0x17, 0x15, 0x18, 0x40, 0x70, 0x1a, 0x12, 0x11, 0x1a, 0x24, 0x1e, 0x14, 0x13, 0x40, 0x70, 0x1d, 0x31, 0x25, 0x16, 0x14, 0x17, 0x40, 0x60, 0x16, 0x19, 0x16, 0x18, 0x17, 0x15, 0x12, 0x13, 0x12,
0x1e, 0x40, 0x60, 0x11, 0x19, 0x11, 0x19, 0x1d, 0x15, 0x1d, 0x14, 0x15, 0x12, 0x40, 0x60, 0x1a, 0x10, 0x23, 0x1c, 0x15, 0x1e, 0x12, 0x1e, 0x1c, 0x40, 0x60, 0x11, 0x10, 0x11, 0x2c, 0x24, 0x12, 0x17, 0x18, 0x1a, 0x30, 0x60, 0x13, 0x10, 0x11, 0x18, 0x13, 0x14, 0x22, 0x1d, 0x1e, 0x40, 0x60, 0x17, 0x10, 0x19, 0x1c, 0x14, 0x12, 0x14, 0x22, 0x1c, 0x40, 0x60, 0x18, 0x10, 0x19, 0x11, 0x2d, 0x1e, 0x1c, 0x13, 0x18, 0x40, 0xf0, 0x50,
// Compressed size: 183 bytes original pixels: 12544 uint16_t → ~25088 bytes uncompressed)

// EIRA / Eira Auraflow V0.3 010 S3012859125 Th0.100 20 [Folder: EIRA] - RLE compressed data (offset: 5466, size: 130)
0xf0, 0x50, 0x90, 0x13, 0x16, 0x90, 0x90, 0x15, 0x14, 0x90, 0x80, 0x11, 0x16, 0x11, 0x90, 0x70, 0x11, 0x19, 0x12, 0x11, 0x90, 0x60, 0x15, 0x29, 0x17, 0x1d, 0x13, 0x80, 0x60, 0x1d, 0x1a, 0x17, 0x1a, 0x1e, 0x12, 0x80, 0x60, 0x15, 0x21, 0x15, 0x17, 0x16, 0x80, 0x70, 0x14, 0x16, 0x14, 0x1f, 0x1e, 0x80, 0x90, 0x2a, 0x1d, 0x11, 0x70, 0x90, 0x12, 0x16, 0x1a, 0x14, 0x70, 0x80, 0x1b, 0x14, 0x12, 0x17, 0x1c, 0x70, 0x80, 0x18, 0x14, 0x12, 0x17, 0x14, 0x1b, 0x60, 0x70, 0x1c, 0x21, 0x12, 0x21, 0x19, 0x1b, 0x50, 0x80, 0x16, 0x10, 0x17, 0x12, 0x11, 0x13, 0x1b, 0x18, 0x40, 0x70, 0x1d, 0x15, 0x13, 0x25, 0x13, 0x10, 0x18, 0x50, 0x70, 0x12, 0x10, 0x13, 0x11, 0x12, 0x10, 0x18, 0x1c,
0x50, 0x70, 0x16, 0x30, 0x1e, 0x80, 0x70, 0x1e, 0x30, 0x12, 0x80, 0x60, 0x1c, 0x13, 0x18, 0x10, 0x19, 0x90,
// Compressed size: 130 bytes original pixels: 12544 uint16_t → ~25088 bytes uncompressed)

// ELEANOR / Eleanor Auraflow V0.3 011 S1911104805 Th0.100 20 [Folder: ELEANOR] - RLE compressed data (offset: 5596, size: 108)
0xf0, 0x50, 0xd0, 0x15, 0x60, 0x90, 0x17, 0x11, 0x20, 0x15, 0x60, 0x80, 0x18, 0x13, 0x11, 0x20, 0x15, 0x60, 0x70, 0x1e, 0x1a, 0x12, 0x11, 0x10, 0x25, 0x60, 0x80, 0x19, 0x17, 0xa0, 0x80, 0x13, 0x16, 0x17, 0x90, 0x80, 0x11, 0x19, 0x12, 0x10, 0x13, 0x12, 0x60, 0x90, 0x16, 0x1d, 0x17, 0x80, 0x90, 0x11, 0x1c, 0x90, 0x80, 0x1a, 0x16, 0x13, 0x90, 0x80, 0x1c, 0x14, 0x13, 0x90, 0x70, 0x11, 0x19, 0x1c, 0x19, 0x90, 0x70, 0x18, 0x13, 0x1d, 0x1f, 0x90, 0x80, 0x1d, 0x16, 0x12, 0x90, 0x80, 0x12, 0x14, 0x13, 0x90, 0x70, 0x11, 0x14, 0x16, 0x12, 0x90, 0x70, 0x11, 0x1a, 0x14, 0x18, 0x1e, 0x80, 0x70, 0x1a, 0x14, 0x2b, 0x90, 0x70, 0x12, 0x14, 0x1b, 0x18, 0x90,
// Compressed size: 108 bytes original pixels: 12544 uint16_t → ~25088 bytes uncompressed)

// ELVINA / Elvina Auraflow V0.3 028 S1671827084 Th0.100 20 [Folder: ELVINA] - RLE compressed data (offset: 5704, size: 133)
0xf0, 0x50, 0x90, 0x16, 0x1b, 0x90, 0x80, 0x1b, 0x14, 0x1d, 0x90, 0x70, 0x1c, 0x16, 0x14, 0xa0, 0x70, 0x1c, 0x11, 0x1e, 0x1b, 0x10, 0x14, 0x70, 0x70, 0x1c, 0x17, 0x19, 0x1d, 0x11, 0x13, 0x70, 0x80, 0x1a, 0x11, 0x17, 0x24, 0x70, 0x70, 0x13, 0x10, 0x18, 0x13, 0x90, 0x70, 0x21, 0x1a, 0x15, 0x1b, 0x80, 0x70, 0x19, 0x11, 0x13, 0x15, 0x14, 0x80, 0x70, 0x18, 0x14, 0x13, 0x12, 0x13, 0x80, 0x60, 0x17, 0x10, 0x18, 0x13, 0x28, 0x80, 0x80, 0x13, 0x29, 0x12, 0x80, 0x70, 0x16, 0x11, 0x22, 0x17, 0x80, 0x70, 0x12, 0x11, 0x13, 0x12, 0x17, 0x80, 0x70, 0x12, 0x18, 0x15, 0x19, 0x15, 0x80, 0x60, 0x16, 0x17, 0x12, 0x13, 0x12, 0x14, 0x80, 0x50, 0x16, 0x15, 0x1e, 0x12, 0x11, 0x15, 0x90,
0x40, 0x16, 0x17, 0x19, 0x11, 0x1a, 0x14, 0x15, 0x90, 0x20, 0x1b, 0x16, 0x1a, 0x15, 0x1a, 0x19, 0x11, 0x15, 0x1a, 0x18, 0x80,
// Compressed size: 133 bytes original pixels: 12544 uint16_t → ~25088 bytes uncompressed)

// EQUITIA / Equitia Auraflow V0.3 011 S1927335074 Th0.100 20 [Folder: EQUITIA] - RLE compressed data (offset: 5837, size: 181)
0xf0, 0x50, 0x90, 0x18, 0x19, 0x90, 0x90, 0x1a, 0x15, 0x90, 0x40, 0x26, 0x30, 0x2a, 0x19, 0x80, 0x40, 0x14, 0x23, 0x20, 0x1e, 0x12, 0x19, 0x80, 0x40, 0x23, 0x15, 0x19, 0x1a, 0x17, 0x12, 0x17, 0x1c, 0x17, 0x60, 0x30, 0x1b, 0x13, 0x26, 0x13, 0x14, 0x12, 0x1e, 0x90, 0x30, 0x1b, 0x11, 0x15, 0x16, 0x1b, 0x1a, 0x19, 0x11, 0x19, 0x80, 0x30, 0x16, 0x10, 0x18, 0x16, 0x28, 0x12, 0x13, 0x12, 0x80, 0x50, 0x19, 0x16, 0x1b, 0x13, 0x11, 0x12, 0x1b, 0x27, 0x60, 0x50, 0x15, 0x16, 0x13, 0x18, 0x1f, 0x12, 0x1d, 0x12, 0x1a, 0x60, 0x50, 0x18, 0x16, 0x15, 0x18, 0x2d, 0x13, 0x21, 0x27, 0x40, 0x50, 0x25, 0x36, 0x14, 0x11, 0x22, 0x17, 0x19, 0x1a, 0x14, 0x20, 0x50, 0x15, 0x18, 0x15, 0x23,
0x18, 0x11, 0x12, 0x11, 0x2c, 0x12, 0x24, 0x10, 0x40, 0x13, 0x15, 0x10, 0x15, 0x17, 0x21, 0x1d, 0x21, 0x1c, 0x12, 0x21, 0x20, 0x40, 0x15, 0x20, 0x15, 0x17, 0x14, 0x21, 0x12, 0x11, 0x14, 0x11, 0x14, 0x30, 0x70, 0x15, 0x10, 0x14, 0x1d, 0x22, 0x14, 0x17, 0x14, 0x19, 0x30, 0x90, 0x1c, 0x21, 0x24, 0x60, 0x40, 0x1a, 0x30, 0x1b, 0x10, 0x18, 0x10, 0x13, 0x70, 0x30, 0x18, 0x30, 0x1b, 0x13, 0x14, 0x1b, 0x10, 0x1a, 0x70,
// Compressed size: 181 bytes original pixels: 12544 uint16_t → ~25088 bytes uncompressed)

// ERNA / Erna Auraflow V0.3 031 S3273977514 Th0.100 20 [Folder: ERNA] - RLE compressed data (offset: 6018, size: 202)
0xf0, 0x50, 0xc0, 0x1a, 0x1d, 0x60, 0xa0, 0x1b, 0x1a, 0x23, 0x60, 0x90, 0x17, 0x15, 0x1a, 0x17, 0x13, 0x60, 0x50, 0x14, 0x12, 0x28, 0x14, 0x1c, 0x11, 0x1b, 0x12, 0x1c, 0x50, 0x50, 0x12, 0x15, 0x24, 0x22, 0x17, 0x1a, 0x11, 0x12, 0x50, 0x40, 0x18, 0x1e, 0x1f, 0x16, 0x19, 0x11, 0x10, 0x1d, 0x15, 0x11, 0x12, 0x50, 0x30, 0x2b, 0x19, 0x17, 0x13, 0x17, 0x15, 0x17, 0x11, 0x1a, 0x11, 0x60, 0x30, 0x11, 0x14, 0x11, 0x14, 0x16, 0x1b, 0x16, 0x10, 0x1a, 0x13, 0x12, 0x13, 0x15, 0x40, 0x30, 0x15, 0x14, 0x21, 0x29, 0x21, 0x1a, 0x1c, 0x12, 0x11, 0x13, 0x40, 0x20, 0x1b, 0x18, 0x12, 0x11, 0x29, 0x21, 0x13, 0x16, 0x12, 0x16, 0x1c, 0x13, 0x40, 0x20, 0x18, 0x15, 0x1d, 0x14, 0x16, 0x11,
0x15, 0x14, 0x16, 0x1e, 0x12, 0x1c, 0x11, 0x18, 0x40, 0x20, 0x12, 0x19, 0x14, 0x19, 0x26, 0x15, 0x1e, 0x10, 0x1a, 0x1c, 0x16, 0x13, 0x50, 0x20, 0x25, 0x24, 0x10, 0x13, 0x17, 0x15, 0x10, 0x1d, 0x23, 0x1c, 0x50, 0x20, 0x14, 0x16, 0x18, 0x1b, 0x1d, 0x17, 0x10, 0x13, 0x30, 0x1a, 0x21, 0x40, 0x20, 0x18, 0x17, 0x1e, 0x10, 0x12, 0x20, 0x12, 0x17, 0x20, 0x11, 0x15, 0x16, 0x40, 0x20, 0x18, 0x10, 0x17, 0x14, 0x17, 0x30, 0x18, 0x20, 0x15, 0x10, 0x19, 0x40, 0x40, 0x1d, 0x16, 0x10, 0x14, 0x20, 0x13, 0x20, 0x19, 0x15, 0x50, 0xf0, 0x50, 0xf0, 0x50,
// Compressed size: 202 bytes original pixels: 12544 uint16_t → ~25088 bytes uncompressed)

// EVELYN / Evelyn Auraflow V0.3 001 S978094367 Th0.100 20 [Folder: EVELYN] - RLE compressed data (offset: 6220, size: 124)
0xf0, 0x50, 0x70, 0x14, 0x22, 0x17, 0x90, 0x70, 0x11, 0x22, 0x15, 0x90, 0x70, 0x22, 0x14, 0xa0, 0x70, 0x15, 0x22, 0x18, 0x90, 0x70, 0x19, 0x23, 0x18, 0x90, 0x70, 0x13, 0x1e, 0x12, 0x1b, 0x90, 0x70, 0x1c, 0x16, 0x1b, 0x12, 0x90, 0x70, 0x15, 0x13, 0x12, 0x14, 0x13, 0x80, 0x80, 0x14, 0x11, 0x17, 0x12, 0x80, 0x80, 0x19, 0x11, 0x18, 0x13, 0x80, 0x70, 0x15, 0x1a, 0x1e, 0x18, 0x14, 0x80, 0x70, 0x15, 0x18, 0x2a, 0x13, 0x80, 0x70, 0x16, 0x13, 0x11, 0x1b, 0x17, 0x80, 0x70, 0x16, 0x13, 0x31, 0x80, 0x60, 0x15, 0x1b, 0x1a, 0x13, 0x14, 0x19, 0x80, 0x60, 0x16, 0x1b, 0x14, 0x1a, 0x14, 0x18, 0x80, 0x30, 0x1d, 0x16, 0x14, 0x11, 0x19, 0x13, 0x11, 0x14, 0x17, 0x80, 0x30, 0x2c, 0x31,
0x19, 0x1e, 0x17, 0x1d, 0x1c, 0x70, 0x50, 0x15, 0x1d, 0x16, 0x17, 0xb0,
// Compressed size: 124 bytes original pixels: 12544 uint16_t → ~25088 bytes uncompressed)

// FALON / Falon Auraflow V0.3 024 S974999518 Th0.100 20 [Folder: FALON] - RLE compressed data (offset: 6344, size: 130)
0xf0, 0x50, 0xf0, 0x50, 0x80, 0x1f, 0x15, 0xa0, 0x80, 0x18, 0x1e, 0x1a, 0x12, 0x17, 0x70, 0x90, 0x13, 0x16, 0x15, 0x1f, 0x12, 0x60, 0x90, 0x1d, 0x17, 0x15, 0x1e, 0x17, 0x12, 0x50, 0x80, 0x1b, 0x26, 0x23, 0x1e, 0x13, 0x50, 0x80, 0x12, 0x1d, 0x10, 0x19, 0x80, 0x70, 0x1a, 0x12, 0x1e, 0x15, 0x14, 0x80, 0x60, 0x26, 0x17, 0x1a, 0x12, 0x14, 0x19, 0x70, 0x70, 0x1b, 0x13, 0x1a, 0x16, 0x29, 0x70, 0x80, 0x1d, 0x14, 0x15, 0x1c, 0x19, 0x11, 0x12, 0x50, 0x80, 0x16, 0x34, 0x19, 0x11, 0x60, 0x70, 0x13, 0x18, 0x11, 0x1d, 0x1c, 0x21, 0x60, 0x80, 0x1d, 0x18, 0x15, 0x1c, 0x11, 0x18, 0x60, 0x80, 0x1a, 0x1b, 0x11, 0x1c, 0x1b, 0x13, 0x60, 0x80, 0x1f, 0x10, 0x1b, 0x15, 0x18, 0x11, 0x60,
0x80, 0x1c, 0x20, 0x14, 0x17, 0x11, 0x60, 0x70, 0x11, 0x1a, 0x20, 0x17, 0x18, 0x12, 0x13, 0x50, 0xf0, 0x50,
// Compressed size: 130 bytes original pixels: 12544 uint16_t → ~25088 bytes uncompressed)

// FENJA / Fenja Auraflow V0.3 024 S1310596206 Th0.100 20 [Folder: FENJA] - RLE compressed data (offset: 6474, size: 158)
0xf0, 0x50, 0x90, 0x1a, 0x11, 0x1a, 0x80, 0x90, 0x12, 0x1c, 0x1e, 0x80, 0x90, 0x28, 0x2e, 0x11, 0x60, 0x80, 0x12, 0x16, 0x18, 0x1c, 0x21, 0x60, 0x50, 0x1b, 0x20, 0x16, 0x19, 0x12, 0x1b, 0x23, 0x11, 0x50, 0x60, 0x15, 0x10, 0x18, 0x15, 0x14, 0x12, 0x2f, 0x11, 0x50, 0x90, 0x16, 0x18, 0x12, 0x23, 0x31, 0x30, 0x90, 0x14, 0x15, 0x1c, 0x1b, 0x1f, 0x21, 0x40, 0x70, 0x13, 0x22, 0x17, 0x18, 0x11, 0x13, 0x10, 0x21, 0x30, 0x70, 0x11, 0x18, 0x15, 0x17, 0x16, 0x23, 0x21, 0x1a, 0x30, 0x70, 0x11, 0x1b, 0x16, 0x17, 0x16, 0x11, 0x1c, 0x23, 0x11, 0x30, 0x70, 0x1a, 0x12, 0x14, 0x16, 0x29, 0x1a, 0x60, 0x80, 0x18, 0x14, 0x17, 0x1b, 0x1d, 0x11, 0x1a, 0x50, 0x80, 0x16, 0x15, 0x14, 0x19,
0x13, 0x70, 0x80, 0x14, 0x17, 0x14, 0x12, 0x11, 0x19, 0x1d, 0x50, 0x70, 0x15, 0x14, 0x18, 0x17, 0x15, 0x19, 0x1b, 0x10, 0x19, 0x40, 0x60, 0x12, 0x15, 0x14, 0x27, 0x16, 0x1b, 0x10, 0x1a, 0x50, 0x50, 0x12, 0x15, 0x16, 0x14, 0x27, 0x14, 0x15, 0x2d, 0x12, 0x19, 0x30, 0xf0, 0x50,
// Compressed size: 158 bytes original pixels: 12544 uint16_t → ~25088 bytes uncompressed)

// FIONA / Fiona Auraflow V0.3 010 S2087111365 Th0.100 20 [Folder: FIONA] - RLE compressed data (offset: 6632, size: 168)
0xf0, 0x50, 0x90, 0x19, 0x26, 0x80, 0x80, 0x12, 0x19, 0x14, 0x16, 0x80, 0x70, 0x16, 0x29, 0x15, 0x19, 0x80, 0x70, 0x16, 0x19, 0x27, 0x11, 0x16, 0x70, 0x70, 0x12, 0x1e, 0x35, 0x16, 0x12, 0x60, 0x60, 0x12, 0x19, 0x22, 0x15, 0x13, 0x19, 0x70, 0x70, 0x16, 0x14, 0x12, 0x15, 0x13, 0x16, 0x70, 0x70, 0x19, 0x10, 0x13, 0x18, 0x15, 0x16, 0x70, 0x80, 0x18, 0x15, 0x1d, 0x1a, 0x80, 0x80, 0x34, 0x1b, 0x18, 0x16, 0x60, 0x70, 0x11, 0x17, 0x23, 0x11, 0x1c, 0x70, 0x70, 0x11, 0x17, 0x1d, 0x13, 0x14, 0x1a, 0x13, 0x60, 0x60, 0x13, 0x14, 0x17, 0x15, 0x13, 0x15, 0x1a, 0x1b, 0x60, 0x60, 0x18, 0x11, 0x14, 0x17, 0x12, 0x17, 0x1b, 0x12, 0x1b, 0x50, 0x40, 0x14, 0x1a, 0x21, 0x14, 0x11, 0x12,
0x18, 0x17, 0x1a, 0x28, 0x40, 0x10, 0x13, 0x12, 0x11, 0x15, 0x13, 0x22, 0x11, 0x12, 0x17, 0x2d, 0x1c, 0x18, 0x1c, 0x15, 0x1a, 0x11, 0x10, 0x10, 0x13, 0x1c, 0x13, 0x17, 0x11, 0x15, 0x12, 0x14, 0x21, 0x1d, 0x14, 0x2b, 0x12, 0x1c, 0x1a, 0x1b, 0x10, 0x60, 0x18, 0x11, 0x12, 0x11, 0x13, 0x14, 0x1d, 0x1c, 0x11, 0x1c, 0x13, 0x30, 0xf0, 0x50,
// Compressed size: 168 bytes original pixels: 12544 uint16_t → ~25088 bytes uncompressed)

// GERTRUDE / Gertrude Auraflow V0.3 001 S684831529 Th0.100 20 [Folder: GERTRUDE] - RLE compressed data (offset: 6800, size: 154)
0xf0, 0x50, 0xc0, 0x18, 0x27, 0x50, 0xc0, 0x2b, 0x19, 0x18, 0x40, 0xc0, 0x2b, 0x11, 0x19, 0x2a, 0x20, 0xd0, 0x16, 0x21, 0x17, 0x30, 0xc0, 0x13, 0x1d, 0x11, 0x1a, 0x1b, 0x17, 0x1a, 0x10, 0xc0, 0x12, 0x15, 0x11, 0x16, 0x28, 0x20, 0xc0, 0x12, 0x16, 0x11, 0x1e, 0x10, 0x1d, 0x20, 0xb0, 0x12, 0x14, 0x13, 0x14, 0x10, 0x12, 0x30, 0xa0, 0x1e, 0x10, 0x11, 0x15, 0x11, 0x12, 0x11, 0x30, 0x90, 0x16, 0x20, 0x1e, 0x13, 0x15, 0x14, 0x15, 0x30, 0x70, 0x18, 0x30, 0x21, 0x15, 0x14, 0x11, 0x40, 0x60, 0x19, 0x40, 0x11, 0x14, 0x19, 0x14, 0x16, 0x13, 0x30, 0x50, 0x11, 0x50, 0x14, 0x22, 0x1e, 0x16, 0x1c, 0x30, 0x40, 0x12, 0x60, 0x1c, 0x14, 0x15, 0x16, 0x14, 0x16, 0x13, 0x20, 0xb0, 0x13,
0x15, 0x26, 0x14, 0x1c, 0x13, 0x20, 0x10, 0x17, 0x90, 0x15, 0x14, 0x15, 0x12, 0x15, 0x23, 0x20, 0xb0, 0x12, 0x20, 0x12, 0x13, 0x1c, 0x13, 0x1d, 0x1a, 0xb0, 0x12, 0x20, 0x1c, 0x1b, 0x17, 0x1a, 0x18, 0x19, 0x50, 0x27, 0x19, 0x1d, 0x19, 0x20, 0x18, 0x70,
// Compressed size: 154 bytes original pixels: 12544 uint16_t → ~25088 bytes uncompressed)

// GODWYN / Godwyn Auraflow V0.3 010 S4108162389 Th0.100 20 [Folder: GODWYN] - RLE compressed data (offset: 6954, size: 176)
0xf0, 0x50, 0x90, 0x1a, 0x13, 0x90, 0x90, 0x12, 0x17, 0x90, 0x80, 0x1e, 0x16, 0x18, 0x1e, 0x80, 0x70, 0x11, 0x13, 0x16, 0x1c, 0x1a, 0x13, 0x70, 0x70, 0x18, 0x15, 0x1a, 0x15, 0x1d, 0x16, 0x17, 0x60, 0x70, 0x12, 0x1f, 0x1c, 0x11, 0x16, 0x13, 0x1b, 0x1a, 0x50, 0x70, 0x14, 0x1c, 0x24, 0x1b, 0x11, 0x1a, 0x11, 0x50, 0x60, 0x1a, 0x10, 0x17, 0x12, 0x14, 0x1d, 0x18, 0x14, 0x19, 0x50, 0x60, 0x16, 0x10, 0x14, 0x19, 0x14, 0x22, 0x19, 0x60, 0x60, 0x17, 0x10, 0x12, 0x13, 0x1d, 0x22, 0x1d, 0x60, 0x60, 0x16, 0x10, 0x1d, 0x15, 0x12, 0x11, 0x1f, 0x17, 0x15, 0x17, 0x13, 0x30, 0x60, 0x11, 0x10, 0x12, 0x13, 0x14, 0x16, 0x12, 0x18, 0x11, 0x13, 0x1c, 0x30, 0x60, 0x11, 0x10, 0x12, 0x11,
0x19, 0x1b, 0x12, 0x18, 0x11, 0x25, 0x30, 0x60, 0x11, 0x10, 0x22, 0x14, 0x16, 0x14, 0x11, 0x18, 0x15, 0x10, 0x15, 0x20, 0x60, 0x1b, 0x10, 0x14, 0x19, 0x18, 0x29, 0x21, 0x15, 0x20, 0x15, 0x10, 0x60, 0x13, 0x10, 0x1c, 0x1e, 0x1c, 0x21, 0x13, 0x17, 0x11, 0x40, 0x60, 0x13, 0x10, 0x16, 0x30, 0x11, 0x10, 0x1b, 0x13, 0x40, 0x60, 0x1b, 0x1e, 0x18, 0x30, 0x1f, 0x70, 0xc0, 0x17, 0x13, 0x60,
// Compressed size: 176 bytes original pixels: 12544 uint16_t → ~25088 bytes uncompressed)

// GUINEVERE / Guinevere Auraflow V0.3 024 S1447154863 Th0.100 20 [Folder: GUINEVERE] - RLE compressed data (offset: 7130, size: 129)
0xf0, 0x50, 0xf0, 0x50, 0x90, 0x25, 0x90, 0x90, 0x16, 0x1b, 0x1d, 0x80, 0xa0, 0x1b, 0x15, 0x80, 0x90, 0x13, 0x1f, 0x15, 0x80, 0x90, 0x1c, 0x1a, 0x15, 0x80, 0x90, 0x11, 0x1a, 0x15, 0x80, 0x90, 0x13, 0x16, 0x1b, 0x80, 0x90, 0x13, 0x19, 0x1b, 0x80, 0x80, 0x16, 0x14, 0x13, 0x15, 0x80, 0x70, 0x13, 0x16, 0x19, 0x16, 0x15, 0x80, 0x70, 0x1e, 0x11, 0x13, 0x1a, 0x1e, 0x80, 0x70, 0x17, 0x1c, 0x11, 0x14, 0x12, 0x80, 0x60, 0x12, 0x11, 0x22, 0x17, 0x14, 0x80, 0x60, 0x17, 0x14, 0x28, 0x11, 0x18, 0x80, 0x60, 0x22, 0x14, 0x12, 0x17, 0x14, 0x17, 0x70, 0x50, 0x12, 0x11, 0x14, 0x19, 0x18, 0x12, 0x11, 0x17, 0x11, 0x40, 0x13, 0x10, 0x30, 0x13, 0x11, 0x18, 0x12, 0x29, 0x1c, 0x14, 0x31,
0x1d, 0x26, 0x11, 0x19, 0x10, 0x70, 0x11, 0x14, 0x18, 0x13, 0x14, 0x13, 0x1a, 0x12, 0x13, 0x1a, 0x30,
// Compressed size: 129 bytes original pixels: 12544 uint16_t → ~25088 bytes uncompressed)

// GWENDOLYN / Gwendolyn Auraflow V0.3 001 S3964141546 Th0.100 20 [Folder: GWENDOLYN] - RLE compressed data (offset: 7259, size: 216)
0xf0, 0x50, 0xb0, 0x18, 0x30, 0x17, 0x40, 0x80, 0x15, 0x18, 0x14, 0x12, 0x1f, 0x10, 0x1c, 0x10, 0x14, 0x1d, 0x20, 0x30, 0x1c, 0x10, 0x2f, 0x1e, 0x28, 0x11, 0x1e, 0x1a, 0x40, 0x12, 0x20, 0x30, 0x18, 0x15, 0x1e, 0x12, 0x15, 0x11, 0x1c, 0x12, 0x15, 0x50, 0x13, 0x20, 0x30, 0x15, 0x1a, 0x19, 0x32, 0x1e, 0x18, 0x1b, 0x30, 0x1c, 0x20, 0x17, 0x10, 0x10, 0x1c, 0x15, 0x18, 0x22, 0x18, 0x22, 0x14, 0x13, 0x19, 0x13, 0x50, 0x15, 0x10, 0x30, 0x18, 0x1a, 0x18, 0x15, 0x1a, 0x10, 0x14, 0x11, 0x1d, 0x16, 0x11, 0x30, 0x11, 0x20, 0x20, 0x18, 0x1c, 0x10, 0x15, 0x20, 0x16, 0x12, 0x14, 0x20, 0x16, 0x30, 0x15, 0x11, 0x10, 0x80, 0x17, 0x19, 0x26, 0x40, 0x17, 0x30, 0x20, 0x11, 0x19, 0x1d,
0x1b, 0x17, 0x12, 0x11, 0x13, 0x24, 0x40, 0x11, 0x30, 0x20, 0x19, 0x20, 0x1b, 0x11, 0x1b, 0x16, 0x23, 0x16, 0x1a, 0x30, 0x12, 0x30, 0x10, 0x13, 0x14, 0x10, 0x1c, 0x14, 0x17, 0x11, 0x19, 0x24, 0x23, 0x70, 0x10, 0x1b, 0x17, 0x13, 0x20, 0x17, 0x13, 0x19, 0x11, 0x13, 0x10, 0x19, 0x1b, 0x60, 0x20, 0x11, 0x16, 0x20, 0x14, 0x13, 0x1d, 0x1b, 0x20, 0x16, 0x17, 0x60, 0x20, 0x14, 0x13, 0x20, 0x19, 0x11, 0x17, 0x30, 0x13, 0x70, 0x30, 0x17, 0x10, 0x11, 0x1b, 0x50, 0x14, 0x70, 0x30, 0x11, 0x19, 0x14, 0x10, 0x16, 0x40, 0x16, 0x70, 0x10, 0x1d, 0x2a, 0x11, 0x15, 0x12, 0x16, 0x1a, 0x1d, 0x25, 0x16, 0x1b, 0x1c, 0x1a, 0x40, 0xf0, 0x50,
// Compressed size: 216 bytes original pixels: 12544 uint16_t → ~25088 bytes uncompressed)

// GWENFREWI / Gwenfrewi Auraflow V0.3 011 S1515894136 Th0.100 20 [Folder: GWENFREWI] - RLE compressed data (offset: 7475, size: 175)
0x90, 0x1b, 0x1a, 0x14, 0x80, 0x70, 0x15, 0x1a, 0x28, 0x19, 0x80, 0x60, 0x19, 0x15, 0x1c, 0x2b, 0x90, 0x50, 0x15, 0x1f, 0x1e, 0x18, 0x1c, 0x1e, 0x1d, 0x80, 0x40, 0x1a, 0x1f, 0x1b, 0x28, 0x1b, 0x18, 0x14, 0x80, 0x20, 0x14, 0x10, 0x1c, 0x1e, 0x2c, 0x28, 0x1b, 0x19, 0x80, 0x30, 0x1a, 0x14, 0x1a, 0x15, 0x1e, 0x1b, 0x28, 0x16, 0x10, 0x12, 0x14, 0x50, 0x30, 0x1a, 0x10, 0x14, 0x2a, 0x1c, 0x1e, 0x11, 0x16, 0x19, 0x13, 0x60, 0x60, 0x25, 0x2b, 0x11, 0x16, 0x1d, 0x23, 0x50, 0x70, 0x14, 0x41, 0x23, 0x60, 0x40, 0x12, 0x10, 0x19, 0x1a, 0x1c, 0x11, 0x17, 0x11, 0x19, 0x1d, 0x60, 0x50, 0x12, 0x15, 0x10, 0x16, 0x17, 0x11, 0x16, 0x12, 0x10, 0x12, 0x50, 0x30, 0x22, 0x20, 0x14, 0x16,
0x17, 0x11, 0x16, 0x20, 0x12, 0x14, 0x40, 0x60, 0x15, 0x19, 0x17, 0x16, 0x11, 0x15, 0x80, 0x50, 0x23, 0x10, 0x11, 0x10, 0x11, 0x19, 0x1d, 0x30, 0x12, 0x30, 0x40, 0x12, 0x1d, 0x20, 0x17, 0x12, 0x11, 0x23, 0x70, 0x20, 0x14, 0x10, 0x12, 0x30, 0x17, 0x14, 0x11, 0x19, 0x13, 0x70, 0x80, 0x16, 0x12, 0x17, 0x13, 0x80, 0x80, 0x17, 0x10, 0x16, 0x90, 0x80, 0x17, 0x15, 0x17, 0x1d, 0x80,
// Compressed size: 175 bytes original pixels: 12544 uint16_t → ~25088 bytes uncompressed)

// GYRID / Gyrid Auraflow V0.3 003 S3621718094 Th0.100 20 [Folder: GYRID] - RLE compressed data (offset: 7650, size: 178)
0xf0, 0x50, 0x90, 0x26, 0x40, 0x16, 0x40, 0x90, 0x1c, 0x16, 0x40, 0x16, 0x13, 0x30, 0x90, 0x25, 0x40, 0x16, 0x1d, 0x30, 0x40, 0x1c, 0x20, 0x16, 0x1c, 0x11, 0x12, 0x16, 0x30, 0x14, 0x40, 0x50, 0x1d, 0x10, 0x1d, 0x16, 0x25, 0x13, 0x16, 0x10, 0x15, 0x50, 0x50, 0x16, 0x13, 0x15, 0x11, 0x23, 0x1c, 0x16, 0x1c, 0x14, 0x50, 0x50, 0x13, 0x1c, 0x14, 0x28, 0x15, 0x13, 0x1a, 0x1c, 0x14, 0x50, 0x60, 0x13, 0x14, 0x19, 0x11, 0x17, 0x1b, 0x1a, 0x14, 0x18, 0x50, 0x60, 0x11, 0x1a, 0x1b, 0x2a, 0x29, 0x14, 0x13, 0x50, 0x60, 0x13, 0x1b, 0x4a, 0x14, 0x1d, 0x60, 0x60, 0x1d, 0x11, 0x12, 0x25, 0x13, 0x1e, 0x70, 0x60, 0x18, 0x11, 0x18, 0x1b, 0x12, 0x11, 0x18, 0x70, 0x50, 0x13, 0x14, 0x11,
0x1b, 0x12, 0x17, 0x2b, 0x70, 0x40, 0x13, 0x15, 0x18, 0x19, 0x11, 0x12, 0x14, 0x1b, 0x11, 0x70, 0x40, 0x15, 0x28, 0x1e, 0x11, 0x19, 0x14, 0x11, 0x17, 0x70, 0x30, 0x13, 0x1e, 0x42, 0x11, 0x12, 0x11, 0x1e, 0x70, 0x30, 0x11, 0x39, 0x12, 0x21, 0x27, 0x12, 0x70, 0x10, 0x21, 0x1d, 0x24, 0x22, 0x27, 0x11, 0x17, 0x12, 0x15, 0x60, 0x10, 0x11, 0x15, 0x1d, 0x14, 0x1e, 0x19, 0x21, 0x27, 0x11, 0x12, 0x70,
// Compressed size: 178 bytes original pixels: 12544 uint16_t → ~25088 bytes uncompressed)

// GYTHA / Gytha Auraflow V0.3 011 S4197665210 Th0.100 20 [Folder: GYTHA] - RLE compressed data (offset: 7828, size: 142)
0xa0, 0x21, 0x80, 0x90, 0x23, 0x1e, 0x80, 0x90, 0x11, 0x18, 0x1b, 0x80, 0x90, 0x18, 0x12, 0x19, 0x80, 0x80, 0x18, 0x13, 0x1b, 0x1d, 0x1e, 0x70, 0x80, 0x11, 0x3b, 0x15, 0x70, 0x90, 0x15, 0x16, 0x13, 0x16, 0x70, 0x80, 0x16, 0x12, 0x13, 0x1a, 0x1c, 0x1e, 0x60, 0x80, 0x16, 0x2c, 0x2a, 0x15, 0x60, 0x70, 0x1b, 0x1d, 0x14, 0x1d, 0x18, 0x14, 0x11, 0x60, 0x70, 0x1f, 0x1c, 0x15, 0x1d, 0x18, 0x11, 0x13, 0x60, 0x70, 0x18, 0x19, 0x11, 0x14, 0x12, 0x16, 0x1a, 0x60, 0x70, 0x1c, 0x17, 0x24, 0x12, 0x1d, 0x19, 0x18, 0x50, 0x70, 0x15, 0x17, 0x12, 0x18, 0x22, 0x19, 0x14, 0x50, 0x70, 0x14, 0x17, 0x16, 0x15, 0x12, 0x13, 0x1a, 0x15, 0x50, 0x70, 0x15, 0x17, 0x11, 0x16, 0x14, 0x1f, 0x1a,
0x1f, 0x50, 0x70, 0x27, 0x14, 0x19, 0x22, 0x19, 0x11, 0x50, 0x70, 0x17, 0x16, 0x1c, 0x19, 0x11, 0x12, 0x11, 0x60, 0x70, 0x1a, 0x13, 0x15, 0x13, 0x90, 0x60, 0x27, 0x13, 0x16, 0xa0,
// Compressed size: 142 bytes original pixels: 12544 uint16_t → ~25088 bytes uncompressed)

// HAASKE / Haaske Auraflow V0.3 004 S2973339547 Th0.100 20 [Folder: HAASKE] - RLE compressed data (offset: 7970, size: 238)
0x70, 0x13, 0x19, 0x22, 0x13, 0x80, 0x60, 0x1f, 0x22, 0x1c, 0x25, 0x19, 0x70, 0x60, 0x1b, 0x22, 0x15, 0x14, 0x1e, 0x12, 0x1b, 0x60, 0x50, 0x1d, 0x19, 0x25, 0x14, 0x1e, 0x13, 0x15, 0x1b, 0x60, 0x40, 0x1c, 0x19, 0x22, 0x15, 0x16, 0x1a, 0x13, 0x1d, 0x15, 0x60, 0x40, 0x1c, 0x19, 0x15, 0x12, 0x11, 0x1e, 0x19, 0x16, 0x17, 0x16, 0x1b, 0x50, 0x50, 0x1d, 0x11, 0x15, 0x11, 0x18, 0x1e, 0x17, 0x13, 0x1d, 0x1b, 0x50, 0x40, 0x1c, 0x11, 0x22, 0x11, 0x18, 0x27, 0x13, 0x1c, 0x1b, 0x50, 0x30, 0x1c, 0x16, 0x1d, 0x15, 0x12, 0x11, 0x27, 0x13, 0x1a, 0x15, 0x60, 0x40, 0x1c, 0x16, 0x22, 0x15, 0x11, 0x13, 0x12, 0x29, 0x60, 0x40, 0x1b, 0x13, 0x22, 0x2d, 0x1b, 0x12, 0x16, 0x1b, 0x60, 0x40,
0x1c, 0x1b, 0x22, 0x15, 0x1b, 0x1d, 0x15, 0x1a, 0x16, 0x1a, 0x19, 0x40, 0x40, 0x1d, 0x1a, 0x16, 0x1a, 0x12, 0x18, 0x15, 0x1a, 0x18, 0x16, 0x14, 0x16, 0x1c, 0x30, 0x30, 0x19, 0x11, 0x1e, 0x14, 0x16, 0x1a, 0x18, 0x13, 0x2f, 0x19, 0x27, 0x1c, 0x30, 0x30, 0x1d, 0x11, 0x17, 0x18, 0x11, 0x1a, 0x14, 0x13, 0x1f, 0x1e, 0x23, 0x17, 0x1b, 0x30, 0x30, 0x11, 0x1a, 0x17, 0x18, 0x1b, 0x11, 0x16, 0x23, 0x17, 0x14, 0x13, 0x14, 0x1c, 0x30, 0x30, 0x1d, 0x14, 0x17, 0x15, 0x11, 0x16, 0x1e, 0x13, 0x1f, 0x13, 0x14, 0x16, 0x14, 0x40, 0x30, 0x11, 0x18, 0x17, 0x21, 0x1a, 0x14, 0x19, 0x13, 0x1e, 0x18, 0x26, 0x40, 0x30, 0x11, 0x28, 0x21, 0x1a, 0x18, 0x14, 0x1e, 0x19, 0x34, 0x1c, 0x30, 0x30,
0x11, 0x18, 0x17, 0x11, 0x1a, 0x11, 0x14, 0x18, 0x14, 0x23, 0x18, 0x14, 0x19, 0x30,
// Compressed size: 238 bytes original pixels: 12544 uint16_t → ~25088 bytes uncompressed)

// HAMA / Hama Auraflow V0.3 003 S2266713330 Th0.100 20 [Folder: HAMA] - RLE compressed data (offset: 8208, size: 192)
0x90, 0x11, 0x1f, 0x90, 0x80, 0x1e, 0x16, 0x17, 0x16, 0x80, 0x70, 0x19, 0x14, 0x16, 0x18, 0x1d, 0x18, 0x70, 0x70, 0x11, 0x1e, 0x19, 0x1f, 0x12, 0x18, 0x11, 0x60, 0x80, 0x11, 0x2f, 0x1d, 0x80, 0x70, 0x11, 0x10, 0x19, 0x16, 0x11, 0x10, 0x11, 0x60, 0x90, 0x1e, 0x1f, 0x28, 0x70, 0x70, 0x19, 0x25, 0x1e, 0x27, 0x70, 0x70, 0x13, 0x1c, 0x15, 0x1e, 0x1a, 0x14, 0x17, 0x60, 0x70, 0x1b, 0x13, 0x1e, 0x16, 0x17, 0x12, 0x18, 0x60, 0x60, 0x13, 0x2c, 0x11, 0x16, 0x14, 0x1b, 0x14, 0x60, 0x60, 0x15, 0x1c, 0x24, 0x17, 0x1b, 0x12, 0x17, 0x60, 0x60, 0x19, 0x1a, 0x12, 0x18, 0x1d, 0x11, 0x24, 0x1a, 0x50, 0x50, 0x29, 0x1a, 0x1d, 0x1f, 0x16, 0x12, 0x11, 0x1b, 0x1a, 0x1b, 0x15, 0x30, 0x20,
0x19, 0x25, 0x13, 0x15, 0x13, 0x1d, 0x12, 0x17, 0x12, 0x11, 0x14, 0x13, 0x2e, 0x1c, 0x20, 0x20, 0x13, 0x1c, 0x11, 0x1c, 0x11, 0x1b, 0x14, 0x12, 0x1c, 0x13, 0x29, 0x25, 0x2a, 0x20, 0x20, 0x17, 0x16, 0x14, 0x1a, 0x1d, 0x14, 0x1c, 0x13, 0x16, 0x13, 0x1a, 0x1b, 0x13, 0x18, 0x14, 0x1b, 0x20, 0x20, 0x13, 0x17, 0x11, 0x17, 0x22, 0x35, 0x13, 0x12, 0x1b, 0x18, 0x22, 0x1b, 0x20, 0x10, 0x17, 0x1d, 0x18, 0x1d, 0x18, 0x13, 0x1f, 0x1a, 0x11, 0x36, 0x1d, 0x18, 0x14, 0x22, 0x20, 0xf0, 0x50,
// Compressed size: 192 bytes original pixels: 12544 uint16_t → ~25088 bytes uncompressed)

// HARDRED / Hardred Auraflow V0.3 003 S3904567541 Th0.100 20 [Folder: HARDRED] - RLE compressed data (offset: 8400, size: 196)
0x50, 0x18, 0x50, 0x12, 0x80, 0x50, 0x18, 0x30, 0x17, 0xa0, 0x50, 0x18, 0x30, 0x22, 0x90, 0x50, 0x12, 0x1d, 0x20, 0x17, 0x1e, 0x16, 0x19, 0x70, 0x50, 0x12, 0x30, 0x15, 0x17, 0x13, 0x18, 0x12, 0x60, 0x50, 0x1c, 0x30, 0x13, 0x12, 0x1f, 0x22, 0x60, 0x50, 0x12, 0x10, 0x22, 0x13, 0x1b, 0x21, 0x14, 0x18, 0x50, 0x50, 0x14, 0x16, 0x14, 0x10, 0x12, 0x26, 0x11, 0x10, 0x14, 0x28, 0x30, 0x60, 0x1e, 0x18, 0x10, 0x16, 0x13, 0x16, 0x1e, 0x20, 0x14, 0x40, 0x40, 0x19, 0x30, 0x14, 0x16, 0x13, 0x15, 0x1f, 0x20, 0x1f, 0x40, 0x40, 0x17, 0x30, 0x19, 0x16, 0x1a, 0x15, 0x16, 0x1a, 0x10, 0x15, 0x40, 0x40, 0x1d, 0x20, 0x17, 0x13, 0x14, 0x13, 0x25, 0x11, 0x1c, 0x19, 0x40, 0x70, 0x15, 0x13,
0x19, 0x14, 0x11, 0x1e, 0x1b, 0x14, 0x1c, 0x15, 0x1c, 0x20, 0x70, 0x16, 0x13, 0x1d, 0x14, 0x15, 0x10, 0x25, 0x20, 0x1c, 0x20, 0x30, 0x1d, 0x30, 0x16, 0x17, 0x14, 0x17, 0x1a, 0x19, 0x10, 0x1f, 0x30, 0x13, 0x10, 0x30, 0x18, 0x30, 0x19, 0x11, 0x10, 0x1d, 0x30, 0x2a, 0x40, 0x70, 0x13, 0x70, 0x17, 0x40, 0x60, 0x15, 0x19, 0x70, 0x19, 0x40, 0x20, 0x14, 0x1b, 0x12, 0x1c, 0x1b, 0x13, 0x18, 0x1a, 0x1b, 0x17, 0x13, 0x1b, 0x15, 0x14, 0x17, 0x30, 0x20, 0x1c, 0x1e, 0x31, 0x2a, 0x19, 0x1b, 0x16, 0x17, 0x61, 0x10,
// Compressed size: 196 bytes original pixels: 12544 uint16_t → ~25088 bytes uncompressed)

// HARLOW / Harlow Auraflow V0.3 005 S1929954502 Th0.100 20 [Folder: HARLOW] - RLE compressed data (offset: 8596, size: 164)
0xf0, 0x50, 0x30, 0x1a, 0x12, 0x14, 0x10, 0x15, 0x12, 0x13, 0x14, 0x90, 0x30, 0x12, 0x27, 0x10, 0x13, 0x1e, 0x12, 0x1b, 0x90, 0x40, 0x15, 0x10, 0x19, 0x16, 0x11, 0x1e, 0x14, 0x19, 0x80, 0x40, 0x16, 0x20, 0x21, 0x27, 0x90, 0x40, 0x14, 0x30, 0x13, 0x18, 0x17, 0x90, 0x40, 0x16, 0x10, 0x11, 0x14, 0x12, 0x24, 0x90, 0x40, 0x16, 0x1a, 0x18, 0x17, 0x23, 0x19, 0x15, 0x80, 0x30, 0x1a, 0x16, 0x18, 0x1b, 0x10, 0x23, 0x10, 0x12, 0x80, 0x40, 0x13, 0x16, 0x10, 0x11, 0x13, 0x19, 0x12, 0x20, 0x17, 0x60, 0x40, 0x1b, 0x10, 0x12, 0x13, 0x12, 0x1c, 0x1a, 0x18, 0x20, 0x1d, 0x50, 0x40, 0x14, 0x10, 0x1c, 0x1b, 0x19, 0x14, 0x19, 0x13, 0x1f, 0x70, 0x40, 0x1d, 0x10, 0x1f, 0x11, 0x12, 0x18,
0x11, 0x18, 0x11, 0x14, 0x60, 0x40, 0x15, 0x11, 0x1a, 0x1c, 0x16, 0x1d, 0x11, 0x12, 0x1a, 0x1c, 0x60, 0x40, 0x14, 0x12, 0x21, 0x13, 0x21, 0x2c, 0x1f, 0x15, 0x50, 0x40, 0x15, 0x20, 0x16, 0x10, 0x15, 0x1d, 0x90, 0x40, 0x15, 0x20, 0x1b, 0x20, 0x1e, 0x90, 0x70, 0x1b, 0x20, 0x18, 0x90, 0xa0, 0x11, 0x90, 0xf0, 0x50,
// Compressed size: 164 bytes original pixels: 12544 uint16_t → ~25088 bytes uncompressed)

// HEDDA / Hedda Auraflow V0.3 007 S2157169242 Th0.100 20 [Folder: HEDDA] - RLE compressed data (offset: 8760, size: 154)
0xf0, 0x50, 0xd0, 0x12, 0x30, 0x18, 0x20, 0x90, 0x13, 0x1d, 0x20, 0x21, 0x10, 0x12, 0x14, 0x20, 0x80, 0x11, 0x1d, 0x19, 0x20, 0x13, 0x1a, 0x12, 0x15, 0x14, 0x20, 0x70, 0x12, 0x11, 0x19, 0x40, 0x16, 0x1b, 0x11, 0x15, 0x20, 0x70, 0x13, 0x19, 0x12, 0x19, 0x10, 0x12, 0x10, 0x12, 0x11, 0x15, 0x12, 0x20, 0x40, 0x12, 0x13, 0x25, 0x17, 0x1a, 0x1b, 0x10, 0x13, 0x20, 0x18, 0x11, 0x30, 0x40, 0x11, 0x18, 0x25, 0x11, 0x13, 0x1c, 0x14, 0x1d, 0x20, 0x18, 0x40, 0x40, 0x1b, 0x1e, 0x12, 0x15, 0x18, 0x11, 0x13, 0x30, 0x1a, 0x50, 0x40, 0x11, 0x15, 0x14, 0x21, 0x17, 0x11, 0x90, 0x40, 0x14, 0x1a, 0x13, 0x14, 0x13, 0x16, 0x17, 0x1a, 0x80, 0x50, 0x16, 0x1b, 0x14, 0x1c, 0x17, 0x16, 0x14,
0x80, 0x80, 0x13, 0x10, 0x1c, 0x17, 0x80, 0x80, 0x12, 0x10, 0x11, 0x12, 0x80, 0x70, 0x26, 0x10, 0x17, 0x90, 0x70, 0x13, 0x14, 0x10, 0x17, 0x1b, 0x80, 0x70, 0x1c, 0x30, 0x16, 0x80, 0x70, 0x18, 0x30, 0x19, 0x80, 0x70, 0x11, 0x30, 0x1f, 0x80, 0xf0, 0x50,
// Compressed size: 154 bytes original pixels: 12544 uint16_t → ~25088 bytes uncompressed)

// HELEN / Helen Auraflow V0.3 025 S144907399 Th0.100 20 [Folder: HELEN] - RLE compressed data (offset: 8914, size: 206)
0xf0, 0x50, 0x90, 0x1d, 0x1a, 0x12, 0x80, 0x90, 0x1e, 0x18, 0x19, 0x12, 0x70, 0x80, 0x1c, 0x1e, 0x1a, 0x11, 0x12, 0x70, 0x80, 0x12, 0x19, 0x11, 0x15, 0x12, 0x70, 0x80, 0x17, 0x1a, 0x21, 0x12, 0x70, 0x70, 0x1b, 0x1a, 0x11, 0x18, 0x1a, 0x1d, 0x15, 0x60, 0x60, 0x14, 0x15, 0x19, 0x1a, 0x11, 0x1a, 0x18, 0x12, 0x60, 0x60, 0x13, 0x17, 0x1e, 0x12, 0x28, 0x1a, 0x12, 0x13, 0x50, 0x60, 0x16, 0x19, 0x15, 0x31, 0x1e, 0x17, 0x60, 0x50, 0x13, 0x19, 0x16, 0x1c, 0x21, 0x18, 0x19, 0x1e, 0x13, 0x50, 0x50, 0x1b, 0x17, 0x19, 0x12, 0x21, 0x18, 0x16, 0x12, 0x1d, 0x14, 0x40, 0x40, 0x14, 0x1d, 0x27, 0x1e, 0x28, 0x11, 0x16, 0x15, 0x17, 0x14, 0x40, 0x40, 0x24, 0x15, 0x1f, 0x12, 0x1a, 0x18,
0x1a, 0x16, 0x15, 0x19, 0x50, 0x40, 0x1b, 0x17, 0x1d, 0x1e, 0x1c, 0x18, 0x25, 0x16, 0x1c, 0x23, 0x40, 0x40, 0x17, 0x19, 0x13, 0x19, 0x1c, 0x11, 0x19, 0x1d, 0x1f, 0x16, 0x15, 0x50, 0x30, 0x1b, 0x24, 0x15, 0x1f, 0x1e, 0x11, 0x1d, 0x1c, 0x1f, 0x17, 0x10, 0x1b, 0x1a, 0x30, 0x10, 0x14, 0x13, 0x24, 0x17, 0x36, 0x18, 0x12, 0x1d, 0x16, 0x1c, 0x23, 0x10, 0x13, 0x20, 0x13, 0x20, 0x13, 0x12, 0x1f, 0x1e, 0x15, 0x1b, 0x18, 0x11, 0x1b, 0x16, 0x17, 0x1f, 0x20, 0x14, 0x10, 0x13, 0x1d, 0x1f, 0x1c, 0x17, 0x24, 0x1c, 0x22, 0x21, 0x14, 0x12, 0x15, 0x2b, 0x16, 0x1b, 0x13, 0x15,
// Compressed size: 206 bytes original pixels: 12544 uint16_t → ~25088 bytes uncompressed)

// HILDR / Hildr Auraflow V0.3 032 S2843320693 Th0.100 20 [Folder: HILDR] - RLE compressed data (offset: 9120, size: 94)
0xf0, 0x50, 0x80, 0x19, 0x23, 0x90, 0x80, 0x13, 0x11, 0x19, 0x90, 0x80, 0x11, 0x17, 0x13, 0x90, 0x80, 0x12, 0x17, 0x15, 0x90, 0x80, 0x1a, 0x14, 0x19, 0x90, 0x80, 0x16, 0x14, 0x1d, 0x90, 0x70, 0x16, 0x15, 0x12, 0x18, 0x90, 0x70, 0x1b, 0x1e, 0x12, 0x13, 0x90, 0x70, 0x12, 0x14, 0x17, 0x18, 0x16, 0x80, 0x80, 0x11, 0x14, 0x1b, 0x1a, 0x80, 0x80, 0x11, 0x18, 0x1c, 0x90, 0x80, 0x14, 0x1c, 0x18, 0x90, 0x70, 0x15, 0x31, 0x90, 0x80, 0x11, 0x10, 0x17, 0x1a, 0x80, 0x80, 0x12, 0x10, 0x12, 0x90, 0x80, 0x16, 0x10, 0x15, 0x90, 0x80, 0x1b, 0xb0, 0x70, 0x21, 0xb0, 0xf0, 0x50,
// Compressed size: 94 bytes original pixels: 12544 uint16_t → ~25088 bytes uncompressed)

// HYEJIN / Hyejin Auraflow V0.3 005 S2684034496 Th0.100 20 [Folder: HYEJIN] - RLE compressed data (offset: 9214, size: 155)
0x90, 0x16, 0x11, 0x90, 0x80, 0x27, 0x1c, 0x1b, 0x80, 0x80, 0x18, 0x12, 0x14, 0x15, 0x80, 0x70, 0x11, 0x18, 0x15, 0x1f, 0x21, 0x70, 0x70, 0x18, 0x1e, 0x11, 0x1f, 0x14, 0x80, 0x60, 0x19, 0x15, 0x12, 0x1b, 0x14, 0x10, 0x11, 0x70, 0x70, 0x13, 0x16, 0x1b, 0x15, 0x90, 0x60, 0x11, 0x28, 0x12, 0x1d, 0x19, 0x80, 0x60, 0x19, 0x2e, 0x17, 0x12, 0x19, 0x80, 0x60, 0x15, 0x1d, 0x17, 0x13, 0x17, 0x19, 0x80, 0x50, 0x11, 0x13, 0x26, 0x1a, 0x13, 0x15, 0x80, 0x50, 0x11, 0x1a, 0x16, 0x12, 0x13, 0x2b, 0x80, 0x50, 0x21, 0x16, 0x18, 0x12, 0x18, 0x1c, 0x80, 0x50, 0x24, 0x17, 0x13, 0x1b, 0x16, 0x13, 0x80, 0x50, 0x11, 0x1d, 0x12, 0x1d, 0x15, 0x1a, 0x17, 0x1c, 0x70, 0x40, 0x21, 0x1e, 0x12,
0x19, 0x1a, 0x16, 0x1d, 0x1c, 0x70, 0x40, 0x14, 0x1f, 0x1e, 0x1c, 0x15, 0x13, 0x1d, 0x1b, 0x13, 0x70, 0x50, 0x1f, 0x18, 0x2a, 0x12, 0x1e, 0x15, 0x14, 0x70, 0x70, 0x1a, 0x19, 0x22, 0x1c, 0x10, 0x14, 0x60, 0x70, 0x1c, 0x13, 0x12, 0x17, 0x1d, 0x10, 0x14, 0x60,
// Compressed size: 155 bytes original pixels: 12544 uint16_t → ~25088 bytes uncompressed)

// IDA / Ida Auraflow V0.3 009 S3221884742 Th0.100 20 [Folder: IDA] - RLE compressed data (offset: 9369, size: 125)
0xf0, 0x50, 0x90, 0x11, 0x14, 0x90, 0x90, 0x1f, 0x18, 0x90, 0x80, 0x1d, 0x1a, 0x14, 0x1a, 0x80, 0x70, 0x14, 0x17, 0x11, 0x15, 0x14, 0x80, 0x70, 0x1b, 0x15, 0x24, 0x18, 0x80, 0x80, 0x13, 0x19, 0x15, 0x18, 0x80, 0x70, 0x11, 0x19, 0x17, 0x1b, 0x1e, 0x20, 0x1a, 0x50, 0x70, 0x17, 0x19, 0x18, 0x15, 0x12, 0x14, 0x15, 0x10, 0x1d, 0x40, 0x70, 0x21, 0x16, 0x18, 0x15, 0x18, 0x70, 0x70, 0x15, 0x11, 0x16, 0x11, 0x14, 0x80, 0x70, 0x1c, 0x1b, 0x12, 0x11, 0x12, 0x80, 0x70, 0x1e, 0x12, 0x13, 0x16, 0x11, 0x80, 0x70, 0x12, 0x16, 0x13, 0x12, 0x11, 0x14, 0x70, 0x50, 0x12, 0x10, 0x12, 0x33, 0x16, 0x12, 0x70, 0x70, 0x23, 0x1c, 0x13, 0x1c, 0x80, 0x70, 0x16, 0x27, 0x19, 0x13, 0x80, 0x70,
0x11, 0x10, 0x17, 0x10, 0x16, 0x80, 0x70, 0x11, 0x30, 0x12, 0x80, 0xf0, 0x50,
// Compressed size: 125 bytes original pixels: 12544 uint16_t → ~25088 bytes uncompressed)

// INGEBORG / Ingeborg Auraflow V0.3 010 S3675650398 Th0.100 20 [Folder: INGEBORG] - RLE compressed data (offset: 9494, size: 185)
0xa0, 0x15, 0x90, 0x90, 0x19, 0x25, 0x80, 0xa0, 0x15, 0x12, 0x80, 0x80, 0x15, 0x1d, 0x1e, 0x11, 0x1b, 0x70, 0x80, 0x14, 0x16, 0x12, 0x1f, 0x13, 0x70, 0x80, 0x11, 0x13, 0x17, 0x13, 0x14, 0x19, 0x60, 0x70, 0x17, 0x10, 0x1a, 0x14, 0x13, 0x12, 0x1e, 0x13, 0x15, 0x40, 0x60, 0x1e, 0x1b, 0x10, 0x1c, 0x16, 0x18, 0x17, 0x15, 0x17, 0x1b, 0x40, 0x60, 0x17, 0x10, 0x13, 0x18, 0x2e, 0x1a, 0x19, 0x1a, 0x1c, 0x40, 0x60, 0x12, 0x10, 0x13, 0x14, 0x11, 0x14, 0x1a, 0x1d, 0x16, 0x14, 0x40, 0x60, 0x14, 0x10, 0x16, 0x1d, 0x11, 0x1a, 0x1b, 0x11, 0x1a, 0x11, 0x40, 0x60, 0x15, 0x13, 0x1a, 0x17, 0x16, 0x13, 0x17, 0x11, 0x17, 0x50, 0x60, 0x12, 0x14, 0x12, 0x14, 0x1a, 0x1d, 0x11, 0x70, 0x50,
0x1b, 0x12, 0x13, 0x15, 0x18, 0x17, 0x18, 0x11, 0x70, 0x50, 0x1c, 0x22, 0x16, 0x1d, 0x13, 0x18, 0x13, 0x70, 0x40, 0x1c, 0x12, 0x14, 0x1c, 0x1d, 0x18, 0x11, 0x1d, 0x13, 0x1e, 0x60, 0x40, 0x12, 0x15, 0x12, 0x11, 0x28, 0x11, 0x18, 0x16, 0x14, 0x19, 0x50, 0x50, 0x29, 0x18, 0x26, 0x17, 0x11, 0x14, 0x1b, 0x1c, 0x50, 0x30, 0x16, 0x30, 0x11, 0x10, 0x1a, 0x10, 0x16, 0x1c, 0x15, 0x1b, 0x50, 0x30, 0x11, 0x10, 0x19, 0x10, 0x12, 0x30, 0x29, 0x70,
// Compressed size: 185 bytes original pixels: 12544 uint16_t → ~25088 bytes uncompressed)

// INGRID / Ingrid Auraflow V0.3 007 S2784996113 Th0.100 20 [Folder: INGRID] - RLE compressed data (offset: 9679, size: 172)
0x90, 0x12, 0xa0, 0x80, 0x12, 0x1c, 0x12, 0x90, 0x80, 0x19, 0x17, 0x1a, 0x20, 0x11, 0x60, 0x60, 0x19, 0x1a, 0x11, 0x15, 0x1a, 0x13, 0x10, 0x12, 0x60, 0x40, 0x19, 0x10, 0x12, 0x14, 0x1c, 0x11, 0x13, 0x15, 0x10, 0x1c, 0x60, 0x40, 0x19, 0x1a, 0x12, 0x1a, 0x13, 0x17, 0x13, 0x14, 0x10, 0x11, 0x60, 0x60, 0x12, 0x13, 0x11, 0x1d, 0x16, 0x15, 0x10, 0x11, 0x60, 0x50, 0x12, 0x1c, 0x17, 0x1b, 0x14, 0x11, 0x1d, 0x12, 0x13, 0x60, 0x60, 0x11, 0x10, 0x18, 0x11, 0x15, 0x17, 0x18, 0x13, 0x60, 0x60, 0x15, 0x11, 0x17, 0x11, 0x25, 0x1d, 0x18, 0x60, 0x60, 0x1c, 0x12, 0x14, 0x18, 0x13, 0x16, 0x10, 0x11, 0x60, 0x70, 0x16, 0x15, 0x18, 0x16, 0x15, 0x10, 0x12, 0x60, 0x60, 0x1b, 0x15, 0x11,
0x26, 0x1a, 0x10, 0x11, 0x60, 0x50, 0x19, 0x1d, 0x16, 0x1c, 0x34, 0x10, 0x1e, 0x60, 0x40, 0x17, 0x18, 0x11, 0x13, 0x1d, 0x11, 0x1e, 0x14, 0x10, 0x12, 0x60, 0x40, 0x11, 0x10, 0x17, 0x1b, 0x14, 0x1b, 0x16, 0x12, 0x80, 0x40, 0x17, 0x13, 0x20, 0x18, 0x10, 0x19, 0x14, 0x80, 0x50, 0x1b, 0x20, 0x16, 0x20, 0x14, 0x80, 0x70, 0x1b, 0x13, 0x20, 0x18, 0x80, 0xf0, 0x50,
// Compressed size: 172 bytes original pixels: 12544 uint16_t → ~25088 bytes uncompressed)

// IRENE / Irene Auraflow V0.3 030 S4057758106 Th0.100 20 [Folder: IRENE] - RLE compressed data (offset: 9851, size: 121)
0xa0, 0x1f, 0x90, 0x90, 0x11, 0x18, 0x90, 0x80, 0x1a, 0x17, 0x15, 0x90, 0x70, 0x18, 0x1c, 0x14, 0xa0, 0x70, 0x11, 0x13, 0x1e, 0x19, 0x14, 0x80, 0x70, 0x13, 0x15, 0x17, 0x1b, 0x12, 0x80, 0x70, 0x14, 0x19, 0x11, 0x16, 0x15, 0x80, 0x70, 0x14, 0x1d, 0x1e, 0x1c, 0x12, 0x80, 0x70, 0x12, 0x1c, 0x1e, 0x1d, 0x10, 0x1f, 0x70, 0x80, 0x23, 0x11, 0x20, 0x13, 0x60, 0x80, 0x1a, 0x1c, 0x1d, 0x12, 0x20, 0x12, 0x50, 0x80, 0x11, 0x26, 0x14, 0x20, 0x19, 0x50, 0x90, 0x17, 0x11, 0x15, 0x11, 0x16, 0x60, 0x70, 0x23, 0x11, 0x18, 0x12, 0x19, 0x15, 0x60, 0x80, 0x17, 0x11, 0x1a, 0x12, 0x14, 0x70, 0x80, 0x17, 0x13, 0x1a, 0x90, 0x70, 0x17, 0x18, 0x16, 0x18, 0x14, 0x80, 0x70, 0x15, 0x12, 0x2b,
0x15, 0x80, 0x90, 0x16, 0x10, 0x1b, 0x80, 0xf0, 0x50,
// Compressed size: 121 bytes original pixels: 12544 uint16_t → ~25088 bytes uncompressed)

// ISABEL / Isabel Auraflow V0.3 008 S855378758 Th0.100 20 [Folder: ISABEL] - RLE compressed data (offset: 9972, size: 154)
0x90, 0x13, 0x18, 0x90, 0x80, 0x13, 0x19, 0x18, 0x90, 0x80, 0x15, 0x13, 0x18, 0x90, 0x80, 0x1a, 0x1f, 0x23, 0x80, 0x70, 0x16, 0x1c, 0x24, 0x11, 0x80, 0x70, 0x16, 0x21, 0x1e, 0x1f, 0x80, 0x70, 0x17, 0x1a, 0x2d, 0x16, 0x80, 0x70, 0x12, 0x27, 0x15, 0x1b, 0x80, 0x70, 0x17, 0x14, 0x15, 0x19, 0x16, 0x80, 0x60, 0x13, 0x12, 0x1c, 0x1d, 0x1f, 0x14, 0x13, 0x70, 0x60, 0x19, 0x13, 0x29, 0x15, 0x1d, 0x11, 0x70, 0x60, 0x1b, 0x16, 0x11, 0x14, 0x16, 0x1b, 0x14, 0x13, 0x60, 0x60, 0x16, 0x32, 0x14, 0x11, 0x14, 0x18, 0x60, 0x60, 0x1a, 0x12, 0x11, 0x1e, 0x13, 0x14, 0x12, 0x18, 0x60, 0x60, 0x1c, 0x17, 0x22, 0x15, 0x14, 0x13, 0x70, 0x50, 0x21, 0x1b, 0x12, 0x1b, 0x15, 0x11, 0x13, 0x70,
0x50, 0x21, 0x1e, 0x12, 0x1b, 0x15, 0x12, 0x14, 0x70, 0x50, 0x26, 0x1a, 0x27, 0x15, 0x19, 0x14, 0x70, 0x30, 0x18, 0x11, 0x17, 0x19, 0x27, 0x1c, 0x15, 0x1a, 0x12, 0x18, 0x60, 0x20, 0x1a, 0x15, 0x1c, 0x21, 0x1a, 0x1c, 0x1d, 0x16, 0x1e, 0x1b, 0x15, 0x60,
// Compressed size: 154 bytes original pixels: 12544 uint16_t → ~25088 bytes uncompressed)

// KARIN / Karin Auraflow V0.3 007 S2260848594 Th0.100 20 [Folder: KARIN] - RLE compressed data (offset: 10126, size: 220)
0x90, 0x16, 0x1c, 0x90, 0x90, 0x17, 0x15, 0x11, 0x30, 0x15, 0x1d, 0x30, 0x90, 0x1e, 0x1b, 0x1d, 0x30, 0x1f, 0x15, 0x30, 0x90, 0x1d, 0x15, 0x17, 0x1a, 0x20, 0x1f, 0x40, 0x80, 0x1a, 0x1d, 0x11, 0x15, 0x1d, 0x20, 0x13, 0x19, 0x30, 0x70, 0x16, 0x1e, 0x1b, 0x14, 0x15, 0x14, 0x20, 0x1d, 0x40, 0x30, 0x16, 0x3a, 0x11, 0x1c, 0x1b, 0x19, 0x1b, 0x10, 0x17, 0x13, 0x15, 0x40, 0x20, 0x1a, 0x4c, 0x17, 0x1d, 0x1b, 0x23, 0x16, 0x20, 0x14, 0x40, 0x20, 0x16, 0x11, 0x16, 0x2e, 0x1d, 0x11, 0x10, 0x25, 0x16, 0x70, 0x10, 0x16, 0x1c, 0x21, 0x1e, 0x1c, 0x1e, 0x11, 0x13, 0x17, 0x15, 0x11, 0x20, 0x11, 0x40, 0x30, 0x26, 0x11, 0x20, 0x1c, 0x17, 0x1b, 0x19, 0x14, 0x1a, 0x60, 0x10, 0x16, 0x1a,
0x16, 0x11, 0x1c, 0x10, 0x12, 0x11, 0x17, 0x11, 0x13, 0x18, 0x16, 0x10, 0x16, 0x40, 0x30, 0x1a, 0x10, 0x32, 0x19, 0x1b, 0x17, 0x15, 0x12, 0x1e, 0x60, 0x10, 0x12, 0x13, 0x12, 0x17, 0x22, 0x14, 0x18, 0x17, 0x14, 0x15, 0x12, 0x15, 0x1a, 0x50, 0x20, 0x13, 0x17, 0x28, 0x19, 0x18, 0x13, 0x14, 0x13, 0x15, 0x23, 0x11, 0x50, 0x30, 0x28, 0x1b, 0x19, 0x17, 0x22, 0x13, 0x14, 0x19, 0x14, 0x18, 0x50, 0x40, 0x17, 0x18, 0x19, 0x11, 0x1b, 0x14, 0x15, 0x28, 0x14, 0x22, 0x40, 0x50, 0x18, 0x21, 0x12, 0x13, 0x15, 0x1b, 0x14, 0x16, 0x13, 0x12, 0x11, 0x1a, 0x20, 0x80, 0x16, 0x13, 0x19, 0x13, 0x34, 0x1b, 0x27, 0x12, 0x10, 0x90, 0x24, 0x15, 0x29, 0x17, 0x19, 0x40,
// Compressed size: 220 bytes original pixels: 12544 uint16_t → ~25088 bytes uncompressed)

// KATARINA / Katarina Auraflow V0.3 001 S3835393083 Th0.100 20 [Folder: KATARINA] - RLE compressed data (offset: 10346, size: 200)
0xa0, 0x18, 0x12, 0x80, 0x80, 0x19, 0x13, 0x15, 0x13, 0x15, 0x70, 0x70, 0x43, 0x12, 0x16, 0x15, 0x60, 0x60, 0x14, 0x13, 0x21, 0x14, 0x12, 0x11, 0x1a, 0x17, 0x50, 0x60, 0x12, 0x14, 0x1c, 0x17, 0x14, 0x1e, 0x21, 0x14, 0x50, 0x60, 0x14, 0x11, 0x1d, 0x27, 0x19, 0x25, 0x18, 0x50, 0x60, 0x14, 0x1a, 0x1c, 0x14, 0x17, 0x1b, 0x15, 0x1e, 0x1f, 0x14, 0x40, 0x60, 0x1b, 0x25, 0x19, 0x17, 0x11, 0x26, 0x1e, 0x50, 0x60, 0x1b, 0x1c, 0x11, 0x2b, 0x15, 0x2c, 0x19, 0x14, 0x40, 0x60, 0x1d, 0x15, 0x11, 0x15, 0x1f, 0x16, 0x1e, 0x1b, 0x1c, 0x14, 0x40, 0x60, 0x19, 0x13, 0x1a, 0x1b, 0x15, 0x1f, 0x1b, 0x12, 0x13, 0x17, 0x40, 0x60, 0x18, 0x16, 0x1c, 0x11, 0x16, 0x1a, 0x19, 0x37, 0x40, 0x60,
0x14, 0x21, 0x15, 0x16, 0x12, 0x14, 0x12, 0x18, 0x17, 0x40, 0x60, 0x1c, 0x1a, 0x26, 0x1b, 0x19, 0x13, 0x12, 0x13, 0x19, 0x40, 0x60, 0x1e, 0x13, 0x11, 0x16, 0x18, 0x1d, 0x12, 0x18, 0x12, 0x50, 0x50, 0x17, 0x11, 0x16, 0x1e, 0x23, 0x19, 0x18, 0x22, 0x50, 0x50, 0x12, 0x2a, 0x11, 0x16, 0x1b, 0x19, 0x2d, 0x12, 0x14, 0x40, 0x50, 0x14, 0x11, 0x2a, 0x11, 0x1c, 0x13, 0x28, 0x13, 0x50, 0x50, 0x19, 0x11, 0x15, 0x11, 0x16, 0x1a, 0x1d, 0x18, 0x17, 0x18, 0x12, 0x40, 0x50, 0x18, 0x1c, 0x16, 0x1f, 0x1a, 0x1e, 0x1d, 0x29, 0x18, 0x12, 0x40,
// Compressed size: 200 bytes original pixels: 12544 uint16_t → ~25088 bytes uncompressed)

// KATIE / Katie Auraflow V0.3 007 S788612930 Th0.100 20 [Folder: KATIE] - RLE compressed data (offset: 10546, size: 140)
0xf0, 0x50, 0x90, 0x1e, 0xa0, 0x90, 0x16, 0x17, 0x90, 0x80, 0x14, 0x17, 0x13, 0x11, 0x80, 0x70, 0x16, 0x14, 0x1f, 0x19, 0x13, 0x1e, 0x17, 0x60, 0x70, 0x11, 0x1d, 0x11, 0x1f, 0x26, 0x15, 0x18, 0x50, 0x70, 0x15, 0x1d, 0x1f, 0x24, 0x11, 0x70, 0x70, 0x12, 0x11, 0x19, 0x1d, 0x1a, 0x80, 0x70, 0x18, 0x10, 0x1b, 0x13, 0x16, 0x11, 0x70, 0x70, 0x12, 0x13, 0x18, 0x14, 0x19, 0x18, 0x70, 0x80, 0x13, 0x19, 0x13, 0x1b, 0x1c, 0x70, 0x60, 0x16, 0x1a, 0x1d, 0x11, 0x1b, 0x1c, 0x14, 0x15, 0x60, 0x70, 0x2b, 0x16, 0x13, 0x14, 0x1c, 0x1a, 0x60, 0x60, 0x11, 0x14, 0x1a, 0x19, 0x1b, 0x13, 0x1a, 0x12, 0x60, 0x60, 0x12, 0x1c, 0x19, 0x18, 0x13, 0x1d, 0x17, 0x12, 0x17, 0x50, 0x70, 0x12, 0x10,
0x1c, 0x1a, 0x12, 0x11, 0x12, 0x17, 0x50, 0x60, 0x25, 0x1e, 0x22, 0x20, 0x25, 0x50, 0x70, 0x1e, 0x10, 0x17, 0x18, 0x20, 0x11, 0x60, 0x90, 0x18, 0x11, 0x90, 0xf0, 0x50,
// Compressed size: 140 bytes original pixels: 12544 uint16_t → ~25088 bytes uncompressed)

// KYRA / Kyra Auraflow V0.3 001 S3053676958 Th0.100 20 [Folder: KYRA] - RLE compressed data (offset: 10686, size: 204)
0xf0, 0x50, 0x70, 0x19, 0x1b, 0x13, 0x22, 0x80, 0x70, 0x18, 0x1d, 0x11, 0x12, 0x15, 0x80, 0x70, 0x14, 0x12, 0x1b, 0x22, 0x80, 0x70, 0x12, 0x1c, 0x16, 0x13, 0x26, 0x1e, 0x60, 0x60, 0x1c, 0x10, 0x11, 0x16, 0x14, 0x1e, 0x22, 0x60, 0x70, 0x17, 0x1f, 0x1e, 0x1f, 0x17, 0x11, 0x17, 0x1a, 0x50, 0x80, 0x1d, 0x14, 0x16, 0x1f, 0x11, 0x19, 0x15, 0x16, 0x40, 0x80, 0x14, 0x12, 0x1a, 0x13, 0x11, 0x12, 0x10, 0x1c, 0x1a, 0x30, 0x50, 0x14, 0x30, 0x1a, 0x11, 0x13, 0x15, 0x19, 0x10, 0x28, 0x30, 0x40, 0x14, 0x19, 0x1a, 0x14, 0x19, 0x1d, 0x16, 0x11, 0x15, 0x20, 0x1a, 0x18, 0x30, 0x30, 0x1e, 0x1b, 0x15, 0x11, 0x13, 0x11, 0x22, 0x17, 0x15, 0x1d, 0x1e, 0x15, 0x40, 0x40, 0x11, 0x13, 0x17,
0x13, 0x11, 0x1b, 0x1f, 0x14, 0x11, 0x13, 0x14, 0x18, 0x40, 0x40, 0x13, 0x1a, 0x1f, 0x31, 0x17, 0x15, 0x19, 0x1c, 0x1a, 0x19, 0x40, 0x40, 0x17, 0x11, 0x17, 0x11, 0x15, 0x11, 0x12, 0x16, 0x1b, 0x18, 0x10, 0x1d, 0x40, 0x40, 0x16, 0x19, 0x17, 0x11, 0x13, 0x11, 0x14, 0x16, 0x11, 0x18, 0x60, 0x30, 0x14, 0x13, 0x1a, 0x1b, 0x18, 0x11, 0x12, 0x1d, 0x1b, 0x11, 0x15, 0x60, 0x30, 0x1e, 0x13, 0x10, 0x1a, 0x22, 0x1b, 0x11, 0x17, 0x15, 0x13, 0x1d, 0x50, 0x20, 0x1e, 0x14, 0x16, 0x14, 0x2c, 0x1b, 0x1c, 0x17, 0x13, 0x15, 0x28, 0x19, 0x18, 0x19, 0x20, 0xf0, 0x50,
// Compressed size: 204 bytes original pixels: 12544 uint16_t → ~25088 bytes uncompressed)

// LACEY / Lacey Auraflow V0.3 024 S3957683122 Th0.100 20 [Folder: LACEY] - RLE compressed data (offset: 10890, size: 119)
0xf0, 0x50, 0x90, 0x15, 0x1c, 0x19, 0x80, 0x70, 0x19, 0x1e, 0x1c, 0x13, 0x15, 0x1c, 0x70, 0x70, 0x13, 0x1a, 0x1e, 0x18, 0x1e, 0x1c, 0x70, 0x70, 0x13, 0x1b, 0x1a, 0x1b, 0x1e, 0x15, 0x19, 0x60, 0x60, 0x18, 0x13, 0x1a, 0x1d, 0x18, 0x13, 0x15, 0x1a, 0x60, 0x60, 0x18, 0x13, 0x10, 0x1a, 0x19, 0x13, 0x15, 0x70, 0x90, 0x17, 0x11, 0x1d, 0x15, 0x70, 0x90, 0x31, 0x18, 0x70, 0x80, 0x16, 0x1b, 0x17, 0x10, 0x12, 0x70, 0x80, 0x14, 0x16, 0x14, 0x11, 0x80, 0x80, 0x14, 0x21, 0x12, 0x19, 0x70, 0x70, 0x17, 0x14, 0x16, 0x32, 0x70, 0x70, 0x14, 0x11, 0x16, 0x32, 0x70, 0x80, 0x24, 0x16, 0x90, 0x90, 0x11, 0x10, 0x12, 0x80, 0x90, 0x16, 0x27, 0x80, 0x90, 0x1d, 0x10, 0x11, 0x80, 0x70, 0x1b,
0x17, 0x1d, 0x11, 0x1b, 0x80, 0xf0, 0x50,
// Compressed size: 119 bytes original pixels: 12544 uint16_t → ~25088 bytes uncompressed)

// LEOFWYNN / Leofwynn Auraflow V0.3 009 S1623836998 Th0.100 20 [Folder: LEOFWYNN] - RLE compressed data (offset: 11009, size: 237)
0xa0, 0x1b, 0x18, 0x14, 0x70, 0x90, 0x1e, 0x17, 0x1d, 0x12, 0x15, 0x1b, 0x50, 0x80, 0x1c, 0x1f, 0x15, 0x23, 0x14, 0x19, 0x50, 0x70, 0x18, 0x12, 0x11, 0x12, 0x19, 0x17, 0x14, 0x1e, 0x50, 0x60, 0x1b, 0x19, 0x1a, 0x12, 0x11, 0x12, 0x14, 0x1e, 0x14, 0x50, 0x60, 0x1c, 0x13, 0x16, 0x1a, 0x26, 0x15, 0x24, 0x50, 0x50, 0x1c, 0x13, 0x15, 0x12, 0x11, 0x12, 0x11, 0x24, 0x1e, 0x50, 0x40, 0x18, 0x1b, 0x21, 0x16, 0x13, 0x1a, 0x13, 0x15, 0x16, 0x1d, 0x50, 0x50, 0x16, 0x11, 0x17, 0x1a, 0x11, 0x15, 0x32, 0x19, 0x1b, 0x40, 0x40, 0x1b, 0x1d, 0x16, 0x13, 0x1a, 0x11, 0x27, 0x16, 0x12, 0x1c, 0x18, 0x40, 0x40, 0x1d, 0x13, 0x16, 0x11, 0x1a, 0x17, 0x12, 0x16, 0x14, 0x15, 0x1e, 0x50, 0x30,
0x14, 0x10, 0x19, 0x17, 0x13, 0x1a, 0x21, 0x1c, 0x18, 0x14, 0x16, 0x18, 0x40, 0x30, 0x18, 0x1f, 0x11, 0x12, 0x2a, 0x1d, 0x1f, 0x1e, 0x24, 0x1d, 0x19, 0x40, 0x20, 0x1b, 0x1c, 0x1f, 0x12, 0x17, 0x11, 0x1a, 0x17, 0x13, 0x15, 0x2c, 0x19, 0x1b, 0x40, 0x30, 0x18, 0x15, 0x16, 0x12, 0x19, 0x12, 0x1a, 0x11, 0x19, 0x1c, 0x15, 0x18, 0x14, 0x40, 0x30, 0x1f, 0x15, 0x13, 0x27, 0x13, 0x16, 0x12, 0x11, 0x19, 0x1f, 0x11, 0x18, 0x40, 0x10, 0x1b, 0x15, 0x1e, 0x1c, 0x15, 0x13, 0x11, 0x1d, 0x13, 0x1a, 0x17, 0x15, 0x12, 0x1d, 0x14, 0x1b, 0x30, 0x20, 0x1d, 0x20, 0x15, 0x1f, 0x16, 0x11, 0x17, 0x23, 0x19, 0x13, 0x28, 0x40, 0x40, 0x1e, 0x15, 0x1f, 0x13, 0x11, 0x12, 0x17, 0x22, 0x19, 0x60,
0x20, 0x18, 0x10, 0x1e, 0x14, 0x10, 0x19, 0x23, 0x11, 0x12, 0x11, 0x1d, 0x60,
// Compressed size: 237 bytes original pixels: 12544 uint16_t → ~25088 bytes uncompressed)

// LILLIE / Lillie Auraflow V0.3 006 S3151413074 Th0.100 20 [Folder: LILLIE] - RLE compressed data (offset: 11246, size: 166)
0xa0, 0x1b, 0x90, 0x80, 0x1d, 0x1e, 0x12, 0x1d, 0x80, 0x80, 0x11, 0x1e, 0x13, 0x18, 0x80, 0x80, 0x15, 0x13, 0x1f, 0x1d, 0x80, 0x70, 0x1b, 0x15, 0x13, 0x18, 0x1d, 0x80, 0x70, 0x16, 0x11, 0x1f, 0x1d, 0x1b, 0x80, 0x60, 0x17, 0x19, 0x16, 0x1d, 0x17, 0x1b, 0x17, 0x70, 0x60, 0x17, 0x18, 0x19, 0x1e, 0x12, 0x1b, 0x11, 0x17, 0x60, 0x70, 0x11, 0x1e, 0x13, 0x2a, 0x12, 0x17, 0x60, 0x70, 0x17, 0x1f, 0x11, 0x18, 0x1c, 0x12, 0x70, 0x80, 0x21, 0x16, 0x12, 0x16, 0x70, 0x90, 0x13, 0x18, 0x17, 0x11, 0x16, 0x60, 0x80, 0x12, 0x14, 0x13, 0x1f, 0x1c, 0x1b, 0x60, 0x70, 0x16, 0x19, 0x1c, 0x14, 0x1c, 0x15, 0x11, 0x1b, 0x50, 0x70, 0x16, 0x1a, 0x1c, 0x15, 0x1c, 0x12, 0x11, 0x18, 0x17, 0x40,
0x60, 0x39, 0x11, 0x1a, 0x14, 0x22, 0x18, 0x26, 0x30, 0x60, 0x19, 0x11, 0x14, 0x1e, 0x13, 0x14, 0x1a, 0x1c, 0x19, 0x21, 0x14, 0x20, 0x50, 0x11, 0x14, 0x12, 0x15, 0x14, 0x15, 0x16, 0x14, 0x12, 0x1a, 0x18, 0x12, 0x30, 0x50, 0x14, 0x18, 0x1a, 0x13, 0x25, 0x1a, 0x14, 0x12, 0x14, 0x1a, 0x19, 0x30, 0x60, 0x63, 0x12, 0x45, 0x30,
// Compressed size: 166 bytes original pixels: 12544 uint16_t → ~25088 bytes uncompressed)

// LISELOTTE / Liselotte Auraflow V0.3 004 S3663542251 Th0.100 20 [Folder: LISELOTTE] - RLE compressed data (offset: 11412, size: 134)
0xf0, 0x50, 0xf0, 0x50, 0x80, 0x3a, 0x90, 0x70, 0x11, 0x2d, 0x17, 0x90, 0x70, 0x12, 0x1e, 0x16, 0x17, 0x90, 0x70, 0x14, 0x1e, 0x18, 0x11, 0x90, 0x60, 0x11, 0x13, 0x1d, 0x11, 0xa0, 0x60, 0x14, 0x1f, 0x1a, 0x1c, 0xa0, 0x60, 0x12, 0x21, 0x14, 0x1a, 0x90, 0x60, 0x1b, 0x15, 0x22, 0x11, 0x90, 0x60, 0x23, 0x17, 0x16, 0x11, 0x90, 0x60, 0x15, 0x16, 0x18, 0x14, 0x29, 0x80, 0x50, 0x12, 0x13, 0x12, 0x18, 0x19, 0x1c, 0x11, 0x80, 0x50, 0x16, 0x12, 0x14, 0x15, 0x11, 0x19, 0x1c, 0x80, 0x50, 0x16, 0x18, 0x14, 0x15, 0x17, 0x12, 0x11, 0x80, 0x50, 0x13, 0x15, 0x13, 0x15, 0x19, 0x16, 0x14, 0x80, 0x50, 0x1b, 0x15, 0x18, 0x13, 0x14, 0x13, 0x17, 0x14, 0x70, 0x50, 0x1b, 0x15, 0x28, 0x16,
0x13, 0x1c, 0x16, 0x70, 0x60, 0x1b, 0x1e, 0x15, 0x12, 0x17, 0x19, 0x12, 0x70, 0x60, 0x1b, 0x1e, 0x13, 0x1f, 0x11, 0x1d, 0x17, 0x70,
// Compressed size: 134 bytes original pixels: 12544 uint16_t → ~25088 bytes uncompressed)

// MAGGIE / Maggie Auraflow V0.3 031 S3080244662 Th0.100 20 [Folder: MAGGIE] - RLE compressed data (offset: 11546, size: 168)
0x40, 0x17, 0x13, 0xe0, 0x30, 0x13, 0x19, 0x1a, 0x12, 0x10, 0x15, 0x16, 0xa0, 0x20, 0x18, 0x1a, 0x19, 0x15, 0x20, 0x19, 0x1c, 0x1e, 0x90, 0x20, 0x17, 0x1a, 0x19, 0x15, 0x20, 0x1c, 0x15, 0x16, 0x15, 0x80, 0x40, 0x1a, 0x30, 0x13, 0x15, 0x1d, 0x90, 0x70, 0x1e, 0x18, 0x13, 0x15, 0x19, 0x80, 0x80, 0x23, 0x18, 0x12, 0x80, 0x60, 0x1a, 0x1e, 0x19, 0x12, 0x18, 0x17, 0x80, 0x50, 0x18, 0x10, 0x1e, 0x1c, 0x13, 0x22, 0x80, 0x50, 0x17, 0x10, 0x28, 0x16, 0x13, 0x11, 0x80, 0x70, 0x1c, 0x1b, 0x16, 0x11, 0x14, 0x12, 0x70, 0x70, 0x13, 0x11, 0x1b, 0x11, 0x13, 0x12, 0x70, 0x70, 0x12, 0x11, 0x1d, 0x11, 0x24, 0x70, 0x60, 0x14, 0x10, 0x11, 0x1d, 0x11, 0x17, 0x1f, 0x12, 0x16, 0x50, 0x60,
0x12, 0x15, 0x11, 0x16, 0x14, 0x10, 0x1d, 0x1b, 0x21, 0x40, 0x70, 0x12, 0x1d, 0x1b, 0x14, 0x10, 0x16, 0x13, 0x16, 0x12, 0x21, 0x14, 0x10, 0x70, 0x15, 0x20, 0x11, 0x20, 0x1b, 0x24, 0x11, 0x30, 0x60, 0x1a, 0x17, 0x10, 0x27, 0x10, 0x17, 0x11, 0x16, 0x1b, 0x1f, 0x30, 0x60, 0x11, 0x1c, 0x10, 0x24, 0x10, 0x11, 0x10, 0x11, 0x50, 0xf0, 0x50,
// Compressed size: 168 bytes original pixels: 12544 uint16_t → ~25088 bytes uncompressed)

// MAIREAD / Mairead Auraflow V0.3 024 S4082451716 Th0.100 20 [Folder: MAIREAD] - RLE compressed data (offset: 11714, size: 97)
0xf0, 0x50, 0xf0, 0x50, 0x90, 0x26, 0x12, 0x80, 0x90, 0x16, 0x13, 0x16, 0x1c, 0x70, 0x90, 0x15, 0x13, 0x16, 0x12, 0x70, 0x80, 0x12, 0x11, 0x23, 0x22, 0x60, 0x90, 0x1a, 0x23, 0x80, 0x80, 0x1b, 0x18, 0x13, 0x14, 0x1b, 0x70, 0x80, 0x19, 0x14, 0x13, 0x1c, 0x12, 0x70, 0x80, 0x19, 0x21, 0x15, 0x80, 0x80, 0x17, 0x14, 0x21, 0x80, 0x80, 0x11, 0x1a, 0x11, 0x14, 0x80, 0x70, 0x12, 0x11, 0x18, 0x11, 0x15, 0x80, 0x50, 0x17, 0x15, 0x12, 0x19, 0x18, 0x11, 0x1a, 0x80, 0x50, 0x17, 0x30, 0x34, 0x80, 0x90, 0x25, 0x90, 0x90, 0x18, 0xa0, 0x80, 0x12, 0x15, 0x10, 0x17, 0x80, 0xf0, 0x50, 0xf0, 0x50,
// Compressed size: 97 bytes original pixels: 12544 uint16_t → ~25088 bytes uncompressed)

// MASAMUNE / Masamune Auraflow V0.3 031 S790665065 Th0.100 20 [Folder: MASAMUNE] - RLE compressed data (offset: 11811, size: 124)
0xf0, 0x50, 0xf0, 0x50, 0x80, 0x15, 0x1c, 0xa0, 0x80, 0x15, 0x1a, 0x11, 0x90, 0x90, 0x13, 0x15, 0x13, 0x80, 0x90, 0x1b, 0x16, 0x1d, 0x80, 0x80, 0x17, 0x22, 0x17, 0x80, 0x60, 0x11, 0x14, 0x17, 0x1b, 0x1a, 0x13, 0x80, 0x50, 0x14, 0x20, 0x11, 0x19, 0x1d, 0x1b, 0x80, 0x80, 0x1a, 0x13, 0x1d, 0x1e, 0x1a, 0x70, 0x70, 0x15, 0x21, 0x24, 0x10, 0x18, 0x60, 0x70, 0x12, 0x15, 0x17, 0x15, 0x14, 0x16, 0x10, 0x16, 0x50, 0x60, 0x11, 0x18, 0x11, 0x16, 0x17, 0x1e, 0x11, 0x70, 0x60, 0x1f, 0x11, 0x13, 0x24, 0x11, 0x13, 0x30, 0x19, 0x30, 0x60, 0x12, 0x11, 0x19, 0x2c, 0x32, 0x60, 0x60, 0x16, 0x14, 0x18, 0x12, 0x21, 0x13, 0x70, 0x70, 0x13, 0x12, 0x10, 0x11, 0x19, 0x18, 0x70, 0x70, 0x1b,
0x40, 0x13, 0x70, 0x50, 0x16, 0x18, 0x17, 0x40, 0x12, 0x70, 0xf0, 0x50,
// Compressed size: 124 bytes original pixels: 12544 uint16_t → ~25088 bytes uncompressed)

// MATILDA / Matilda Auraflow V0.3 003 S1948208129 Th0.100 20 [Folder: MATILDA] - RLE compressed data (offset: 11935, size: 169)
0xf0, 0x50, 0x40, 0x17, 0x10, 0x17, 0x14, 0x1c, 0x14, 0x19, 0x90, 0x40, 0x1a, 0x12, 0x14, 0x26, 0x1c, 0x19, 0x90, 0x20, 0x12, 0x10, 0x14, 0x12, 0x1c, 0x16, 0x1e, 0x15, 0x19, 0x90, 0x30, 0x13, 0x19, 0x18, 0x1c, 0x15, 0x13, 0x1d, 0x22, 0x80, 0x10, 0x17, 0x12, 0x17, 0x13, 0x15, 0x1c, 0x13, 0x11, 0x19, 0x1b, 0x90, 0x10, 0x1a, 0x19, 0x14, 0x16, 0x38, 0x1a, 0x1d, 0x1e, 0x90, 0x20, 0x14, 0x17, 0x19, 0x18, 0x10, 0x19, 0x1c, 0x16, 0x13, 0x11, 0x80, 0x20, 0x12, 0x17, 0x1a, 0x13, 0x10, 0x13, 0x1e, 0x16, 0x18, 0x1b, 0x80, 0x40, 0x22, 0x10, 0x11, 0x1f, 0x13, 0x16, 0x14, 0x80, 0x70, 0x15, 0x1f, 0x11, 0x14, 0x1b, 0x14, 0x70, 0x30, 0x17, 0x40, 0x2b, 0x11, 0x18, 0x80, 0x80, 0x2e,
0x26, 0x10, 0x17, 0x60, 0x70, 0x21, 0x1b, 0x25, 0x20, 0x16, 0x20, 0x17, 0x20, 0x70, 0x11, 0x10, 0x18, 0x12, 0x40, 0x31, 0x1a, 0x10, 0x60, 0x12, 0x1c, 0x20, 0x1d, 0x30, 0x1a, 0x15, 0x21, 0x1d, 0x10, 0x60, 0x1a, 0x11, 0x20, 0x1b, 0x40, 0x11, 0x25, 0x20, 0x60, 0x15, 0x80, 0x13, 0x11, 0x30, 0x60, 0x18, 0x30, 0x13, 0x1d, 0x80, 0x60, 0x14, 0xd0,
// Compressed size: 169 bytes original pixels: 12544 uint16_t → ~25088 bytes uncompressed)

// MAYA / Maya Auraflow V0.3 031 S1408807416 Th0.100 20 [Folder: MAYA] - RLE compressed data (offset: 12104, size: 117)
0xf0, 0x50, 0xf0, 0x50, 0xf0, 0x50, 0xf0, 0x50, 0xf0, 0x50, 0x90, 0x23, 0x20, 0x11, 0x60, 0x80, 0x14, 0x1a, 0x18, 0x20, 0x1c, 0x60, 0x80, 0x14, 0x1a, 0x13, 0x11, 0x1c, 0x70, 0x60, 0x1b, 0x21, 0x18, 0x15, 0x90, 0x90, 0x11, 0x1a, 0x90, 0x50, 0x15, 0x20, 0x1c, 0x11, 0x13, 0x15, 0x1e, 0x70, 0x40, 0x16, 0x24, 0x23, 0x12, 0x17, 0x16, 0x1e, 0x70, 0x40, 0x12, 0x1b, 0x11, 0x1a, 0x19, 0x1d, 0x19, 0x14, 0x16, 0x20, 0x15, 0x40, 0x40, 0x15, 0x14, 0x12, 0x1d, 0x17, 0x14, 0x17, 0x13, 0x19, 0x18, 0x13, 0x50, 0x50, 0x18, 0x1b, 0x27, 0x12, 0x1d, 0x22, 0x16, 0x11, 0x50, 0x70, 0x15, 0x19, 0x14, 0x19, 0x12, 0x17, 0x18, 0x60, 0x70, 0x16, 0x10, 0x13, 0x11, 0x16, 0x80, 0x80, 0x12, 0xb0,
0x80, 0x12, 0xb0, 0xf0, 0x50,
// Compressed size: 117 bytes original pixels: 12544 uint16_t → ~25088 bytes uncompressed)

// MILDRITH / Mildrith Auraflow V0.3 005 S3340494432 Th0.100 20 [Folder: MILDRITH] - RLE compressed data (offset: 12221, size: 194)
0x80, 0x15, 0x16, 0xa0, 0x70, 0x25, 0x11, 0x17, 0x15, 0x80, 0x60, 0x25, 0x10, 0x16, 0x17, 0x1b, 0x80, 0x70, 0x18, 0x10, 0x18, 0x14, 0x12, 0x80, 0x70, 0x16, 0x29, 0x14, 0x1b, 0x16, 0x70, 0x70, 0x19, 0x13, 0x1a, 0x19, 0x13, 0x80, 0x90, 0x2a, 0x17, 0x18, 0x70, 0x90, 0x1e, 0x17, 0x10, 0x14, 0x70, 0x70, 0x1b, 0x14, 0x13, 0x27, 0x13, 0x70, 0x40, 0x16, 0x12, 0x14, 0x10, 0x1b, 0x12, 0x1a, 0x1c, 0x10, 0x13, 0x60, 0x40, 0x19, 0x11, 0x15, 0x10, 0x16, 0x1a, 0x1d, 0x17, 0x20, 0x16, 0x50, 0x50, 0x1c, 0x15, 0x10, 0x19, 0x11, 0x1d, 0x12, 0x13, 0x10, 0x15, 0x14, 0x40, 0x40, 0x16, 0x1b, 0x15, 0x10, 0x16, 0x11, 0x22, 0x18, 0x10, 0x1d, 0x1b, 0x40, 0x40, 0x12, 0x11, 0x16, 0x10, 0x13,
0x22, 0x11, 0x13, 0x20, 0x12, 0x40, 0x30, 0x14, 0x12, 0x17, 0x10, 0x18, 0x13, 0x1c, 0x21, 0x13, 0x20, 0x12, 0x11, 0x19, 0x20, 0x30, 0x1c, 0x1b, 0x20, 0x1e, 0x17, 0x12, 0x13, 0x1a, 0x11, 0x1e, 0x10, 0x18, 0x2d, 0x20, 0x20, 0x2c, 0x14, 0x20, 0x11, 0x12, 0x21, 0x14, 0x11, 0x1e, 0x10, 0x15, 0x10, 0x11, 0x20, 0x20, 0x11, 0x17, 0x20, 0x1c, 0x1a, 0x12, 0x11, 0x13, 0x21, 0x18, 0x10, 0x1f, 0x10, 0x1d, 0x24, 0x18, 0x13, 0x12, 0x11, 0x30, 0x14, 0x11, 0x13, 0x1a, 0x14, 0x19, 0x12, 0x60, 0xf0, 0x50,
// Compressed size: 194 bytes original pixels: 12544 uint16_t → ~25088 bytes uncompressed)

// MINDRED / Mindred Auraflow V0.3 034 S899068641 Th0.100 20 [Folder: MINDRED] - RLE compressed data (offset: 12415, size: 128)
0xf0, 0x50, 0xf0, 0x50, 0x80, 0x15, 0xb0, 0x60, 0x25, 0x23, 0x19, 0x90, 0x60, 0x15, 0x13, 0x19, 0x1c, 0x18, 0x90, 0x50, 0x25, 0x23, 0x14, 0xa0, 0x50, 0x15, 0x13, 0x15, 0x1c, 0x18, 0x16, 0x90, 0x70, 0x14, 0x10, 0x14, 0x18, 0x90, 0x50, 0x11, 0x14, 0x20, 0x14, 0x16, 0x90, 0x80, 0x19, 0x26, 0x90, 0x60, 0x13, 0x19, 0x12, 0x11, 0x1a, 0x12, 0x80, 0x50, 0x19, 0x12, 0x1a, 0x16, 0x11, 0x14, 0x16, 0x12, 0x30, 0x13, 0x30, 0x50, 0x1b, 0x22, 0x17, 0x14, 0x11, 0x16, 0x12, 0x14, 0x13, 0x16, 0x14, 0x30, 0x60, 0x12, 0x27, 0x21, 0x14, 0x11, 0x17, 0x1a, 0x12, 0x17, 0x30, 0x60, 0x12, 0x18, 0x12, 0x41, 0x3b, 0x40, 0x70, 0x11, 0x1a, 0x17, 0x31, 0x17, 0x1a, 0x50, 0x60, 0x1d, 0x30, 0x18,
0x10, 0x13, 0x70, 0x60, 0x11, 0x30, 0x18, 0x90, 0x60, 0x19, 0x30, 0x18, 0x90, 0x60, 0x1a, 0xd0,
// Compressed size: 128 bytes original pixels: 12544 uint16_t → ~25088 bytes uncompressed)

// NADJA / Nadja Auraflow V0.3 002 S2701776878 Th0.100 20 [Folder: NADJA] - RLE compressed data (offset: 12543, size: 122)
0xf0, 0x50, 0xa0, 0x1b, 0x15, 0x80, 0xa0, 0x19, 0x15, 0x80, 0x90, 0x13, 0x12, 0x14, 0x80, 0x90, 0x13, 0x18, 0x17, 0x80, 0x80, 0x11, 0x26, 0x27, 0x70, 0x80, 0x18, 0x21, 0x14, 0x1a, 0x70, 0x70, 0x1e, 0x10, 0x19, 0x1a, 0x14, 0x10, 0x15, 0x60, 0x70, 0x13, 0x2d, 0x1c, 0x14, 0x10, 0x15, 0x60, 0x70, 0x13, 0x1f, 0x11, 0x14, 0x1b, 0x14, 0x1a, 0x60, 0x60, 0x12, 0x1c, 0x13, 0x16, 0x15, 0x14, 0x11, 0x12, 0x60, 0x80, 0x1e, 0x26, 0x11, 0x1a, 0x70, 0x80, 0x28, 0x15, 0x10, 0x12, 0x70, 0x80, 0x19, 0x10, 0x1b, 0x17, 0x12, 0x70, 0x70, 0x12, 0x1c, 0x20, 0x17, 0x19, 0x11, 0x60, 0x70, 0x12, 0x14, 0x20, 0x1b, 0x10, 0x13, 0x60, 0x70, 0x11, 0x1d, 0x40, 0x13, 0x60, 0x70, 0x13, 0x50, 0x11,
0x60, 0x70, 0x11, 0x50, 0x11, 0x60, 0x60, 0x12, 0x1c, 0xc0,
// Compressed size: 122 bytes original pixels: 12544 uint16_t → ~25088 bytes uncompressed)

// NIALL / Niall Auraflow V0.3 035 S76981545 Th0.100 20 [Folder: NIALL] - RLE compressed data (offset: 12665, size: 121)
0x90, 0x15, 0xa0, 0x80, 0x16, 0x12, 0x13, 0x90, 0x80, 0x21, 0x16, 0x90, 0x90, 0x1b, 0x11, 0x13, 0x80, 0x80, 0x16, 0x13, 0x21, 0x17, 0x70, 0x80, 0x14, 0x11, 0x18, 0x21, 0x70, 0x80, 0x19, 0x11, 0x12, 0x21, 0x70, 0x70, 0x19, 0x13, 0x12, 0x11, 0x20, 0x19, 0x60, 0x70, 0x26, 0x11, 0x18, 0x13, 0x2a, 0x60, 0x80, 0x15, 0x12, 0x1b, 0x14, 0x10, 0x15, 0x60, 0x70, 0x17, 0x13, 0x11, 0x32, 0x70, 0x80, 0x12, 0x11, 0x22, 0x80, 0x60, 0x12, 0x10, 0x21, 0x1b, 0x11, 0x15, 0x70, 0x80, 0x11, 0x20, 0x12, 0x1a, 0x70, 0x50, 0x18, 0x20, 0x14, 0x10, 0x15, 0x17, 0x10, 0x11, 0x60, 0x70, 0x14, 0x12, 0x30, 0x1c, 0x18, 0x60, 0x70, 0x14, 0x11, 0x20, 0x14, 0x12, 0x17, 0x60, 0x70, 0x11, 0x40, 0x19,
0x70, 0x60, 0x13, 0x12, 0x40, 0x12, 0x70, 0xf0, 0x50,
// Compressed size: 121 bytes original pixels: 12544 uint16_t → ~25088 bytes uncompressed)

// NIAMH / Niamh Auraflow V0.3 011 S1271703886 Th0.100 20 [Folder: NIAMH] - RLE compressed data (offset: 12786, size: 143)
0xf0, 0x50, 0xb0, 0x15, 0x1b, 0x16, 0x60, 0x70, 0x1a, 0x18, 0x16, 0x1b, 0x15, 0x18, 0x70, 0x60, 0x28, 0x1b, 0x15, 0x26, 0x80, 0x60, 0x25, 0x1e, 0x16, 0x17, 0x18, 0x80, 0x50, 0x25, 0x1b, 0x1d, 0x16, 0x12, 0x11, 0x1b, 0x70, 0x40, 0x16, 0x18, 0x15, 0x1d, 0x11, 0x18, 0x11, 0x17, 0x80, 0x60, 0x15, 0x1e, 0x14, 0x19, 0x13, 0x1b, 0x80, 0x60, 0x39, 0x1f, 0x11, 0x1c, 0x80, 0x70, 0x19, 0x14, 0x23, 0x1d, 0x80, 0x70, 0x19, 0x1a, 0x21, 0x1c, 0x80, 0x70, 0x14, 0x12, 0x1d, 0x17, 0x1c, 0x80, 0x60, 0x19, 0x27, 0x11, 0x17, 0x12, 0x80, 0x50, 0x24, 0x12, 0x17, 0x11, 0x17, 0x1c, 0x80, 0x40, 0x19, 0x1a, 0x14, 0x13, 0x11, 0x23, 0x17, 0x80, 0x40, 0x2a, 0x12, 0x11, 0x13, 0x11, 0x1f, 0x13,
0x80, 0x40, 0x14, 0x1a, 0x1e, 0x2c, 0x11, 0x12, 0x13, 0x80, 0x40, 0x14, 0x18, 0x14, 0x22, 0x13, 0x12, 0x1a, 0x80, 0x20, 0x26, 0x1d, 0x11, 0x13, 0x22, 0x11, 0x1f, 0x14, 0x80, 0xf0, 0x50,
// Compressed size: 143 bytes original pixels: 12544 uint16_t → ~25088 bytes uncompressed)

// OCTAVIA / Octavia Auraflow V0.3 010 S3584990128 Th0.100 20 [Folder: OCTAVIA] - RLE compressed data (offset: 12929, size: 96)
0xf0, 0x50, 0xf0, 0x50, 0xf0, 0x50, 0x90, 0x24, 0x90, 0x90, 0x19, 0x13, 0x90, 0x80, 0x1d, 0x16, 0x1c, 0x90, 0x80, 0x19, 0x12, 0x1c, 0x15, 0x80, 0x80, 0x1a, 0x19, 0x12, 0x11, 0x80, 0x80, 0x1b, 0x1f, 0x12, 0x17, 0x80, 0x80, 0x13, 0x12, 0x17, 0x11, 0x80, 0x80, 0x15, 0x12, 0x13, 0x15, 0x80, 0x80, 0x11, 0x1a, 0x19, 0x15, 0x80, 0x80, 0x11, 0x16, 0x1d, 0x11, 0x80, 0x80, 0x11, 0x1e, 0x18, 0x1a, 0x80, 0x80, 0x16, 0x14, 0x18, 0x90, 0x80, 0x17, 0x18, 0x1b, 0x90, 0x90, 0x13, 0x14, 0x90, 0x80, 0x1c, 0x14, 0x17, 0x18, 0x80, 0x60, 0x1e, 0x16, 0x13, 0x1b, 0x12, 0x11, 0x80, 0xf0, 0x50,
// Compressed size: 96 bytes original pixels: 12544 uint16_t → ~25088 bytes uncompressed)

// OTTILIE / Ottilie Auraflow V0.3 025 S2098987746 Th0.100 20 [Folder: OTTILIE] - RLE compressed data (offset: 13025, size: 140)
0xf0, 0x50, 0x80, 0x12, 0x1f, 0x17, 0x90, 0x80, 0x13, 0x28, 0x90, 0x90, 0x14, 0x18, 0x90, 0x80, 0x1b, 0x15, 0x17, 0x90, 0x80, 0x1a, 0x12, 0x17, 0x18, 0x80, 0x70, 0x22, 0x11, 0x1f, 0x14, 0x80, 0x70, 0x14, 0x10, 0x13, 0x11, 0x12, 0x80, 0x70, 0x1c, 0x19, 0x11, 0x16, 0x12, 0x80, 0x70, 0x1b, 0x26, 0x17, 0x23, 0x70, 0x70, 0x1e, 0x12, 0x14, 0x17, 0x16, 0x80, 0x70, 0x14, 0x16, 0x12, 0x18, 0x16, 0x1c, 0x70, 0x70, 0x16, 0x1e, 0x11, 0x1a, 0x1b, 0x13, 0x70, 0x60, 0x1a, 0x19, 0x25, 0x13, 0x11, 0x17, 0x70, 0x60, 0x1d, 0x15, 0x13, 0x29, 0x1e, 0x15, 0x70, 0x60, 0x14, 0x11, 0x1d, 0x1c, 0x11, 0x13, 0x1b, 0x19, 0x60, 0x50, 0x15, 0x14, 0x11, 0x1a, 0x24, 0x13, 0x2c, 0x12, 0x50, 0x50,
0x15, 0x14, 0x13, 0x1d, 0x13, 0x12, 0x11, 0x1a, 0x12, 0x1b, 0x16, 0x40, 0x40, 0x15, 0x1a, 0x19, 0x15, 0x11, 0x1d, 0x31, 0x13, 0x12, 0x10, 0x17, 0x30, 0x80, 0x18, 0xb0,
// Compressed size: 140 bytes original pixels: 12544 uint16_t → ~25088 bytes uncompressed)

// PAIGE / Paige Auraflow V0.3 033 S835639098 Th0.100 20 [Folder: PAIGE] - RLE compressed data (offset: 13165, size: 131)
0x90, 0x11, 0xa0, 0x90, 0x19, 0x11, 0x90, 0x90, 0x23, 0x90, 0x70, 0x2a, 0x29, 0x90, 0x60, 0x15, 0x14, 0x13, 0x1c, 0x14, 0x90, 0x60, 0x1a, 0x18, 0x13, 0x19, 0x15, 0x90, 0x60, 0x11, 0x17, 0x13, 0x19, 0x11, 0x90, 0x50, 0x25, 0x1c, 0x17, 0x18, 0x11, 0x90, 0x60, 0x16, 0x17, 0x14, 0x1c, 0x12, 0x90, 0x60, 0x13, 0x1c, 0x1e, 0x11, 0x1d, 0x1c, 0x80, 0x50, 0x16, 0x14, 0x17, 0x11, 0x14, 0x15, 0x13, 0x14, 0x70, 0x60, 0x12, 0x17, 0x11, 0x13, 0x18, 0x1b, 0x80, 0x50, 0x1b, 0x1e, 0x16, 0x13, 0x12, 0x1b, 0x1e, 0x80, 0x30, 0x11, 0x22, 0x1b, 0x1d, 0x17, 0x12, 0x14, 0x12, 0x80, 0x40, 0x1a, 0x16, 0x17, 0x15, 0x16, 0x12, 0x16, 0x14, 0x16, 0x70, 0x40, 0x15, 0x18, 0x12, 0x1b, 0x1a, 0x20,
0x12, 0x80, 0x40, 0x19, 0x20, 0x18, 0x30, 0x14, 0x80, 0x70, 0x1d, 0xc0, 0x70, 0x11, 0x40, 0x18, 0x70, 0xf0, 0x50,
// Compressed size: 131 bytes original pixels: 12544 uint16_t → ~25088 bytes uncompressed)

// PERNILLA / Pernilla Auraflow V0.3 024 S2558956129 Th0.100 20 [Folder: PERNILLA] - RLE compressed data (offset: 13296, size: 133)
0xf0, 0x50, 0x80, 0x18, 0x1a, 0xa0, 0x70, 0x12, 0x1e, 0x1f, 0xa0, 0x70, 0x19, 0x1f, 0x20, 0x1a, 0x80, 0x70, 0x11, 0x13, 0x1a, 0x2c, 0x80, 0x70, 0x15, 0x11, 0x1c, 0x1a, 0x17, 0x80, 0x60, 0x1c, 0x10, 0x18, 0x21, 0x1d, 0x80, 0x60, 0x11, 0x20, 0x1e, 0x15, 0x90, 0x50, 0x1a, 0x14, 0x20, 0x1e, 0x16, 0x90, 0x50, 0x12, 0x20, 0x19, 0x1d, 0x19, 0x90, 0x70, 0x1b, 0x12, 0x14, 0x11, 0x1b, 0x80, 0x20, 0x1c, 0x16, 0x15, 0x11, 0x17, 0x11, 0x15, 0x14, 0x19, 0x15, 0x80, 0x70, 0x27, 0x14, 0x11, 0x13, 0x11, 0x70, 0x60, 0x12, 0x17, 0x18, 0x13, 0x18, 0x14, 0x13, 0x19, 0x12, 0x50, 0x60, 0x36, 0x13, 0x1e, 0x14, 0x17, 0x10, 0x12, 0x50, 0x80, 0x19, 0x13, 0x1d, 0x13, 0x20, 0x1b, 0x50, 0x70,
0x16, 0x14, 0x15, 0x1b, 0x20, 0x1b, 0x60, 0x70, 0x12, 0x1f, 0x30, 0x18, 0x70, 0x90, 0x1d, 0x20, 0x18, 0x70, 0x90, 0x1d, 0xa0,
// Compressed size: 133 bytes original pixels: 12544 uint16_t → ~25088 bytes uncompressed)

// PHILIPPA / Philippa Auraflow V0.3 005 S4149757206 Th0.100 20 [Folder: PHILIPPA] - RLE compressed data (offset: 13429, size: 185)
0xf0, 0x50, 0x90, 0x1b, 0x17, 0x90, 0x80, 0x1d, 0x19, 0x17, 0x90, 0x70, 0x16, 0x11, 0x1c, 0x40, 0x13, 0x25, 0x30, 0x70, 0x13, 0x19, 0x25, 0x20, 0x14, 0x1e, 0x14, 0x15, 0x30, 0x70, 0x17, 0x19, 0x16, 0x17, 0x14, 0x1d, 0x14, 0x2b, 0x15, 0x30, 0x70, 0x24, 0x26, 0x1c, 0x14, 0x22, 0x11, 0x15, 0x30, 0x70, 0x14, 0x12, 0x1d, 0x12, 0x24, 0x12, 0x21, 0x17, 0x30, 0x60, 0x15, 0x1c, 0x29, 0x18, 0x1c, 0x16, 0x12, 0x11, 0x17, 0x13, 0x18, 0x20, 0x50, 0x27, 0x21, 0x14, 0x11, 0x19, 0x15, 0x1c, 0x12, 0x1d, 0x40, 0x40, 0x16, 0x12, 0x1c, 0x21, 0x13, 0x1a, 0x1e, 0x14, 0x1b, 0x12, 0x16, 0x40, 0x30, 0x18, 0x1a, 0x19, 0x1c, 0x29, 0x21, 0x12, 0x18, 0x13, 0x12, 0x15, 0x40, 0x10, 0x16, 0x18,
0x1e, 0x13, 0x11, 0x12, 0x13, 0x1a, 0x1b, 0x13, 0x1b, 0x21, 0x13, 0x50, 0x10, 0x26, 0x18, 0x1d, 0x13, 0x11, 0x22, 0x1a, 0x32, 0x21, 0x1a, 0x40, 0x18, 0x27, 0x1d, 0x1c, 0x13, 0x1a, 0x20, 0x15, 0x30, 0x1a, 0x10, 0x19, 0x1d, 0x30, 0x10, 0x38, 0x10, 0x1a, 0x13, 0x90, 0x11, 0x30, 0x30, 0x16, 0x10, 0x13, 0x12, 0x50, 0x1a, 0x13, 0x20, 0x1a, 0x30, 0x50, 0x13, 0x90, 0x1b, 0x40, 0x50, 0x1e, 0x10, 0x17, 0xc0, 0x50, 0x1b, 0x10, 0x1e, 0x1b, 0xb0,
// Compressed size: 185 bytes original pixels: 12544 uint16_t → ~25088 bytes uncompressed)

// RONJA / Ronja Auraflow V0.3 005 S3116322298 Th0.100 20 [Folder: RONJA] - RLE compressed data (offset: 13614, size: 186)
0x90, 0x1a, 0x1e, 0x90, 0x90, 0x18, 0x1c, 0x90, 0x80, 0x1c, 0x15, 0x1a, 0x90, 0x80, 0x14, 0x1a, 0x28, 0x80, 0x80, 0x11, 0x1c, 0x15, 0x1a, 0x1e, 0x70, 0x70, 0x19, 0x12, 0x1a, 0x15, 0x1c, 0x13, 0x70, 0x60, 0x27, 0x16, 0x1c, 0x14, 0x1a, 0x16, 0x70, 0x50, 0x18, 0x17, 0x25, 0x1a, 0x14, 0x19, 0x24, 0x60, 0x70, 0x12, 0x19, 0x1a, 0x13, 0x18, 0x15, 0x17, 0x60, 0x60, 0x19, 0x1b, 0x15, 0x1c, 0x15, 0x18, 0x13, 0x11, 0x13, 0x50, 0x60, 0x1b, 0x19, 0x11, 0x17, 0x26, 0x1a, 0x18, 0x1e, 0x50, 0x50, 0x19, 0x1d, 0x12, 0x11, 0x1a, 0x16, 0x12, 0x16, 0x17, 0x60, 0x40, 0x17, 0x21, 0x16, 0x19, 0x16, 0x13, 0x1b, 0x16, 0x1b, 0x60, 0x40, 0x11, 0x19, 0x11, 0x13, 0x14, 0x12, 0x16, 0x13, 0x15,
0x17, 0x60, 0x30, 0x18, 0x13, 0x14, 0x19, 0x1b, 0x52, 0x19, 0x60, 0x20, 0x17, 0x20, 0x18, 0x23, 0x19, 0x31, 0x15, 0x12, 0x10, 0x11, 0x40, 0x20, 0x14, 0x10, 0x14, 0x18, 0x1d, 0x16, 0x1d, 0x13, 0x1d, 0x15, 0x16, 0x18, 0x1e, 0x10, 0x18, 0x30, 0x30, 0x14, 0x1d, 0x1b, 0x13, 0x11, 0x14, 0x12, 0x17, 0x1b, 0x16, 0x25, 0x19, 0x1e, 0x30, 0x20, 0x1c, 0x1b, 0x11, 0x1d, 0x13, 0x14, 0x17, 0x11, 0x1d, 0x17, 0x22, 0x14, 0x2b, 0x30, 0xa0, 0x1e, 0x1a, 0x80,
// Compressed size: 186 bytes original pixels: 12544 uint16_t → ~25088 bytes uncompressed)

// SABRINA / Sabrina Auraflow V0.3 006 S3709341135 Th0.100 20 [Folder: SABRINA] - RLE compressed data (offset: 13800, size: 142)
0xf0, 0x50, 0x80, 0x18, 0x19, 0x1f, 0x90, 0x80, 0x12, 0x27, 0x1a, 0x80, 0x80, 0x23, 0x11, 0x12, 0x80, 0x90, 0x12, 0x18, 0x1b, 0x80, 0x90, 0x1e, 0x16, 0x12, 0x18, 0x70, 0x90, 0x1a, 0x1c, 0x16, 0x80, 0x90, 0x12, 0x17, 0x11, 0x17, 0x70, 0x90, 0x11, 0x15, 0x19, 0x14, 0x70, 0x80, 0x1a, 0x12, 0x17, 0x13, 0x1b, 0x70, 0x80, 0x17, 0x14, 0x1d, 0x1b, 0x80, 0x70, 0x12, 0x21, 0x1a, 0x16, 0x80, 0x70, 0x18, 0x1b, 0x11, 0x19, 0x1d, 0x18, 0x70, 0x70, 0x17, 0x15, 0x19, 0x16, 0x25, 0x70, 0x60, 0x12, 0x14, 0x13, 0x14, 0x11, 0x1e, 0x14, 0x70, 0x60, 0x12, 0x19, 0x14, 0x13, 0x14, 0x13, 0x11, 0x70, 0x40, 0x13, 0x24, 0x11, 0x16, 0x1d, 0x12, 0x1c, 0x15, 0x70, 0x20, 0x23, 0x1a, 0x21, 0x16,
0x1c, 0x14, 0x16, 0x12, 0x15, 0x13, 0x60, 0x1f, 0x19, 0x13, 0x1b, 0x11, 0x1f, 0x13, 0x11, 0x1d, 0x14, 0x11, 0x1e, 0x12, 0x70, 0x1c, 0x15, 0x11, 0x14, 0x12, 0x18, 0x12, 0x15, 0xc0,
// Compressed size: 142 bytes original pixels: 12544 uint16_t → ~25088 bytes uncompressed)

// SAEWYNN / Saewynn Auraflow V0.3 010 S4232203134 Th0.100 20 [Folder: SAEWYNN] - RLE compressed data (offset: 13942, size: 141)
0x90, 0x1a, 0xa0, 0x70, 0x16, 0x14, 0x1d, 0x1a, 0x90, 0x60, 0x15, 0x24, 0x1b, 0x1a, 0x90, 0x60, 0x12, 0x14, 0x1b, 0x14, 0x1b, 0x90, 0x60, 0x11, 0x1e, 0x16, 0x11, 0x14, 0x90, 0x60, 0x14, 0x13, 0x1a, 0x12, 0x1a, 0x90, 0x60, 0x1e, 0x17, 0x11, 0x13, 0x17, 0x14, 0x80, 0x60, 0x15, 0x18, 0x1c, 0x1d, 0x1f, 0x1b, 0x80, 0x60, 0x15, 0x17, 0x1c, 0x14, 0x2e, 0x80, 0x60, 0x25, 0x39, 0x1b, 0x80, 0x60, 0x11, 0x15, 0x12, 0x18, 0x15, 0x1d, 0x80, 0x60, 0x16, 0x21, 0x13, 0x18, 0x14, 0x80, 0x60, 0x18, 0x11, 0x26, 0x15, 0x1c, 0x80, 0x60, 0x18, 0x17, 0x11, 0x13, 0x22, 0x80, 0x60, 0x17, 0x1c, 0x16, 0x1d, 0x16, 0x12, 0x80, 0x60, 0x12, 0x17, 0x13, 0x1f, 0x13, 0x19, 0x80, 0x60, 0x15, 0x17,
0x13, 0x11, 0x13, 0x1a, 0x80, 0x50, 0x12, 0x16, 0x17, 0x19, 0x11, 0x17, 0x18, 0x80, 0x60, 0x22, 0x13, 0x11, 0x19, 0x1c, 0x80, 0x60, 0x1f, 0x13, 0x16, 0x11, 0x18, 0x19, 0x80,
// Compressed size: 141 bytes original pixels: 12544 uint16_t → ~25088 bytes uncompressed)

// SELINA / Selina Auraflow V0.3 026 S3270675700 Th0.100 20 [Folder: SELINA] - RLE compressed data (offset: 14083, size: 134)
0xf0, 0x10, 0x13, 0x30, 0xf0, 0x10, 0x11, 0x30, 0xf0, 0x50, 0xa0, 0x14, 0x13, 0x80, 0x80, 0x1e, 0x21, 0x19, 0x80, 0x70, 0x18, 0x15, 0x1b, 0x11, 0x1d, 0x80, 0x90, 0x1f, 0x15, 0x18, 0x19, 0x20, 0x1d, 0x14, 0x30, 0xa0, 0x16, 0x19, 0x40, 0x19, 0x30, 0xa0, 0x2c, 0x1e, 0x30, 0x13, 0x30, 0x80, 0x1e, 0x12, 0x1d, 0x13, 0x1b, 0x70, 0x80, 0x17, 0x13, 0x21, 0x1a, 0x70, 0x80, 0x14, 0x11, 0x18, 0x16, 0x12, 0x70, 0x30, 0x15, 0x1c, 0x22, 0x16, 0x11, 0x13, 0x1a, 0x19, 0x1c, 0x20, 0x14, 0x40, 0x30, 0x25, 0x16, 0x1a, 0x18, 0x11, 0x2a, 0x11, 0x12, 0x70, 0x30, 0x2b, 0x16, 0x11, 0x12, 0x1a, 0x12, 0x23, 0x20, 0x14, 0x50, 0x40, 0x15, 0x17, 0x18, 0x17, 0x16, 0x17, 0x16, 0x18, 0x12, 0x15,
0x13, 0x50, 0x50, 0x14, 0x1b, 0x12, 0x19, 0x17, 0x14, 0x10, 0x17, 0x70, 0xa0, 0x1d, 0x10, 0x1c, 0x70, 0xa0, 0x1d, 0x90, 0xf0, 0x50,
// Compressed size: 134 bytes original pixels: 12544 uint16_t → ~25088 bytes uncompressed)

// SIGRID / Sigrid Auraflow V0.3 000 S2223058159 Th0.100 20 [Folder: SIGRID] - RLE compressed data (offset: 14217, size: 160)
0xf0, 0x50, 0x30, 0x19, 0x1d, 0x14, 0x12, 0x20, 0x16, 0x1b, 0x90, 0x30, 0x37, 0x26, 0x10, 0x12, 0x11, 0x17, 0x80, 0x40, 0x15, 0x20, 0x1d, 0x10, 0x1a, 0x19, 0x1f, 0x1d, 0x70, 0x40, 0x17, 0x40, 0x15, 0x1d, 0x15, 0x1b, 0x70, 0x80, 0x15, 0x1a, 0x13, 0x22, 0x70, 0x60, 0x16, 0x10, 0x15, 0x21, 0x13, 0x12, 0x14, 0x60, 0x60, 0x13, 0x1b, 0x15, 0x1b, 0x18, 0x19, 0x16, 0x1b, 0x60, 0x60, 0x18, 0x10, 0x13, 0x11, 0x18, 0x10, 0x1b, 0x70, 0x60, 0x1a, 0x10, 0x19, 0x1c, 0x19, 0x16, 0x80, 0x60, 0x16, 0x10, 0x1c, 0x1a, 0x17, 0x12, 0x80, 0x60, 0x13, 0x10, 0x18, 0x13, 0x12, 0x18, 0x1f, 0x18, 0x60, 0x60, 0x19, 0x17, 0x12, 0x21, 0x13, 0x30, 0x18, 0x40, 0x60, 0x1a, 0x10, 0x23, 0x12, 0x1c,
0x1e, 0x70, 0x60, 0x15, 0x10, 0x11, 0x1d, 0x1e, 0x2c, 0x14, 0x60, 0x80, 0x19, 0x17, 0x1e, 0x1a, 0x1c, 0x18, 0x60, 0x70, 0x16, 0x18, 0x14, 0x16, 0x15, 0x21, 0x60, 0x70, 0x1a, 0x19, 0x15, 0x14, 0x20, 0x13, 0x1a, 0x50, 0x70, 0x11, 0x60, 0x12, 0x50, 0x50, 0x14, 0x11, 0x17, 0x10, 0x34, 0x80,
// Compressed size: 160 bytes original pixels: 12544 uint16_t → ~25088 bytes uncompressed)

// SVEA / Svea Auraflow V0.3 033 S131431270 Th0.100 20 [Folder: SVEA] - RLE compressed data (offset: 14377, size: 187)
0x90, 0x12, 0x16, 0x90, 0x80, 0x19, 0x22, 0x16, 0x80, 0x70, 0x16, 0x12, 0x1e, 0x19, 0x16, 0x80, 0x70, 0x19, 0x1e, 0x12, 0x17, 0x1d, 0x80, 0x50, 0x1c, 0x19, 0x11, 0x14, 0x17, 0x14, 0x1d, 0x12, 0x70, 0x60, 0x19, 0x14, 0x13, 0x1f, 0x14, 0x1e, 0x19, 0x70, 0x50, 0x1d, 0x19, 0x11, 0x14, 0x15, 0x18, 0x17, 0x16, 0x70, 0x60, 0x16, 0x17, 0x11, 0x12, 0x1a, 0x1e, 0x16, 0x19, 0x60, 0x60, 0x12, 0x11, 0x1a, 0x11, 0x17, 0x18, 0x19, 0x16, 0x60, 0x50, 0x16, 0x11, 0x10, 0x1c, 0x1e, 0x15, 0x1b, 0x12, 0x16, 0x60, 0x50, 0x1d, 0x14, 0x15, 0x27, 0x18, 0x17, 0x14, 0x16, 0x60, 0x40, 0x2c, 0x18, 0x14, 0x25, 0x1a, 0x1e, 0x11, 0x70, 0x40, 0x12, 0x1d, 0x17, 0x15, 0x17, 0x11, 0x12, 0x18, 0x14,
0x70, 0x30, 0x2c, 0x1d, 0x12, 0x11, 0x15, 0x1a, 0x11, 0x12, 0x13, 0x70, 0x30, 0x2c, 0x18, 0x10, 0x18, 0x13, 0x11, 0x15, 0x12, 0x80, 0x30, 0x12, 0x15, 0x10, 0x1a, 0x13, 0x14, 0x28, 0x1a, 0x80, 0x30, 0x11, 0x20, 0x15, 0x13, 0x11, 0x13, 0x1b, 0x1a, 0x80, 0x50, 0x2b, 0x13, 0x17, 0x13, 0x1b, 0x1a, 0x16, 0x70, 0x20, 0x24, 0x11, 0x1b, 0x23, 0x15, 0x13, 0x1b, 0x15, 0x19, 0x70, 0x10, 0x14, 0x21, 0x13, 0x18, 0x1b, 0x13, 0x15, 0x18, 0x13, 0x1b, 0x1a, 0x70,
// Compressed size: 187 bytes original pixels: 12544 uint16_t → ~25088 bytes uncompressed)

// THEA / Thea Auraflow V0.3 009 S1520269408 Th0.100 20 [Folder: THEA] - RLE compressed data (offset: 14564, size: 109)
0x90, 0x1c, 0x11, 0x90, 0x90, 0x18, 0x16, 0x90, 0x90, 0x18, 0x11, 0x90, 0x80, 0x1c, 0x1a, 0x12, 0x11, 0x80, 0x80, 0x11, 0x13, 0x1f, 0x13, 0x80, 0x80, 0x1c, 0x1e, 0x17, 0x14, 0x80, 0x70, 0x14, 0x10, 0x1b, 0x12, 0x90, 0x70, 0x1d, 0x13, 0x12, 0x19, 0x15, 0x16, 0x70, 0x80, 0x1d, 0x14, 0x15, 0x13, 0x12, 0x70, 0x80, 0x11, 0x1a, 0x17, 0x15, 0x1a, 0x70, 0x80, 0x19, 0x11, 0x14, 0x15, 0x80, 0x90, 0x1a, 0x17, 0x15, 0x80, 0x90, 0x1c, 0x16, 0x13, 0x80, 0x90, 0x14, 0x12, 0x16, 0x80, 0x90, 0x1b, 0x14, 0x16, 0x80, 0x80, 0x13, 0x1b, 0x29, 0x80, 0x80, 0x18, 0x17, 0x1b, 0x1e, 0x80, 0x80, 0x18, 0x17, 0x1d, 0x11, 0x80, 0x80, 0x11, 0x12, 0x18, 0x12, 0x80, 0xf0, 0x50,
// Compressed size: 109 bytes original pixels: 12544 uint16_t → ~25088 bytes uncompressed)

// THRYTH / Thryth Auraflow V0.3 008 S2470927742 Th0.100 20 [Folder: THRYTH] - RLE compressed data (offset: 14673, size: 197)
0x30, 0x1c, 0x16, 0x19, 0x1a, 0xd0, 0x30, 0x16, 0x2b, 0x30, 0x1b, 0x12, 0x90, 0x30, 0x1b, 0x21, 0x1b, 0x20, 0x12, 0x15, 0x16, 0x80, 0x40, 0x18, 0x16, 0x20, 0x1d, 0x12, 0x15, 0x11, 0x13, 0x1a, 0x60, 0x40, 0x1d, 0x15, 0x10, 0x19, 0x15, 0x21, 0x19, 0x1b, 0x1d, 0x60, 0x30, 0x18, 0x22, 0x16, 0x11, 0x12, 0x11, 0x17, 0x15, 0x12, 0x11, 0x1d, 0x50, 0x40, 0x17, 0x1c, 0x17, 0x16, 0x13, 0x17, 0x1c, 0x27, 0x19, 0x1b, 0x19, 0x40, 0x40, 0x12, 0x1a, 0x20, 0x1a, 0x16, 0x17, 0x12, 0x17, 0x10, 0x11, 0x1c, 0x40, 0x40, 0x1a, 0x30, 0x18, 0x15, 0x14, 0x11, 0x15, 0x10, 0x14, 0x12, 0x19, 0x30, 0x40, 0x1a, 0x20, 0x1c, 0x25, 0x11, 0x1e, 0x17, 0x10, 0x15, 0x1d, 0x17, 0x30, 0x50, 0x15, 0x12,
0x11, 0x14, 0x11, 0x1c, 0x14, 0x11, 0x10, 0x1d, 0x18, 0x40, 0x40, 0x14, 0x10, 0x17, 0x34, 0x15, 0x14, 0x1c, 0x14, 0x11, 0x13, 0x40, 0x50, 0x11, 0x12, 0x1e, 0x11, 0x24, 0x15, 0x13, 0x18, 0x60, 0x50, 0x26, 0x18, 0x12, 0x24, 0x16, 0x18, 0x13, 0x60, 0x50, 0x22, 0x14, 0x15, 0x20, 0x1a, 0x17, 0x18, 0x60, 0x50, 0x13, 0x19, 0x18, 0x13, 0x20, 0x18, 0x1f, 0x18, 0x16, 0x50, 0x50, 0x1a, 0x19, 0x18, 0x13, 0x30, 0x23, 0x60, 0x50, 0x12, 0x11, 0x13, 0x16, 0x30, 0x19, 0x13, 0x60, 0x50, 0x33, 0x50, 0x1e, 0x60, 0xf0, 0x50,
// Compressed size: 197 bytes original pixels: 12544 uint16_t → ~25088 bytes uncompressed)

// TUVA / Tuva Auraflow V0.3 005 S3839269024 Th0.100 20 [Folder: TUVA] - RLE compressed data (offset: 14870, size: 196)
0xf0, 0x50, 0x40, 0x25, 0x14, 0x2e, 0x14, 0x1e, 0x90, 0x40, 0x15, 0x14, 0x15, 0x14, 0x17, 0x11, 0x14, 0x90, 0x50, 0x2c, 0x14, 0x18, 0x15, 0x14, 0x90, 0x40, 0x1c, 0x2e, 0x15, 0x1d, 0x11, 0x1f, 0x90, 0x20, 0x15, 0x1e, 0x14, 0x1e, 0x15, 0x26, 0x13, 0x17, 0x1d, 0x80, 0x40, 0x14, 0x15, 0x18, 0x23, 0x22, 0x11, 0x80, 0x40, 0x1e, 0x1f, 0x19, 0x1d, 0x13, 0x19, 0x13, 0x18, 0x80, 0x30, 0x1f, 0x1c, 0x16, 0x11, 0x17, 0x22, 0x13, 0x1a, 0x80, 0x40, 0x16, 0x1c, 0x11, 0x15, 0x10, 0x16, 0x1b, 0x12, 0x1d, 0x14, 0x30, 0x1f, 0x20, 0x30, 0x1c, 0x16, 0x18, 0x17, 0x10, 0x1d, 0x19, 0x13, 0x18, 0x10, 0x23, 0x14, 0x1a, 0x30, 0x20, 0x1c, 0x10, 0x27, 0x10, 0x15, 0x32, 0x13, 0x16, 0x20, 0x19,
0x40, 0x40, 0x11, 0x16, 0x14, 0x18, 0x12, 0x19, 0x1d, 0x1b, 0x1f, 0x10, 0x17, 0x50, 0x30, 0x26, 0x20, 0x22, 0x2b, 0x1a, 0x1b, 0x10, 0x1c, 0x50, 0x30, 0x1c, 0x20, 0x1a, 0x17, 0x19, 0x1d, 0x19, 0x21, 0x1b, 0x60, 0x60, 0x3b, 0x23, 0x18, 0x19, 0x70, 0x50, 0x11, 0x18, 0x16, 0x1d, 0x12, 0x1d, 0x11, 0x16, 0x70, 0x40, 0x15, 0x11, 0x19, 0x28, 0x13, 0x1b, 0x1a, 0x17, 0x70, 0x30, 0x11, 0x22, 0x18, 0x1a, 0x17, 0x18, 0x11, 0x1a, 0x11, 0x17, 0x60, 0x30, 0x1a, 0x19, 0x2f, 0x11, 0x1a, 0x19, 0x1a, 0x17, 0x1f, 0x70,
// Compressed size: 196 bytes original pixels: 12544 uint16_t → ~25088 bytes uncompressed)

// VALENTINE / Valentine Auraflow V0.3 006 S228085498 Th0.100 20 [Folder: VALENTINE] - RLE compressed data (offset: 15066, size: 194)
0xb0, 0x11, 0x1a, 0x70, 0xa0, 0x1b, 0x12, 0x1a, 0x70, 0x80, 0x17, 0x13, 0x15, 0x14, 0x17, 0x70, 0x80, 0x17, 0x14, 0x19, 0x14, 0x11, 0x1e, 0x60, 0x70, 0x26, 0x11, 0x12, 0x19, 0x13, 0x17, 0x60, 0x90, 0x11, 0x13, 0x15, 0x12, 0x18, 0x60, 0x50, 0x15, 0x10, 0x12, 0x15, 0x16, 0x10, 0x1d, 0x17, 0x15, 0x60, 0xa0, 0x17, 0x11, 0x12, 0x1a, 0x60, 0xa0, 0x2b, 0x14, 0x21, 0x50, 0x60, 0x16, 0x30, 0x18, 0x11, 0x22, 0x1a, 0x50, 0x90, 0x28, 0x15, 0x14, 0x18, 0x60, 0x90, 0x13, 0x11, 0x23, 0x12, 0x13, 0x50, 0x80, 0x1a, 0x11, 0x23, 0x14, 0x12, 0x13, 0x10, 0x16, 0x30, 0x70, 0x11, 0x13, 0x2d, 0x14, 0x18, 0x12, 0x1b, 0x10, 0x16, 0x30, 0x30, 0x16, 0x1c, 0x10, 0x14, 0x25, 0x18, 0x13, 0x17,
0x1a, 0x12, 0x11, 0x14, 0x16, 0x30, 0x20, 0x16, 0x39, 0x14, 0x18, 0x15, 0x1c, 0x11, 0x25, 0x12, 0x1d, 0x18, 0x40, 0x10, 0x17, 0x10, 0x1d, 0x1b, 0x19, 0x13, 0x11, 0x18, 0x11, 0x15, 0x12, 0x11, 0x13, 0x18, 0x1b, 0x17, 0x30, 0x10, 0x1e, 0x19, 0x12, 0x1c, 0x19, 0x18, 0x12, 0x1a, 0x1b, 0x15, 0x1b, 0x1d, 0x13, 0x12, 0x11, 0x1a, 0x17, 0x20, 0x10, 0x1c, 0x17, 0x12, 0x13, 0x19, 0x24, 0x19, 0x1c, 0x11, 0x17, 0x14, 0x19, 0x17, 0x14, 0x1c, 0x1a, 0x20, 0x50, 0x1e, 0x11, 0x36, 0x1e, 0x16, 0x15, 0x70,
// Compressed size: 194 bytes original pixels: 12544 uint16_t → ~25088 bytes uncompressed)

// WILMA / Wilma Auraflow V0.3 027 S1647033594 Th0.100 20 [Folder: WILMA] - RLE compressed data (offset: 15260, size: 135)
0xf0, 0x50, 0x90, 0x14, 0x1c, 0x90, 0x90, 0x13, 0x1c, 0x90, 0x80, 0x16, 0x15, 0x13, 0x10, 0x1a, 0x70, 0x80, 0x21, 0x18, 0x10, 0x1d, 0x70, 0x70, 0x1d, 0x24, 0x1a, 0x10, 0x1a, 0x70, 0x70, 0x16, 0x10, 0x27, 0x10, 0x14, 0x70, 0x80, 0x13, 0x1b, 0x15, 0x16, 0x15, 0x70, 0x80, 0x1e, 0x15, 0x14, 0x10, 0x17, 0x70, 0x80, 0x11, 0x12, 0x1e, 0x1d, 0x19, 0x70, 0x70, 0x12, 0x11, 0x1b, 0x1a, 0x18, 0x13, 0x70, 0x70, 0x1b, 0x12, 0x19, 0x1c, 0x19, 0x11, 0x70, 0x70, 0x17, 0x1a, 0x11, 0x17, 0x15, 0x19, 0x70, 0x60, 0x23, 0x16, 0x19, 0x17, 0x18, 0x13, 0x70, 0x50, 0x1a, 0x14, 0x16, 0x12, 0x11, 0x17, 0x2b, 0x70, 0x50, 0x11, 0x1b, 0x14, 0x16, 0x18, 0x16, 0x15, 0x18, 0x70, 0x50, 0x11, 0x14,
0x13, 0x19, 0x17, 0x12, 0x10, 0x18, 0x70, 0x60, 0x22, 0x11, 0x25, 0x10, 0x12, 0x70, 0x80, 0x18, 0x10, 0x16, 0x1e, 0x12, 0x70, 0xf0, 0x50,
// Compressed size: 135 bytes original pixels: 12544 uint16_t → ~25088 bytes uncompressed)

// WINIFRED / Winifred Auraflow V0.3 010 S4264381568 Th0.100 20 [Folder: WINIFRED] - RLE compressed data (offset: 15395, size: 141)
0xf0, 0x50, 0xf0, 0x50, 0xf0, 0x50, 0xf0, 0x50, 0xf0, 0x50, 0x60, 0x18, 0x1c, 0x15, 0x1d, 0x19, 0x90, 0x70, 0x22, 0x1c, 0x1b, 0x90, 0x70, 0x1d, 0x1a, 0x14, 0x17, 0x16, 0x80, 0x60, 0x16, 0x12, 0x14, 0x20, 0x19, 0x80, 0x60, 0x19, 0x15, 0x14, 0x18, 0xa0, 0x60, 0x16, 0x18, 0x14, 0x18, 0x17, 0x14, 0x1b, 0x70, 0x60, 0x17, 0x1b, 0x14, 0x18, 0x1c, 0x90, 0x60, 0x17, 0x1e, 0x12, 0x11, 0x13, 0x14, 0x80, 0x70, 0x12, 0x11, 0x13, 0x1b, 0x18, 0x80, 0x60, 0x16, 0x15, 0x21, 0x16, 0x90, 0x50, 0x16, 0x15, 0x1e, 0x11, 0x12, 0x23, 0x80, 0x50, 0x1d, 0x2a, 0x31, 0x22, 0x19, 0x60, 0x40, 0x17, 0x12, 0x11, 0x12, 0x13, 0x11, 0x1a, 0x11, 0x1e, 0x12, 0x11, 0x17, 0x40, 0x10, 0x14, 0x18, 0x13,
0x15, 0x12, 0x11, 0x1c, 0x1a, 0x21, 0x1a, 0x13, 0x21, 0x19, 0x16, 0x14, 0x20, 0x1c, 0x25, 0x13, 0x14, 0x12, 0x17, 0x13, 0x19, 0x23, 0x25, 0x1a, 0x1d, 0x15, 0x19, 0x1b, 0x20,
// Compressed size: 141 bytes original pixels: 12544 uint16_t → ~25088 bytes uncompressed)

// WINSTON / Winston Auraflow V0.3 031 S3261743678 Th0.100 20 [Folder: WINSTON] - RLE compressed data (offset: 15536, size: 164)
0xf0, 0x50, 0x90, 0x13, 0x1c, 0x90, 0x90, 0x14, 0x15, 0x40, 0x1b, 0x1a, 0x30, 0x80, 0x13, 0x17, 0x1b, 0x1d, 0x30, 0x1b, 0x1c, 0x30, 0x70, 0x13, 0x11, 0x1c, 0x22, 0x20, 0x12, 0x1b, 0x12, 0x30, 0x70, 0x15, 0x16, 0x13, 0x11, 0x1d, 0x1b, 0x20, 0x1c, 0x1a, 0x30, 0x60, 0x2e, 0x12, 0x15, 0x1a, 0x1c, 0x1a, 0x20, 0x1a, 0x40, 0x60, 0x29, 0x16, 0x1d, 0x14, 0x1c, 0x11, 0x1b, 0x12, 0x11, 0x40, 0x60, 0x19, 0x14, 0x18, 0x21, 0x12, 0x18, 0x10, 0x16, 0x1d, 0x40, 0x70, 0x19, 0x28, 0x22, 0x13, 0x20, 0x17, 0x40, 0x70, 0x21, 0x14, 0x1a, 0x13, 0x11, 0x20, 0x11, 0x40, 0x70, 0x1a, 0x14, 0x17, 0x13, 0x14, 0x30, 0x17, 0x40, 0x60, 0x19, 0x13, 0x17, 0x19, 0x16, 0x1d, 0x30, 0x18, 0x40, 0x60,
0x1a, 0x13, 0x16, 0x12, 0x17, 0x15, 0x16, 0x20, 0x19, 0x40, 0x60, 0x25, 0x17, 0x15, 0x24, 0x12, 0x20, 0x13, 0x40, 0x60, 0x16, 0x17, 0x18, 0x14, 0x13, 0x11, 0x12, 0x70, 0x30, 0x1e, 0x26, 0x15, 0x38, 0x13, 0x11, 0x80, 0x50, 0x11, 0x15, 0x11, 0x14, 0x13, 0x10, 0x17, 0x19, 0x20, 0x12, 0x40, 0xf0, 0x50, 0xf0, 0x50,
// Compressed size: 164 bytes original pixels: 12544 uint16_t → ~25088 bytes uncompressed)

// WULFSTAN / Wulfstan Auraflow V0.3 004 S2718788170 Th0.100 20 [Folder: WULFSTAN] - RLE compressed data (offset: 15700, size: 153)
0xa0, 0x11, 0x90, 0x90, 0x1e, 0x21, 0x80, 0x90, 0x14, 0x12, 0x11, 0x80, 0x70, 0x19, 0x14, 0x17, 0x12, 0x1a, 0x11, 0x70, 0x60, 0x11, 0x29, 0x16, 0x1a, 0x1d, 0x1b, 0x14, 0x60, 0x60, 0x13, 0x28, 0x1b, 0x15, 0x11, 0x15, 0x12, 0x60, 0x60, 0x1c, 0x1d, 0x1e, 0x1a, 0x11, 0x16, 0x17, 0x13, 0x60, 0x60, 0x13, 0x10, 0x16, 0x12, 0x14, 0x11, 0x1c, 0x13, 0x60, 0x50, 0x13, 0x14, 0x13, 0x12, 0x1f, 0x15, 0x18, 0x13, 0x18, 0x13, 0x50, 0x50, 0x13, 0x16, 0x19, 0x1b, 0x2a, 0x15, 0x22, 0x11, 0x50, 0x60, 0x1a, 0x16, 0x27, 0x14, 0x1b, 0x15, 0x70, 0x60, 0x17, 0x14, 0x16, 0x1c, 0x11, 0x27, 0x19, 0x60, 0x70, 0x16, 0x25, 0x11, 0x18, 0x11, 0x70, 0x70, 0x15, 0x18, 0x16, 0x14, 0x19, 0x15, 0x70,
0x60, 0x16, 0x19, 0x17, 0x18, 0x1d, 0x1b, 0x1d, 0x70, 0x70, 0x18, 0x1b, 0x13, 0x14, 0x17, 0x1b, 0x70, 0x60, 0x1c, 0x18, 0x12, 0x20, 0x12, 0x14, 0x19, 0x60, 0x70, 0x11, 0x40, 0x12, 0x70, 0x70, 0x12, 0x40, 0x15, 0x70, 0x60, 0x1c, 0x60, 0x1a, 0x60,
// Compressed size: 153 bytes original pixels: 12544 uint16_t → ~25088 bytes uncompressed)

// YUUKO / Yuuko Auraflow V0.3 001 S4197178951 Th0.100 20 [Folder: YUUKO] - RLE compressed data (offset: 15853, size: 221)
0xf0, 0x50, 0x70, 0x13, 0x11, 0x2e, 0x13, 0x80, 0x70, 0x14, 0x1d, 0x11, 0x14, 0x16, 0x14, 0x70, 0x60, 0x23, 0x2e, 0x21, 0x14, 0x1d, 0x60, 0x30, 0x1e, 0x13, 0x10, 0x11, 0x14, 0x11, 0x39, 0x24, 0x13, 0x50, 0x30, 0x18, 0x14, 0x10, 0x11, 0x24, 0x12, 0x18, 0x17, 0x1d, 0x14, 0x13, 0x50, 0x40, 0x14, 0x10, 0x11, 0x16, 0x12, 0x18, 0x12, 0x1c, 0x19, 0x16, 0x60, 0x40, 0x16, 0x10, 0x13, 0x11, 0x17, 0x3c, 0x17, 0x14, 0x60, 0x40, 0x1d, 0x10, 0x1f, 0x14, 0x1c, 0x17, 0x25, 0x12, 0x1d, 0x13, 0x50, 0x40, 0x16, 0x10, 0x1f, 0x11, 0x22, 0x18, 0x1b, 0x1d, 0x21, 0x50, 0x40, 0x18, 0x20, 0x14, 0x19, 0x27, 0x18, 0x26, 0x60, 0x40, 0x1f, 0x10, 0x13, 0x19, 0x16, 0x28, 0x19, 0x1d, 0x14, 0x10,
0x11, 0x40, 0x40, 0x13, 0x12, 0x21, 0x17, 0x2b, 0x12, 0x1d, 0x14, 0x1b, 0x50, 0x30, 0x2a, 0x12, 0x1f, 0x14, 0x1c, 0x25, 0x1b, 0x1d, 0x14, 0x12, 0x2a, 0x30, 0x30, 0x2c, 0x12, 0x26, 0x15, 0x2a, 0x15, 0x29, 0x16, 0x1b, 0x17, 0x30, 0x30, 0x1b, 0x17, 0x19, 0x1b, 0x11, 0x15, 0x2a, 0x15, 0x1b, 0x13, 0x1e, 0x17, 0x12, 0x30, 0x30, 0x27, 0x2b, 0x11, 0x18, 0x2a, 0x17, 0x15, 0x16, 0x1f, 0x12, 0x1f, 0x30, 0x30, 0x17, 0x12, 0x1e, 0x19, 0x12, 0x45, 0x1a, 0x18, 0x22, 0x18, 0x30, 0x20, 0x13, 0x12, 0x23, 0x15, 0x12, 0x11, 0x1b, 0x1c, 0x15, 0x1a, 0x19, 0x13, 0x11, 0x1f, 0x30, 0x20, 0x11, 0x13, 0x1e, 0x19, 0x13, 0x38, 0x26, 0x12, 0x13, 0x19, 0x11, 0x13, 0x16, 0x20,
// Compressed size: 221 bytes original pixels: 12544 uint16_t → ~25088 bytes uncompressed)

// Total data size: 16080 bytes
