// RLE data generated from ../assets_processed/creatures/deployable (recursive scan)
// Data is concatenated sequentially

// ABOLETH / Aboleth Auraflow V0.3 000 S1559034388 Th0.100 24 [Folder: ABOLETH] - RLE compressed data (offset: 0, size: 356)
0xfe, 0x9e, 0x9e, 0x21, 0x14, 0x10, 0x11, 0xae, 0x7e, 0x30, 0x11, 0x10, 0x11, 0x12, 0x11, 0x9e, 0x7e, 0x10, 0x22, 0x11, 0x18, 0x11, 0x12, 0x15, 0x16, 0x13, 0x7e, 0x6e, 0x10, 0x11, 0x10, 0x18, 0x14, 0x22, 0x14, 0x32, 0x15, 0x6e, 0x2e, 0x12, 0x3e, 0x1f, 0x11, 0x16, 0x15, 0x19, 0x22, 0x1b, 0x1a, 0x18, 0x14, 0x15, 0x16, 0x13, 0x16, 0x14, 0x2e, 0x2e, 0x16, 0x3e, 0x13, 0x1a, 0x1f, 0x15, 0x1c, 0x19, 0x18, 0x14, 0x29, 0x12, 0x24, 0x1c, 0x1e, 0x17, 0x2e, 0x2e, 0x14, 0x1e, 0x11, 0x18, 0x11, 0x10, 0x15, 0x2d, 0x2f, 0x18, 0x1d, 0x1a, 0x1d, 0x19, 0x1a, 0x16, 0x2e, 0x17, 0x1e, 0x4e, 0x14, 0x12, 0x1d, 0x11, 0x1d, 0x1b, 0x1d, 0x1a, 0x1f, 0x14, 0x19, 0x13, 0x18, 0x2d, 0x17, 0x1e,
0x14, 0x2e, 0x3e, 0x17, 0x14, 0x1a, 0x1d, 0x12, 0x4d, 0x18, 0x19, 0x14, 0x1c, 0x15, 0x16, 0x19, 0x10, 0x1a, 0x19, 0x2e, 0x3e, 0x12, 0x17, 0x1e, 0x1a, 0x1b, 0x4c, 0x1d, 0x18, 0x12, 0x1d, 0x19, 0x15, 0x1c, 0x1b, 0x13, 0x3e, 0x2e, 0x17, 0x16, 0x3e, 0x1a, 0x19, 0x1e, 0x13, 0x1a, 0x1d, 0x19, 0x15, 0x17, 0x1a, 0x17, 0x10, 0x1c, 0x1a, 0x16, 0x2e, 0x2e, 0x11, 0x14, 0x4e, 0x1d, 0x1e, 0x1c, 0x3d, 0x12, 0x10, 0x1d, 0x17, 0x19, 0x11, 0x1d, 0x1a, 0x2e, 0x2e, 0x1a, 0x15, 0x2e, 0x17, 0x1e, 0x1d, 0x1e, 0x1a, 0x1d, 0x1c, 0x1d, 0x1c, 0x19, 0x11, 0x1b, 0x1d, 0x16, 0x1a, 0x16, 0x13, 0x1e, 0x2e, 0x16, 0x14, 0x4e, 0x17, 0x1e, 0x17, 0x1e, 0x1d, 0x1e, 0x1a, 0x1d, 0x18, 0x12, 0x14, 0x1c,
0x19, 0x1c, 0x17, 0x1e, 0x3e, 0x16, 0x3e, 0x16, 0x1d, 0x1e, 0x1d, 0x1e, 0x1a, 0x1b, 0x1e, 0x1b, 0x17, 0x1a, 0x15, 0x13, 0x15, 0x1b, 0x15, 0x1e, 0x3e, 0x2a, 0x16, 0x13, 0x1c, 0x1e, 0x17, 0x2e, 0x1a, 0x3e, 0x27, 0x1a, 0x28, 0x1a, 0x17, 0x1e, 0x4e, 0x1b, 0x1a, 0x2e, 0x16, 0x17, 0x1e, 0x15, 0x4e, 0x12, 0x2c, 0x16, 0x18, 0x2b, 0x1e, 0x2e, 0x14, 0x11, 0x2e, 0x17, 0x1a, 0x1b, 0x1e, 0x16, 0x4e, 0x1c, 0x17, 0x15, 0x2c, 0x15, 0x19, 0x1a, 0x1e, 0x1e, 0x16, 0x15, 0x1e, 0x15, 0x23, 0x16, 0x12, 0x1a, 0x4e, 0x16, 0x2e, 0x15, 0x17, 0x1d, 0x1a, 0x16, 0x2e, 0x1e, 0x13, 0x19, 0x2e, 0x16, 0x19, 0x1d, 0x17, 0x7e, 0x13, 0x16, 0x1a, 0x1b, 0x1a, 0x19, 0x2e, 0x2e, 0x16, 0x13, 0x2e, 0x13,
0x2e, 0x2b, 0x1e, 0x17, 0x11, 0x1e, 0x14, 0x13, 0x2e, 0x1a, 0x1d, 0x3e, 0x8e, 0x17, 0x4e, 0x1b, 0x1a, 0x9e, 0xfe, 0x9e,
// Compressed size: 356 bytes original pixels: 12544 uint16_t → ~25088 bytes uncompressed)

// ADZE / Adze Auraflow V0.3 000 S73179197 Th0.100 24 [Folder: ADZE] - RLE compressed data (offset: 356, size: 211)
0xfe, 0x9e, 0x8e, 0x11, 0x12, 0xae, 0x10, 0x3e, 0x7e, 0x16, 0x18, 0x16, 0x18, 0x1b, 0x1e, 0x10, 0xae, 0x6e, 0x12, 0x17, 0x1b, 0x1c, 0x10, 0x3e, 0x11, 0x1e, 0x1d, 0x7e, 0x6e, 0x1d, 0x14, 0x1b, 0x1d, 0x14, 0x1d, 0x12, 0x2e, 0x12, 0x8e, 0x4e, 0x14, 0x1e, 0x10, 0x1c, 0x1a, 0x2b, 0x14, 0x1b, 0x11, 0x13, 0x9e, 0x8e, 0x1a, 0x14, 0x1d, 0x1f, 0x1c, 0x15, 0x2e, 0x1c, 0x7e, 0x6e, 0x10, 0x2e, 0x17, 0x2d, 0x19, 0x1d, 0x25, 0x8e, 0x6e, 0x11, 0x2e, 0x17, 0x1f, 0x1d, 0x1b, 0x1d, 0x1a, 0x13, 0x8e, 0x4e, 0x16, 0x18, 0x17, 0x15, 0x12, 0x1e, 0x1b, 0x3c, 0x14, 0x9e, 0x4e, 0x15, 0x10, 0x4e, 0x2c, 0x1d, 0x19, 0x1c, 0x13, 0x1e, 0x19, 0x6e, 0x5e, 0x10, 0x4e, 0x11, 0x17, 0x1d, 0x1b, 0x1e,
0x1f, 0x18, 0x1e, 0x17, 0x5e, 0x8e, 0x13, 0x19, 0x2c, 0x17, 0x1b, 0x2e, 0x16, 0x7e, 0x8e, 0x17, 0x13, 0x1a, 0x19, 0x1d, 0x19, 0x14, 0x1e, 0x16, 0x2e, 0x15, 0x4e, 0x8e, 0x17, 0x1e, 0x13, 0x2b, 0x1e, 0x37, 0x3e, 0x19, 0x3e, 0x8e, 0x11, 0x13, 0x1e, 0x1b, 0x11, 0x1e, 0x1a, 0x1b, 0x15, 0x7e, 0x9e, 0x16, 0x1e, 0x11, 0x1e, 0x10, 0x19, 0x23, 0x3e, 0x11, 0x3e, 0xde, 0x16, 0x19, 0x17, 0x1e, 0x1a, 0x6e, 0x8e, 0x19, 0xfe, 0x7e, 0x11, 0x19, 0x6e, 0x13, 0x2e, 0x18, 0x10, 0x11, 0x3e, 0x7e, 0x12, 0x10, 0x5e, 0x11, 0x1a, 0x8e, 0x3e, 0x16, 0x1a, 0x9e, 0x1b, 0x1e, 0x14, 0x7e, 0xee, 0x11, 0x9e, 0xfe, 0x9e,
// Compressed size: 211 bytes original pixels: 12544 uint16_t → ~25088 bytes uncompressed)

// AEON / Aeon Auraflow V0.3 000 S1530057464 Th0.100 24 [Folder: AEON] - RLE compressed data (offset: 567, size: 169)
0xfe, 0x9e, 0x9e, 0x17, 0x1e, 0x10, 0xce, 0x8e, 0x1d, 0x1a, 0x14, 0x20, 0x11, 0x17, 0x9e, 0x8e, 0x16, 0x13, 0x12, 0x11, 0x10, 0x14, 0x10, 0x9e, 0x8e, 0x15, 0x11, 0x12, 0x15, 0x16, 0x11, 0xae, 0x9e, 0x11, 0x13, 0x16, 0x11, 0x15, 0xae, 0x9e, 0x17, 0x19, 0x16, 0x12, 0xbe, 0x9e, 0x10, 0x1a, 0x1d, 0x11, 0x12, 0xae, 0x9e, 0x11, 0x1b, 0x1d, 0x12, 0x1e, 0x13, 0x9e, 0x9e, 0x1d, 0x1f, 0x1d, 0x19, 0x12, 0xae, 0xae, 0x1d, 0x1c, 0x1f, 0x17, 0x10, 0x9e, 0xae, 0x1c, 0x1d, 0x15, 0x16, 0x14, 0x9e, 0xae, 0x1d, 0x2c, 0x1b, 0x12, 0x9e, 0xae, 0x1c, 0x1d, 0x1a, 0x19, 0x18, 0x9e, 0xae, 0x19, 0x26, 0x1d, 0x15, 0x9e, 0xae, 0x16, 0x17, 0x2c, 0x18, 0x9e, 0xae, 0x15, 0x1f, 0x1c, 0x1b, 0x13,
0x9e, 0xae, 0x16, 0x2d, 0x3b, 0x8e, 0xae, 0x2c, 0x17, 0x1d, 0x12, 0x9e, 0xae, 0x1f, 0x1d, 0x1b, 0x17, 0x19, 0x9e, 0x9e, 0x16, 0x1d, 0x1c, 0x1d, 0x1b, 0x13, 0x12, 0x8e, 0x8e, 0x1a, 0x17, 0x1c, 0x13, 0x1c, 0x1b, 0x25, 0x8e, 0x5e, 0x1c, 0x1e, 0x16, 0x1a, 0x12, 0x4d, 0x1b, 0x1f, 0x14, 0x7e, 0x3e, 0x2d, 0x16, 0x1c, 0x18, 0x5d, 0x1e, 0x1b, 0x9e,
// Compressed size: 169 bytes original pixels: 12544 uint16_t → ~25088 bytes uncompressed)

// AKKOROKAMUI / Akkorokamui Auraflow V0.3 000 S682663308 Th0.100 24 [Folder: AKKOROKAMUI] - RLE compressed data (offset: 736, size: 243)
0xfe, 0x9e, 0xfe, 0x9e, 0x7e, 0x10, 0x1e, 0x10, 0x8e, 0x14, 0x5e, 0x5e, 0x20, 0x11, 0x10, 0x1a, 0x13, 0x5e, 0x12, 0x2e, 0x14, 0x18, 0x3e, 0x2e, 0x11, 0x18, 0x1b, 0x1d, 0x12, 0x14, 0x20, 0x13, 0x16, 0x13, 0x7e, 0x18, 0x14, 0x2e, 0x2e, 0x42, 0x1d, 0x10, 0x1b, 0x15, 0x13, 0x16, 0x9e, 0x14, 0x2e, 0x1e, 0x13, 0x2e, 0x1d, 0x1b, 0x12, 0x3b, 0x1d, 0x13, 0x19, 0x16, 0x10, 0x6e, 0x15, 0x11, 0x1e, 0x6e, 0x1f, 0x1b, 0x12, 0x1b, 0x19, 0x1d, 0x13, 0x1a, 0x6e, 0x11, 0x19, 0x2e, 0x6e, 0x19, 0x3d, 0x18, 0x1d, 0x1b, 0x15, 0x12, 0x16, 0x3e, 0x13, 0x11, 0x17, 0x1b, 0x1e, 0x6e, 0x11, 0x1e, 0x1a, 0x15, 0x19, 0x13, 0x1b, 0x1d, 0x12, 0x17, 0x1e, 0x11, 0x32, 0x1b, 0x2e, 0x6e, 0x1a, 0x1e,
0x1d, 0x16, 0x1d, 0x13, 0x1d, 0x19, 0x25, 0x23, 0x11, 0x15, 0x2b, 0x2e, 0x3e, 0x10, 0x2e, 0x10, 0x1e, 0x1c, 0x1f, 0x1d, 0x1b, 0x17, 0x1d, 0x15, 0x17, 0x1d, 0x15, 0x18, 0x19, 0x2c, 0x2e, 0x3e, 0x13, 0x1e, 0x1c, 0x1e, 0x1a, 0x1e, 0x13, 0x2d, 0x17, 0x1c, 0x15, 0x10, 0x15, 0x13, 0x1d, 0x26, 0x3e, 0x4e, 0x1d, 0x12, 0x3e, 0x1a, 0x1e, 0x2d, 0x11, 0x13, 0x3d, 0x1a, 0x1c, 0x18, 0x3e, 0x4e, 0x1c, 0x11, 0x3e, 0x16, 0x1e, 0x1a, 0x16, 0x18, 0x10, 0x18, 0x15, 0x1c, 0x1e, 0x1a, 0x13, 0x19, 0x2e, 0x4e, 0x18, 0x4e, 0x17, 0x1e, 0x1a, 0x2e, 0x1a, 0x1e, 0x16, 0x1c, 0x6e, 0x4e, 0x12, 0x1a, 0x4e, 0x17, 0x1a, 0x5e, 0x1a, 0x6e, 0x4e, 0x25, 0x3e, 0x13, 0x16, 0x17, 0xce, 0x4e, 0x16, 0x1a,
0x4e, 0x13, 0x3e, 0x16, 0x9e, 0x5e, 0x1a, 0x1c, 0x11, 0xfe, 0x1e, 0xfe, 0x9e, 0xfe, 0x9e, 0xfe, 0x9e, 0xfe, 0x9e,
// Compressed size: 243 bytes original pixels: 12544 uint16_t → ~25088 bytes uncompressed)

// ALP / Alp Auraflow V0.3 000 S1298774861 Th0.100 24 [Folder: ALP] - RLE compressed data (offset: 979, size: 216)
0xfe, 0x9e, 0xfe, 0x9e, 0xce, 0x11, 0x10, 0xae, 0x9e, 0x10, 0x23, 0x12, 0x15, 0x14, 0x9e, 0x8e, 0x18, 0x15, 0x17, 0x29, 0x1b, 0x19, 0x16, 0x11, 0x7e, 0x7e, 0x17, 0x1a, 0x26, 0x15, 0x1d, 0x1b, 0x16, 0x14, 0x15, 0x7e, 0x7e, 0x1b, 0x19, 0x1b, 0x18, 0x14, 0x18, 0x19, 0x1c, 0x1b, 0x1a, 0x7e, 0x7e, 0x19, 0x1c, 0x1d, 0x1b, 0x1f, 0x1d, 0x3c, 0x19, 0x7e, 0x6e, 0x12, 0x1a, 0x10, 0x2c, 0x18, 0x1b, 0x2d, 0x17, 0x1b, 0x13, 0x6e, 0x6e, 0x19, 0x14, 0x18, 0x11, 0x3c, 0x1d, 0x15, 0x1e, 0x17, 0x1c, 0x6e, 0x5e, 0x16, 0x18, 0x2e, 0x2b, 0x1c, 0x1a, 0x1d, 0x2e, 0x10, 0x1b, 0x13, 0x5e, 0x5e, 0x12, 0x10, 0x2e, 0x2a, 0x1c, 0x2d, 0x18, 0x2e, 0x18, 0x19, 0x1a, 0x18, 0x3e, 0x5e, 0x12, 0x2e,
0x10, 0x3d, 0x19, 0x1c, 0x1a, 0x3e, 0x1b, 0x1a, 0x16, 0x1a, 0x2e, 0x4e, 0x13, 0x14, 0x2e, 0x16, 0x19, 0x1d, 0x1c, 0x19, 0x1c, 0x18, 0x3e, 0x26, 0x19, 0x11, 0x2e, 0x4e, 0x12, 0x13, 0x15, 0x1e, 0x17, 0x19, 0x1b, 0x18, 0x2b, 0x19, 0x2e, 0x12, 0x6e, 0x6e, 0x10, 0x1e, 0x14, 0x16, 0x15, 0x18, 0x19, 0x15, 0x17, 0x11, 0x3e, 0x1a, 0x4e, 0x6e, 0x11, 0x10, 0x16, 0x12, 0x10, 0x14, 0x29, 0x18, 0x1e, 0x14, 0x7e, 0x8e, 0x15, 0x16, 0x2e, 0x24, 0x18, 0x12, 0x8e, 0xae, 0x14, 0x2e, 0x11, 0x17, 0x18, 0x8e, 0xae, 0x22, 0x3e, 0x15, 0x8e, 0xae, 0x11, 0x4e, 0x14, 0x10, 0x7e, 0x9e, 0x12, 0x5e, 0x13, 0x22, 0x6e, 0xfe, 0x11, 0x8e, 0xfe, 0x9e,
// Compressed size: 216 bytes original pixels: 12544 uint16_t → ~25088 bytes uncompressed)

// ALRAUNE / Alraune Auraflow V0.3 000 S1391722549 Th0.100 24 [Folder: ALRAUNE] - RLE compressed data (offset: 1195, size: 281)
0xde, 0x11, 0xae, 0x9e, 0x10, 0xee, 0x7e, 0x13, 0x2e, 0x11, 0x1d, 0x20, 0x14, 0x11, 0x12, 0x7e, 0x6e, 0x1a, 0x12, 0x10, 0x23, 0x10, 0x1b, 0x10, 0x1f, 0x10, 0x21, 0x6e, 0x8e, 0x10, 0x15, 0x11, 0x2c, 0x1d, 0x16, 0x11, 0x1b, 0x1d, 0x6e, 0x7e, 0x10, 0x11, 0x2d, 0x17, 0x13, 0x1d, 0x18, 0x13, 0x18, 0x1b, 0x6e, 0x6e, 0x19, 0x1d, 0x13, 0x4d, 0x12, 0x1b, 0x1d, 0x1b, 0x15, 0x17, 0x5e, 0x6e, 0x1c, 0x12, 0x1d, 0x19, 0x1c, 0x3d, 0x1c, 0x1d, 0x19, 0x1c, 0x15, 0x5e, 0x6e, 0x1d, 0x15, 0x2b, 0x1c, 0x2b, 0x14, 0x1d, 0x1c, 0x1e, 0x1c, 0x15, 0x5e, 0x5e, 0x19, 0x1c, 0x10, 0x25, 0x1d, 0x17, 0x1d, 0x18, 0x1b, 0x15, 0x1e, 0x2c, 0x5e, 0x4e, 0x18, 0x1a, 0x19, 0x2e, 0x2b, 0x1c, 0x16, 0x1d,
0x3e, 0x15, 0x17, 0x11, 0x4e, 0x4e, 0x14, 0x2a, 0x1e, 0x1b, 0x1d, 0x2c, 0x16, 0x1d, 0x1a, 0x11, 0x2e, 0x1a, 0x13, 0x4e, 0x4e, 0x14, 0x1a, 0x3e, 0x1d, 0x15, 0x1a, 0x1c, 0x1a, 0x17, 0x3e, 0x11, 0x18, 0x17, 0x3e, 0x3e, 0x19, 0x1b, 0x19, 0x3e, 0x1d, 0x1c, 0x1f, 0x1c, 0x2d, 0x11, 0x2e, 0x11, 0x19, 0x15, 0x11, 0x2e, 0x3e, 0x19, 0x1c, 0x4e, 0x17, 0x2c, 0x16, 0x11, 0x1b, 0x14, 0x3e, 0x17, 0x12, 0x3e, 0x2e, 0x13, 0x15, 0x14, 0x4e, 0x17, 0x2a, 0x1b, 0x1e, 0x10, 0x1c, 0x1b, 0x2e, 0x19, 0x17, 0x3e, 0x4e, 0x1a, 0x12, 0x15, 0x2e, 0x19, 0x13, 0x4e, 0x10, 0x1a, 0x2e, 0x13, 0x17, 0x3e, 0x3e, 0x11, 0x2a, 0x24, 0x1e, 0x17, 0x13, 0x1e, 0x1d, 0x2e, 0x15, 0x1a, 0x2e, 0x16, 0x15, 0x3e,
0x5e, 0x29, 0x14, 0x26, 0x14, 0x3e, 0x12, 0x16, 0x2e, 0x11, 0x25, 0x3e, 0x4e, 0x12, 0x1e, 0x14, 0x1e, 0x12, 0x16, 0x2e, 0x14, 0x1e, 0x17, 0x2e, 0x13, 0x1e, 0x19, 0x15, 0x3e, 0x6e, 0x17, 0x11, 0x6e, 0x17, 0x4e, 0x17, 0x25, 0x2e, 0x6e, 0x23, 0x10, 0x5e, 0x17, 0x16, 0x11, 0x3e, 0x10, 0x3e, 0x7e, 0x10, 0xae, 0x11, 0x5e, 0xfe, 0x3e, 0x19, 0x5e,
// Compressed size: 281 bytes original pixels: 12544 uint16_t → ~25088 bytes uncompressed)

// ALUX / Alux Auraflow V0.3 000 S3131267055 Th0.100 24 [Folder: ALUX] - RLE compressed data (offset: 1476, size: 256)
0xfe, 0x9e, 0xbe, 0x13, 0xce, 0x8e, 0x13, 0x1e, 0x10, 0x1e, 0x22, 0xae, 0x9e, 0x16, 0x13, 0x14, 0x12, 0x19, 0x10, 0x12, 0x8e, 0x6e, 0x12, 0x18, 0x15, 0x13, 0x12, 0x14, 0x1c, 0x10, 0x12, 0x14, 0x10, 0x18, 0x6e, 0x6e, 0x12, 0x1b, 0x19, 0x10, 0x1c, 0x19, 0x1c, 0x1a, 0x1b, 0x1f, 0x8e, 0x7e, 0x19, 0x11, 0x1c, 0x10, 0x11, 0x15, 0x1d, 0x18, 0x16, 0x11, 0x15, 0x6e, 0x8e, 0x11, 0x10, 0x16, 0x12, 0x1a, 0x10, 0x14, 0x2c, 0x7e, 0x8e, 0x11, 0x16, 0x1b, 0x12, 0x1d, 0x1a, 0x1b, 0x14, 0x12, 0x10, 0x17, 0x5e, 0x8e, 0x14, 0x27, 0x1d, 0x1b, 0x10, 0x1d, 0x17, 0x19, 0x17, 0x12, 0x5e, 0xae, 0x13, 0x2d, 0x15, 0x18, 0x16, 0x13, 0x17, 0x6e, 0xae, 0x1a, 0x15, 0x18, 0x2d, 0x16, 0x17, 0x25,
0x5e, 0x9e, 0x15, 0x16, 0x2a, 0x1f, 0x1d, 0x1c, 0x19, 0x16, 0x6e, 0x8e, 0x14, 0x1c, 0x17, 0x22, 0x1d, 0x1c, 0x2e, 0x15, 0x6e, 0x7e, 0x16, 0x13, 0x1e, 0x16, 0x29, 0x1f, 0x18, 0x1c, 0x15, 0x19, 0x1a, 0x5e, 0x7e, 0x1a, 0x2e, 0x1a, 0x19, 0x17, 0x28, 0x1a, 0x17, 0x11, 0x1d, 0x16, 0x4e, 0x5e, 0x1b, 0x1e, 0x17, 0x1e, 0x16, 0x18, 0x14, 0x15, 0x19, 0x15, 0x1b, 0x2a, 0x2b, 0x4e, 0x5e, 0x1a, 0x10, 0x19, 0x1e, 0x11, 0x15, 0x19, 0x15, 0x1d, 0x17, 0x1d, 0x1a, 0x17, 0x1d, 0x17, 0x4e, 0x4e, 0x25, 0x18, 0x1b, 0x1e, 0x25, 0x1c, 0x19, 0x1d, 0x15, 0x19, 0x2b, 0x1d, 0x5e, 0x4e, 0x15, 0x12, 0x29, 0x1e, 0x15, 0x1e, 0x12, 0x1d, 0x1b, 0x17, 0x19, 0x1e, 0x1b, 0x6e, 0x4e, 0x15, 0x18, 0x14,
0x1a, 0x1e, 0x18, 0x2e, 0x1b, 0x1e, 0x1d, 0x11, 0x8e, 0x5e, 0x19, 0x1b, 0x2e, 0x16, 0x2e, 0x23, 0x1e, 0x27, 0x7e, 0x7e, 0x14, 0x18, 0x16, 0x3e, 0x1b, 0x15, 0x17, 0x1c, 0x26, 0x5e, 0xfe, 0x9e,
// Compressed size: 256 bytes original pixels: 12544 uint16_t → ~25088 bytes uncompressed)

// AMMIT / Ammit Auraflow V0.3 000 S3732071614 Th0.100 24 [Folder: AMMIT] - RLE compressed data (offset: 1732, size: 335)
0xfe, 0x9e, 0x8e, 0x30, 0x1e, 0x12, 0xbe, 0x6e, 0x40, 0x17, 0x32, 0xae, 0x2e, 0x10, 0x1e, 0x30, 0x1f, 0x19, 0x1c, 0x13, 0x1d, 0x1c, 0x16, 0x15, 0x12, 0x8e, 0x2e, 0x10, 0x1c, 0x18, 0x1a, 0x18, 0x1c, 0x18, 0x1d, 0x15, 0x16, 0x1b, 0x15, 0x1c, 0x13, 0x15, 0x7e, 0x2e, 0x10, 0x14, 0x10, 0x17, 0x2d, 0x1f, 0x19, 0x15, 0x18, 0x13, 0x1a, 0x36, 0x21, 0x13, 0x4e, 0x2e, 0x17, 0x1f, 0x18, 0x15, 0x12, 0x17, 0x18, 0x1f, 0x1b, 0x1a, 0x16, 0x1b, 0x15, 0x13, 0x11, 0x1a, 0x16, 0x11, 0x13, 0x3e, 0x1e, 0x10, 0x12, 0x16, 0x1f, 0x12, 0x15, 0x10, 0x11, 0x25, 0x18, 0x16, 0x12, 0x10, 0x15, 0x10, 0x11, 0x1a, 0x23, 0x3e, 0x2e, 0x16, 0x13, 0x27, 0x19, 0x12, 0x15, 0x1b, 0x19, 0x15, 0x1c, 0x14,
0x17, 0x14, 0x12, 0x16, 0x1a, 0x17, 0x23, 0x2e, 0x1e, 0x21, 0x16, 0x15, 0x1d, 0x12, 0x1d, 0x2f, 0x1c, 0x1b, 0x18, 0x12, 0x1d, 0x17, 0x11, 0x1a, 0x12, 0x16, 0x11, 0x16, 0x2e, 0x1e, 0x10, 0x11, 0x13, 0x11, 0x1f, 0x18, 0x1b, 0x1d, 0x1a, 0x1d, 0x19, 0x18, 0x17, 0x1b, 0x18, 0x13, 0x16, 0x1b, 0x16, 0x1a, 0x16, 0x2e, 0x10, 0x1e, 0x1b, 0x16, 0x1e, 0x12, 0x2d, 0x1c, 0x19, 0x3d, 0x1c, 0x1d, 0x36, 0x1c, 0x17, 0x13, 0x1d, 0x2e, 0x6e, 0x17, 0x19, 0x1d, 0x16, 0x1b, 0x2d, 0x1c, 0x1b, 0x19, 0x16, 0x2b, 0x1d, 0x1c, 0x1b, 0x2e, 0x6e, 0x14, 0x1b, 0x1c, 0x18, 0x1b, 0x27, 0x18, 0x1d, 0x1a, 0x13, 0x1c, 0x1d, 0x1b, 0x12, 0x18, 0x11, 0x1e, 0x6e, 0x12, 0x17, 0x1b, 0x16, 0x17, 0x22, 0x14,
0x16, 0x2a, 0x1c, 0x1b, 0x13, 0x12, 0x19, 0x17, 0x1e, 0x7e, 0x1b, 0x1a, 0x19, 0x12, 0x11, 0x12, 0x18, 0x16, 0x2a, 0x1c, 0x17, 0x2e, 0x15, 0x1a, 0x1e, 0x7e, 0x1a, 0x16, 0x18, 0x1e, 0x22, 0x19, 0x16, 0x18, 0x15, 0x1a, 0x17, 0x1e, 0x15, 0x1d, 0x16, 0x1e, 0x7e, 0x26, 0x18, 0x2e, 0x3a, 0x1e, 0x14, 0x28, 0x2e, 0x18, 0x1a, 0x1e, 0x6e, 0x11, 0x15, 0x16, 0x2e, 0x15, 0x13, 0x15, 0x2e, 0x12, 0x15, 0x1b, 0x2e, 0x1b, 0x15, 0x1e, 0x6e, 0x10, 0x15, 0x3e, 0x13, 0x1a, 0x13, 0x2e, 0x14, 0x17, 0x3e, 0x16, 0x2e, 0x5e, 0x1a, 0x18, 0x19, 0x1e, 0x12, 0x1f, 0x16, 0x15, 0x2e, 0x26, 0x2e, 0x13, 0x1a, 0x16, 0x2e, 0x5e, 0x14, 0x17, 0x2e, 0x27, 0x1f, 0x1d, 0xbe, 0xfe, 0x9e, 0xfe, 0x9e,
// Compressed size: 335 bytes original pixels: 12544 uint16_t → ~25088 bytes uncompressed)

// AMPHIPTERE / Amphiptere Auraflow V0.3 000 S3731477540 Th0.100 24 [Folder: AMPHIPTERE] - RLE compressed data (offset: 2067, size: 211)
0xf0, 0x90, 0xf0, 0x90, 0xf0, 0x90, 0xf0, 0x90, 0xf0, 0x60, 0x17, 0x20, 0x19, 0x11, 0xf0, 0x30, 0x11, 0x19, 0x20, 0x10, 0x1e, 0x15, 0x40, 0x13, 0x70, 0x12, 0x30, 0x12, 0x1f, 0x1d, 0x20, 0x10, 0x1a, 0x14, 0x1a, 0x32, 0x90, 0x14, 0x12, 0x13, 0x14, 0x1b, 0x1d, 0x20, 0x10, 0x1a, 0x27, 0x1e, 0x16, 0x1d, 0x20, 0x13, 0x60, 0x1d, 0x1b, 0x18, 0x19, 0x12, 0x17, 0x20, 0x10, 0x14, 0x1d, 0x19, 0x16, 0x19, 0x1a, 0x12, 0x20, 0x16, 0x21, 0x12, 0x10, 0x12, 0x2f, 0x15, 0x1d, 0x1e, 0x19, 0x20, 0x10, 0x1d, 0x14, 0x13, 0x16, 0x1f, 0x19, 0x18, 0x12, 0x10, 0x12, 0x11, 0x16, 0x11, 0x13, 0x16, 0x2f, 0x1d, 0x19, 0x15, 0x30, 0x20, 0x19, 0x16, 0x1d, 0x1f, 0x1b, 0x1f, 0x18, 0x12, 0x15, 0x1c,
0x11, 0x13, 0x19, 0x1c, 0x1b, 0x1e, 0x2f, 0x1b, 0x30, 0x30, 0x1b, 0x1a, 0x4f, 0x15, 0x1f, 0x16, 0x12, 0x19, 0x1e, 0x1a, 0x18, 0x13, 0x2b, 0x40, 0x50, 0x19, 0x1e, 0x1a, 0x16, 0x18, 0x1a, 0x1d, 0x18, 0x1e, 0x1d, 0x1b, 0x12, 0x13, 0x60, 0x70, 0x13, 0x15, 0x1f, 0x1d, 0x14, 0x1f, 0x14, 0x18, 0x90, 0x80, 0x13, 0x1d, 0x12, 0x15, 0x18, 0x1d, 0x15, 0x12, 0x80, 0x80, 0x22, 0x16, 0x21, 0x13, 0x14, 0x19, 0x15, 0x13, 0x12, 0x11, 0x12, 0x14, 0x20, 0x70, 0x15, 0x30, 0x13, 0x11, 0x15, 0x20, 0x12, 0x14, 0x13, 0x14, 0x40, 0x80, 0x12, 0x18, 0xe0, 0xf0, 0x90, 0xf0, 0x90, 0xf0, 0x90, 0xf0, 0x90, 0xf0, 0x90,
// Compressed size: 211 bytes original pixels: 12544 uint16_t → ~25088 bytes uncompressed)

// AMPHISBAENA / Amphisbaena Auraflow V0.3 000 S3301791329 Th0.100 24 [Folder: AMPHISBAENA] - RLE compressed data (offset: 2278, size: 239)
0xfe, 0x9e, 0x8e, 0x11, 0x13, 0x11, 0x20, 0x13, 0x15, 0x9e, 0x7e, 0x11, 0x1b, 0x30, 0x1d, 0x18, 0x19, 0x1b, 0x14, 0x7e, 0x6e, 0x21, 0x10, 0x13, 0x2c, 0x22, 0x10, 0x14, 0x18, 0x13, 0x6e, 0x7e, 0x2d, 0x19, 0x33, 0x1c, 0x1d, 0x1a, 0x1b, 0x17, 0x11, 0x5e, 0x8e, 0x19, 0x14, 0x15, 0x1d, 0x12, 0x1a, 0x14, 0x1b, 0x1d, 0x1c, 0x6e, 0x7e, 0x12, 0x19, 0x24, 0x3e, 0x2d, 0x17, 0x11, 0x6e, 0xce, 0x18, 0x1f, 0x1d, 0x16, 0x8e, 0xbe, 0x14, 0x1b, 0x15, 0x14, 0x9e, 0xbe, 0x12, 0x17, 0x15, 0xae, 0x9e, 0x1a, 0x12, 0x1c, 0xce, 0x9e, 0x12, 0x25, 0x4e, 0x19, 0x14, 0x6e, 0x7e, 0x15, 0x10, 0x1a, 0x18, 0x3e, 0x19, 0x1a, 0x19, 0x15, 0x14, 0x5e, 0x6e, 0x12, 0x17, 0x1c, 0x19, 0x3e, 0x18, 0x29,
0x18, 0x24, 0x15, 0x4e, 0x5e, 0x14, 0x10, 0x16, 0x1f, 0x4e, 0x2f, 0x1c, 0x1a, 0x17, 0x12, 0x17, 0x4e, 0x4e, 0x19, 0x14, 0x1b, 0x14, 0x1c, 0x2e, 0x1a, 0x19, 0x1a, 0x1c, 0x1b, 0x1f, 0x13, 0x15, 0x1a, 0x13, 0x3e, 0x4e, 0x14, 0x11, 0x10, 0x14, 0x1d, 0x1c, 0x1a, 0x19, 0x1b, 0x2c, 0x1e, 0x1a, 0x13, 0x16, 0x1b, 0x4e, 0x4e, 0x14, 0x11, 0x16, 0x10, 0x1a, 0x4d, 0x1c, 0x1b, 0x17, 0x35, 0x19, 0x4e, 0x4e, 0x14, 0x12, 0x21, 0x17, 0x19, 0x18, 0x2a, 0x17, 0x13, 0x15, 0x11, 0x29, 0x5e, 0x4e, 0x19, 0x1b, 0x14, 0x15, 0x11, 0x13, 0x22, 0x23, 0x11, 0x13, 0x17, 0x1c, 0x17, 0x5e, 0x5e, 0x1c, 0x1b, 0x15, 0x17, 0x13, 0x16, 0x13, 0x17, 0x15, 0x12, 0x2a, 0x7e, 0x6e, 0x1b, 0x18, 0x1c, 0x1d,
0x1f, 0x1b, 0x2c, 0x1d, 0x15, 0x8e, 0x7e, 0x2d, 0x2a, 0x1c, 0x19, 0x1d, 0xae, 0xfe, 0x9e,
// Compressed size: 239 bytes original pixels: 12544 uint16_t → ~25088 bytes uncompressed)

// ANANSI / Anansi Auraflow V0.3 000 S3948616145 Th0.100 24 [Folder: ANANSI] - RLE compressed data (offset: 2517, size: 354)
0xcf, 0x10, 0xbf, 0x8f, 0x10, 0xff, 0x4f, 0x12, 0x2f, 0x12, 0x16, 0x23, 0x15, 0x5f, 0x10, 0x13, 0x15, 0x11, 0x3f, 0x2f, 0x10, 0x2f, 0x13, 0x19, 0x26, 0x1a, 0x17, 0x15, 0x16, 0x13, 0x11, 0x1f, 0x11, 0x3f, 0x25, 0x10, 0x1f, 0x3f, 0x10, 0x17, 0x1c, 0x1b, 0x1a, 0x1d, 0x15, 0x19, 0x11, 0x15, 0x24, 0x13, 0x4f, 0x11, 0x12, 0x10, 0x1f, 0x2f, 0x11, 0x10, 0x15, 0x17, 0x18, 0x1e, 0x14, 0x17, 0x18, 0x12, 0x1e, 0x1d, 0x19, 0x11, 0x10, 0x4f, 0x13, 0x15, 0x1f, 0x3f, 0x1c, 0x17, 0x2a, 0x14, 0x17, 0x12, 0x18, 0x1e, 0x1b, 0x1a, 0x27, 0x21, 0x3f, 0x19, 0x12, 0x1f, 0x1f, 0x12, 0x1f, 0x1d, 0x1a, 0x17, 0x1b, 0x18, 0x1e, 0x1a, 0x1e, 0x1c, 0x1e, 0x1b, 0x1a, 0x19, 0x16, 0x13, 0x2f, 0x11,
0x15, 0x10, 0x1f, 0x3f, 0x1d, 0x1c, 0x1b, 0x12, 0x1d, 0x1c, 0x1e, 0x3d, 0x19, 0x1a, 0x1c, 0x1b, 0x13, 0x2f, 0x15, 0x14, 0x2f, 0x2f, 0x17, 0x1c, 0x15, 0x17, 0x1a, 0x3e, 0x17, 0x14, 0x1d, 0x1c, 0x1b, 0x19, 0x1c, 0x1b, 0x1f, 0x13, 0x18, 0x17, 0x2f, 0x3f, 0x13, 0x15, 0x1a, 0x1c, 0x1e, 0x14, 0x1e, 0x3c, 0x1d, 0x1a, 0x17, 0x19, 0x17, 0x1b, 0x1a, 0x1c, 0x12, 0x2f, 0x5f, 0x18, 0x1b, 0x1c, 0x19, 0x18, 0x1c, 0x18, 0x2d, 0x1e, 0x1c, 0x17, 0x29, 0x1c, 0x16, 0x3f, 0x4f, 0x16, 0x18, 0x1d, 0x2c, 0x14, 0x2a, 0x14, 0x1b, 0x17, 0x1d, 0x19, 0x17, 0x1a, 0x1b, 0x13, 0x3f, 0x3f, 0x12, 0x2a, 0x1c, 0x19, 0x1b, 0x15, 0x29, 0x1a, 0x2c, 0x19, 0x2c, 0x11, 0x13, 0x4f, 0x3f, 0x13, 0x14, 0x19,
0x1c, 0x29, 0x16, 0x19, 0x17, 0x1c, 0x18, 0x17, 0x19, 0x17, 0x16, 0x18, 0x11, 0x4f, 0x3f, 0x16, 0x1c, 0x16, 0x13, 0x19, 0x16, 0x1f, 0x11, 0x27, 0x1a, 0x10, 0x17, 0x1d, 0x1b, 0x19, 0x16, 0x13, 0x11, 0x2f, 0x2f, 0x14, 0x18, 0x13, 0x1f, 0x15, 0x14, 0x16, 0x1f, 0x10, 0x1f, 0x1b, 0x1a, 0x2f, 0x12, 0x1c, 0x1e, 0x12, 0x10, 0x1b, 0x2f, 0x2f, 0x17, 0x13, 0x2f, 0x12, 0x16, 0x4f, 0x1b, 0x1c, 0x2f, 0x13, 0x19, 0x16, 0x10, 0x1f, 0x23, 0x1f, 0x2f, 0x15, 0x3f, 0x15, 0x16, 0x4f, 0x1d, 0x1a, 0x12, 0x7f, 0x19, 0x1f, 0x2f, 0x11, 0x3f, 0x16, 0x19, 0x4f, 0x18, 0x14, 0x7f, 0x11, 0x15, 0x1f, 0x4f, 0x17, 0x19, 0x14, 0x18, 0x10, 0x2f, 0x11, 0x17, 0x14, 0x10, 0x6f, 0x13, 0x2f, 0x4f, 0x17,
0x19, 0x16, 0x11, 0x1a, 0x17, 0x3f, 0x2a, 0x12, 0x17, 0x19, 0x6f, 0xef, 0x2a, 0x13, 0x14, 0x6f, 0xff, 0x9f,
// Compressed size: 354 bytes original pixels: 12544 uint16_t → ~25088 bytes uncompressed)

// ANKHEG / Ankheg Auraflow V0.3 000 S2035904424 Th0.100 24 [Folder: ANKHEG] - RLE compressed data (offset: 2871, size: 241)
0xfe, 0x9e, 0xfe, 0x9e, 0xfe, 0x9e, 0xfe, 0x9e, 0x2e, 0x13, 0xfe, 0x6e, 0x1e, 0x1a, 0x12, 0x15, 0x9e, 0x1a, 0x19, 0x13, 0x16, 0x13, 0x16, 0x5e, 0x4e, 0x19, 0x11, 0x4e, 0x20, 0x11, 0x23, 0x37, 0x1b, 0x17, 0x1a, 0x3e, 0x5e, 0x18, 0x14, 0x11, 0x15, 0x10, 0x13, 0x27, 0x1d, 0x1f, 0x15, 0x1a, 0x4b, 0x3e, 0x1e, 0x12, 0x17, 0x3e, 0x1c, 0x10, 0x1a, 0x19, 0x1b, 0x1d, 0x16, 0x17, 0x1d, 0x12, 0x1c, 0x1b, 0x14, 0x2c, 0x3e, 0x3e, 0x25, 0x10, 0x11, 0x15, 0x1f, 0x1c, 0x1f, 0x1b, 0x1c, 0x19, 0x15, 0x1a, 0x19, 0x1a, 0x13, 0x12, 0x10, 0x21, 0x1e, 0x5e, 0x14, 0x15, 0x1f, 0x10, 0x1d, 0x1a, 0x4d, 0x22, 0x5e, 0x16, 0x1e, 0x4e, 0x22, 0x10, 0x1f, 0x1c, 0x18, 0x14, 0x2b, 0x1c, 0x10, 0x1c,
0x1a, 0x4e, 0x11, 0x17, 0x1e, 0x4e, 0x12, 0x15, 0x12, 0x11, 0x1f, 0x17, 0x15, 0x19, 0x13, 0x15, 0x1f, 0x1d, 0x1a, 0x1b, 0x19, 0x1c, 0x1e, 0x11, 0x2e, 0x4e, 0x13, 0x1e, 0x15, 0x19, 0x1c, 0x19, 0x1a, 0x14, 0x1c, 0x1a, 0x15, 0x14, 0x1a, 0x19, 0x15, 0x1b, 0x1e, 0x13, 0x2e, 0x5e, 0x11, 0x10, 0x15, 0x18, 0x10, 0x1a, 0x15, 0x12, 0x1b, 0x18, 0x15, 0x19, 0x1e, 0x2a, 0x4e, 0x5e, 0x22, 0x15, 0x29, 0x1e, 0x18, 0x1a, 0x18, 0x2e, 0x15, 0x1e, 0x13, 0x17, 0x16, 0x3e, 0x5e, 0x12, 0x18, 0x1a, 0x1f, 0x2e, 0x17, 0x5e, 0x1a, 0x17, 0x13, 0x4e, 0x5e, 0x12, 0x15, 0x1f, 0x18, 0x1e, 0x12, 0x14, 0x5e, 0x1c, 0x14, 0x1a, 0x4e, 0x7e, 0x10, 0x2e, 0x1a, 0x11, 0x5e, 0x25, 0x5e, 0x7e, 0x11, 0x4e,
0x11, 0x4e, 0x12, 0x6e, 0xfe, 0x3e, 0x19, 0x1a, 0x4e, 0xfe, 0x1e, 0x1a, 0x7e, 0xfe, 0x9e, 0xfe, 0x9e,
// Compressed size: 241 bytes original pixels: 12544 uint16_t → ~25088 bytes uncompressed)

// ANKYLOSAURUS / Ankylosaurus Auraflow V0.3 000 S1863660793 Th0.100 24 [Folder: ANKYLOSAURUS] - RLE compressed data (offset: 3112, size: 253)
0xfe, 0x9e, 0xfe, 0x9e, 0xfe, 0x9e, 0x4e, 0x27, 0xfe, 0x3e, 0x3e, 0x11, 0x12, 0x15, 0x10, 0xfe, 0x2e, 0x4e, 0x14, 0x1d, 0x1a, 0x4e, 0x11, 0x10, 0xbe, 0x3e, 0x20, 0x11, 0x4e, 0x10, 0x17, 0x1b, 0x11, 0x1c, 0x13, 0x8e, 0x2e, 0x17, 0x11, 0x18, 0x5e, 0x1a, 0x20, 0x17, 0x18, 0x11, 0x1d, 0x7e, 0x2e, 0x19, 0x1b, 0x4e, 0x19, 0x1d, 0x13, 0x12, 0x29, 0x18, 0x21, 0x1b, 0x14, 0x5e, 0x2e, 0x18, 0x11, 0x2e, 0x18, 0x13, 0x12, 0x27, 0x10, 0x11, 0x17, 0x1b, 0x22, 0x16, 0x19, 0x10, 0x4e, 0x2e, 0x19, 0x17, 0x16, 0x1a, 0x11, 0x10, 0x15, 0x13, 0x17, 0x26, 0x11, 0x17, 0x13, 0x17, 0x13, 0x16, 0x19, 0x4e, 0x2e, 0x18, 0x19, 0x11, 0x15, 0x11, 0x13, 0x1b, 0x10, 0x16, 0x1b, 0x13, 0x16, 0x19,
0x11, 0x1a, 0x23, 0x17, 0x11, 0x3e, 0x2e, 0x14, 0x1f, 0x15, 0x1b, 0x16, 0x1a, 0x19, 0x13, 0x1b, 0x19, 0x1c, 0x19, 0x1d, 0x13, 0x27, 0x16, 0x17, 0x4e, 0x3e, 0x4f, 0x1c, 0x2d, 0x23, 0x2d, 0x1c, 0x16, 0x1b, 0x1f, 0x17, 0x26, 0x3e, 0x4e, 0x1a, 0x2f, 0x1c, 0x2d, 0x19, 0x11, 0x1f, 0x1d, 0x16, 0x13, 0x1f, 0x1d, 0x1a, 0x17, 0x1f, 0x15, 0x2e, 0x5e, 0x18, 0x19, 0x1d, 0x1c, 0x1a, 0x14, 0x1a, 0x13, 0x1a, 0x1c, 0x17, 0x13, 0x1f, 0x1d, 0x15, 0x1a, 0x19, 0x12, 0x1e, 0x6e, 0x18, 0x1a, 0x1f, 0x2e, 0x1f, 0x1c, 0x2e, 0x1f, 0x1a, 0x1e, 0x19, 0x1f, 0x15, 0x1e, 0x19, 0x1e, 0x6e, 0x28, 0x1a, 0x18, 0x1e, 0x19, 0x1a, 0x3e, 0x1d, 0x15, 0x19, 0x1e, 0x29, 0x15, 0x1e, 0x8e, 0x29, 0x2e, 0x1f,
0x18, 0x2e, 0x1c, 0x16, 0x6e, 0x6e, 0x15, 0x1f, 0x1b, 0x1e, 0x1c, 0x27, 0x1e, 0x19, 0x1a, 0x11, 0x7e, 0x5e, 0x1c, 0x17, 0x19, 0xfe, 0x1e, 0xfe, 0x9e, 0xfe, 0x9e, 0xfe, 0x9e,
// Compressed size: 253 bytes original pixels: 12544 uint16_t → ~25088 bytes uncompressed)

// ANZU / Anzu Auraflow V0.3 000 S3254319709 Th0.100 24 [Folder: ANZU] - RLE compressed data (offset: 3365, size: 257)
0xff, 0x9f, 0xaf, 0x12, 0x1c, 0x17, 0x16, 0xaf, 0x8f, 0x10, 0x21, 0x25, 0x1c, 0x17, 0x9f, 0x7f, 0x1e, 0x11, 0x13, 0x11, 0x24, 0x18, 0x22, 0x8f, 0x7f, 0x1d, 0x19, 0x16, 0x18, 0x22, 0x14, 0x19, 0x14, 0x1a, 0x7f, 0x9f, 0x18, 0x1b, 0x11, 0x19, 0x14, 0x1b, 0x1e, 0x17, 0x7f, 0x9f, 0x12, 0x18, 0x12, 0x19, 0x1e, 0x11, 0x1e, 0x1c, 0x7f, 0x8f, 0x10, 0x11, 0x19, 0x18, 0x1b, 0x13, 0x2e, 0x8f, 0x8f, 0x19, 0x14, 0x10, 0x13, 0x1a, 0x19, 0x14, 0x1b, 0x12, 0x7f, 0x5f, 0x12, 0x3f, 0x12, 0x14, 0x13, 0x1d, 0x17, 0x12, 0x14, 0x13, 0x7f, 0x4f, 0x12, 0x10, 0x3f, 0x12, 0x18, 0x1a, 0x1d, 0x1e, 0x13, 0x1b, 0x23, 0x6f, 0x4f, 0x20, 0x1f, 0x10, 0x11, 0x15, 0x12, 0x17, 0x1d, 0x10, 0x19, 0x12,
0x1e, 0x16, 0x6f, 0x4f, 0x11, 0x20, 0x11, 0x12, 0x1b, 0x12, 0x14, 0x1b, 0x19, 0x1d, 0x18, 0x1d, 0x19, 0x13, 0x5f, 0x5f, 0x19, 0x14, 0x1f, 0x14, 0x1e, 0x10, 0x1a, 0x13, 0x1e, 0x1d, 0x1e, 0x15, 0x1d, 0x17, 0x16, 0x4f, 0x8f, 0x15, 0x12, 0x1c, 0x2e, 0x1d, 0x1c, 0x1e, 0x1d, 0x2e, 0x17, 0x1e, 0x3f, 0x7f, 0x11, 0x19, 0x1c, 0x12, 0x1a, 0x1c, 0x1a, 0x26, 0x1c, 0x2d, 0x1e, 0x1d, 0x3f, 0x7f, 0x25, 0x19, 0x1d, 0x19, 0x17, 0x16, 0x1a, 0x1f, 0x16, 0x1c, 0x16, 0x1e, 0x2d, 0x2f, 0x7f, 0x10, 0x1f, 0x19, 0x15, 0x1b, 0x1c, 0x1f, 0x1a, 0x1f, 0x16, 0x1c, 0x1e, 0x1c, 0x16, 0x3f, 0x7f, 0x15, 0x1f, 0x19, 0x15, 0x1a, 0x17, 0x1f, 0x1d, 0x3f, 0x1a, 0x13, 0x1d, 0x1a, 0x2f, 0xaf, 0x13, 0x1f,
0x1a, 0x1f, 0x17, 0x3f, 0x27, 0x1a, 0x1d, 0x2f, 0xbf, 0x14, 0x17, 0x1f, 0x1a, 0x6f, 0x1e, 0x2f, 0xaf, 0x11, 0x13, 0x1f, 0x14, 0x17, 0x9f, 0x9f, 0x15, 0x27, 0x11, 0x19, 0x13, 0x17, 0x8f, 0xff, 0x9f,
// Compressed size: 257 bytes original pixels: 12544 uint16_t → ~25088 bytes uncompressed)

// ARCHON / Archon Auraflow V0.3 000 S684482464 Th0.100 24 [Folder: ARCHON] - RLE compressed data (offset: 3622, size: 288)
0x70, 0x11, 0xf0, 0x10, 0x80, 0x11, 0x15, 0x12, 0xd0, 0x60, 0x1d, 0x1a, 0x14, 0x13, 0x19, 0x14, 0x11, 0xb0, 0x40, 0x1a, 0x1b, 0x1a, 0x1d, 0x1a, 0x11, 0x14, 0x13, 0x16, 0x13, 0x12, 0x90, 0x40, 0x14, 0x2d, 0x17, 0x1b, 0x1e, 0x12, 0x1b, 0x1a, 0x1c, 0x13, 0x12, 0x80, 0x40, 0x1d, 0x1a, 0x17, 0x12, 0x18, 0x1c, 0x29, 0x12, 0x15, 0x1c, 0x31, 0x60, 0x50, 0x2d, 0x2b, 0x15, 0x12, 0x1f, 0x2e, 0x1d, 0x16, 0x17, 0x15, 0x60, 0x50, 0x1e, 0x1c, 0x11, 0x1d, 0x1e, 0x16, 0x1b, 0x19, 0x1e, 0x17, 0x12, 0x1c, 0x15, 0x60, 0x60, 0x1e, 0x1c, 0x18, 0x1a, 0x1b, 0x1c, 0x3e, 0x15, 0x18, 0x15, 0x12, 0x50, 0x60, 0x1b, 0x12, 0x11, 0x6e, 0x1d, 0x1c, 0x17, 0x16, 0x50, 0x40, 0x11, 0x10, 0x16, 0x1e,
0x1b, 0x37, 0x1e, 0x1c, 0x14, 0x1c, 0x1e, 0x15, 0x18, 0x50, 0x50, 0x16, 0x1a, 0x13, 0x1d, 0x17, 0x2e, 0x11, 0x1c, 0x15, 0x1f, 0x1e, 0x18, 0x15, 0x50, 0x40, 0x16, 0x14, 0x17, 0x1a, 0x1b, 0x16, 0x1b, 0x2e, 0x1d, 0x15, 0x17, 0x1e, 0x1c, 0x15, 0x50, 0x40, 0x15, 0x16, 0x17, 0x1b, 0x17, 0x1d, 0x1e, 0x1d, 0x1c, 0x1e, 0x1b, 0x18, 0x15, 0x12, 0x16, 0x50, 0x40, 0x13, 0x12, 0x15, 0x1b, 0x1d, 0x1a, 0x1c, 0x1d, 0x1c, 0x1e, 0x1c, 0x17, 0x11, 0x17, 0x60, 0x30, 0x12, 0x1a, 0x18, 0x1a, 0x3b, 0x1c, 0x2b, 0x17, 0x35, 0x20, 0x13, 0x40, 0x30, 0x14, 0x16, 0x15, 0x17, 0x28, 0x1b, 0x17, 0x15, 0x10, 0x1b, 0x1c, 0x1b, 0x30, 0x12, 0x40, 0x40, 0x1a, 0x17, 0x1a, 0x17, 0x2c, 0x17, 0x30, 0x18,
0x40, 0x13, 0x40, 0x40, 0x16, 0x17, 0x18, 0x1a, 0x17, 0x15, 0x1d, 0x17, 0x20, 0x16, 0x30, 0x14, 0x13, 0x40, 0x40, 0x11, 0x14, 0x19, 0x27, 0x19, 0x1b, 0x1d, 0x17, 0x15, 0x20, 0x11, 0x22, 0x50, 0x50, 0x26, 0x1a, 0x14, 0x1a, 0x1b, 0x15, 0x17, 0x18, 0x32, 0x13, 0x60, 0x60, 0x24, 0x26, 0x19, 0x16, 0x14, 0x16, 0x14, 0x13, 0x12, 0x70, 0x80, 0x23, 0x14, 0x23, 0x14, 0x13, 0x90, 0xf0, 0x90,
// Compressed size: 288 bytes original pixels: 12544 uint16_t → ~25088 bytes uncompressed)

// BABA YAGA / Baba Yaga Auraflow V0.3 000 S3468953874 Th0.100 24 [Folder: BABA_YAGA] - RLE compressed data (offset: 3910, size: 188)
0xff, 0x9f, 0x8f, 0x12, 0x10, 0xef, 0x8f, 0x10, 0xff, 0x9f, 0x12, 0x14, 0x10, 0xcf, 0x9f, 0x13, 0x26, 0x11, 0x10, 0xaf, 0x9f, 0x16, 0x1b, 0x12, 0x17, 0x1a, 0x11, 0x9f, 0x6f, 0x11, 0x1f, 0x17, 0x1c, 0x1d, 0x1c, 0x19, 0x18, 0x14, 0x10, 0x8f, 0x7f, 0x16, 0x2d, 0x17, 0x1d, 0x1b, 0x1d, 0x29, 0x1f, 0x11, 0x6f, 0x7f, 0x18, 0x1b, 0x2d, 0x1b, 0x2e, 0x1c, 0x19, 0x11, 0x7f, 0x7f, 0x17, 0x11, 0x12, 0x1c, 0x1e, 0x1c, 0x2e, 0x13, 0x10, 0x11, 0x6f, 0x5f, 0x1e, 0x1f, 0x11, 0x1f, 0x12, 0x10, 0x1d, 0x14, 0x1c, 0x1d, 0x17, 0x13, 0x7f, 0x5f, 0x2a, 0x3f, 0x13, 0x1d, 0x1a, 0x16, 0x1a, 0x10, 0x29, 0x6f, 0xaf, 0x16, 0x14, 0x15, 0x17, 0x18, 0x1a, 0x12, 0x7f, 0x7f, 0x17, 0x1f, 0x10, 0x1b,
0x1e, 0x17, 0x1b, 0x18, 0x11, 0x1e, 0x1f, 0x13, 0x5f, 0x8f, 0x14, 0x1f, 0x19, 0x2d, 0x11, 0x1d, 0x12, 0x1f, 0x14, 0x6f, 0x6f, 0x14, 0x18, 0x15, 0x17, 0x19, 0x13, 0x1c, 0x1f, 0x12, 0x3f, 0x1c, 0x5f, 0x7f, 0x18, 0x19, 0x16, 0x2f, 0x17, 0x1a, 0x1d, 0x2f, 0x1e, 0x6f, 0x7f, 0x17, 0x18, 0x15, 0x14, 0x3f, 0x18, 0x9f, 0x8f, 0x15, 0x1f, 0x14, 0x4f, 0x17, 0x8f, 0xff, 0x1e, 0x12, 0x7f, 0xef, 0x1e, 0x1d, 0x18, 0x7f, 0xdf, 0x18, 0x19, 0x9f, 0xff, 0x9f, 0xff, 0x9f,
// Compressed size: 188 bytes original pixels: 12544 uint16_t → ~25088 bytes uncompressed)

// BALOR / Balor Auraflow V0.3 000 S4249392702 Th0.100 24 [Folder: BALOR] - RLE compressed data (offset: 4098, size: 261)
0xfe, 0x9e, 0xfe, 0x9e, 0x6e, 0x11, 0x4e, 0x10, 0x12, 0xbe, 0x6e, 0x12, 0x4e, 0x19, 0x13, 0xbe, 0x6e, 0x12, 0x3e, 0x16, 0x13, 0x1d, 0x13, 0xae, 0x6e, 0x11, 0x2e, 0x1a, 0x19, 0x1d, 0x1c, 0x14, 0x1a, 0x9e, 0x6e, 0x12, 0x2e, 0x1c, 0x1a, 0x1c, 0x14, 0x15, 0x1a, 0x15, 0x8e, 0x8e, 0x17, 0x1d, 0x1b, 0x1c, 0x1f, 0x27, 0x10, 0x8e, 0x8e, 0x1a, 0x2c, 0x1a, 0x1c, 0x1b, 0x1a, 0x1d, 0x8e, 0x7e, 0x10, 0x1b, 0x1a, 0x1d, 0x3c, 0x1a, 0x15, 0x8e, 0x5e, 0x11, 0x15, 0x11, 0x1c, 0x1b, 0x1d, 0x17, 0x1c, 0x2d, 0x17, 0x11, 0x7e, 0x5e, 0x1c, 0x1e, 0x16, 0x1d, 0x3a, 0x2d, 0x17, 0x1d, 0x12, 0x7e, 0x7e, 0x19, 0x1e, 0x29, 0x1d, 0x1a, 0x1b, 0x1c, 0x18, 0x14, 0x17, 0x6e, 0x7e, 0x1a, 0x11, 0x19,
0x1a, 0x1d, 0x1c, 0x1a, 0x17, 0x1a, 0x12, 0x7e, 0x7e, 0x10, 0x1e, 0x13, 0x1d, 0x1c, 0x1a, 0x19, 0x17, 0x19, 0x14, 0x3e, 0x10, 0x3e, 0x5e, 0x11, 0x2e, 0x10, 0x1b, 0x2c, 0x15, 0x1b, 0x1c, 0x14, 0x12, 0x11, 0x12, 0x10, 0x4e, 0x5e, 0x15, 0x2e, 0x11, 0x1a, 0x1d, 0x1a, 0x17, 0x16, 0x1b, 0x18, 0x31, 0x10, 0x1e, 0x10, 0x2e, 0x5e, 0x13, 0x1b, 0x13, 0x15, 0x3a, 0x17, 0x16, 0x25, 0x12, 0x31, 0x10, 0x3e, 0x5e, 0x13, 0x1e, 0x16, 0x27, 0x1b, 0x15, 0x16, 0x19, 0x15, 0x18, 0x2e, 0x11, 0x12, 0x10, 0x3e, 0x5e, 0x10, 0x13, 0x15, 0x1a, 0x17, 0x19, 0x15, 0x27, 0x29, 0x13, 0x2e, 0x20, 0x12, 0x2e, 0x5e, 0x13, 0x17, 0x16, 0x27, 0x16, 0x15, 0x17, 0x19, 0x15, 0x19, 0x14, 0x5e, 0x10, 0x1e,
0x3e, 0x10, 0x13, 0x14, 0x1a, 0x16, 0x17, 0x35, 0x17, 0x13, 0x15, 0x1a, 0x17, 0x10, 0x4e, 0x13, 0x1e, 0x4e, 0x13, 0x10, 0x15, 0x13, 0x15, 0x1c, 0x18, 0x15, 0x17, 0x19, 0x17, 0x15, 0x16, 0x33, 0x16, 0x13, 0x2e, 0xfe, 0x9e,
// Compressed size: 261 bytes original pixels: 12544 uint16_t → ~25088 bytes uncompressed)

// BANSHEE / Banshee Auraflow V0.3 000 S309418803 Th0.100 24 [Folder: BANSHEE] - RLE compressed data (offset: 4359, size: 281)
0xfe, 0x9e, 0x8e, 0x14, 0x10, 0x11, 0x10, 0xce, 0x7e, 0x11, 0x40, 0x19, 0x2e, 0x1a, 0x8e, 0x7e, 0x13, 0x17, 0x16, 0x17, 0x19, 0x10, 0x1a, 0xae, 0x7e, 0x11, 0x12, 0x16, 0x12, 0x30, 0x18, 0x11, 0x8e, 0x7e, 0x17, 0x10, 0x13, 0x19, 0x11, 0x20, 0x11, 0x12, 0x1e, 0x1c, 0x1e, 0x13, 0x2e, 0x12, 0x1e, 0x8e, 0x11, 0x1a, 0x1b, 0x22, 0x11, 0x10, 0x14, 0x8e, 0x8e, 0x1b, 0x12, 0x1c, 0x19, 0x14, 0x11, 0x13, 0x12, 0x3e, 0x17, 0x3e, 0x14, 0x3e, 0x1f, 0x4e, 0x12, 0x28, 0x2a, 0x19, 0x15, 0x14, 0x11, 0x13, 0x2e, 0x12, 0x3e, 0x4e, 0x15, 0x1f, 0x3e, 0x13, 0x17, 0x1c, 0x1b, 0x19, 0x1b, 0x12, 0x10, 0x1e, 0x1b, 0x5e, 0x5e, 0x17, 0x3e, 0x17, 0x1b, 0x1c, 0x1d, 0x1c, 0x1a, 0x13, 0x14, 0x11,
0x6e, 0x4e, 0x12, 0x19, 0x10, 0x2e, 0x1d, 0x6a, 0x16, 0x11, 0x1e, 0x19, 0x4e, 0x4e, 0x1a, 0x1b, 0x19, 0x2e, 0x1d, 0x1a, 0x18, 0x1a, 0x1c, 0x13, 0x17, 0x13, 0x14, 0x19, 0x1b, 0x4e, 0x5e, 0x14, 0x11, 0x2e, 0x1c, 0x1d, 0x1a, 0x18, 0x1a, 0x1d, 0x23, 0x15, 0x6e, 0x6e, 0x1f, 0x11, 0x1e, 0x2d, 0x17, 0x15, 0x1a, 0x12, 0x15, 0x12, 0x14, 0x6e, 0x7e, 0x14, 0x2a, 0x1d, 0x1b, 0x12, 0x18, 0x15, 0x14, 0x1c, 0x18, 0x13, 0x5e, 0x7e, 0x1a, 0x1d, 0x1b, 0x2d, 0x14, 0x1a, 0x1b, 0x16, 0x1a, 0x17, 0x13, 0x12, 0x4e, 0x7e, 0x1b, 0x1d, 0x1c, 0x2d, 0x15, 0x18, 0x1b, 0x12, 0x18, 0x15, 0x14, 0x5e, 0x7e, 0x1b, 0x4d, 0x17, 0x1b, 0x1a, 0x17, 0x1b, 0x17, 0x13, 0x5e, 0x7e, 0x1b, 0x1f, 0x2d, 0x1c,
0x17, 0x13, 0x16, 0x15, 0x24, 0x17, 0x5e, 0x8e, 0x2d, 0x1a, 0x1c, 0x25, 0x1d, 0x13, 0x17, 0x13, 0x1a, 0x13, 0x18, 0x3e, 0x8e, 0x2d, 0x1a, 0x17, 0x14, 0x15, 0x1a, 0x17, 0x1c, 0x19, 0x22, 0x4e, 0x8e, 0x2d, 0x1b, 0x19, 0x17, 0x15, 0x1b, 0x14, 0x18, 0x15, 0x13, 0x1a, 0x4e, 0x9e, 0x1d, 0x1a, 0x19, 0x15, 0x17, 0x1a, 0x27, 0x14, 0x1b, 0x15, 0x4e,
// Compressed size: 281 bytes original pixels: 12544 uint16_t → ~25088 bytes uncompressed)

// BARGHEST / Barghest Auraflow V0.3 000 S1098647668 Th0.100 24 [Folder: BARGHEST] - RLE compressed data (offset: 4640, size: 306)
0xff, 0x9f, 0x6f, 0x12, 0x7f, 0x10, 0x9f, 0x6f, 0x1c, 0x3f, 0x10, 0x2f, 0x14, 0xaf, 0x3f, 0x19, 0x1f, 0x12, 0x1b, 0x19, 0x14, 0x25, 0xdf, 0x3f, 0x18, 0x19, 0x4b, 0x28, 0x15, 0x16, 0x14, 0x10, 0x3f, 0x10, 0x5f, 0x3f, 0x18, 0x1c, 0x1b, 0x1d, 0x1e, 0x2b, 0x1a, 0x1b, 0x19, 0x14, 0x32, 0x11, 0x6f, 0x3f, 0x19, 0x1d, 0x1b, 0x1a, 0x1d, 0x18, 0x1a, 0x11, 0x13, 0x1a, 0x18, 0x17, 0x11, 0x5f, 0x11, 0x2f, 0x2f, 0x19, 0x16, 0x13, 0x16, 0x1b, 0x2c, 0x14, 0x18, 0x1d, 0x19, 0x17, 0x19, 0x1b, 0x16, 0x1c, 0x16, 0x1f, 0x15, 0x14, 0x2f, 0x1f, 0x18, 0x1d, 0x13, 0x16, 0x1a, 0x19, 0x18, 0x19, 0x1d, 0x2e, 0x17, 0x3a, 0x19, 0x1a, 0x1c, 0x18, 0x1f, 0x14, 0x2f, 0x2f, 0x1a, 0x13, 0x14, 0x16,
0x1f, 0x1b, 0x15, 0x1a, 0x1e, 0x1c, 0x1d, 0x1c, 0x2b, 0x1c, 0x1e, 0x28, 0x14, 0x3f, 0x4f, 0x19, 0x12, 0x1f, 0x17, 0x1a, 0x11, 0x19, 0x1b, 0x1d, 0x1e, 0x1c, 0x2b, 0x1e, 0x18, 0x1a, 0x16, 0x3f, 0x8f, 0x17, 0x1d, 0x1e, 0x1a, 0x1e, 0x1d, 0x2e, 0x19, 0x1d, 0x1e, 0x1c, 0x19, 0x10, 0x2f, 0x7f, 0x10, 0x15, 0x18, 0x2d, 0x1e, 0x1c, 0x1b, 0x15, 0x2a, 0x2d, 0x1b, 0x3f, 0x8f, 0x15, 0x17, 0x1a, 0x15, 0x1d, 0x1c, 0x12, 0x11, 0x1b, 0x19, 0x18, 0x1c, 0x1a, 0x10, 0x2f, 0x7f, 0x14, 0x15, 0x18, 0x1f, 0x10, 0x18, 0x1c, 0x12, 0x15, 0x19, 0x2f, 0x1b, 0x1c, 0x16, 0x2f, 0x6f, 0x17, 0x15, 0x17, 0x11, 0x2f, 0x17, 0x19, 0x14, 0x15, 0x16, 0x2f, 0x1a, 0x1b, 0x17, 0x2f, 0x4f, 0x12, 0x18, 0x1f,
0x14, 0x4f, 0x16, 0x15, 0x2f, 0x16, 0x3f, 0x1a, 0x15, 0x12, 0x10, 0x4f, 0x19, 0x15, 0x5f, 0x10, 0x18, 0x1f, 0x10, 0x1f, 0x14, 0x13, 0x3f, 0x18, 0x11, 0x1f, 0x4f, 0x11, 0x18, 0x14, 0x5f, 0x17, 0x1f, 0x10, 0x2f, 0x17, 0x3f, 0x17, 0x12, 0x1f, 0x5f, 0x18, 0x1a, 0x4f, 0x18, 0x17, 0x4f, 0x15, 0x3f, 0x15, 0x10, 0x1f, 0x6f, 0x16, 0x5f, 0x19, 0x11, 0x2f, 0x15, 0x4f, 0x15, 0x2f, 0xaf, 0x10, 0x17, 0x1b, 0x1f, 0x11, 0x34, 0x2f, 0x14, 0x15, 0x2f, 0xaf, 0x26, 0x1a, 0x12, 0x1f, 0x12, 0x8f, 0xff, 0x9f,
// Compressed size: 306 bytes original pixels: 12544 uint16_t → ~25088 bytes uncompressed)

// BASILISK / Basilisk Auraflow V0.3 000 S3408620142 Th0.100 24 [Folder: BASILISK] - RLE compressed data (offset: 4946, size: 231)
0xfe, 0x9e, 0xfe, 0x9e, 0xfe, 0x9e, 0xfe, 0x9e, 0xfe, 0x9e, 0xde, 0x14, 0x17, 0x9e, 0x9e, 0x1b, 0x12, 0x24, 0x27, 0x9e, 0x8e, 0x12, 0x10, 0x16, 0x1a, 0x16, 0x12, 0x17, 0x1e, 0x11, 0x7e, 0x7e, 0x11, 0x13, 0x18, 0x23, 0x10, 0x18, 0x27, 0x8e, 0x7e, 0x13, 0x1d, 0x18, 0x13, 0x14, 0x11, 0x13, 0x17, 0x1d, 0x11, 0x7e, 0x7e, 0x12, 0x13, 0x10, 0x1d, 0x14, 0x17, 0x1b, 0x1d, 0x1b, 0x19, 0x21, 0x5e, 0x6e, 0x21, 0x10, 0x1d, 0x16, 0x10, 0x1f, 0x14, 0x11, 0x1a, 0x1b, 0x17, 0x1a, 0x16, 0x4e, 0x6e, 0x17, 0x14, 0x17, 0x10, 0x17, 0x1f, 0x2e, 0x1b, 0x19, 0x1a, 0x19, 0x11, 0x10, 0x19, 0x14, 0x2e, 0x2e, 0x13, 0x16, 0x2e, 0x1c, 0x1b, 0x14, 0x17, 0x5e, 0x15, 0x1a, 0x1c, 0x15, 0x22, 0x11,
0x2e, 0x1e, 0x1c, 0x15, 0x11, 0x12, 0x3e, 0x11, 0x7e, 0x15, 0x2c, 0x17, 0x12, 0x15, 0x2e, 0x1e, 0x1c, 0x19, 0x15, 0x23, 0x2e, 0x11, 0x9e, 0x10, 0x14, 0x18, 0x26, 0x1e, 0x1e, 0x28, 0x1a, 0x1c, 0x10, 0x11, 0x18, 0x16, 0x3e, 0x1c, 0x4e, 0x1b, 0x11, 0x13, 0x14, 0x16, 0x17, 0x1e, 0x2e, 0x18, 0x1b, 0x16, 0x14, 0x15, 0x13, 0x1a, 0x11, 0x17, 0x10, 0x26, 0x23, 0x10, 0x17, 0x13, 0x11, 0x13, 0x19, 0x2e, 0x2e, 0x18, 0x2c, 0x29, 0x16, 0x15, 0x16, 0x15, 0x12, 0x15, 0x1a, 0x23, 0x1a, 0x23, 0x18, 0x1c, 0x17, 0x2e, 0x3e, 0x3c, 0x39, 0x1a, 0x1d, 0x1c, 0x16, 0x19, 0x1d, 0x15, 0x28, 0x17, 0x18, 0x1b, 0x3e, 0x5e, 0x4c, 0x18, 0x1c, 0x19, 0x1b, 0x18, 0x17, 0x18, 0x1b, 0x19, 0x1b, 0x1a,
0x4e, 0xfe, 0x9e, 0xfe, 0x9e, 0xfe, 0x9e,
// Compressed size: 231 bytes original pixels: 12544 uint16_t → ~25088 bytes uncompressed)

// BEHOLDER / Beholder Auraflow V0.3 000 S548486631 Th0.100 24 [Folder: BEHOLDER] - RLE compressed data (offset: 5177, size: 325)
0xff, 0x9f, 0x8f, 0x16, 0x11, 0x30, 0x12, 0x25, 0x8f, 0x7f, 0x50, 0x11, 0x30, 0x8f, 0x5f, 0x15, 0x41, 0x10, 0x11, 0x22, 0x11, 0x12, 0x10, 0x12, 0x6f, 0x4f, 0x14, 0x12, 0x11, 0x13, 0x15, 0x14, 0x10, 0x12, 0x14, 0x15, 0x14, 0x10, 0x14, 0x11, 0x10, 0x5f, 0x3f, 0x16, 0x14, 0x12, 0x14, 0x27, 0x14, 0x12, 0x14, 0x17, 0x18, 0x1c, 0x18, 0x11, 0x22, 0x18, 0x4f, 0x3f, 0x11, 0x13, 0x15, 0x10, 0x11, 0x16, 0x15, 0x38, 0x1e, 0x13, 0x18, 0x1c, 0x18, 0x14, 0x11, 0x4f, 0x2f, 0x13, 0x11, 0x18, 0x1c, 0x10, 0x18, 0x1c, 0x15, 0x13, 0x11, 0x16, 0x17, 0x1c, 0x1d, 0x18, 0x25, 0x17, 0x11, 0x3f, 0x2f, 0x11, 0x13, 0x11, 0x16, 0x1c, 0x1a, 0x21, 0x1c, 0x1d, 0x1e, 0x17, 0x10, 0x1b, 0x2a, 0x18,
0x27, 0x3f, 0x2f, 0x14, 0x15, 0x1c, 0x23, 0x1a, 0x19, 0x1e, 0x1c, 0x14, 0x1b, 0x1a, 0x18, 0x1e, 0x26, 0x1a, 0x27, 0x11, 0x2f, 0x2f, 0x12, 0x15, 0x19, 0x1b, 0x16, 0x19, 0x1d, 0x1e, 0x17, 0x10, 0x3e, 0x26, 0x1b, 0x19, 0x18, 0x27, 0x2f, 0x2f, 0x12, 0x15, 0x1c, 0x16, 0x11, 0x13, 0x1e, 0x13, 0x1c, 0x1e, 0x13, 0x1e, 0x13, 0x1b, 0x13, 0x1d, 0x1c, 0x16, 0x28, 0x2f, 0x2f, 0x11, 0x15, 0x1a, 0x11, 0x1d, 0x1c, 0x1d, 0x1a, 0x1e, 0x1d, 0x1b, 0x1a, 0x4e, 0x1d, 0x28, 0x17, 0x2f, 0x2f, 0x11, 0x17, 0x1a, 0x2e, 0x3d, 0x1a, 0x1e, 0x1b, 0x1e, 0x26, 0x1c, 0x1a, 0x1b, 0x1a, 0x1c, 0x17, 0x2f, 0x2f, 0x16, 0x13, 0x1d, 0x1e, 0x1d, 0x2e, 0x1d, 0x2e, 0x1d, 0x1e, 0x1d, 0x24, 0x1c, 0x1d, 0x16,
0x17, 0x14, 0x2f, 0x3f, 0x13, 0x16, 0x1a, 0x2e, 0x2c, 0x1a, 0x1e, 0x1d, 0x1b, 0x1a, 0x2e, 0x1a, 0x16, 0x1d, 0x1c, 0x18, 0x2f, 0x3f, 0x23, 0x16, 0x1d, 0x34, 0x18, 0x2e, 0x3d, 0x28, 0x1b, 0x1c, 0x18, 0x3f, 0x3f, 0x19, 0x15, 0x2a, 0x14, 0x1c, 0x16, 0x2e, 0x1b, 0x2a, 0x18, 0x1a, 0x19, 0x1d, 0x1a, 0x15, 0x3f, 0x4f, 0x19, 0x26, 0x1d, 0x16, 0x2d, 0x29, 0x1b, 0x2c, 0x1a, 0x1d, 0x1b, 0x19, 0x4f, 0x5f, 0x19, 0x16, 0x1b, 0x19, 0x1d, 0x19, 0x2b, 0x1a, 0x2d, 0x2b, 0x19, 0x5f, 0x6f, 0x29, 0x2b, 0x1e, 0x2b, 0x1d, 0x1e, 0x1a, 0x1d, 0x1b, 0x6f, 0x8f, 0x1b, 0x29, 0x1d, 0x1b, 0x19, 0x2b, 0x8f, 0xff, 0x9f, 0xff, 0x9f,
// Compressed size: 325 bytes original pixels: 12544 uint16_t → ~25088 bytes uncompressed)

// BOGGART / Boggart Auraflow V0.3 000 S2349510836 Th0.100 24 [Folder: BOGGART] - RLE compressed data (offset: 5502, size: 284)
0xfe, 0x9e, 0xbe, 0x14, 0xce, 0x7e, 0x17, 0x15, 0x1f, 0x11, 0x13, 0x16, 0x12, 0xae, 0x6e, 0x10, 0x17, 0x13, 0x17, 0x16, 0x13, 0x19, 0x1a, 0x12, 0x9e, 0x4e, 0x14, 0x31, 0x13, 0x1b, 0x17, 0x12, 0x16, 0x13, 0x17, 0x12, 0x8e, 0x4e, 0x15, 0x16, 0x15, 0x26, 0x1b, 0x1c, 0x14, 0x13, 0x16, 0x28, 0x8e, 0x3e, 0x14, 0x13, 0x1b, 0x17, 0x12, 0x17, 0x1a, 0x17, 0x10, 0x17, 0x1b, 0x16, 0x18, 0x8e, 0x2e, 0x15, 0x1b, 0x16, 0x15, 0x1b, 0x1d, 0x19, 0x1a, 0x1f, 0x10, 0x18, 0x1d, 0x18, 0x1b, 0x8e, 0x3e, 0x1b, 0x26, 0x18, 0x1d, 0x1c, 0x19, 0x14, 0x18, 0x1d, 0x17, 0x1f, 0x1b, 0x8e, 0x3e, 0x24, 0x17, 0x4d, 0x2b, 0x3e, 0x16, 0x8e, 0x2e, 0x14, 0x11, 0x1d, 0x1e, 0x2d, 0x19, 0x1b, 0x2c, 0x3e,
0x1b, 0x1d, 0x7e, 0x2e, 0x17, 0x10, 0x1d, 0x1e, 0x2d, 0x1f, 0x17, 0x1c, 0x2d, 0x3e, 0x1d, 0x7e, 0x2e, 0x18, 0x16, 0x12, 0x1e, 0x1b, 0x17, 0x10, 0x2e, 0x14, 0x17, 0x1b, 0x2e, 0x1b, 0x15, 0x6e, 0x1e, 0x1a, 0x13, 0x19, 0x1b, 0x2e, 0x16, 0x10, 0x11, 0x2e, 0x12, 0x10, 0x16, 0x1e, 0x18, 0x12, 0x1d, 0x5e, 0x3e, 0x17, 0x1d, 0x3e, 0x13, 0x10, 0x16, 0x2e, 0x15, 0x11, 0x2e, 0x1b, 0x15, 0x5e, 0x3e, 0x18, 0x1f, 0x4e, 0x16, 0x18, 0x1e, 0x15, 0x1c, 0x1d, 0x2e, 0x11, 0x1d, 0x5e, 0x2e, 0x1f, 0x1e, 0x11, 0x2e, 0x11, 0x15, 0x27, 0x1e, 0x1d, 0x17, 0x4e, 0x11, 0x5e, 0x4e, 0x11, 0x2e, 0x1f, 0x18, 0x1f, 0x2e, 0x1d, 0x5e, 0x1b, 0x5e, 0x4e, 0x16, 0x2e, 0x16, 0x4e, 0x1b, 0x16, 0x4e, 0x11,
0x5e, 0x4e, 0x18, 0x13, 0x1e, 0x1f, 0x5e, 0x17, 0x4e, 0x1b, 0x5e, 0x4e, 0x15, 0x11, 0x1e, 0x1c, 0x5e, 0x10, 0x14, 0x15, 0x2e, 0x1b, 0x16, 0x4e, 0x4e, 0x17, 0x15, 0x23, 0x19, 0x2e, 0x10, 0x19, 0x3e, 0x13, 0x16, 0x17, 0x16, 0x13, 0x3e, 0x1e, 0x15, 0x19, 0x13, 0x16, 0x17, 0x1a, 0x1e, 0x2d, 0x17, 0x11, 0x16, 0x1e, 0x17, 0x1e, 0x1c, 0x3e, 0x2d, 0x2e, 0xfe, 0x9e,
// Compressed size: 284 bytes original pixels: 12544 uint16_t → ~25088 bytes uncompressed)

// BOGIE / Bogie Auraflow V0.3 000 S3462539655 Th0.100 24 [Folder: BOGIE] - RLE compressed data (offset: 5786, size: 143)
0xfe, 0x9e, 0xfe, 0x9e, 0xfe, 0x9e, 0xfe, 0x9e, 0xce, 0x11, 0x10, 0xae, 0xae, 0x10, 0x11, 0x1a, 0x17, 0x11, 0x9e, 0x8e, 0x11, 0x20, 0x18, 0x1f, 0x14, 0x12, 0x11, 0x8e, 0x8e, 0x1d, 0x11, 0x15, 0x1c, 0x1a, 0x12, 0x17, 0x11, 0x8e, 0x8e, 0x1b, 0x1a, 0x2b, 0x1a, 0x2d, 0x13, 0x8e, 0x8e, 0x11, 0x14, 0x1d, 0x19, 0x1d, 0x1e, 0x2f, 0x8e, 0x7e, 0x13, 0x18, 0x16, 0x2c, 0x1b, 0x1e, 0x16, 0x1d, 0x8e, 0x8e, 0x19, 0x1d, 0x2c, 0x2e, 0x15, 0x9e, 0x8e, 0x1c, 0x18, 0x2d, 0x2e, 0x15, 0x1d, 0x8e, 0x8e, 0x18, 0x12, 0x1c, 0x18, 0x1c, 0xbe, 0x8e, 0x13, 0x1d, 0x1a, 0x1e, 0x19, 0xbe, 0x8e, 0x19, 0x18, 0x19, 0x12, 0x16, 0xbe, 0x8e, 0x12, 0x16, 0x17, 0x1e, 0x13, 0xbe, 0x7e, 0x13, 0x1e, 0x13,
0xee, 0x7e, 0x16, 0x13, 0x4e, 0x15, 0xae, 0x7e, 0x1c, 0x15, 0x14, 0x3e, 0x1a, 0x17, 0x15, 0x8e, 0x8e, 0x17, 0x13, 0x18, 0x5e, 0x19, 0x7e, 0x8e, 0x1b, 0xfe, 0x8e, 0x18, 0xfe, 0xfe, 0x9e,
// Compressed size: 143 bytes original pixels: 12544 uint16_t → ~25088 bytes uncompressed)

// BONNACON / Bonnacon Auraflow V0.3 000 S3021272209 Th0.100 24 [Folder: BONNACON] - RLE compressed data (offset: 5929, size: 324)
0xff, 0x9f, 0xbf, 0x15, 0x1f, 0x15, 0x1f, 0x15, 0x8f, 0xaf, 0x65, 0x19, 0x7f, 0x9f, 0x35, 0x18, 0x25, 0x18, 0x15, 0x7f, 0x8f, 0x15, 0x18, 0x16, 0x18, 0x19, 0x35, 0x19, 0x18, 0x6f, 0x7f, 0x15, 0x16, 0x18, 0x19, 0x18, 0x19, 0x16, 0x15, 0x18, 0x19, 0x18, 0x15, 0x1f, 0x1c, 0x3f, 0x7f, 0x12, 0x14, 0x1c, 0x19, 0x13, 0x18, 0x19, 0x16, 0x18, 0x19, 0x25, 0x19, 0x4f, 0x5f, 0x17, 0x16, 0x14, 0x2e, 0x1c, 0x18, 0x19, 0x1c, 0x18, 0x19, 0x3c, 0x19, 0x18, 0x3f, 0x5f, 0x34, 0x1d, 0x16, 0x18, 0x11, 0x1e, 0x16, 0x1c, 0x19, 0x2d, 0x1c, 0x19, 0x14, 0x19, 0x2f, 0x3f, 0x16, 0x21, 0x12, 0x1a, 0x1b, 0x1d, 0x1b, 0x1e, 0x14, 0x1e, 0x16, 0x13, 0x28, 0x19, 0x13, 0x1b, 0x19, 0x2f, 0x3f, 0x12,
0x10, 0x11, 0x17, 0x1e, 0x14, 0x16, 0x1a, 0x2e, 0x1c, 0x1b, 0x1d, 0x16, 0x1b, 0x19, 0x1b, 0x1d, 0x1c, 0x2f, 0x3f, 0x21, 0x12, 0x17, 0x2b, 0x11, 0x1c, 0x3e, 0x1d, 0x1e, 0x1c, 0x1d, 0x1e, 0x19, 0x1d, 0x19, 0x1b, 0x1f, 0x2f, 0x16, 0x13, 0x11, 0x14, 0x1a, 0x1e, 0x24, 0x16, 0x1e, 0x19, 0x1e, 0x1b, 0x1a, 0x1e, 0x1b, 0x19, 0x1d, 0x3c, 0x1f, 0x3f, 0x13, 0x12, 0x11, 0x1a, 0x1e, 0x17, 0x2e, 0x19, 0x3e, 0x1a, 0x1e, 0x17, 0x1c, 0x1e, 0x29, 0x1d, 0x1f, 0x3f, 0x20, 0x24, 0x1e, 0x17, 0x14, 0x1d, 0x3e, 0x1b, 0x1e, 0x17, 0x1e, 0x1c, 0x1e, 0x19, 0x1d, 0x19, 0x1f, 0x2f, 0x14, 0x11, 0x10, 0x17, 0x10, 0x12, 0x1a, 0x1d, 0x1c, 0x1d, 0x2e, 0x1b, 0x16, 0x17, 0x1b, 0x2c, 0x19, 0x1d, 0x2f,
0x2f, 0x16, 0x10, 0x12, 0x10, 0x11, 0x17, 0x1a, 0x2e, 0x2d, 0x1a, 0x1e, 0x1d, 0x2a, 0x2d, 0x1c, 0x19, 0x2f, 0x2f, 0x16, 0x30, 0x11, 0x4a, 0x1b, 0x12, 0x3d, 0x1c, 0x1f, 0x1e, 0x1d, 0x1b, 0x3f, 0x1f, 0x12, 0x10, 0x31, 0x12, 0x17, 0x1a, 0x12, 0x27, 0x11, 0x1a, 0x1d, 0x18, 0x12, 0x1f, 0x1d, 0x1c, 0x16, 0x3f, 0x1f, 0x22, 0x30, 0x12, 0x14, 0x17, 0x1e, 0x18, 0x1f, 0x12, 0x17, 0x1a, 0x3f, 0x1b, 0x13, 0x4f, 0x2f, 0x51, 0x14, 0x12, 0x14, 0x18, 0x1f, 0x17, 0x1c, 0x1a, 0x2f, 0x16, 0x1a, 0x5f, 0x2f, 0x12, 0x11, 0x12, 0x31, 0x12, 0x2f, 0x16, 0x18, 0x19, 0x2f, 0x16, 0x19, 0x1a, 0x5f, 0xff, 0x9f, 0xff, 0x9f,
// Compressed size: 324 bytes original pixels: 12544 uint16_t → ~25088 bytes uncompressed)

// BRAG / Brag Auraflow V0.3 000 S2334811446 Th0.100 24 [Folder: BRAG] - RLE compressed data (offset: 6253, size: 202)
0xfe, 0x9e, 0xfe, 0x9e, 0x9e, 0x15, 0xee, 0x6e, 0x1d, 0x1a, 0x18, 0xfe, 0x5e, 0x16, 0x20, 0x17, 0xfe, 0x4e, 0x10, 0x16, 0x12, 0x1a, 0x10, 0x12, 0x13, 0xde, 0x3e, 0x19, 0x11, 0x13, 0x1b, 0x18, 0x13, 0x11, 0x1a, 0x15, 0x10, 0xbe, 0x4e, 0x1f, 0x1a, 0x1c, 0x14, 0x23, 0x26, 0x13, 0x10, 0x12, 0x1b, 0x23, 0x10, 0x5e, 0x4e, 0x21, 0x19, 0x1f, 0x1d, 0x1a, 0x16, 0x23, 0x16, 0x13, 0x1b, 0x19, 0x16, 0x13, 0x5e, 0x7e, 0x1d, 0x1f, 0x1b, 0x16, 0x19, 0x33, 0x1c, 0x16, 0x15, 0x1d, 0x15, 0x4e, 0x7e, 0x19, 0x1c, 0x1d, 0x2c, 0x19, 0x16, 0x2a, 0x13, 0x15, 0x1d, 0x11, 0x4e, 0x8e, 0x1d, 0x1c, 0x19, 0x16, 0x2b, 0x19, 0x28, 0x1a, 0x17, 0x14, 0x18, 0x14, 0x2e, 0x8e, 0x15, 0x1b, 0x16, 0x1d,
0x1c, 0x1b, 0x24, 0x17, 0x14, 0x12, 0x1e, 0x11, 0x3e, 0x9e, 0x1a, 0x2c, 0x1b, 0x1a, 0x14, 0x17, 0x14, 0x1e, 0x17, 0x5e, 0x9e, 0x2a, 0x1e, 0x1d, 0x18, 0x24, 0x2e, 0x18, 0x10, 0x4e, 0x8e, 0x11, 0x1c, 0x2e, 0x19, 0x11, 0x1e, 0x1d, 0x18, 0x1e, 0x1c, 0x18, 0x4e, 0x8e, 0x1d, 0x1a, 0x2e, 0x1a, 0x1f, 0x1e, 0x19, 0x14, 0x1e, 0x13, 0x12, 0x4e, 0x8e, 0x15, 0x3e, 0x2a, 0x1e, 0x15, 0x8e, 0x7e, 0x10, 0x18, 0x4e, 0x11, 0x4e, 0x10, 0x11, 0x4e, 0x8e, 0x17, 0x4e, 0x1a, 0x11, 0x3e, 0x10, 0x5e, 0xde, 0x15, 0x17, 0x9e, 0xfe, 0x9e, 0xfe, 0x9e, 0xfe, 0x9e,
// Compressed size: 202 bytes original pixels: 12544 uint16_t → ~25088 bytes uncompressed)

// BROWNIE / Brownie Auraflow V0.3 000 S1223270348 Th0.100 24 [Folder: BROWNIE] - RLE compressed data (offset: 6455, size: 266)
0xfe, 0x9e, 0xae, 0x10, 0x1e, 0x12, 0x10, 0x11, 0x9e, 0x8e, 0x10, 0x1e, 0x23, 0x14, 0x22, 0x10, 0x11, 0x7e, 0x7e, 0x20, 0x15, 0x16, 0x27, 0x14, 0x16, 0x17, 0x10, 0x7e, 0x7e, 0x10, 0x1d, 0x16, 0x2c, 0x16, 0x1a, 0x1f, 0x16, 0x11, 0x7e, 0x7e, 0x16, 0x1d, 0x1c, 0x2d, 0x2b, 0x1c, 0x1d, 0x14, 0x10, 0x6e, 0x6e, 0x10, 0x18, 0x1a, 0x1c, 0x2d, 0x23, 0x12, 0x16, 0x12, 0x7e, 0x6e, 0x10, 0x19, 0x1b, 0x1c, 0x18, 0x1b, 0x25, 0x24, 0x8e, 0x5e, 0x10, 0x16, 0x19, 0x17, 0x1a, 0x1f, 0x17, 0x15, 0x32, 0x11, 0x10, 0x6e, 0x5e, 0x11, 0x1b, 0x18, 0x15, 0x1d, 0x1c, 0x18, 0x1a, 0x17, 0x12, 0x13, 0x11, 0x7e, 0x6e, 0x28, 0x12, 0x15, 0x1d, 0x18, 0x16, 0x1a, 0x16, 0x15, 0x11, 0x7e, 0x6e, 0x18,
0x16, 0x1d, 0x16, 0x1b, 0x26, 0x1a, 0x11, 0x14, 0x11, 0x7e, 0x5e, 0x19, 0x1c, 0x1d, 0x12, 0x1a, 0x17, 0x23, 0x15, 0x23, 0x12, 0x7e, 0x4e, 0x11, 0x12, 0x1c, 0x1f, 0x17, 0x1b, 0x26, 0x15, 0x13, 0x12, 0x14, 0x1a, 0x10, 0x6e, 0x5e, 0x13, 0x28, 0x1b, 0x18, 0x19, 0x1a, 0x26, 0x13, 0x1a, 0x12, 0x10, 0x6e, 0x6e, 0x19, 0x14, 0x2c, 0x1d, 0x1b, 0x16, 0x1a, 0x19, 0x13, 0x19, 0x11, 0x6e, 0x6e, 0x1c, 0x1d, 0x1f, 0x1d, 0x1f, 0x1d, 0x1c, 0x1a, 0x1b, 0x1e, 0x16, 0x13, 0x6e, 0x6e, 0x17, 0x18, 0x3d, 0x2c, 0x1d, 0x1a, 0x2e, 0x19, 0x6e, 0x5e, 0x19, 0x1e, 0x10, 0x2c, 0x15, 0x16, 0x18, 0x19, 0x1e, 0x13, 0x16, 0x19, 0x16, 0x14, 0x4e, 0x5e, 0x13, 0x2e, 0x1c, 0x16, 0x2e, 0x1b, 0x17, 0x10,
0x1a, 0x1c, 0x1b, 0x19, 0x11, 0x4e, 0x4e, 0x19, 0x3e, 0x1c, 0x22, 0x13, 0x28, 0x16, 0x13, 0x19, 0x1b, 0x18, 0x5e, 0x3e, 0x15, 0x12, 0x3e, 0x16, 0x1d, 0x18, 0x13, 0x11, 0x3e, 0x12, 0x11, 0x6e, 0x4e, 0x10, 0x4e, 0x16, 0x17, 0x1b, 0x16, 0xbe, 0xfe, 0x9e,
// Compressed size: 266 bytes original pixels: 12544 uint16_t → ~25088 bytes uncompressed)

// BUGBEAR / Bugbear Auraflow V0.3 000 S1105632564 Th0.100 24 [Folder: BUGBEAR] - RLE compressed data (offset: 6721, size: 294)
0xfe, 0x9e, 0xce, 0x11, 0xbe, 0xce, 0x33, 0x9e, 0xbe, 0x26, 0x13, 0x10, 0x11, 0x18, 0x7e, 0x8e, 0x23, 0x18, 0x10, 0x16, 0x13, 0x20, 0x11, 0x15, 0x13, 0x5e, 0x8e, 0x16, 0x13, 0x14, 0x17, 0x18, 0x11, 0x15, 0x20, 0x14, 0x6e, 0x7e, 0x11, 0x23, 0x1a, 0x15, 0x1b, 0x17, 0x18, 0x10, 0x11, 0x12, 0x10, 0x19, 0x4e, 0x6e, 0x23, 0x1d, 0x1c, 0x1b, 0x16, 0x29, 0x1f, 0x10, 0x15, 0x17, 0x10, 0x5e, 0x6e, 0x16, 0x13, 0x1d, 0x18, 0x1b, 0x1c, 0x1d, 0x1b, 0x18, 0x24, 0x18, 0x1d, 0x5e, 0x4e, 0x13, 0x25, 0x19, 0x15, 0x19, 0x18, 0x19, 0x16, 0x1f, 0x10, 0x1d, 0x14, 0x15, 0x20, 0x4e, 0x3e, 0x13, 0x19, 0x14, 0x1b, 0x17, 0x19, 0x1d, 0x15, 0x1b, 0x17, 0x18, 0x15, 0x12, 0x19, 0x18, 0x12, 0x10,
0x11, 0x3e, 0x3e, 0x26, 0x12, 0x1f, 0x16, 0x1f, 0x1d, 0x17, 0x1f, 0x1d, 0x24, 0x17, 0x1d, 0x17, 0x15, 0x17, 0x10, 0x3e, 0x3e, 0x16, 0x15, 0x17, 0x16, 0x17, 0x18, 0x1a, 0x1b, 0x18, 0x1b, 0x1a, 0x5b, 0x14, 0x11, 0x12, 0x2e, 0x3e, 0x19, 0x27, 0x1b, 0x18, 0x1f, 0x2b, 0x1f, 0x18, 0x2b, 0x1f, 0x1b, 0x1c, 0x1e, 0x12, 0x14, 0x12, 0x2e, 0x3e, 0x29, 0x12, 0x1e, 0x1b, 0x15, 0x1b, 0x1f, 0x1b, 0x1a, 0x2b, 0x15, 0x17, 0x1e, 0x28, 0x12, 0x14, 0x2e, 0x4e, 0x19, 0x14, 0x3e, 0x16, 0x18, 0x1d, 0x2b, 0x16, 0x1f, 0x1b, 0x1e, 0x19, 0x15, 0x14, 0x17, 0x2e, 0x3e, 0x18, 0x17, 0x16, 0x3e, 0x17, 0x1d, 0x1b, 0x1d, 0x2c, 0x1b, 0x18, 0x1b, 0x15, 0x22, 0x1d, 0x2e, 0x3e, 0x15, 0x12, 0x18, 0x2e,
0x19, 0x17, 0x2f, 0x1b, 0x2c, 0x2b, 0x1c, 0x22, 0x11, 0x3e, 0x2e, 0x12, 0x11, 0x16, 0x13, 0x15, 0x17, 0x18, 0x13, 0x19, 0x1d, 0x2b, 0x14, 0x1b, 0x1a, 0x1c, 0x12, 0x21, 0x3e, 0x2e, 0x14, 0x10, 0x1e, 0x18, 0x12, 0x2e, 0x3b, 0x1d, 0x14, 0x17, 0x1d, 0x19, 0x17, 0x34, 0x16, 0x2e, 0x3e, 0x17, 0x2e, 0x12, 0x7e, 0x15, 0x19, 0x17, 0x1d, 0x11, 0x2e, 0x21, 0x1e, 0xfe, 0x2e, 0x17, 0x3e, 0x1b, 0x15, 0x1e, 0xfe, 0x9e, 0xfe, 0x9e,
// Compressed size: 294 bytes original pixels: 12544 uint16_t → ~25088 bytes uncompressed)

// BUGGANE / Buggane Auraflow V0.3 000 S1102605429 Th0.100 24 [Folder: BUGGANE] - RLE compressed data (offset: 7015, size: 223)
0xf0, 0x90, 0xf0, 0x90, 0xb0, 0x13, 0x11, 0x13, 0xa0, 0xa0, 0x15, 0x16, 0x1d, 0x19, 0x18, 0x16, 0x1b, 0x12, 0x60, 0x90, 0x12, 0x19, 0x3c, 0x1d, 0x18, 0x1d, 0x1c, 0x60, 0x70, 0x11, 0x26, 0x17, 0x1c, 0x1a, 0x5c, 0x12, 0x50, 0x70, 0x12, 0x16, 0x1a, 0x11, 0x2c, 0x1f, 0x1c, 0x1f, 0x1e, 0x1f, 0x19, 0x50, 0x70, 0x11, 0x1d, 0x1c, 0x4f, 0x1e, 0x1f, 0x1e, 0x1f, 0x60, 0x70, 0x17, 0x1c, 0x19, 0x1b, 0x1c, 0x3f, 0x1d, 0x1e, 0x1c, 0x12, 0x50, 0x60, 0x12, 0x18, 0x10, 0x13, 0x11, 0x1c, 0x1e, 0x1c, 0x1e, 0x10, 0x15, 0x1c, 0x1d, 0x50, 0x40, 0x22, 0x18, 0x11, 0x20, 0x13, 0x19, 0x1c, 0x1a, 0x20, 0x1a, 0x1c, 0x15, 0x50, 0x50, 0x16, 0x1a, 0x1d, 0x20, 0x17, 0x19, 0x1b, 0x1a, 0x19, 0x10,
0x17, 0x1c, 0x1d, 0x50, 0x50, 0x15, 0x1a, 0x30, 0x18, 0x1b, 0x18, 0x1b, 0x17, 0x20, 0x1c, 0x60, 0x50, 0x15, 0x29, 0x12, 0x10, 0x1a, 0x17, 0x18, 0x1b, 0x18, 0x20, 0x1d, 0x60, 0x50, 0x26, 0x30, 0x14, 0x18, 0x16, 0x39, 0x10, 0x1d, 0x19, 0x50, 0x50, 0x1b, 0x30, 0x11, 0x14, 0x1a, 0x20, 0x29, 0x10, 0x1a, 0x14, 0x50, 0x50, 0x1a, 0x40, 0x17, 0x18, 0x20, 0x16, 0x19, 0x10, 0x1b, 0x60, 0x60, 0x12, 0x20, 0x13, 0x17, 0x14, 0x10, 0x11, 0x26, 0x10, 0x12, 0x60, 0x90, 0x12, 0x16, 0x20, 0x14, 0x15, 0x20, 0x14, 0x60, 0x90, 0x12, 0x14, 0x20, 0x12, 0x14, 0x15, 0x80, 0x80, 0x21, 0x12, 0x30, 0x14, 0x13, 0x14, 0x13, 0x60, 0x70, 0x21, 0x32, 0xc0, 0x80, 0x12, 0x13, 0xe0, 0xf0, 0x90,
// Compressed size: 223 bytes original pixels: 12544 uint16_t → ~25088 bytes uncompressed)

// BULETTE / Bulette Auraflow V0.3 000 S2223099457 Th0.100 24 [Folder: BULETTE] - RLE compressed data (offset: 7238, size: 238)
0xfe, 0x9e, 0xfe, 0x9e, 0xfe, 0x9e, 0x7e, 0x1a, 0x17, 0x11, 0x1e, 0x12, 0x8e, 0x1b, 0x3e, 0x8e, 0x2a, 0x10, 0x11, 0x10, 0x11, 0x20, 0x13, 0x14, 0x12, 0x1a, 0x1c, 0x3e, 0x8e, 0x13, 0x11, 0x10, 0x13, 0x10, 0x14, 0x10, 0x13, 0x14, 0x10, 0x25, 0x1a, 0x3e, 0x3e, 0x37, 0x1e, 0x17, 0x14, 0x13, 0x16, 0x1b, 0x13, 0x11, 0x17, 0x1a, 0x2c, 0x1f, 0x18, 0x10, 0x3e, 0x5e, 0x23, 0x27, 0x13, 0x17, 0x1d, 0x1c, 0x1a, 0x28, 0x2f, 0x1c, 0x15, 0x4e, 0x6e, 0x17, 0x11, 0x20, 0x2b, 0x26, 0x15, 0x3f, 0x18, 0x5e, 0x3e, 0x17, 0x11, 0x13, 0x2a, 0x1c, 0x1b, 0x1d, 0x1b, 0x29, 0x15, 0x1c, 0x18, 0x1c, 0x6e, 0x3e, 0x26, 0x1b, 0x2c, 0x1d, 0x1c, 0x5d, 0x10, 0x11, 0x15, 0x6e, 0x2e, 0x1a, 0x10, 0x1c,
0x1d, 0x2c, 0x19, 0x1c, 0x2d, 0x3c, 0x1d, 0x12, 0x18, 0x6e, 0x2e, 0x1b, 0x17, 0x1b, 0x2e, 0x1b, 0x1d, 0x2c, 0x1d, 0x1c, 0x1a, 0x12, 0x18, 0x1c, 0x15, 0x13, 0x5e, 0x2e, 0x1d, 0x13, 0x14, 0x2e, 0x1b, 0x1d, 0x19, 0x1c, 0x19, 0x1a, 0x16, 0x13, 0x1e, 0x15, 0x1b, 0x1a, 0x10, 0x4e, 0x2e, 0x1c, 0x19, 0x11, 0x2e, 0x1b, 0x1a, 0x1b, 0x1c, 0x1a, 0x26, 0x3e, 0x26, 0x1a, 0x27, 0x2e, 0x2e, 0x1d, 0x1c, 0x13, 0x15, 0x1e, 0x3b, 0x2a, 0x14, 0x7e, 0x26, 0x2e, 0x2e, 0x2d, 0x14, 0x1e, 0x14, 0x1a, 0x2b, 0x2a, 0x17, 0x13, 0xae, 0x3e, 0x1c, 0x19, 0x1e, 0x1a, 0x17, 0x1b, 0x1a, 0x16, 0x27, 0x16, 0x13, 0x9e, 0x3e, 0x13, 0x1e, 0x1b, 0x17, 0x14, 0x17, 0x1e, 0x34, 0x26, 0x11, 0x8e, 0x5e, 0x14,
0x10, 0x11, 0x13, 0x5e, 0x12, 0x9e, 0xfe, 0x9e, 0xfe, 0x9e, 0xfe, 0x9e, 0xfe, 0x9e,
// Compressed size: 238 bytes original pixels: 12544 uint16_t → ~25088 bytes uncompressed)

// BYAKHEE / Byakhee Auraflow V0.3 000 S3237102415 Th0.100 24 [Folder: BYAKHEE] - RLE compressed data (offset: 7476, size: 321)
0xfe, 0x9e, 0x9e, 0x12, 0x15, 0x13, 0x12, 0xbe, 0x7e, 0x22, 0x15, 0x12, 0x17, 0x13, 0x12, 0x11, 0x9e, 0x6e, 0x12, 0x1c, 0x1d, 0x17, 0x16, 0x17, 0x1a, 0x24, 0x9e, 0x6e, 0x12, 0x1f, 0x15, 0x1d, 0x16, 0x17, 0x1d, 0x1f, 0x2a, 0x3e, 0x10, 0x11, 0x3e, 0x5e, 0x19, 0x12, 0x1b, 0x1a, 0x1c, 0x1d, 0x1c, 0x1d, 0x19, 0x1f, 0x13, 0x1a, 0x20, 0x12, 0x1e, 0x11, 0x2e, 0x4e, 0x1a, 0x1f, 0x2d, 0x1b, 0x1d, 0x1b, 0x2d, 0x1b, 0x2a, 0x1c, 0x18, 0x11, 0x3e, 0x11, 0x1e, 0x3e, 0x11, 0x19, 0x1a, 0x17, 0x2b, 0x1a, 0x13, 0x18, 0x1d, 0x17, 0x13, 0x27, 0x10, 0x15, 0x11, 0x13, 0x1e, 0x11, 0x1e, 0x3e, 0x14, 0x1d, 0x27, 0x1e, 0x16, 0x1b, 0x15, 0x1d, 0x1c, 0x1d, 0x16, 0x13, 0x1b, 0x14, 0x1c, 0x12,
0x1e, 0x12, 0x10, 0x1e, 0x4e, 0x1d, 0x18, 0x11, 0x2e, 0x10, 0x1a, 0x1b, 0x19, 0x1c, 0x1b, 0x17, 0x12, 0x1c, 0x18, 0x3e, 0x15, 0x1e, 0x4e, 0x14, 0x1b, 0x14, 0x2e, 0x12, 0x18, 0x1e, 0x1a, 0x16, 0x1b, 0x1a, 0x16, 0x10, 0x18, 0x1c, 0x17, 0x1e, 0x10, 0x1e, 0x4e, 0x1a, 0x1b, 0x3e, 0x10, 0x1a, 0x16, 0x17, 0x1b, 0x1c, 0x1b, 0x13, 0x1e, 0x13, 0x1c, 0x13, 0x15, 0x2e, 0x4e, 0x14, 0x10, 0x2e, 0x11, 0x1e, 0x17, 0x18, 0x13, 0x17, 0x19, 0x17, 0x11, 0x1e, 0x10, 0x1f, 0x17, 0x3e, 0x4e, 0x17, 0x4e, 0x10, 0x18, 0x1f, 0x15, 0x1a, 0x1b, 0x17, 0x13, 0x11, 0x1e, 0x27, 0x3e, 0x3e, 0x1c, 0x5e, 0x1a, 0x1f, 0x12, 0x15, 0x1e, 0x17, 0x1b, 0x16, 0x2e, 0x1a, 0x13, 0x3e, 0x3e, 0x1c, 0x5e, 0x29,
0x10, 0x12, 0x1e, 0x1a, 0x16, 0x14, 0x2e, 0x1b, 0x16, 0x11, 0x2e, 0x1e, 0x14, 0x19, 0x14, 0x4e, 0x1a, 0x19, 0x4e, 0x16, 0x15, 0x12, 0x2e, 0x15, 0x1d, 0x14, 0x18, 0x1e, 0x1e, 0x10, 0x1e, 0x18, 0x4e, 0x1a, 0x6e, 0x19, 0x14, 0x2e, 0x1c, 0x1b, 0x1e, 0x12, 0x1e, 0x7e, 0x12, 0x17, 0x5e, 0x11, 0x14, 0x3e, 0x19, 0x1a, 0x3e, 0x6e, 0x14, 0x19, 0x5e, 0x12, 0x1f, 0x5e, 0x18, 0x3e, 0x3e, 0x15, 0x13, 0x12, 0x19, 0x1a, 0x4e, 0x1a, 0x1c, 0x13, 0x3e, 0x15, 0x1e, 0x19, 0x3e, 0x4e, 0x12, 0x1e, 0x12, 0x13, 0x2e, 0x15, 0x16, 0x15, 0x13, 0xae, 0x6e, 0x12, 0x1e, 0x10, 0x1e, 0x11, 0xde, 0xfe, 0x9e,
// Compressed size: 321 bytes original pixels: 12544 uint16_t → ~25088 bytes uncompressed)

// CAILLEACH / Cailleach Auraflow V0.3 000 S1335714766 Th0.100 24 [Folder: CAILLEACH] - RLE compressed data (offset: 7797, size: 225)
0xff, 0x9f, 0xcf, 0x14, 0x11, 0x10, 0x9f, 0xbf, 0x11, 0x12, 0x19, 0x16, 0x9f, 0xaf, 0x13, 0x1c, 0x14, 0x19, 0x17, 0x9f, 0x9f, 0x12, 0x1a, 0x1b, 0x19, 0x1c, 0x17, 0x9f, 0x8f, 0x12, 0x14, 0x1b, 0x1d, 0x17, 0x19, 0x13, 0x9f, 0x7f, 0x11, 0x13, 0x16, 0x14, 0x1c, 0x17, 0x19, 0x1c, 0x9f, 0x7f, 0x12, 0x10, 0x1a, 0x1d, 0x1a, 0x14, 0x17, 0x1d, 0x9f, 0x7f, 0x11, 0x13, 0x28, 0x2e, 0x11, 0x1e, 0x1a, 0x8f, 0x7f, 0x12, 0x27, 0x1c, 0x1b, 0x18, 0x1e, 0x18, 0x13, 0x8f, 0x6f, 0x10, 0x17, 0x35, 0x2e, 0x19, 0x1c, 0x1f, 0x12, 0x7f, 0x4f, 0x10, 0x12, 0x10, 0x13, 0x25, 0x2d, 0x1e, 0x1d, 0x1e, 0x17, 0x11, 0x18, 0x6f, 0x3f, 0x12, 0x18, 0x1a, 0x2b, 0x1c, 0x27, 0x19, 0x3e, 0x13, 0x11, 0x7f,
0x1f, 0x20, 0x1b, 0x12, 0x15, 0x18, 0x1e, 0x18, 0x16, 0x1b, 0x1d, 0x1e, 0x18, 0x1e, 0x1b, 0x8f, 0x1f, 0x11, 0x10, 0x22, 0x15, 0x1e, 0x18, 0x19, 0x1b, 0x1a, 0x3c, 0x1a, 0x17, 0x8f, 0x1f, 0x10, 0x1f, 0x10, 0x28, 0x1c, 0x39, 0x1e, 0x1c, 0x1e, 0x1c, 0x19, 0x16, 0x8f, 0x3f, 0x24, 0x18, 0x14, 0x1a, 0x19, 0x2a, 0x2e, 0x18, 0x19, 0x23, 0x7f, 0x3f, 0x17, 0x11, 0x16, 0x11, 0x12, 0x16, 0x1d, 0x1c, 0x1a, 0x19, 0x1c, 0x17, 0x13, 0x14, 0x7f, 0x21, 0x14, 0x4f, 0x16, 0x17, 0x19, 0x14, 0x10, 0x19, 0x16, 0x15, 0x14, 0x18, 0x7f, 0x7f, 0x10, 0x12, 0x24, 0x2f, 0x24, 0x1f, 0x10, 0x7f, 0x8f, 0x12, 0x1f, 0x17, 0x2f, 0x14, 0x12, 0x9f, 0x9f, 0x17, 0x12, 0x2f, 0x15, 0xaf, 0xff, 0x9f, 0xff,
0x9f,
// Compressed size: 225 bytes original pixels: 12544 uint16_t → ~25088 bytes uncompressed)

// CALADRIUS / Caladrius Auraflow V0.3 000 S3028079315 Th0.100 24 [Folder: CALADRIUS] - RLE compressed data (offset: 8022, size: 247)
0x5f, 0x10, 0x2f, 0x10, 0xff, 0x5f, 0x15, 0x1f, 0x15, 0x16, 0x10, 0xef, 0x5f, 0x15, 0x12, 0x24, 0x11, 0x13, 0x2f, 0x10, 0xaf, 0x5f, 0x17, 0x13, 0x16, 0x15, 0x16, 0x14, 0x13, 0x1f, 0x11, 0x20, 0x8f, 0x6f, 0x10, 0x13, 0x16, 0x17, 0x15, 0x24, 0x11, 0x12, 0x23, 0x7f, 0x7f, 0x12, 0x17, 0x13, 0x16, 0x25, 0x16, 0x15, 0x13, 0x16, 0x14, 0x6f, 0x8f, 0x22, 0x16, 0x14, 0x26, 0x10, 0x12, 0x10, 0x11, 0x6f, 0x9f, 0x12, 0x23, 0x16, 0x18, 0x15, 0x1e, 0x19, 0x20, 0x5f, 0x9f, 0x10, 0x14, 0x13, 0x15, 0x16, 0x19, 0x1b, 0x18, 0x15, 0x11, 0x5f, 0xbf, 0x10, 0x21, 0x13, 0x29, 0x15, 0x11, 0x5f, 0xdf, 0x11, 0x17, 0x19, 0x18, 0x15, 0x11, 0x10, 0x4f, 0xbf, 0x14, 0x30, 0x19, 0x26, 0x15, 0x12,
0x4f, 0xaf, 0x14, 0x15, 0x27, 0x14, 0x38, 0x16, 0x10, 0x4f, 0x9f, 0x10, 0x16, 0x17, 0x28, 0x1a, 0x18, 0x19, 0x13, 0x15, 0x5f, 0x9f, 0x18, 0x1c, 0x1b, 0x1d, 0x1c, 0x2b, 0x19, 0x1a, 0x14, 0x5f, 0x6f, 0x15, 0x1f, 0x1e, 0x18, 0x1a, 0x2b, 0x1e, 0x2b, 0x19, 0x18, 0x6f, 0x4f, 0x10, 0x1f, 0x13, 0x16, 0x1a, 0x17, 0x1a, 0x1b, 0x1d, 0x1e, 0x1c, 0x1b, 0x18, 0x16, 0x6f, 0x5f, 0x13, 0x16, 0x19, 0x1d, 0x1c, 0x1d, 0x1e, 0x2d, 0x1b, 0x18, 0x12, 0x7f, 0x3f, 0x15, 0x13, 0x1c, 0x18, 0x2d, 0x2e, 0x2c, 0x17, 0xaf, 0x2f, 0x10, 0x27, 0x1d, 0x1b, 0x1e, 0x18, 0x17, 0x1e, 0x1c, 0x11, 0xbf, 0x3f, 0x16, 0x18, 0x1e, 0x1d, 0x18, 0x14, 0x15, 0x2f, 0x1d, 0xbf, 0x2f, 0x1a, 0x1b, 0x1c, 0x2a, 0x26,
0x4f, 0x1c, 0x1b, 0x1a, 0x8f, 0x1f, 0x1a, 0x1f, 0x1c, 0x1f, 0x1c, 0x16, 0x1f, 0x12, 0x1f, 0x4e, 0x1d, 0x9f, 0x4f, 0x17, 0x8f, 0x1d, 0xaf,
// Compressed size: 247 bytes original pixels: 12544 uint16_t → ~25088 bytes uncompressed)

// CALLICANTZARO / Callicantzaro Auraflow V0.3 000 S3498817103 Th0.100 24 [Folder: CALLICANTZARO] - RLE compressed data (offset: 8269, size: 263)
0xfe, 0x9e, 0xfe, 0x9e, 0xae, 0x19, 0x1c, 0x17, 0xbe, 0x8e, 0x19, 0x2a, 0x17, 0x10, 0xbe, 0x6e, 0x21, 0x23, 0x17, 0x10, 0x11, 0x13, 0x4e, 0x1a, 0x18, 0x11, 0x10, 0x2e, 0x6e, 0x17, 0x1f, 0x1a, 0x1d, 0x1a, 0x17, 0x11, 0x17, 0x4e, 0x18, 0x12, 0x11, 0x10, 0x2e, 0x4e, 0x37, 0x1b, 0x1a, 0x1d, 0x1b, 0x30, 0x4e, 0x12, 0x1c, 0x12, 0x3e, 0x3e, 0x10, 0x14, 0x18, 0x1d, 0x15, 0x1b, 0x17, 0x1a, 0x12, 0x15, 0x1f, 0x12, 0x10, 0x2e, 0x14, 0x1e, 0x12, 0x3e, 0x3e, 0x11, 0x16, 0x2f, 0x1d, 0x1c, 0x19, 0x17, 0x1d, 0x2e, 0x1d, 0x19, 0x14, 0x3e, 0x12, 0x3e, 0x3e, 0x1d, 0x2f, 0x1b, 0x1c, 0x19, 0x1a, 0x11, 0x4e, 0x1b, 0x1e, 0x1d, 0x1b, 0x1e, 0x12, 0x3e, 0x4e, 0x1b, 0x17, 0x1c, 0x18, 0x1a,
0x19, 0x18, 0x4e, 0x14, 0x13, 0x1e, 0x1d, 0x11, 0x4e, 0x4e, 0x1c, 0x13, 0x12, 0x29, 0x1b, 0x1d, 0x1a, 0x3e, 0x12, 0x2e, 0x12, 0x5e, 0x4e, 0x13, 0x17, 0x13, 0x17, 0x1b, 0x17, 0x1d, 0x17, 0x6e, 0x18, 0x5e, 0x3e, 0x11, 0x1f, 0x1b, 0x12, 0x2f, 0x1d, 0x1f, 0x1b, 0x14, 0xbe, 0x3e, 0x16, 0x1e, 0x1c, 0x14, 0x1d, 0x1f, 0x1c, 0x1a, 0x1d, 0x1a, 0x11, 0x3e, 0x18, 0x6e, 0x2e, 0x11, 0x2e, 0x1d, 0x17, 0x1f, 0x1d, 0x1f, 0x1d, 0x1f, 0x17, 0x14, 0x3e, 0x18, 0x6e, 0x1e, 0x1d, 0x19, 0x2e, 0x1a, 0x14, 0x1b, 0x5f, 0x15, 0x1a, 0x2e, 0x18, 0x6e, 0x1e, 0x19, 0x13, 0x2e, 0x15, 0x13, 0x11, 0x5f, 0x1b, 0x1a, 0x1e, 0x10, 0x15, 0x6e, 0x1e, 0x16, 0x1b, 0x2e, 0x18, 0x15, 0x13, 0x1c, 0x2f, 0x1c,
0x1d, 0x27, 0x13, 0x16, 0x7e, 0x1e, 0x13, 0x29, 0x1e, 0x1b, 0x1d, 0x11, 0x1b, 0x19, 0x1a, 0x2d, 0x1b, 0x16, 0x1d, 0x1b, 0x7e, 0x6e, 0x1d, 0x1f, 0x29, 0x12, 0x17, 0x4e, 0x15, 0x7e, 0x6e, 0x15, 0x17, 0xfe, 0x1e, 0xfe, 0x9e, 0xfe, 0x9e,
// Compressed size: 263 bytes original pixels: 12544 uint16_t → ~25088 bytes uncompressed)

// CAMBION / Cambion Auraflow V0.3 000 S2203680252 Th0.100 24 [Folder: CAMBION] - RLE compressed data (offset: 8532, size: 251)
0xfe, 0x9e, 0x3e, 0x19, 0x15, 0x1e, 0x1d, 0xfe, 0x2e, 0x3e, 0x12, 0x16, 0x15, 0x6e, 0x15, 0xbe, 0x2e, 0x1a, 0x12, 0x14, 0x15, 0x5e, 0x1a, 0x4e, 0x1a, 0x7e, 0x1e, 0x17, 0x14, 0x20, 0x19, 0x2e, 0x10, 0x1e, 0x1b, 0x1e, 0x1a, 0x18, 0x1e, 0x1b, 0x1e, 0x1b, 0x6e, 0x2e, 0x15, 0x14, 0x12, 0x15, 0x2e, 0x1d, 0x1e, 0x11, 0x1d, 0x1e, 0x12, 0x1c, 0x12, 0x8e, 0x2e, 0x1d, 0x1a, 0x29, 0x15, 0x1e, 0x1c, 0x1f, 0x19, 0x13, 0x16, 0x19, 0x14, 0x1c, 0x18, 0x7e, 0x4e, 0x17, 0x2e, 0x19, 0x12, 0x14, 0x13, 0x5d, 0x15, 0x18, 0x6e, 0x3e, 0x19, 0x1a, 0x3e, 0x17, 0x15, 0x1a, 0x15, 0x1d, 0x1f, 0x18, 0x13, 0x1e, 0x16, 0x18, 0x5e, 0x3e, 0x1b, 0x19, 0x3e, 0x10, 0x1f, 0x2e, 0x14, 0x16, 0x1d, 0x18,
0x2e, 0x1f, 0x1c, 0x4e, 0x3e, 0x10, 0x1a, 0x15, 0x14, 0x1d, 0x4e, 0x12, 0x1a, 0x1f, 0x11, 0x4e, 0x13, 0x18, 0x2e, 0x4e, 0x16, 0x1f, 0x14, 0x1f, 0x6e, 0x15, 0x13, 0x4e, 0x28, 0x2e, 0x4e, 0x1d, 0x8e, 0x1c, 0x12, 0x1d, 0x4e, 0x11, 0x13, 0x2e, 0x4e, 0x1f, 0x6e, 0x10, 0x19, 0x12, 0x14, 0x1d, 0x1b, 0x7e, 0x4e, 0x1d, 0x5e, 0x19, 0x1a, 0x15, 0x1d, 0x1e, 0x1d, 0x1a, 0x3e, 0x17, 0x3e, 0x4e, 0x1c, 0x4e, 0x19, 0x5e, 0x1d, 0x16, 0x13, 0x2e, 0x1b, 0x3e, 0x4e, 0x1d, 0x3e, 0x15, 0x1d, 0x6e, 0x13, 0x1d, 0x1e, 0x13, 0x17, 0x3e, 0x4e, 0x1f, 0x4e, 0x19, 0x6e, 0x13, 0x17, 0x6e, 0x4e, 0x1d, 0x5e, 0x16, 0x6e, 0x19, 0x1f, 0x5e, 0x4e, 0x1d, 0x5e, 0x14, 0x12, 0x7e, 0x13, 0x4e, 0x4e, 0x1a,
0x15, 0x4e, 0x16, 0x1f, 0x7e, 0x13, 0x11, 0x3e, 0x3e, 0x15, 0x1d, 0x1c, 0x12, 0x1a, 0x16, 0x12, 0x1a, 0x15, 0x6e, 0x14, 0x19, 0x1d, 0x3e, 0xfe, 0x9e, 0xfe, 0x9e,
// Compressed size: 251 bytes original pixels: 12544 uint16_t → ~25088 bytes uncompressed)

// CATOBLEPAS / Catoblepas Auraflow V0.3 000 S1458307595 Th0.100 24 [Folder: CATOBLEPAS] - RLE compressed data (offset: 8783, size: 245)
0xfe, 0x9e, 0xfe, 0x9e, 0xfe, 0x9e, 0xde, 0x10, 0x14, 0x20, 0x7e, 0xae, 0x12, 0x11, 0x13, 0x1b, 0x11, 0x19, 0x15, 0x16, 0x6e, 0x9e, 0x12, 0x14, 0x1b, 0x14, 0x13, 0x14, 0x18, 0x11, 0x14, 0x15, 0x12, 0x4e, 0x7e, 0x30, 0x14, 0x13, 0x15, 0x1a, 0x12, 0x10, 0x16, 0x17, 0x14, 0x17, 0x4e, 0x7e, 0x11, 0x15, 0x12, 0x13, 0x1c, 0x15, 0x1b, 0x14, 0x11, 0x12, 0x14, 0x15, 0x14, 0x18, 0x3e, 0x6e, 0x10, 0x22, 0x14, 0x19, 0x17, 0x15, 0x1f, 0x18, 0x14, 0x12, 0x15, 0x1f, 0x25, 0x3e, 0x6e, 0x11, 0x13, 0x1b, 0x1c, 0x17, 0x1c, 0x18, 0x1c, 0x1d, 0x38, 0x1b, 0x16, 0x1a, 0x3e, 0x5e, 0x1b, 0x23, 0x1b, 0x1a, 0x1c, 0x17, 0x1c, 0x2d, 0x1f, 0x16, 0x10, 0x13, 0x18, 0x1a, 0x16, 0x2e, 0x5e, 0x12,
0x19, 0x1b, 0x1f, 0x16, 0x1b, 0x1d, 0x20, 0x1a, 0x19, 0x24, 0x13, 0x18, 0x16, 0x17, 0x2e, 0x6e, 0x16, 0x1d, 0x11, 0x1b, 0x1a, 0x3e, 0x1c, 0x29, 0x1a, 0x25, 0x1c, 0x10, 0x2e, 0x6e, 0x19, 0x14, 0x1f, 0x19, 0x4e, 0x19, 0x1c, 0x1a, 0x1b, 0x15, 0x18, 0x4e, 0x7e, 0x2d, 0x10, 0x3e, 0x1a, 0x1c, 0x1a, 0x1b, 0x14, 0x10, 0x1a, 0x10, 0x3e, 0x7e, 0x1b, 0x15, 0x5e, 0x2a, 0x1b, 0x19, 0x14, 0x1a, 0x4e, 0x7e, 0x1a, 0x1d, 0x5e, 0x19, 0x1e, 0x11, 0x19, 0x1a, 0x18, 0x16, 0x3e, 0x8e, 0x1d, 0x5e, 0x1a, 0x2e, 0x13, 0x1e, 0x14, 0x19, 0x18, 0x2e, 0x8e, 0x20, 0x3e, 0x14, 0x2e, 0x13, 0x19, 0x2e, 0x18, 0x16, 0x2e, 0x9e, 0x13, 0x38, 0x1a, 0x1e, 0x18, 0x17, 0x18, 0x15, 0x1a, 0x19, 0x15, 0x2e,
0xae, 0x11, 0x17, 0x1e, 0x14, 0x1d, 0x13, 0x15, 0x37, 0x19, 0x3e, 0xde, 0x14, 0x1e, 0x11, 0x15, 0x7e, 0xfe, 0x9e, 0xfe, 0x9e,
// Compressed size: 245 bytes original pixels: 12544 uint16_t → ~25088 bytes uncompressed)

// CAT SITH / Cat Sith Auraflow V0.3 000 S157106960 Th0.100 24 [Folder: CAT_SITH] - RLE compressed data (offset: 9028, size: 394)
0x2a, 0x10, 0x7a, 0x10, 0x2a, 0x10, 0xaa, 0x2a, 0x19, 0x1c, 0x2a, 0x31, 0x23, 0x18, 0x13, 0x21, 0x12, 0x10, 0x23, 0x19, 0x4a, 0x3a, 0x19, 0x13, 0x26, 0x24, 0x27, 0x14, 0x16, 0x28, 0x13, 0x1c, 0x1f, 0x1d, 0x16, 0x4a, 0x3a, 0x1d, 0x14, 0x19, 0x2f, 0x18, 0x1c, 0x16, 0x13, 0x14, 0x13, 0x18, 0x19, 0x1f, 0x29, 0x14, 0x11, 0x3a, 0x2a, 0x10, 0x13, 0x26, 0x1c, 0x17, 0x2b, 0x1d, 0x1f, 0x18, 0x1d, 0x1f, 0x1b, 0x19, 0x16, 0x23, 0x14, 0x11, 0x2a, 0x1a, 0x20, 0x14, 0x16, 0x17, 0x29, 0x15, 0x12, 0x15, 0x1f, 0x2c, 0x15, 0x10, 0x15, 0x16, 0x29, 0x13, 0x3a, 0x2a, 0x11, 0x12, 0x1d, 0x18, 0x1f, 0x1e, 0x25, 0x11, 0x1f, 0x1c, 0x1e, 0x1b, 0x12, 0x1f, 0x2d, 0x16, 0x18, 0x10, 0x2a, 0x1a,
0x11, 0x10, 0x17, 0x1f, 0x16, 0x1f, 0x1c, 0x19, 0x1c, 0x18, 0x1f, 0x19, 0x16, 0x17, 0x1d, 0x1f, 0x19, 0x2f, 0x18, 0x13, 0x11, 0x1a, 0x1a, 0x10, 0x11, 0x26, 0x17, 0x2f, 0x1e, 0x14, 0x17, 0x1f, 0x21, 0x12, 0x2e, 0x19, 0x1f, 0x17, 0x1c, 0x14, 0x10, 0x1a, 0x1a, 0x21, 0x13, 0x1d, 0x29, 0x2f, 0x24, 0x19, 0x1f, 0x15, 0x1e, 0x1f, 0x1d, 0x39, 0x14, 0x13, 0x2a, 0x2a, 0x11, 0x17, 0x1c, 0x19, 0x1c, 0x12, 0x14, 0x1f, 0x29, 0x12, 0x2d, 0x1e, 0x1f, 0x1e, 0x16, 0x19, 0x18, 0x3a, 0x1a, 0x10, 0x12, 0x17, 0x19, 0x16, 0x1e, 0x12, 0x1d, 0x1f, 0x1d, 0x29, 0x1c, 0x1e, 0x1f, 0x1e, 0x1f, 0x1e, 0x19, 0x13, 0x10, 0x2a, 0x2a, 0x10, 0x19, 0x18, 0x14, 0x1c, 0x1e, 0x19, 0x2d, 0x1e, 0x1f, 0x2e,
0x2c, 0x1f, 0x12, 0x14, 0x11, 0x10, 0x2a, 0x2a, 0x14, 0x17, 0x19, 0x12, 0x1c, 0x1e, 0x4d, 0x1f, 0x2e, 0x1d, 0x16, 0x2c, 0x16, 0x11, 0x10, 0x2a, 0x2a, 0x13, 0x49, 0x1e, 0x1c, 0x16, 0x2c, 0x2e, 0x1c, 0x1e, 0x17, 0x29, 0x17, 0x14, 0x3a, 0x1a, 0x10, 0x16, 0x29, 0x1e, 0x2c, 0x16, 0x19, 0x18, 0x29, 0x2c, 0x19, 0x28, 0x16, 0x17, 0x21, 0x2a, 0x2a, 0x13, 0x1c, 0x49, 0x26, 0x18, 0x24, 0x19, 0x18, 0x17, 0x18, 0x19, 0x27, 0x14, 0x3a, 0x1a, 0x11, 0x19, 0x18, 0x17, 0x28, 0x14, 0x11, 0x14, 0x16, 0x14, 0x26, 0x14, 0x38, 0x17, 0x16, 0x12, 0x10, 0x2a, 0x2a, 0x16, 0x13, 0x17, 0x18, 0x16, 0x10, 0x11, 0x14, 0x13, 0x14, 0x23, 0x11, 0x29, 0x17, 0x18, 0x14, 0x21, 0x2a, 0x1a, 0x10, 0x34,
0x17, 0x11, 0x1a, 0x11, 0x33, 0x12, 0x11, 0x10, 0x19, 0x16, 0x18, 0x16, 0x11, 0x10, 0x3a, 0x2a, 0x10, 0x14, 0x16, 0x14, 0x1a, 0x10, 0x61, 0x10, 0x19, 0x18, 0x16, 0x11, 0x10, 0x4a, 0x3a, 0x14, 0x26, 0x14, 0x1a, 0x12, 0x21, 0x30, 0x14, 0x1c, 0x17, 0x12, 0x6a, 0x2a, 0x12, 0x13, 0x25, 0x12, 0x2a, 0x21, 0x10, 0x11, 0x24, 0x15, 0x23, 0x6a, 0xfa, 0x9a,
// Compressed size: 394 bytes original pixels: 12544 uint16_t → ~25088 bytes uncompressed)

// CENTAUR / Centaur Auraflow V0.3 000 S3959337613 Th0.100 24 [Folder: CENTAUR] - RLE compressed data (offset: 9422, size: 277)
0xfe, 0x9e, 0x5e, 0x11, 0x2e, 0x11, 0x22, 0x4e, 0x13, 0x8e, 0x6e, 0x12, 0x14, 0x21, 0x12, 0x10, 0x1e, 0x1a, 0x1e, 0x17, 0x8e, 0x4e, 0x1d, 0x1a, 0x38, 0x14, 0x12, 0x14, 0x11, 0x15, 0x1a, 0x1d, 0x13, 0x15, 0x6e, 0x1e, 0x13, 0x19, 0x2e, 0x11, 0x16, 0x14, 0x17, 0x14, 0x10, 0x11, 0x14, 0x15, 0x16, 0x1d, 0x1a, 0x16, 0x10, 0x5e, 0x4e, 0x14, 0x2e, 0x18, 0x17, 0x2d, 0x17, 0x14, 0x19, 0x1f, 0x1b, 0x16, 0x14, 0x18, 0x10, 0x4e, 0x9e, 0x1f, 0x1a, 0x12, 0x18, 0x15, 0x1b, 0x13, 0x1b, 0x1e, 0x1a, 0x17, 0x4e, 0x3e, 0x21, 0x5e, 0x1d, 0x18, 0x1a, 0x1f, 0x18, 0x16, 0x1c, 0x7e, 0x2e, 0x1f, 0x2e, 0x15, 0x2e, 0x11, 0x15, 0x1e, 0x10, 0x11, 0x18, 0x19, 0x13, 0x1b, 0x7e, 0x2e, 0x12, 0x3e,
0x1c, 0x16, 0x14, 0x13, 0x14, 0x12, 0x11, 0x17, 0x18, 0x13, 0x18, 0x7e, 0x6e, 0x1c, 0x1d, 0x16, 0x19, 0x2b, 0x16, 0x1b, 0x16, 0x12, 0x15, 0x7e, 0x5e, 0x13, 0x16, 0x23, 0x16, 0x19, 0x1b, 0x1c, 0x15, 0x11, 0x18, 0x12, 0x11, 0x6e, 0x4e, 0x17, 0x1c, 0x23, 0x1c, 0x16, 0x1b, 0x19, 0x1c, 0x25, 0x13, 0x1c, 0x11, 0x10, 0x5e, 0x3e, 0x15, 0x1a, 0x1d, 0x16, 0x19, 0x16, 0x15, 0x1c, 0x1b, 0x14, 0x1c, 0x16, 0x1c, 0x18, 0x23, 0x17, 0x10, 0x3e, 0x2e, 0x16, 0x19, 0x1e, 0x14, 0x1b, 0x19, 0x1e, 0x1d, 0x1c, 0x17, 0x4e, 0x15, 0x11, 0x2e, 0x1b, 0x3e, 0x2e, 0x11, 0x1a, 0x16, 0x19, 0x1b, 0x2e, 0x1b, 0x13, 0x4e, 0x25, 0x1d, 0x6e, 0x3e, 0x27, 0x16, 0x3e, 0x15, 0x1b, 0x4e, 0x17, 0x1e, 0x1d,
0x3e, 0x11, 0x2e, 0x2e, 0x19, 0x15, 0x11, 0x13, 0x4e, 0x16, 0x6e, 0x1c, 0x2e, 0x11, 0x19, 0x2e, 0x3e, 0x1d, 0x17, 0x1d, 0x5e, 0x18, 0x6e, 0x11, 0x1e, 0x15, 0x3e, 0x6e, 0x16, 0x4e, 0x16, 0x1f, 0x5e, 0x1d, 0x5e, 0x6e, 0x11, 0x5e, 0x1a, 0x11, 0x3e, 0x15, 0x12, 0x5e, 0x7e, 0x16, 0x5e, 0x17, 0xae, 0xfe, 0x9e, 0xfe, 0x9e,
// Compressed size: 277 bytes original pixels: 12544 uint16_t → ~25088 bytes uncompressed)

// CERBERUS / Cerberus Auraflow V0.3 000 S1373201993 Th0.100 24 [Folder: CERBERUS] - RLE compressed data (offset: 9699, size: 361)
0xf1, 0x91, 0xc1, 0x14, 0xb1, 0x51, 0x14, 0x51, 0x15, 0x51, 0x14, 0x21, 0x1b, 0x31, 0x41, 0x12, 0x11, 0x12, 0x21, 0x10, 0x11, 0x18, 0x14, 0x12, 0x16, 0x21, 0x10, 0x21, 0x12, 0x31, 0x41, 0x14, 0x11, 0x12, 0x21, 0x1b, 0x18, 0x16, 0x13, 0x1e, 0x21, 0x22, 0x10, 0x18, 0x19, 0x13, 0x21, 0x41, 0x18, 0x10, 0x19, 0x1c, 0x11, 0x12, 0x17, 0x10, 0x18, 0x16, 0x11, 0x19, 0x13, 0x14, 0x17, 0x12, 0x18, 0x1b, 0x21, 0x21, 0x1a, 0x12, 0x10, 0x38, 0x1c, 0x22, 0x14, 0x1d, 0x16, 0x11, 0x13, 0x19, 0x13, 0x18, 0x32, 0x21, 0x21, 0x15, 0x13, 0x18, 0x1e, 0x1c, 0x19, 0x13, 0x1a, 0x1f, 0x1d, 0x14, 0x19, 0x1c, 0x13, 0x19, 0x1e, 0x1b, 0x12, 0x1a, 0x12, 0x10, 0x11, 0x11, 0x1a, 0x12, 0x15, 0x26,
0x1f, 0x19, 0x15, 0x1f, 0x17, 0x13, 0x1b, 0x1f, 0x1c, 0x1a, 0x19, 0x1b, 0x11, 0x14, 0x11, 0x16, 0x1e, 0x11, 0x21, 0x1d, 0x19, 0x14, 0x1c, 0x1e, 0x1d, 0x15, 0x1e, 0x10, 0x17, 0x1f, 0x18, 0x1c, 0x19, 0x15, 0x19, 0x11, 0x15, 0x10, 0x31, 0x21, 0x13, 0x10, 0x11, 0x1b, 0x1f, 0x1a, 0x26, 0x18, 0x17, 0x19, 0x28, 0x2f, 0x1b, 0x21, 0x1b, 0x13, 0x21, 0x31, 0x1b, 0x11, 0x12, 0x1e, 0x19, 0x28, 0x12, 0x1b, 0x18, 0x16, 0x18, 0x2f, 0x1b, 0x31, 0x1a, 0x21, 0x51, 0x10, 0x16, 0x10, 0x16, 0x1a, 0x1f, 0x14, 0x16, 0x18, 0x1a, 0x1e, 0x1b, 0x19, 0x61, 0x61, 0x16, 0x1b, 0x18, 0x1a, 0x1f, 0x1c, 0x1e, 0x16, 0x1b, 0x1f, 0x1b, 0x1c, 0x61, 0x51, 0x10, 0x15, 0x1a, 0x1f, 0x1c, 0x18, 0x1c, 0x2f,
0x19, 0x18, 0x2f, 0x12, 0x15, 0x14, 0x31, 0x51, 0x10, 0x2e, 0x12, 0x19, 0x16, 0x3f, 0x13, 0x1e, 0x11, 0x26, 0x1b, 0x22, 0x21, 0x51, 0x18, 0x1f, 0x12, 0x18, 0x11, 0x1d, 0x18, 0x1f, 0x11, 0x12, 0x1c, 0x1f, 0x19, 0x21, 0x1d, 0x15, 0x21, 0x41, 0x12, 0x1a, 0x1f, 0x16, 0x1e, 0x21, 0x16, 0x18, 0x11, 0x1a, 0x18, 0x16, 0x1a, 0x31, 0x1b, 0x21, 0x41, 0x16, 0x1f, 0x13, 0x1e, 0x41, 0x1c, 0x11, 0x12, 0x1a, 0x1b, 0x1e, 0x31, 0x29, 0x11, 0x31, 0x15, 0x18, 0x11, 0x13, 0x21, 0x17, 0x16, 0x19, 0x31, 0x14, 0x1f, 0x1d, 0x1f, 0x21, 0x19, 0x21, 0x11, 0x12, 0x1b, 0x13, 0x29, 0x14, 0x31, 0x2f, 0x11, 0x10, 0x18, 0x10, 0x13, 0x14, 0x1f, 0x17, 0x1a, 0x18, 0x21, 0x11, 0x1e, 0x1b, 0x12, 0x29,
0x1c, 0x12, 0x18, 0x1a, 0x14, 0x19, 0x1e, 0x19, 0x16, 0x3f, 0x1e, 0x18, 0x14, 0x1c, 0x14, 0x11, 0x41, 0x2d, 0x18, 0x16, 0x1c, 0x1f, 0xe1, 0xf1, 0x91,
// Compressed size: 361 bytes original pixels: 12544 uint16_t → ~25088 bytes uncompressed)

// CHANGELING / Changeling Auraflow V0.3 000 S1189705772 Th0.100 24 [Folder: CHANGELING] - RLE compressed data (offset: 10060, size: 210)
0xfe, 0x9e, 0xae, 0x13, 0x3e, 0x17, 0x9e, 0x8e, 0x11, 0x12, 0x30, 0x11, 0xae, 0x7e, 0x22, 0x11, 0x10, 0x18, 0x13, 0x10, 0xae, 0x4e, 0x19, 0x21, 0x16, 0x1a, 0x18, 0x13, 0x1b, 0x23, 0x10, 0x9e, 0x4e, 0x21, 0x14, 0x1a, 0x1c, 0x1d, 0x11, 0x13, 0x1d, 0x1b, 0x12, 0x10, 0x8e, 0x3e, 0x16, 0x15, 0x12, 0x1d, 0x2b, 0x1c, 0x1f, 0x12, 0x16, 0x1c, 0x1d, 0x10, 0x1b, 0x7e, 0x4e, 0x1c, 0x1d, 0x18, 0x19, 0x15, 0x1b, 0x1c, 0x16, 0x11, 0x1d, 0x1c, 0x1b, 0x10, 0x7e, 0x5e, 0x19, 0x1b, 0x2e, 0x1a, 0x1c, 0x1b, 0x11, 0x18, 0x1d, 0x1b, 0x14, 0x7e, 0x6e, 0x1d, 0x2e, 0x12, 0x1b, 0x1c, 0x1e, 0x14, 0x1b, 0x14, 0x13, 0x1e, 0x11, 0x5e, 0x9e, 0x15, 0x19, 0x2e, 0x17, 0x24, 0x13, 0x7e, 0x9e, 0x15,
0x1d, 0x3e, 0x1c, 0x10, 0x14, 0x7e, 0x8e, 0x15, 0x18, 0x4e, 0x13, 0x18, 0x3e, 0x13, 0x4e, 0x8e, 0x26, 0x3e, 0x16, 0x1f, 0x13, 0x8e, 0x8e, 0x15, 0x1c, 0x3e, 0x1b, 0x16, 0x1b, 0x2e, 0x14, 0x5e, 0x8e, 0x15, 0x14, 0x3e, 0x19, 0x1b, 0x9e, 0x9e, 0x18, 0x4e, 0x18, 0x10, 0x8e, 0x9e, 0x19, 0x4e, 0x1b, 0x12, 0x8e, 0x9e, 0x18, 0x4e, 0x13, 0x1c, 0x8e, 0x9e, 0x18, 0x3e, 0x17, 0x2e, 0x14, 0x7e, 0x8e, 0x17, 0x14, 0x3e, 0x15, 0x1b, 0x1e, 0x14, 0x7e, 0x6e, 0x16, 0x17, 0x18, 0x1a, 0x15, 0x12, 0x17, 0x1a, 0x14, 0x15, 0x10, 0x7e, 0x4e, 0x15, 0x16, 0x4e, 0x15, 0x18, 0x3e, 0x12, 0x8e, 0xae, 0x1f, 0xde,
// Compressed size: 210 bytes original pixels: 12544 uint16_t → ~25088 bytes uncompressed)

// CHIMERA / Chimera Auraflow V0.3 000 S3703832376 Th0.100 24 [Folder: CHIMERA] - RLE compressed data (offset: 10270, size: 338)
0xf1, 0x91, 0x31, 0x19, 0x11, 0x16, 0x11, 0x13, 0x19, 0x12, 0x19, 0x41, 0x14, 0x17, 0x14, 0x61, 0x21, 0x12, 0x20, 0x1a, 0x11, 0x16, 0x12, 0x1b, 0x2d, 0x21, 0x24, 0x18, 0x1e, 0x12, 0x51, 0x21, 0x13, 0x11, 0x10, 0x19, 0x10, 0x1a, 0x1d, 0x16, 0x17, 0x14, 0x23, 0x15, 0x10, 0x15, 0x16, 0x12, 0x51, 0x21, 0x12, 0x21, 0x15, 0x1e, 0x16, 0x18, 0x1a, 0x14, 0x1d, 0x17, 0x19, 0x1a, 0x21, 0x1a, 0x12, 0x17, 0x41, 0x21, 0x10, 0x16, 0x11, 0x10, 0x1e, 0x14, 0x1e, 0x27, 0x1b, 0x1d, 0x2b, 0x31, 0x17, 0x14, 0x41, 0x11, 0x12, 0x21, 0x12, 0x14, 0x12, 0x1b, 0x16, 0x1d, 0x18, 0x27, 0x1e, 0x17, 0x21, 0x15, 0x1a, 0x17, 0x41, 0x11, 0x10, 0x21, 0x10, 0x14, 0x17, 0x1c, 0x18, 0x16, 0x1d, 0x18,
0x17, 0x14, 0x2d, 0x13, 0x18, 0x1d, 0x21, 0x18, 0x21, 0x31, 0x12, 0x15, 0x14, 0x16, 0x19, 0x15, 0x1e, 0x18, 0x1e, 0x17, 0x1d, 0x3b, 0x16, 0x1c, 0x21, 0x14, 0x21, 0x51, 0x25, 0x12, 0x1c, 0x18, 0x15, 0x14, 0x1e, 0x1b, 0x1e, 0x1b, 0x16, 0x41, 0x16, 0x21, 0x51, 0x12, 0x1c, 0x16, 0x1d, 0x16, 0x2e, 0x1d, 0x1b, 0x1e, 0x17, 0x14, 0x31, 0x13, 0x14, 0x21, 0x41, 0x15, 0x1a, 0x25, 0x18, 0x1c, 0x1d, 0x1e, 0x1b, 0x37, 0x54, 0x31, 0x41, 0x1a, 0x19, 0x11, 0x12, 0x19, 0x1d, 0x1b, 0x2e, 0x27, 0x18, 0x24, 0x1d, 0x1c, 0x18, 0x15, 0x21, 0x41, 0x19, 0x15, 0x11, 0x12, 0x1e, 0x1b, 0x19, 0x1e, 0x1b, 0x1e, 0x14, 0x18, 0x24, 0x18, 0x14, 0x17, 0x1b, 0x21, 0x51, 0x1c, 0x1a, 0x19, 0x1e, 0x1f,
0x1c, 0x1e, 0x1f, 0x1c, 0x18, 0x1d, 0x1b, 0x18, 0x1b, 0x16, 0x17, 0x1b, 0x21, 0x81, 0x18, 0x1e, 0x1c, 0x10, 0x19, 0x2d, 0x1b, 0x13, 0x2a, 0x27, 0x18, 0x21, 0x71, 0x14, 0x18, 0x1c, 0x1f, 0x10, 0x11, 0x19, 0x1d, 0x16, 0x1a, 0x1c, 0x1a, 0x12, 0x28, 0x21, 0x71, 0x16, 0x1d, 0x1c, 0x11, 0x15, 0x11, 0x10, 0x18, 0x10, 0x19, 0x1a, 0x11, 0x17, 0x1b, 0x15, 0x21, 0x61, 0x27, 0x22, 0x16, 0x12, 0x11, 0x13, 0x18, 0x11, 0x15, 0x1a, 0x21, 0x16, 0x13, 0x21, 0x61, 0x1a, 0x1f, 0x31, 0x13, 0x10, 0x19, 0x1e, 0x11, 0x16, 0x19, 0x11, 0x10, 0x17, 0x31, 0x51, 0x19, 0x1a, 0x61, 0x1a, 0x1f, 0x2a, 0x11, 0x15, 0x27, 0x31, 0x31, 0x1a, 0x13, 0x1b, 0x1e, 0x51, 0x1e, 0x1d, 0x18, 0x91, 0xf1, 0x91,
0xf1, 0x91,
// Compressed size: 338 bytes original pixels: 12544 uint16_t → ~25088 bytes uncompressed)

// CHONCHON / Chonchon Auraflow V0.3 000 S1295691175 Th0.100 24 [Folder: CHONCHON] - RLE compressed data (offset: 10608, size: 262)
0xf0, 0x90, 0x70, 0x27, 0xf0, 0x40, 0x1c, 0x21, 0x14, 0x18, 0x14, 0xe0, 0x40, 0x12, 0x13, 0x19, 0x1d, 0x1c, 0x34, 0x12, 0xb0, 0x40, 0x15, 0x13, 0x1b, 0x19, 0x22, 0x1b, 0x24, 0xb0, 0x40, 0x1f, 0x19, 0x1a, 0x19, 0x18, 0x2e, 0x17, 0x1c, 0x17, 0x10, 0x14, 0x80, 0x40, 0x11, 0x15, 0x1e, 0x1f, 0x5e, 0x1a, 0x15, 0x90, 0x40, 0x19, 0x13, 0x1e, 0x1b, 0x1f, 0x16, 0x1b, 0x16, 0x13, 0x12, 0x17, 0x1d, 0x20, 0x14, 0x50, 0x40, 0x1b, 0x23, 0x18, 0x19, 0x1e, 0x1d, 0x1e, 0x1d, 0x1f, 0x28, 0x1b, 0x17, 0x18, 0x50, 0x40, 0x18, 0x13, 0x1b, 0x19, 0x1c, 0x1e, 0x11, 0x1e, 0x1f, 0x1e, 0x2d, 0x12, 0x17, 0x60, 0x50, 0x16, 0x18, 0x1e, 0x25, 0x11, 0x1d, 0x1e, 0x1a, 0x1b, 0x18, 0x1c, 0x15, 0x17,
0x50, 0x40, 0x18, 0x1d, 0x18, 0x1b, 0x1e, 0x13, 0x2e, 0x1b, 0x1e, 0x1c, 0x20, 0x1b, 0x12, 0x17, 0x40, 0x50, 0x18, 0x10, 0x1b, 0x1c, 0x19, 0x1e, 0x17, 0x1d, 0x1a, 0x1c, 0x40, 0x14, 0x13, 0x16, 0x20, 0x50, 0x1c, 0x10, 0x1c, 0x1e, 0x13, 0x11, 0x16, 0x1e, 0x1d, 0x18, 0x10, 0x18, 0x20, 0x12, 0x16, 0x1c, 0x20, 0x90, 0x2d, 0x2e, 0x1d, 0x60, 0x19, 0x15, 0x20, 0x40, 0x1c, 0x40, 0x2c, 0x1d, 0x1b, 0x1c, 0x60, 0x16, 0x13, 0x20, 0x90, 0x13, 0x15, 0x1d, 0x1b, 0x15, 0x60, 0x17, 0x30, 0x50, 0x19, 0x30, 0x1b, 0x11, 0x13, 0x19, 0x13, 0xa0, 0x40, 0x14, 0x1b, 0x20, 0x14, 0x20, 0x1b, 0x1f, 0x1e, 0x12, 0x50, 0x1a, 0x30, 0x50, 0x13, 0x10, 0x14, 0x60, 0x1b, 0x11, 0x30, 0x18, 0x14, 0x30,
0x70, 0x1a, 0x70, 0x1a, 0x30, 0x16, 0x19, 0x30, 0x50, 0x18, 0x19, 0xb0, 0x16, 0x1d, 0x40, 0x30, 0x16, 0x18, 0x15, 0x1d, 0x1a, 0x90, 0x1a, 0x14, 0x18, 0x40, 0x20, 0x1a, 0x18, 0x1a, 0x19, 0x16, 0x90, 0x1c, 0x1a, 0x17, 0x1b, 0x40,
// Compressed size: 262 bytes original pixels: 12544 uint16_t → ~25088 bytes uncompressed)

// CHUPACABRA / Chupacabra Auraflow V0.3 000 S2241541212 Th0.100 24 [Folder: CHUPACABRA] - RLE compressed data (offset: 10870, size: 281)
0xfe, 0x9e, 0xfe, 0x9e, 0xfe, 0x13, 0x11, 0x7e, 0xae, 0x15, 0x1e, 0x1a, 0x1e, 0x1c, 0x9e, 0x5e, 0x13, 0x1e, 0x12, 0x10, 0x26, 0x17, 0x12, 0x21, 0x13, 0x16, 0x11, 0x1a, 0x5e, 0x4e, 0x17, 0x19, 0x2d, 0x15, 0x10, 0x1a, 0x13, 0x17, 0x23, 0x17, 0x11, 0x17, 0x12, 0x10, 0x4e, 0x3e, 0x16, 0x11, 0x12, 0x2d, 0x19, 0x1d, 0x1a, 0x13, 0x10, 0x11, 0x12, 0x19, 0x15, 0x17, 0x1a, 0x17, 0x4e, 0x2e, 0x11, 0x1d, 0x12, 0x18, 0x4d, 0x1b, 0x1d, 0x10, 0x13, 0x1a, 0x1d, 0x2a, 0x17, 0x15, 0x4e, 0x2e, 0x17, 0x11, 0x10, 0x18, 0x3b, 0x3d, 0x29, 0x1d, 0x1a, 0x1c, 0x1a, 0x19, 0x1a, 0x17, 0x3e, 0x2e, 0x15, 0x1d, 0x18, 0x1d, 0x1e, 0x15, 0x19, 0x3d, 0x2b, 0x12, 0x1d, 0x13, 0x2c, 0x1a, 0x23, 0x2e,
0x2e, 0x1d, 0x10, 0x1f, 0x18, 0x3e, 0x14, 0x1d, 0x1b, 0x3d, 0x13, 0x17, 0x1a, 0x1b, 0x1a, 0x26, 0x2e, 0x2e, 0x28, 0x2e, 0x10, 0x2e, 0x16, 0x1b, 0x19, 0x1a, 0x3d, 0x17, 0x2c, 0x2a, 0x16, 0x2e, 0x3e, 0x12, 0x5e, 0x14, 0x1e, 0x29, 0x1d, 0x1c, 0x2d, 0x2a, 0x13, 0x1a, 0x17, 0x2e, 0x9e, 0x15, 0x3e, 0x19, 0x1d, 0x1b, 0x2c, 0x1b, 0x11, 0x1c, 0x17, 0x16, 0x1e, 0x9e, 0x14, 0x2e, 0x10, 0x15, 0x19, 0x1b, 0x1c, 0x2a, 0x2c, 0x15, 0x13, 0x1e, 0x8e, 0x13, 0x17, 0x2e, 0x12, 0x14, 0x25, 0x1a, 0x27, 0x1b, 0x1e, 0x15, 0x13, 0x1e, 0x8e, 0x27, 0x2e, 0x15, 0x23, 0x16, 0x2e, 0x1a, 0x2e, 0x13, 0x15, 0x1e, 0x9e, 0x17, 0x5e, 0x16, 0x15, 0x11, 0x1c, 0x2e, 0x13, 0x15, 0x1e, 0x9e, 0x19, 0x6e,
0x12, 0x17, 0x1d, 0x1e, 0x12, 0x14, 0x2e, 0x8e, 0x11, 0x16, 0x3e, 0x15, 0x2e, 0x1c, 0x11, 0x1b, 0x12, 0x14, 0x15, 0x10, 0x1e, 0x3e, 0x37, 0x1a, 0x19, 0x16, 0x17, 0x1e, 0x11, 0x12, 0x24, 0x1c, 0x1a, 0x19, 0x16, 0x14, 0x12, 0x11, 0x2e, 0x2e, 0x18, 0x1e, 0x10, 0x14, 0x4e, 0x24, 0x22, 0x14, 0x12, 0x24, 0x11, 0x20, 0x3e, 0xfe, 0x9e, 0xfe, 0x9e,
// Compressed size: 281 bytes original pixels: 12544 uint16_t → ~25088 bytes uncompressed)

// CLURICAUN / Cluricaun Auraflow V0.3 000 S3618531019 Th0.100 24 [Folder: CLURICAUN] - RLE compressed data (offset: 11151, size: 108)
0xfe, 0x9e, 0xfe, 0x9e, 0xfe, 0x9e, 0xfe, 0x9e, 0xfe, 0x9e, 0x9e, 0x19, 0xee, 0x7e, 0x1c, 0x15, 0x14, 0x2c, 0x15, 0x19, 0xae, 0x7e, 0x17, 0x18, 0x1c, 0x11, 0x1a, 0x14, 0x11, 0xae, 0x8e, 0x13, 0x17, 0x10, 0x13, 0x10, 0x1a, 0xae, 0x6e, 0x10, 0x1e, 0x1c, 0x15, 0x1a, 0x13, 0x14, 0xbe, 0x6e, 0x13, 0x2e, 0x1c, 0x13, 0x1d, 0xce, 0x9e, 0x11, 0x15, 0x1d, 0x17, 0x11, 0xae, 0x7e, 0x13, 0x11, 0x1e, 0x22, 0x2e, 0x1b, 0x9e, 0xae, 0x1f, 0x1c, 0xce, 0x9e, 0x16, 0x15, 0x12, 0x1a, 0x13, 0x17, 0x9e, 0x9e, 0x17, 0x11, 0x1c, 0x16, 0x1a, 0x1c, 0x9e, 0xde, 0x12, 0xae, 0xfe, 0x9e, 0xfe, 0x9e, 0xee, 0x15, 0x9e, 0xee, 0x1c, 0x9e, 0xfe, 0x9e, 0xfe, 0x9e, 0xfe, 0x9e,
// Compressed size: 108 bytes original pixels: 12544 uint16_t → ~25088 bytes uncompressed)

// COCKATRICE / Cockatrice Auraflow V0.3 000 S4214171910 Th0.100 24 [Folder: COCKATRICE] - RLE compressed data (offset: 11259, size: 254)
0xfe, 0x9e, 0xfe, 0x9e, 0x4e, 0x12, 0x1e, 0x17, 0x12, 0xfe, 0x1e, 0x5e, 0x12, 0x10, 0x12, 0x17, 0xfe, 0x4e, 0x14, 0x17, 0x12, 0x1e, 0x14, 0x10, 0x6e, 0x13, 0x17, 0x10, 0x5e, 0x3e, 0x10, 0x12, 0x19, 0x13, 0x19, 0x7e, 0x11, 0x15, 0x11, 0x16, 0x11, 0x13, 0x3e, 0x4e, 0x14, 0x1f, 0x14, 0x19, 0x12, 0x5e, 0x13, 0x2a, 0x10, 0x2d, 0x12, 0x10, 0x2e, 0x4e, 0x14, 0x12, 0x1f, 0x14, 0x10, 0x4e, 0x10, 0x13, 0x11, 0x1a, 0x14, 0x13, 0x1d, 0x23, 0x2e, 0x4e, 0x28, 0x1f, 0x12, 0x19, 0x12, 0x3e, 0x25, 0x1d, 0x1a, 0x18, 0x15, 0x1a, 0x1d, 0x13, 0x2e, 0x4e, 0x11, 0x18, 0x1f, 0x15, 0x19, 0x1d, 0x2e, 0x15, 0x16, 0x18, 0x13, 0x17, 0x1b, 0x1d, 0x18, 0x1c, 0x1a, 0x2e, 0x4e, 0x18, 0x1d, 0x16,
0x13, 0x18, 0x13, 0x16, 0x11, 0x13, 0x11, 0x16, 0x1b, 0x16, 0x1c, 0x3d, 0x16, 0x2e, 0x4e, 0x1b, 0x26, 0x11, 0x10, 0x18, 0x33, 0x15, 0x1a, 0x18, 0x2d, 0x18, 0x27, 0x15, 0x2e, 0x4e, 0x18, 0x1a, 0x18, 0x13, 0x18, 0x1c, 0x1a, 0x16, 0x11, 0x18, 0x13, 0x1c, 0x2d, 0x1a, 0x1e, 0x16, 0x11, 0x2e, 0x4e, 0x1c, 0x1b, 0x1d, 0x17, 0x2b, 0x16, 0x1a, 0x1f, 0x13, 0x1a, 0x1d, 0x1c, 0x1a, 0x17, 0x1e, 0x15, 0x16, 0x2e, 0x5e, 0x16, 0x18, 0x2d, 0x39, 0x1f, 0x14, 0x1a, 0x10, 0x2e, 0x17, 0x1e, 0x25, 0x2e, 0x6e, 0x15, 0x18, 0x5d, 0x1a, 0x18, 0x1d, 0x2e, 0x16, 0x1e, 0x15, 0x3e, 0x8e, 0x10, 0x1d, 0x1c, 0x1d, 0x1a, 0x1b, 0x1d, 0x9e, 0x9e, 0x13, 0x15, 0x1d, 0x1a, 0x1d, 0x16, 0x9e, 0xae, 0x28,
0x2e, 0x14, 0x9e, 0xae, 0x14, 0x3e, 0x11, 0x9e, 0x9e, 0x10, 0xee, 0x7e, 0x17, 0x12, 0x27, 0x2e, 0x10, 0xae, 0x5e, 0x27, 0x1e, 0x15, 0x2e, 0x10, 0x1d, 0x1e, 0x25, 0x8e, 0xfe, 0x9e,
// Compressed size: 254 bytes original pixels: 12544 uint16_t → ~25088 bytes uncompressed)

// CU SITH / Cu Sith Auraflow V0.3 000 S2496896710 Th0.100 24 [Folder: CU_SITH] - RLE compressed data (offset: 11513, size: 240)
0xfe, 0x9e, 0xfe, 0x9e, 0xfe, 0x9e, 0xfe, 0x9e, 0xfe, 0x2e, 0x11, 0x6e, 0xfe, 0x1e, 0x17, 0x13, 0x1d, 0x19, 0x17, 0x1c, 0x2e, 0xee, 0x10, 0x15, 0x1c, 0x16, 0x1a, 0x13, 0x18, 0x1b, 0x2e, 0xbe, 0x11, 0x25, 0x12, 0x1d, 0x1b, 0x12, 0x19, 0x1b, 0x2d, 0x2e, 0x9e, 0x1b, 0x13, 0x17, 0x13, 0x1b, 0x18, 0x1c, 0x1a, 0x14, 0x1d, 0x1c, 0x1d, 0x17, 0x2e, 0x8e, 0x17, 0x16, 0x17, 0x2a, 0x1c, 0x16, 0x1c, 0x17, 0x1b, 0x2c, 0x4e, 0x8e, 0x17, 0x1c, 0x1d, 0x1b, 0x19, 0x1c, 0x1d, 0x16, 0x1d, 0x14, 0x19, 0x14, 0x1b, 0x3e, 0x4e, 0x12, 0x13, 0x1e, 0x11, 0x17, 0x19, 0x1b, 0x17, 0x12, 0x1c, 0x1d, 0x19, 0x1c, 0x18, 0x1a, 0x17, 0x1f, 0x3e, 0x3e, 0x16, 0x17, 0x16, 0x12, 0x1e, 0x15, 0x19, 0x1d,
0x1b, 0x1c, 0x1b, 0x1d, 0x1c, 0x28, 0x1d, 0x17, 0x4e, 0x2e, 0x16, 0x18, 0x11, 0x1e, 0x11, 0x1e, 0x19, 0x2c, 0x1b, 0x16, 0x3a, 0x1c, 0x2d, 0x5e, 0x2e, 0x25, 0x2e, 0x11, 0x1e, 0x17, 0x1b, 0x17, 0x16, 0x1e, 0x19, 0x17, 0x1b, 0x2c, 0x1a, 0x5e, 0x2e, 0x10, 0x17, 0x16, 0x3e, 0x19, 0x27, 0x25, 0x1c, 0x19, 0x2e, 0x13, 0x17, 0x5e, 0x3e, 0x12, 0x16, 0x12, 0x13, 0x16, 0x15, 0x21, 0x3e, 0x16, 0x3e, 0x15, 0x5e, 0x4e, 0x12, 0x13, 0x11, 0x15, 0x10, 0x13, 0x4e, 0x19, 0x15, 0x2e, 0x14, 0x5e, 0x6e, 0x12, 0x10, 0x1e, 0x12, 0x5e, 0x1c, 0x2e, 0x13, 0x5e, 0x6e, 0x21, 0x1e, 0x13, 0x4e, 0x10, 0x19, 0x2e, 0x15, 0x5e, 0x5e, 0x11, 0x12, 0x11, 0x1e, 0x11, 0x3e, 0x10, 0x19, 0x10, 0x3e, 0x17,
0x16, 0x3e, 0x4e, 0x20, 0x3e, 0x10, 0x2e, 0x13, 0x16, 0x6e, 0x17, 0x3e, 0xfe, 0x9e, 0xfe, 0x9e,
// Compressed size: 240 bytes original pixels: 12544 uint16_t → ~25088 bytes uncompressed)

// CWN ANNWN / Cwn Annwn Auraflow V0.3 000 S3778379010 Th0.100 24 [Folder: CWN_ANNWN] - RLE compressed data (offset: 11753, size: 216)
0xff, 0x9f, 0x5f, 0x15, 0xbf, 0x12, 0x15, 0x5f, 0x5f, 0x11, 0x17, 0x9f, 0x19, 0x1c, 0x19, 0x5f, 0x7f, 0x15, 0x8f, 0x10, 0x12, 0x10, 0x5f, 0x8f, 0x18, 0x15, 0x1f, 0x17, 0x13, 0x3f, 0x17, 0x1f, 0x10, 0x5f, 0x7f, 0x11, 0x10, 0x19, 0x12, 0x18, 0x16, 0x24, 0x19, 0x10, 0x13, 0x6f, 0xaf, 0x17, 0x1a, 0x16, 0x12, 0xaf, 0x9f, 0x12, 0x1a, 0x18, 0x15, 0x14, 0x12, 0x9f, 0x9f, 0x16, 0x29, 0x15, 0x14, 0x13, 0x9f, 0x9f, 0x1a, 0x1d, 0x1e, 0x1b, 0x19, 0x15, 0x10, 0x8f, 0x8f, 0x3b, 0x1e, 0x1b, 0x1d, 0x1b, 0x11, 0x8f, 0x7f, 0x12, 0x19, 0x1b, 0x1a, 0x1e, 0x19, 0x1b, 0x1d, 0x19, 0x8f, 0x7f, 0x10, 0x1d, 0x1a, 0x28, 0x1e, 0x1d, 0x18, 0x19, 0x1a, 0x7f, 0x6f, 0x12, 0x15, 0x1e, 0x1c, 0x2a,
0x3d, 0x15, 0x14, 0x7f, 0x7f, 0x19, 0x1e, 0x1b, 0x1a, 0x2d, 0x1e, 0x1a, 0x19, 0x1a, 0x7f, 0x6f, 0x14, 0x1b, 0x1e, 0x1a, 0x2b, 0x1e, 0x1d, 0x1c, 0x13, 0x8f, 0x7f, 0x11, 0x1d, 0x1c, 0x29, 0x1d, 0x19, 0x18, 0x15, 0x8f, 0x8f, 0x1a, 0x39, 0x1a, 0x16, 0x14, 0x1f, 0x14, 0x7f, 0x8f, 0x16, 0x1b, 0x15, 0x16, 0x2a, 0x11, 0x10, 0x11, 0x7f, 0x4f, 0x10, 0x22, 0x16, 0x18, 0x16, 0x18, 0x1a, 0x16, 0x17, 0x1f, 0x11, 0x8f, 0x5f, 0x11, 0x13, 0x19, 0x16, 0x37, 0x15, 0x18, 0x11, 0x9f, 0x4f, 0x11, 0x12, 0x19, 0x14, 0x1a, 0x16, 0x13, 0x15, 0x1f, 0x17, 0xaf, 0x3f, 0x10, 0x12, 0x13, 0x24, 0x13, 0x16, 0x34, 0x15, 0x13, 0x9f, 0xbf, 0x12, 0xcf,
// Compressed size: 216 bytes original pixels: 12544 uint16_t → ~25088 bytes uncompressed)

// CYCLOPS / Cyclops Auraflow V0.3 000 S566305032 Th0.100 24 [Folder: CYCLOPS] - RLE compressed data (offset: 11969, size: 353)
0xfc, 0x9c, 0x8c, 0x14, 0x31, 0x24, 0x22, 0x1f, 0x7c, 0x6c, 0x14, 0x31, 0x12, 0x21, 0x17, 0x14, 0x32, 0x6c, 0x6c, 0x17, 0x1f, 0x16, 0x2d, 0x1e, 0x14, 0x18, 0x15, 0x22, 0x14, 0x12, 0x5c, 0x5c, 0x13, 0x15, 0x10, 0x19, 0x16, 0x11, 0x12, 0x15, 0x19, 0x18, 0x22, 0x14, 0x12, 0x5c, 0x5c, 0x29, 0x1b, 0x11, 0x1d, 0x28, 0x17, 0x18, 0x1a, 0x11, 0x24, 0x15, 0x14, 0x4c, 0x5c, 0x12, 0x1b, 0x1d, 0x15, 0x22, 0x1f, 0x17, 0x24, 0x3f, 0x18, 0x12, 0x15, 0x3c, 0x5c, 0x17, 0x1f, 0x16, 0x1b, 0x18, 0x17, 0x15, 0x1e, 0x1a, 0x19, 0x1e, 0x27, 0x22, 0x14, 0x3c, 0x5c, 0x13, 0x1f, 0x1e, 0x1b, 0x1d, 0x2f, 0x17, 0x15, 0x1f, 0x1e, 0x1f, 0x14, 0x1f, 0x14, 0x15, 0x12, 0x2c, 0x4c, 0x12, 0x14, 0x16,
0x2e, 0x14, 0x2a, 0x18, 0x17, 0x2f, 0x11, 0x19, 0x1a, 0x15, 0x22, 0x2c, 0x3c, 0x16, 0x12, 0x1a, 0x1f, 0x13, 0x18, 0x15, 0x37, 0x1a, 0x1f, 0x23, 0x1c, 0x15, 0x1f, 0x15, 0x12, 0x2c, 0x3c, 0x19, 0x15, 0x14, 0x1a, 0x13, 0x1f, 0x1a, 0x14, 0x1b, 0x19, 0x1a, 0x1b, 0x16, 0x2c, 0x29, 0x14, 0x12, 0x2c, 0x3c, 0x14, 0x1a, 0x1f, 0x1d, 0x1b, 0x1e, 0x29, 0x3e, 0x18, 0x17, 0x2c, 0x11, 0x19, 0x24, 0x2c, 0x2c, 0x12, 0x15, 0x1a, 0x2c, 0x13, 0x17, 0x1a, 0x1b, 0x1a, 0x1e, 0x24, 0x1a, 0x2c, 0x16, 0x14, 0x22, 0x2c, 0x1c, 0x14, 0x1f, 0x11, 0x2c, 0x12, 0x17, 0x18, 0x1f, 0x19, 0x1a, 0x18, 0x15, 0x18, 0x15, 0x2c, 0x1e, 0x1d, 0x18, 0x17, 0x2c, 0x1c, 0x17, 0x19, 0x1b, 0x2c, 0x15, 0x17, 0x14,
0x1a, 0x11, 0x1b, 0x15, 0x12, 0x15, 0x17, 0x2c, 0x17, 0x15, 0x19, 0x17, 0x2c, 0x2c, 0x1d, 0x3c, 0x16, 0x14, 0x18, 0x15, 0x2e, 0x1a, 0x14, 0x15, 0x1e, 0x2c, 0x1b, 0x10, 0x1d, 0x1b, 0x2c, 0x1c, 0x12, 0x4c, 0x13, 0x18, 0x2a, 0x2b, 0x1a, 0x15, 0x14, 0x12, 0x2b, 0x1e, 0x2b, 0x3c, 0x1c, 0x15, 0x1c, 0x10, 0x2c, 0x17, 0x2b, 0x1e, 0x19, 0x1e, 0x16, 0x1b, 0x1a, 0x27, 0x2b, 0x19, 0x16, 0x10, 0x11, 0x1c, 0x1c, 0x19, 0x1c, 0x11, 0x30, 0x1a, 0x1b, 0x19, 0x18, 0x2b, 0x1a, 0x1b, 0x10, 0x12, 0x1b, 0x19, 0x1d, 0x20, 0x18, 0x1c, 0x3c, 0x17, 0x12, 0x21, 0x10, 0x19, 0x1a, 0x12, 0x1b, 0x1e, 0x16, 0x10, 0x13, 0x22, 0x11, 0x30, 0x19, 0x1c, 0x1c, 0x1e, 0x2b, 0x1e, 0x16, 0x13, 0x10, 0x26,
0x10, 0x13, 0x20, 0x15, 0x11, 0x18, 0x16, 0x13, 0x5c, 0x2c, 0x1a, 0x11, 0x1b, 0xfc, 0x4c, 0xfc, 0x9c,
// Compressed size: 353 bytes original pixels: 12544 uint16_t → ~25088 bytes uncompressed)

// DEMON / Demon Auraflow V0.3 000 S2749317762 Th0.100 24 [Folder: DEMON] - RLE compressed data (offset: 12322, size: 212)
0xf0, 0x90, 0xf0, 0x90, 0x90, 0x14, 0x20, 0x13, 0xb0, 0x90, 0x17, 0x19, 0x11, 0x20, 0x12, 0x90, 0x60, 0x18, 0x16, 0x24, 0x1b, 0x24, 0x18, 0xa0, 0x50, 0x27, 0x24, 0x15, 0x1d, 0x1b, 0x1f, 0x26, 0x11, 0x80, 0x50, 0x14, 0x19, 0x1a, 0x14, 0x28, 0x1b, 0x1f, 0x19, 0x17, 0x11, 0x80, 0x50, 0x16, 0x1f, 0x1c, 0x1f, 0x1d, 0x1f, 0x2a, 0x1b, 0x1f, 0x11, 0x80, 0x40, 0x17, 0x1b, 0x2c, 0x1a, 0x1f, 0x1a, 0x2f, 0x12, 0x1f, 0x11, 0x80, 0x40, 0x1b, 0x3a, 0x3c, 0x17, 0x1d, 0x14, 0x27, 0x80, 0x30, 0x19, 0x16, 0x14, 0x16, 0x10, 0x19, 0x1a, 0x1f, 0x1a, 0x15, 0x20, 0x1f, 0x14, 0x70, 0x30, 0x16, 0x1e, 0x17, 0x10, 0x16, 0x1a, 0x2f, 0x1c, 0x13, 0x20, 0x1b, 0x18, 0x70, 0x40, 0x19, 0x20, 0x16,
0x2f, 0x1e, 0x1f, 0x17, 0x11, 0x10, 0x16, 0x17, 0x70, 0x40, 0x19, 0x18, 0x10, 0x16, 0x1b, 0x2f, 0x2e, 0x13, 0x20, 0x1a, 0x70, 0x40, 0x1c, 0x18, 0x10, 0x1a, 0x1e, 0x17, 0x1e, 0x1a, 0x1c, 0x1a, 0x20, 0x19, 0x70, 0x30, 0x16, 0x1a, 0x13, 0x10, 0x14, 0x23, 0x17, 0x18, 0x15, 0x1e, 0x20, 0x12, 0x13, 0x60, 0x70, 0x19, 0x23, 0x15, 0x14, 0x10, 0x1a, 0x30, 0x19, 0x60, 0x40, 0x14, 0x20, 0x13, 0x15, 0x20, 0x13, 0x10, 0x16, 0xa0, 0x50, 0x12, 0x10, 0x23, 0x10, 0x12, 0x11, 0x10, 0x1b, 0xa0, 0x80, 0x15, 0x10, 0x11, 0x20, 0x19, 0xa0, 0x80, 0x12, 0x40, 0x14, 0x11, 0x90, 0xf0, 0x12, 0x80, 0xf0, 0x90, 0xf0, 0x90,
// Compressed size: 212 bytes original pixels: 12544 uint16_t → ~25088 bytes uncompressed)

// DEVA / Deva Auraflow V0.3 000 S894704238 Th0.100 24 [Folder: DEVA] - RLE compressed data (offset: 12534, size: 312)
0x1c, 0x15, 0xfe, 0x5e, 0x19, 0x1e, 0x1d, 0x19, 0x16, 0x19, 0xfe, 0x2e, 0x17, 0x1c, 0x1e, 0x14, 0x1a, 0x11, 0x15, 0x14, 0xfe, 0x25, 0x17, 0x1e, 0x1e, 0x16, 0x19, 0x22, 0x17, 0xde, 0x21, 0x26, 0x1e, 0x1c, 0x1b, 0x26, 0x11, 0x10, 0x12, 0xae, 0x12, 0x10, 0x11, 0x15, 0x2c, 0x1a, 0x1e, 0x1c, 0x25, 0x13, 0x12, 0x21, 0x3e, 0x18, 0x10, 0x2e, 0x15, 0x10, 0x21, 0x12, 0x16, 0x17, 0x1b, 0x1e, 0x1e, 0x18, 0x19, 0x14, 0x12, 0x15, 0x11, 0x20, 0x2e, 0x15, 0x1e, 0x24, 0x11, 0x10, 0x11, 0x22, 0x15, 0x18, 0x19, 0x1e, 0x2e, 0x1c, 0x1a, 0x26, 0x13, 0x11, 0x20, 0x14, 0x32, 0x11, 0x10, 0x12, 0x13, 0x16, 0x13, 0x18, 0x16, 0x2e, 0x2e, 0x1d, 0x1a, 0x16, 0x15, 0x13, 0x11, 0x20, 0x1a, 0x1c,
0x19, 0x16, 0x10, 0x21, 0x12, 0x17, 0x28, 0x1d, 0x2e, 0x3e, 0x1b, 0x26, 0x11, 0x12, 0x21, 0x17, 0x16, 0x17, 0x15, 0x21, 0x12, 0x36, 0x19, 0x1d, 0x2e, 0x4e, 0x14, 0x18, 0x14, 0x21, 0x1c, 0x10, 0x1b, 0x1d, 0x10, 0x1b, 0x11, 0x23, 0x16, 0x14, 0x4e, 0x3e, 0x1b, 0x1e, 0x15, 0x17, 0x14, 0x1c, 0x11, 0x15, 0x1d, 0x19, 0x15, 0x13, 0x17, 0x12, 0x29, 0x1e, 0x15, 0x3e, 0x5e, 0x19, 0x17, 0x1a, 0x2e, 0x1a, 0x16, 0x1a, 0x17, 0x2e, 0x1c, 0x18, 0x6e, 0x6e, 0x14, 0x1e, 0x18, 0x11, 0x1a, 0x17, 0x18, 0x26, 0x9e, 0x9e, 0x12, 0x19, 0x1a, 0x18, 0x16, 0xae, 0x6e, 0x1a, 0x19, 0x14, 0x17, 0x28, 0x16, 0x14, 0x15, 0x9e, 0x4e, 0x1b, 0x1c, 0x1e, 0x16, 0x18, 0x17, 0x19, 0x1d, 0x16, 0x18, 0x15,
0x17, 0x8e, 0x5e, 0x18, 0x19, 0x17, 0x18, 0x1b, 0x18, 0x1b, 0x16, 0x1a, 0x25, 0x19, 0x2e, 0x1b, 0x4e, 0x7e, 0x19, 0x18, 0x19, 0x1d, 0x18, 0x15, 0x1c, 0x17, 0x15, 0x1a, 0x16, 0x1b, 0x1c, 0x2d, 0x2e, 0x7e, 0x3b, 0x1d, 0x16, 0x18, 0x1c, 0x18, 0x15, 0x19, 0x1b, 0x1c, 0x5e, 0x6e, 0x1b, 0x18, 0x1b, 0x1f, 0x1d, 0x1b, 0x10, 0x1c, 0x1b, 0x3c, 0x6e, 0x3e, 0x1c, 0x15, 0x18, 0x19, 0x2d, 0x1b, 0x2c, 0x16, 0x15, 0x1d, 0x1c, 0x1d, 0x1c, 0x6e, 0x8e, 0x1d, 0x1c, 0x2d, 0x1f, 0x1a, 0x1c, 0x2d, 0x7e, 0x8e, 0x5d, 0x1f, 0x2c, 0x1d, 0x15, 0x6e,
// Compressed size: 312 bytes original pixels: 12544 uint16_t → ~25088 bytes uncompressed)

// DINGONEK / Dingonek Auraflow V0.3 000 S2423286001 Th0.100 24 [Folder: DINGONEK] - RLE compressed data (offset: 12846, size: 276)
0xfe, 0x9e, 0x9e, 0x23, 0x15, 0x11, 0x17, 0xae, 0x8e, 0x13, 0x12, 0x11, 0x13, 0x15, 0x16, 0x13, 0x17, 0x8e, 0x7e, 0x23, 0x11, 0x23, 0x17, 0x26, 0x15, 0x17, 0x7e, 0x6e, 0x13, 0x1c, 0x15, 0x13, 0x41, 0x12, 0x37, 0x6e, 0x6e, 0x13, 0x16, 0x12, 0x10, 0x11, 0x13, 0x15, 0x11, 0x12, 0x13, 0x16, 0x1d, 0x6e, 0x6e, 0x21, 0x13, 0x1a, 0x14, 0x10, 0x11, 0x1b, 0x15, 0x11, 0x1b, 0x1c, 0x1b, 0x2e, 0x1c, 0x2e, 0x6e, 0x15, 0x17, 0x11, 0x16, 0x18, 0x1a, 0x1b, 0x21, 0x13, 0x19, 0x12, 0x1b, 0x17, 0x11, 0x3e, 0x5e, 0x13, 0x10, 0x16, 0x13, 0x1b, 0x1d, 0x1c, 0x1a, 0x12, 0x14, 0x19, 0x1a, 0x16, 0x10, 0x11, 0x14, 0x3e, 0x5e, 0x29, 0x1b, 0x19, 0x1b, 0x1d, 0x16, 0x19, 0x1a, 0x1d, 0x18, 0x14,
0x1b, 0x1f, 0x1a, 0x4e, 0x5e, 0x19, 0x1a, 0x1c, 0x17, 0x2d, 0x17, 0x2d, 0x12, 0x1a, 0x12, 0x1c, 0x1d, 0x16, 0x4e, 0x4e, 0x13, 0x17, 0x16, 0x13, 0x3d, 0x1b, 0x1c, 0x1a, 0x18, 0x1a, 0x19, 0x1d, 0x2c, 0x4e, 0x2e, 0x1a, 0x1e, 0x13, 0x10, 0x11, 0x1a, 0x2c, 0x2d, 0x15, 0x28, 0x1d, 0x1b, 0x1c, 0x1a, 0x1b, 0x1c, 0x3e, 0x3e, 0x19, 0x15, 0x11, 0x16, 0x17, 0x1e, 0x1b, 0x2d, 0x1c, 0x12, 0x14, 0x2e, 0x19, 0x1a, 0x17, 0x1d, 0x3e, 0x3e, 0x1a, 0x19, 0x14, 0x19, 0x1c, 0x2e, 0x1c, 0x1d, 0x1f, 0x14, 0x1a, 0x4e, 0x1a, 0x1b, 0x17, 0x2e, 0x3e, 0x17, 0x1c, 0x1b, 0x12, 0x1a, 0x2e, 0x1d, 0x2e, 0x1b, 0x19, 0x4e, 0x27, 0x1b, 0x2e, 0x4e, 0x19, 0x1a, 0x28, 0xbe, 0x29, 0x15, 0x2e, 0x4e, 0x17,
0x1c, 0x14, 0x12, 0x9e, 0x12, 0x14, 0x15, 0x12, 0x14, 0x2e, 0x5e, 0x16, 0x13, 0x15, 0x20, 0x5e, 0x12, 0x1a, 0x13, 0x17, 0x1a, 0x14, 0x3e, 0x5e, 0x12, 0x26, 0x10, 0x29, 0x5e, 0x15, 0x1a, 0x2e, 0x1b, 0x3e, 0x5e, 0x15, 0x17, 0x19, 0x15, 0x1c, 0x10, 0xde, 0x6e, 0x19, 0x24, 0xfe, 0x7e, 0x11, 0xfe, 0x1e, 0xfe, 0x9e,
// Compressed size: 276 bytes original pixels: 12544 uint16_t → ~25088 bytes uncompressed)

// DOBBIE / Dobbie Auraflow V0.3 000 S3563330203 Th0.100 24 [Folder: DOBBIE] - RLE compressed data (offset: 13122, size: 250)
0xff, 0x9f, 0xff, 0x9f, 0xff, 0x9f, 0x5f, 0x18, 0x1f, 0x1c, 0x17, 0x28, 0x1c, 0x15, 0x14, 0x16, 0x9f, 0x5f, 0x17, 0x18, 0x14, 0x16, 0x11, 0x22, 0x11, 0x22, 0x15, 0x1e, 0x7f, 0x4f, 0x1d, 0x2a, 0x13, 0x1b, 0x12, 0x15, 0x12, 0x21, 0x12, 0x11, 0x15, 0x7f, 0x4f, 0x2e, 0x16, 0x11, 0x14, 0x19, 0x14, 0x15, 0x12, 0x23, 0x21, 0x12, 0x6f, 0x4f, 0x1e, 0x1a, 0x14, 0x13, 0x12, 0x1b, 0x16, 0x17, 0x12, 0x19, 0x16, 0x15, 0x12, 0x25, 0x5f, 0x4f, 0x2e, 0x14, 0x19, 0x14, 0x16, 0x19, 0x11, 0x18, 0x19, 0x14, 0x12, 0x23, 0x19, 0x5f, 0x3f, 0x15, 0x12, 0x18, 0x1a, 0x29, 0x17, 0x14, 0x16, 0x1d, 0x14, 0x19, 0x14, 0x19, 0x14, 0x15, 0x5f, 0x3f, 0x16, 0x12, 0x14, 0x1d, 0x16, 0x14, 0x19, 0x15,
0x2b, 0x14, 0x13, 0x1a, 0x12, 0x1a, 0x6f, 0x3f, 0x16, 0x13, 0x25, 0x18, 0x1a, 0x18, 0x19, 0x17, 0x18, 0x1c, 0x1f, 0x1a, 0x1d, 0x7f, 0x3f, 0x18, 0x14, 0x19, 0x1c, 0x1a, 0x1e, 0x18, 0x13, 0x14, 0x1e, 0x1b, 0x1f, 0x12, 0x19, 0x7f, 0x3f, 0x1b, 0x18, 0x13, 0x1a, 0x1e, 0x26, 0x2d, 0x1c, 0x1d, 0xaf, 0x3f, 0x2c, 0x16, 0x15, 0x1e, 0x1b, 0x15, 0x16, 0x1f, 0x1b, 0x18, 0xaf, 0x3f, 0x2e, 0x1b, 0x19, 0x2e, 0x19, 0x1b, 0x1f, 0x1c, 0x18, 0xaf, 0x3f, 0x1e, 0x1b, 0x1c, 0x1a, 0x1e, 0x1c, 0x1e, 0x15, 0x2f, 0x1b, 0xaf, 0x3f, 0x2e, 0x1b, 0x1d, 0x15, 0x2c, 0x12, 0x2f, 0x18, 0xaf, 0x3f, 0x1a, 0x1d, 0x1a, 0x1c, 0x1b, 0x12, 0x1a, 0x1b, 0x11, 0x1f, 0x2c, 0x17, 0x8f, 0x4f, 0x1a, 0x16, 0x1c,
0x18, 0x22, 0x19, 0x1c, 0x1a, 0x16, 0x17, 0x16, 0x8f, 0x4f, 0x1a, 0x16, 0x17, 0x1c, 0x1e, 0x1b, 0x13, 0x15, 0xcf, 0x9f, 0x12, 0xef, 0xff, 0x9f, 0xff, 0x9f,
// Compressed size: 250 bytes original pixels: 12544 uint16_t → ~25088 bytes uncompressed)

// DOBHRAN / Dobhran Auraflow V0.3 000 S2071196924 Th0.100 24 [Folder: DOBHRAN] - RLE compressed data (offset: 13372, size: 322)
0xfe, 0x9e, 0xde, 0x16, 0xae, 0xae, 0x17, 0x2c, 0x15, 0x1d, 0x15, 0x1d, 0x11, 0x16, 0x5e, 0x7e, 0x10, 0x1b, 0x1c, 0x1d, 0x19, 0x1a, 0x18, 0x1a, 0x14, 0x1b, 0x1c, 0x14, 0x15, 0x4e, 0x7e, 0x23, 0x1d, 0x18, 0x2b, 0x28, 0x17, 0x1d, 0x12, 0x14, 0x1a, 0x4e, 0x6e, 0x10, 0x15, 0x1d, 0x16, 0x19, 0x1f, 0x1d, 0x1f, 0x14, 0x1f, 0x1c, 0x13, 0x3b, 0x3e, 0x5e, 0x11, 0x1b, 0x14, 0x15, 0x1d, 0x2a, 0x1c, 0x1f, 0x1d, 0x1f, 0x19, 0x1d, 0x1f, 0x14, 0x17, 0x12, 0x2e, 0x5e, 0x19, 0x14, 0x1b, 0x1f, 0x1c, 0x17, 0x2d, 0x1f, 0x1d, 0x1f, 0x1d, 0x10, 0x11, 0x1b, 0x22, 0x2e, 0x4e, 0x17, 0x2d, 0x3f, 0x2c, 0x2d, 0x12, 0x1d, 0x1f, 0x1d, 0x1c, 0x1a, 0x1b, 0x3e, 0x3e, 0x10, 0x18, 0x15, 0x2c, 0x1f,
0x1c, 0x1f, 0x15, 0x1c, 0x3f, 0x1d, 0x1f, 0x11, 0x16, 0x15, 0x3e, 0x4e, 0x14, 0x19, 0x1d, 0x1f, 0x17, 0x2d, 0x1f, 0x17, 0x18, 0x1d, 0x1b, 0x2d, 0x27, 0x16, 0x3e, 0x3e, 0x17, 0x1f, 0x1c, 0x1a, 0x15, 0x14, 0x1d, 0x19, 0x17, 0x1c, 0x1d, 0x2c, 0x1d, 0x1f, 0x19, 0x5e, 0x1e, 0x20, 0x1a, 0x2f, 0x27, 0x14, 0x15, 0x1f, 0x19, 0x1d, 0x1c, 0x1f, 0x1a, 0x8e, 0x1e, 0x10, 0x11, 0x15, 0x1f, 0x1b, 0x17, 0x18, 0x1d, 0x1b, 0x1c, 0x1d, 0x17, 0x1a, 0x12, 0x9e, 0x2e, 0x1b, 0x15, 0x1d, 0x17, 0x23, 0x1d, 0x19, 0x17, 0x31, 0x17, 0x13, 0x25, 0x1b, 0x18, 0x4e, 0x1e, 0x10, 0x23, 0x1b, 0x15, 0x13, 0x17, 0x1d, 0x1c, 0x20, 0x31, 0x14, 0x13, 0x10, 0x12, 0x15, 0x1c, 0x14, 0x10, 0x1e, 0x1e, 0x10,
0x15, 0x16, 0x18, 0x15, 0x17, 0x15, 0x1f, 0x1d, 0x50, 0x22, 0x1a, 0x20, 0x12, 0x19, 0x2e, 0x1e, 0x10, 0x13, 0x1d, 0x1b, 0x19, 0x15, 0x13, 0x1b, 0x1d, 0x1a, 0x11, 0x30, 0x11, 0x37, 0x13, 0x11, 0x27, 0x1e, 0x1e, 0x11, 0x1a, 0x1c, 0x2d, 0x1b, 0x17, 0x14, 0x1a, 0x17, 0x1d, 0x1b, 0x25, 0x1a, 0x19, 0x14, 0x12, 0x13, 0x15, 0x17, 0x11, 0x1e, 0x2e, 0x10, 0x14, 0x1f, 0x19, 0x18, 0x25, 0x17, 0x13, 0x14, 0x16, 0x39, 0x23, 0x15, 0x5e, 0x3e, 0x11, 0x17, 0x2c, 0x1a, 0x1b, 0x19, 0x17, 0x15, 0x17, 0x14, 0x17, 0x12, 0x8e, 0x4e, 0x14, 0x17, 0x16, 0x17, 0x1b, 0x26, 0x13, 0xce, 0xfe, 0x9e, 0xfe, 0x9e,
// Compressed size: 322 bytes original pixels: 12544 uint16_t → ~25088 bytes uncompressed)

// DOLOR / Dolor Auraflow V0.3 000 S1805371442 Th0.100 24 [Folder: DOLOR] - RLE compressed data (offset: 13694, size: 153)
0xfe, 0x9e, 0xbe, 0x1a, 0x16, 0xbe, 0x6e, 0x11, 0x10, 0x18, 0x1e, 0x2b, 0x18, 0x16, 0xae, 0x6e, 0x12, 0x1d, 0x1a, 0x10, 0x18, 0x1e, 0x1d, 0x14, 0xae, 0x6e, 0x11, 0x12, 0x14, 0x13, 0x1e, 0x1a, 0x1c, 0x10, 0x18, 0x9e, 0x7e, 0x15, 0x10, 0x2e, 0x1c, 0x10, 0x1c, 0x13, 0x9e, 0xbe, 0x1b, 0x1e, 0x13, 0xae, 0xae, 0x1c, 0x2e, 0x24, 0x9e, 0x6e, 0x12, 0x19, 0x1c, 0x15, 0x3e, 0x1b, 0x1a, 0x9e, 0x6e, 0x22, 0x13, 0x5e, 0x11, 0x9e, 0x7e, 0x1a, 0x1d, 0x5e, 0x12, 0x9e, 0x7e, 0x1d, 0x5e, 0x1a, 0x17, 0x13, 0x8e, 0x7e, 0x18, 0x4e, 0x10, 0x16, 0xae, 0x8e, 0x17, 0x3e, 0x11, 0xbe, 0x6e, 0x17, 0x5e, 0x10, 0xbe, 0x6e, 0x16, 0x1e, 0x1b, 0xfe, 0x6e, 0x1f, 0x4e, 0x14, 0x11, 0xbe, 0xbe, 0x14,
0x1c, 0x2e, 0x1b, 0x8e, 0x5e, 0x16, 0x6e, 0x20, 0x1e, 0x12, 0x8e, 0x4e, 0x19, 0x9e, 0x17, 0x18, 0x8e, 0x4e, 0x19, 0x8e, 0x11, 0x1f, 0x1a, 0x8e, 0x4e, 0x1c, 0x4e, 0x1a, 0x15, 0x1a, 0x1c, 0x17, 0x1d, 0x1a, 0x8e, 0x3e, 0x1c, 0xfe, 0x5e, 0xfe, 0x9e,
// Compressed size: 153 bytes original pixels: 12544 uint16_t → ~25088 bytes uncompressed)

// DOMOVOI / Domovoi Auraflow V0.3 000 S3311252536 Th0.100 24 [Folder: DOMOVOI] - RLE compressed data (offset: 13847, size: 213)
0xfe, 0x9e, 0xfe, 0x9e, 0xfe, 0x9e, 0x7e, 0x11, 0x1e, 0x11, 0x16, 0x1a, 0xce, 0x4e, 0x12, 0x1e, 0x10, 0x21, 0x13, 0x16, 0x14, 0x13, 0x11, 0x12, 0x9e, 0x4e, 0x1f, 0x11, 0x14, 0x20, 0x11, 0x12, 0x18, 0x24, 0x29, 0x8e, 0x4e, 0x15, 0x11, 0x12, 0x19, 0x10, 0x17, 0x14, 0x16, 0x14, 0x17, 0x28, 0x1a, 0x7e, 0x4e, 0x20, 0x11, 0x13, 0x14, 0x1a, 0x13, 0x15, 0x1c, 0x19, 0x15, 0x11, 0x16, 0x1b, 0x6e, 0x3e, 0x17, 0x10, 0x12, 0x24, 0x12, 0x17, 0x12, 0x2c, 0x15, 0x11, 0x15, 0x26, 0x6e, 0x4e, 0x12, 0x15, 0x17, 0x26, 0x1a, 0x1d, 0x18, 0x1b, 0x14, 0x12, 0x27, 0x1b, 0x6e, 0x6e, 0x1b, 0x1e, 0x17, 0x1c, 0x1b, 0x1c, 0x1a, 0x1b, 0x13, 0x15, 0x18, 0x2a, 0x5e, 0x6e, 0x12, 0x2e, 0x19, 0x1b,
0x19, 0x16, 0x2b, 0x13, 0x16, 0x1a, 0x19, 0x5e, 0x9e, 0x12, 0x16, 0x19, 0x16, 0x2b, 0x16, 0x13, 0x26, 0x5e, 0x9e, 0x29, 0x1f, 0x18, 0x1c, 0x16, 0x19, 0x11, 0x16, 0x1a, 0x5e, 0x9e, 0x13, 0x1c, 0x1f, 0x19, 0x1b, 0x19, 0x14, 0x11, 0x16, 0x18, 0x5e, 0x9e, 0x12, 0x19, 0x4c, 0x11, 0x13, 0x14, 0x1c, 0x5e, 0x9e, 0x11, 0x27, 0x1a, 0x2c, 0x12, 0x15, 0x1a, 0x1f, 0x5e, 0xae, 0x15, 0x18, 0x3c, 0x1f, 0x17, 0x13, 0x6e, 0xae, 0x10, 0x17, 0x4c, 0x15, 0x19, 0x6e, 0x7e, 0x17, 0x14, 0x17, 0x1b, 0x14, 0x1b, 0x1e, 0x10, 0x13, 0x14, 0x16, 0x15, 0x5e, 0xde, 0x14, 0x17, 0x16, 0x15, 0x7e, 0xfe, 0x9e, 0xfe, 0x9e, 0xfe, 0x9e,
// Compressed size: 213 bytes original pixels: 12544 uint16_t → ~25088 bytes uncompressed)

// DOPPELGANGER / Doppelganger Auraflow V0.3 000 S3756026953 Th0.100 24 [Folder: DOPPELGANGER] - RLE compressed data (offset: 14060, size: 269)
0xf0, 0x90, 0xf0, 0x90, 0xf0, 0x90, 0x30, 0x1f, 0x80, 0x25, 0xa0, 0x30, 0x11, 0x1a, 0x60, 0x17, 0x12, 0x15, 0x17, 0x90, 0x30, 0x13, 0x14, 0x1a, 0x40, 0x13, 0x1a, 0x12, 0x15, 0x1e, 0x17, 0x80, 0x20, 0x1f, 0x13, 0x11, 0x13, 0x30, 0x13, 0x1a, 0x1c, 0x2d, 0x1f, 0x1d, 0x15, 0x70, 0x30, 0x13, 0x21, 0x30, 0x1a, 0x1c, 0x2f, 0x16, 0x1f, 0x1c, 0x1e, 0x17, 0x60, 0x30, 0x13, 0x21, 0x20, 0x12, 0x1c, 0x19, 0x2f, 0x1a, 0x1d, 0x1f, 0x1a, 0x1c, 0x60, 0x20, 0x12, 0x13, 0x21, 0x20, 0x14, 0x1c, 0x29, 0x1e, 0x3f, 0x18, 0x1e, 0x60, 0x20, 0x1d, 0x11, 0x1a, 0x14, 0x11, 0x24, 0x1d, 0x19, 0x1c, 0x2f, 0x1e, 0x2f, 0x19, 0x60, 0x20, 0x1c, 0x13, 0x34, 0x11, 0x1c, 0x10, 0x1a, 0x13, 0x2d, 0x1f,
0x1c, 0x17, 0x1f, 0x60, 0x20, 0x15, 0x13, 0x14, 0x20, 0x14, 0x1f, 0x16, 0x15, 0x1c, 0x1f, 0x2d, 0x19, 0x15, 0x1c, 0x60, 0x30, 0x13, 0x30, 0x13, 0x10, 0x16, 0x18, 0x1d, 0x1f, 0x1d, 0x19, 0x27, 0x1f, 0x17, 0x50, 0x20, 0x15, 0x16, 0x30, 0x1a, 0x10, 0x13, 0x1c, 0x1f, 0x19, 0x1c, 0x1f, 0x1e, 0x19, 0x1e, 0x60, 0x20, 0x15, 0x12, 0x30, 0x1b, 0x10, 0x11, 0x2f, 0x1d, 0x10, 0x19, 0x10, 0x19, 0x1e, 0x60, 0x20, 0x25, 0x20, 0x1a, 0x1f, 0x10, 0x1f, 0x17, 0x29, 0x18, 0x1f, 0x20, 0x1f, 0x60, 0x20, 0x17, 0x15, 0x10, 0x1a, 0x1f, 0x20, 0x1f, 0x1c, 0x20, 0x17, 0x1e, 0x10, 0x15, 0x1c, 0x60, 0x20, 0x25, 0x10, 0x1d, 0x30, 0x28, 0x20, 0x18, 0x1d, 0x20, 0x1c, 0x60, 0x20, 0x1c, 0x15, 0x30,
0x1c, 0x10, 0x18, 0x1d, 0x30, 0x17, 0x1c, 0x10, 0x1c, 0x60, 0x20, 0x15, 0x12, 0x40, 0x25, 0x19, 0x15, 0x20, 0x18, 0x2c, 0x15, 0x17, 0x50, 0x20, 0x18, 0x19, 0x16, 0x20, 0x1c, 0x60, 0x12, 0x17, 0x1c, 0x19, 0x18, 0x50, 0x20, 0x12, 0x18, 0x10, 0x1c, 0xf0, 0x30, 0xf0, 0x90,
// Compressed size: 269 bytes original pixels: 12544 uint16_t → ~25088 bytes uncompressed)

// DRACOLICH / Dracolich Auraflow V0.3 000 S3614650088 Th0.100 24 [Folder: DRACOLICH] - RLE compressed data (offset: 14329, size: 276)
0xfe, 0x9e, 0xee, 0x1c, 0x9e, 0x8e, 0x14, 0x15, 0x4e, 0x11, 0x1e, 0x17, 0x1e, 0x1a, 0x5e, 0x5e, 0x19, 0x18, 0x1b, 0x7e, 0x19, 0x1d, 0x13, 0x17, 0x5e, 0x3e, 0x18, 0x2a, 0x1b, 0x1a, 0x7e, 0x10, 0x16, 0x1a, 0x16, 0x17, 0x4e, 0x1e, 0x16, 0x18, 0x16, 0x14, 0x1b, 0x15, 0x16, 0x7e, 0x18, 0x1d, 0x1c, 0x12, 0x2d, 0x3e, 0x13, 0x1e, 0x15, 0x18, 0x1b, 0x25, 0x14, 0x1a, 0x5e, 0x11, 0x1a, 0x12, 0x1d, 0x14, 0x3d, 0x2e, 0x1e, 0x13, 0x16, 0x14, 0x19, 0x12, 0x18, 0x1b, 0x17, 0x1b, 0x2e, 0x1f, 0x2d, 0x1c, 0x1d, 0x1a, 0x4d, 0x2e, 0x15, 0x14, 0x28, 0x14, 0x15, 0x19, 0x1a, 0x15, 0x17, 0x16, 0x1b, 0x19, 0x18, 0x13, 0x11, 0x1d, 0x1e, 0x1b, 0x1d, 0x4e, 0x15, 0x1a, 0x14, 0x17, 0x12, 0x1a,
0x19, 0x1b, 0x15, 0x18, 0x19, 0x1c, 0x18, 0x1d, 0x1c, 0x19, 0x12, 0x2e, 0x12, 0x14, 0x3e, 0x13, 0x16, 0x12, 0x13, 0x15, 0x12, 0x19, 0x14, 0x19, 0x13, 0x1b, 0x2c, 0x1a, 0x1c, 0x1d, 0x1c, 0x10, 0x2e, 0x1c, 0x3e, 0x1e, 0x18, 0x14, 0x13, 0x22, 0x1a, 0x12, 0x2e, 0x11, 0x1c, 0x19, 0x18, 0x29, 0x1c, 0x7e, 0x1e, 0x16, 0x17, 0x1a, 0x12, 0x1e, 0x10, 0x2e, 0x13, 0x1c, 0x1a, 0x1d, 0x1a, 0x19, 0x3e, 0x16, 0x5e, 0x1e, 0x16, 0x22, 0x19, 0x3e, 0x10, 0x15, 0x19, 0x1a, 0x15, 0x1c, 0x18, 0x11, 0x10, 0x7e, 0x1e, 0x15, 0x3e, 0x1b, 0x1e, 0x13, 0x19, 0x1c, 0x2b, 0x10, 0x3e, 0x1a, 0x1b, 0x10, 0x5e, 0x5e, 0x14, 0x13, 0x18, 0x19, 0x2d, 0x18, 0x13, 0x16, 0x13, 0x3e, 0x17, 0x1e, 0x17, 0x3e,
0x4e, 0x13, 0x10, 0x1e, 0x18, 0x1e, 0x1b, 0x19, 0x1e, 0x14, 0x1c, 0x1e, 0x1c, 0x8e, 0x3e, 0x10, 0x11, 0x1e, 0x19, 0x10, 0x2e, 0x1b, 0x4e, 0x11, 0x8e, 0x3e, 0x10, 0x1e, 0x1b, 0x4e, 0x18, 0x1e, 0x1c, 0x2e, 0x1c, 0x1a, 0x7e, 0x5e, 0x2b, 0x4e, 0x1b, 0xce, 0xbe, 0x19, 0x14, 0xbe, 0xfe, 0x9e, 0xfe, 0x9e, 0xfe, 0x9e,
// Compressed size: 276 bytes original pixels: 12544 uint16_t → ~25088 bytes uncompressed)

// DRAGON / Dragon Auraflow V0.3 000 S1959400188 Th0.100 24 [Folder: DRAGON] - RLE compressed data (offset: 14605, size: 283)
0xf1, 0x91, 0xc1, 0x1e, 0x15, 0xa1, 0x61, 0x13, 0x15, 0x18, 0x13, 0x51, 0x1d, 0x81, 0x61, 0x18, 0x1c, 0x71, 0x1e, 0x18, 0x1c, 0x61, 0x41, 0x1c, 0x1e, 0x1c, 0x14, 0x81, 0x3e, 0x17, 0x41, 0x31, 0x1f, 0x1c, 0x1b, 0x1e, 0x19, 0x81, 0x19, 0x1c, 0x16, 0x1e, 0x1c, 0x31, 0x11, 0x28, 0x1c, 0x18, 0x19, 0x1c, 0x16, 0x81, 0x18, 0x1b, 0x1f, 0x2c, 0x18, 0x12, 0x11, 0x14, 0x1e, 0x1c, 0x18, 0x17, 0x19, 0x1c, 0x18, 0x21, 0x15, 0x1a, 0x31, 0x1a, 0x16, 0x19, 0x1b, 0x1a, 0x17, 0x19, 0x13, 0x11, 0x13, 0x1e, 0x18, 0x27, 0x1b, 0x1e, 0x1b, 0x1a, 0x21, 0x19, 0x31, 0x1b, 0x1e, 0x1f, 0x1c, 0x16, 0x17, 0x18, 0x19, 0x13, 0x16, 0x18, 0x19, 0x13, 0x18, 0x2a, 0x1b, 0x18, 0x1b, 0x15, 0x16, 0x1f,
0x15, 0x1e, 0x2b, 0x15, 0x19, 0x26, 0x17, 0x19, 0x15, 0x1b, 0x1c, 0x18, 0x14, 0x1a, 0x19, 0x1a, 0x16, 0x1b, 0x29, 0x1d, 0x1c, 0x1f, 0x17, 0x1a, 0x12, 0x16, 0x1a, 0x14, 0x13, 0x1b, 0x19, 0x17, 0x12, 0x19, 0x15, 0x11, 0x13, 0x1b, 0x15, 0x11, 0x13, 0x1b, 0x1c, 0x1d, 0x17, 0x1f, 0x1a, 0x11, 0x12, 0x13, 0x15, 0x11, 0x12, 0x14, 0x19, 0x17, 0x15, 0x1e, 0x13, 0x21, 0x17, 0x31, 0x28, 0x1b, 0x19, 0x17, 0x12, 0x31, 0x17, 0x21, 0x12, 0x19, 0x14, 0x11, 0x18, 0x12, 0x51, 0x18, 0x1d, 0x1c, 0x17, 0x15, 0x1f, 0x16, 0x12, 0x61, 0x19, 0x13, 0x11, 0x12, 0x16, 0x11, 0x16, 0x14, 0x13, 0x1a, 0x18, 0x1b, 0x14, 0x1d, 0x1a, 0x19, 0x2d, 0x61, 0x1f, 0x11, 0x21, 0x25, 0x1c, 0x16, 0x17, 0x19,
0x17, 0x1b, 0x11, 0x1d, 0x1a, 0x16, 0x19, 0x1c, 0x51, 0x14, 0x15, 0x11, 0x61, 0x19, 0x1b, 0x31, 0x15, 0x21, 0x1b, 0x1c, 0x18, 0x21, 0x12, 0x16, 0x13, 0x21, 0x61, 0x1d, 0x11, 0x1b, 0x21, 0x15, 0x31, 0x14, 0x1e, 0x18, 0x1b, 0x1c, 0x1e, 0x31, 0x91, 0x14, 0x41, 0x19, 0x21, 0x18, 0x13, 0x51, 0xf1, 0x1f, 0x81, 0xf1, 0x91, 0xf1, 0x91, 0xf1, 0x91, 0xf1, 0x91,
// Compressed size: 283 bytes original pixels: 12544 uint16_t → ~25088 bytes uncompressed)

// DRAKE / Drake Auraflow V0.3 000 S2145938515 Th0.100 24 [Folder: DRAKE] - RLE compressed data (offset: 14888, size: 155)
0xfe, 0x9e, 0xfe, 0x9e, 0xfe, 0x9e, 0xfe, 0x9e, 0xfe, 0x9e, 0xfe, 0x9e, 0xde, 0x13, 0xae, 0xae, 0x14, 0x16, 0x13, 0x21, 0x10, 0x13, 0x1e, 0x11, 0x5e, 0x9e, 0x43, 0x14, 0x15, 0x13, 0x11, 0x7e, 0x8e, 0x11, 0x10, 0x11, 0x13, 0x18, 0x1c, 0x18, 0x12, 0x18, 0x13, 0x6e, 0x7e, 0x17, 0x20, 0x1f, 0x16, 0x2c, 0x14, 0x1a, 0x16, 0x14, 0x16, 0x5e, 0x6e, 0x10, 0x15, 0x11, 0x1d, 0x12, 0x16, 0x1a, 0x19, 0x1d, 0x1a, 0x2d, 0x1c, 0x5e, 0x6e, 0x21, 0x1d, 0x14, 0x1b, 0x15, 0x19, 0x1c, 0x1d, 0x26, 0x13, 0x27, 0x16, 0x3e, 0x6e, 0x1d, 0x14, 0x1f, 0x28, 0x17, 0x19, 0x1a, 0x1b, 0x2a, 0x15, 0x11, 0x18, 0x17, 0x3e, 0x6e, 0x1f, 0x16, 0x18, 0x2e, 0x17, 0x19, 0x4e, 0x1d, 0x1a, 0x16, 0x4e, 0x6e,
0x19, 0x1a, 0x3e, 0x2b, 0x4e, 0x1a, 0x2d, 0x4e, 0xbe, 0x1b, 0x19, 0x4e, 0x1b, 0x1a, 0x5e, 0x8e, 0x16, 0x19, 0x17, 0x16, 0x5e, 0x18, 0x1d, 0x5e, 0xfe, 0x14, 0x26, 0x1b, 0x5e, 0xee, 0x15, 0x17, 0x1e, 0x12, 0x6e, 0xfe, 0x9e, 0xfe, 0x9e, 0xfe, 0x9e, 0xfe, 0x9e,
// Compressed size: 155 bytes original pixels: 12544 uint16_t → ~25088 bytes uncompressed)

// DRAUGR / Draugr Auraflow V0.3 000 S3603437481 Th0.100 24 [Folder: DRAUGR] - RLE compressed data (offset: 15043, size: 197)
0xfe, 0x9e, 0xfe, 0x9e, 0xfe, 0x9e, 0xce, 0x13, 0x10, 0xae, 0xbe, 0x13, 0x25, 0x13, 0x9e, 0xae, 0x10, 0x11, 0x1b, 0x16, 0x13, 0x9e, 0x8e, 0x10, 0x19, 0x3c, 0x1b, 0x24, 0x8e, 0x8e, 0x19, 0x1d, 0x1f, 0x1b, 0x27, 0x1b, 0x10, 0x19, 0x7e, 0x7e, 0x17, 0x18, 0x1d, 0x2c, 0x18, 0x16, 0x2f, 0x8e, 0x6e, 0x15, 0x19, 0x1c, 0x1d, 0x1a, 0x15, 0x1b, 0x28, 0x29, 0x7e, 0x6e, 0x11, 0x2e, 0x2d, 0x1c, 0x1d, 0x12, 0x1d, 0x1c, 0x1f, 0x10, 0x6e, 0x6e, 0x1f, 0x15, 0x17, 0x1c, 0x17, 0x2d, 0x17, 0x18, 0x1d, 0x34, 0x5e, 0x5e, 0x11, 0x25, 0x1e, 0x1c, 0x2b, 0x1a, 0x1c, 0x2d, 0x1a, 0x11, 0x16, 0x5e, 0x5e, 0x1f, 0x3e, 0x1c, 0x1a, 0x3d, 0x1c, 0x1b, 0x19, 0x14, 0x11, 0x5e, 0x4e, 0x28, 0x1e, 0x13,
0x17, 0x15, 0x1a, 0x16, 0x17, 0x1a, 0x1b, 0x13, 0x1e, 0x19, 0x11, 0x14, 0x4e, 0x4e, 0x15, 0x3e, 0x1a, 0x13, 0x1c, 0x17, 0x1a, 0x1c, 0x18, 0x16, 0x13, 0x19, 0x10, 0x12, 0x4e, 0x4e, 0x27, 0x2e, 0x10, 0x16, 0x1d, 0x1c, 0x29, 0x1d, 0x1f, 0x1e, 0x18, 0x10, 0x11, 0x4e, 0x5e, 0x19, 0x2e, 0x13, 0x1c, 0x1d, 0x1c, 0x16, 0x13, 0x1c, 0x17, 0x14, 0x1e, 0x14, 0x10, 0x4e, 0x3e, 0x15, 0x1a, 0x2e, 0x17, 0x19, 0x1c, 0x8e, 0x19, 0x18, 0x4e, 0x3e, 0x13, 0x3e, 0x19, 0x1a, 0xfe, 0xfe, 0x9e, 0xfe, 0x9e, 0xfe, 0x9e, 0xfe, 0x9e,
// Compressed size: 197 bytes original pixels: 12544 uint16_t → ~25088 bytes uncompressed)

// DRYAD / Dryad Auraflow V0.3 000 S666512973 Th0.100 24 [Folder: DRYAD] - RLE compressed data (offset: 15240, size: 203)
0xff, 0x9f, 0xff, 0x9f, 0xff, 0x9f, 0xdf, 0x1a, 0xaf, 0xbf, 0x26, 0x1c, 0x10, 0x13, 0x8f, 0xbf, 0x16, 0x2e, 0x11, 0x19, 0x8f, 0x9f, 0x16, 0x2d, 0x1c, 0x12, 0xaf, 0x9f, 0x1a, 0x1c, 0x1e, 0x1d, 0x17, 0xaf, 0x8f, 0x24, 0x1e, 0x18, 0x1e, 0x17, 0xaf, 0x8f, 0x15, 0x18, 0x1d, 0x1f, 0x2c, 0x18, 0x9f, 0xcf, 0x19, 0x1c, 0x1f, 0x18, 0x13, 0x7f, 0x9f, 0x16, 0x2f, 0x1c, 0x16, 0x2f, 0x19, 0x10, 0x6f, 0xbf, 0x19, 0x1a, 0x12, 0x4f, 0x19, 0x5f, 0xaf, 0x18, 0x1e, 0x1a, 0x12, 0xaf, 0x8f, 0x10, 0x13, 0x14, 0x1e, 0x1d, 0x18, 0xaf, 0x6f, 0x13, 0x10, 0x15, 0x1a, 0x1d, 0x1e, 0x18, 0x14, 0x16, 0x9f, 0x5f, 0x15, 0x17, 0x10, 0x19, 0x15, 0x19, 0x1d, 0x1c, 0x29, 0x10, 0x8f, 0x5f, 0x16, 0x15,
0x11, 0x17, 0x1f, 0x1b, 0x12, 0x1d, 0x1c, 0x1d, 0x22, 0x7f, 0x5f, 0x11, 0x1f, 0x17, 0x13, 0x1a, 0x14, 0x1b, 0x1a, 0x3b, 0x14, 0x20, 0x15, 0x4f, 0x5f, 0x13, 0x1f, 0x14, 0x13, 0x14, 0x1f, 0x15, 0x29, 0x1d, 0x1c, 0x27, 0x12, 0x23, 0x15, 0x2f, 0x5f, 0x1e, 0x18, 0x13, 0x24, 0x1f, 0x14, 0x1f, 0x19, 0x1f, 0x1c, 0x18, 0x19, 0x12, 0x13, 0x16, 0x15, 0x18, 0x1f, 0x6f, 0x1e, 0x16, 0x13, 0x2f, 0x1c, 0x3f, 0x14, 0x28, 0x29, 0x11, 0x14, 0x18, 0x1f, 0x7f, 0x2e, 0x1a, 0x1f, 0x1a, 0x12, 0x5f, 0x17, 0x15, 0x4f, 0x9f, 0x1e, 0x2c, 0x18, 0x16, 0x1a, 0x18, 0x8f,
// Compressed size: 203 bytes original pixels: 12544 uint16_t → ~25088 bytes uncompressed)

// DUERGAR / Duergar Auraflow V0.3 000 S1156301299 Th0.100 24 [Folder: DUERGAR] - RLE compressed data (offset: 15443, size: 374)
0xf6, 0x96, 0x86, 0x11, 0x10, 0x19, 0xd6, 0x76, 0x11, 0x20, 0x11, 0xd6, 0x66, 0x18, 0x11, 0x13, 0x11, 0x27, 0x13, 0x11, 0x19, 0x1a, 0x11, 0x2a, 0x56, 0x66, 0x1b, 0x17, 0x21, 0x13, 0x11, 0x17, 0x29, 0x13, 0x1a, 0x19, 0x1b, 0x1a, 0x46, 0x16, 0x1b, 0x46, 0x18, 0x13, 0x11, 0x18, 0x23, 0x2d, 0x17, 0x13, 0x2b, 0x23, 0x17, 0x36, 0x16, 0x1a, 0x13, 0x36, 0x27, 0x12, 0x15, 0x17, 0x1d, 0x13, 0x1d, 0x28, 0x17, 0x1e, 0x17, 0x19, 0x23, 0x26, 0x16, 0x28, 0x36, 0x17, 0x14, 0x17, 0x1c, 0x18, 0x17, 0x1d, 0x1a, 0x57, 0x13, 0x10, 0x19, 0x13, 0x16, 0x16, 0x1a, 0x14, 0x46, 0x12, 0x28, 0x19, 0x18, 0x1e, 0x18, 0x1a, 0x28, 0x17, 0x19, 0x17, 0x1e, 0x1f, 0x18, 0x16, 0x16, 0x1b, 0x15, 0x36,
0x1b, 0x1f, 0x1c, 0x28, 0x2d, 0x28, 0x27, 0x1a, 0x2d, 0x1e, 0x1f, 0x1b, 0x1d, 0x16, 0x1e, 0x15, 0x46, 0x1e, 0x1c, 0x14, 0x2d, 0x18, 0x1b, 0x1d, 0x15, 0x1e, 0x1d, 0x1b, 0x18, 0x1e, 0x1a, 0x1d, 0x16, 0x66, 0x1d, 0x15, 0x1e, 0x1c, 0x1d, 0x2e, 0x14, 0x1c, 0x2d, 0x22, 0x1b, 0x19, 0x1a, 0x1d, 0x16, 0x36, 0x12, 0x26, 0x1b, 0x17, 0x3c, 0x12, 0x25, 0x1c, 0x3d, 0x18, 0x17, 0x13, 0x1f, 0x1d, 0x16, 0x36, 0x14, 0x1b, 0x2d, 0x18, 0x2d, 0x14, 0x15, 0x12, 0x25, 0x2c, 0x1d, 0x17, 0x1a, 0x13, 0x19, 0x1e, 0x16, 0x36, 0x14, 0x15, 0x19, 0x17, 0x1c, 0x1f, 0x1e, 0x13, 0x1d, 0x25, 0x1c, 0x1b, 0x1c, 0x10, 0x17, 0x13, 0x2b, 0x1e, 0x16, 0x16, 0x19, 0x18, 0x12, 0x25, 0x17, 0x18, 0x1c, 0x1d,
0x1f, 0x1e, 0x18, 0x13, 0x10, 0x11, 0x17, 0x1a, 0x18, 0x1a, 0x19, 0x27, 0x16, 0x16, 0x2a, 0x11, 0x24, 0x1d, 0x1b, 0x18, 0x1f, 0x1b, 0x18, 0x10, 0x13, 0x19, 0x27, 0x11, 0x1d, 0x17, 0x1e, 0x1a, 0x1b, 0x1e, 0x16, 0x1a, 0x17, 0x15, 0x14, 0x15, 0x1c, 0x18, 0x15, 0x1c, 0x27, 0x1b, 0x17, 0x1d, 0x18, 0x3a, 0x1d, 0x2a, 0x18, 0x1e, 0x16, 0x18, 0x2c, 0x12, 0x14, 0x12, 0x24, 0x15, 0x1c, 0x13, 0x17, 0x28, 0x1d, 0x1e, 0x1d, 0x13, 0x19, 0x1d, 0x1e, 0x17, 0x1e, 0x18, 0x1d, 0x1f, 0x14, 0x22, 0x10, 0x22, 0x15, 0x18, 0x15, 0x1a, 0x18, 0x19, 0x1a, 0x1e, 0x1a, 0x19, 0x1a, 0x19, 0x1f, 0x2e, 0x1b, 0x17, 0x10, 0x22, 0x15, 0x30, 0x15, 0x14, 0x15, 0x1a, 0x1c, 0x18, 0x23, 0x17, 0x13, 0x41,
0x19, 0x16, 0x13, 0x47, 0x14, 0x12, 0x23, 0x19, 0x21, 0x53, 0x11, 0x23, 0x2e, 0x1d, 0x66, 0x1d, 0x13, 0x1b, 0x13, 0x2f, 0x27, 0x1e, 0x2a, 0x1f, 0x1b, 0x17, 0x1f, 0x1a, 0x1f, 0x1d, 0x76, 0x4f, 0x1d, 0x1b, 0x17, 0x1d, 0x1e, 0x8f,
// Compressed size: 374 bytes original pixels: 12544 uint16_t → ~25088 bytes uncompressed)

// DULLAHAN / Dullahan Auraflow V0.3 000 S2247841765 Th0.100 24 [Folder: DULLAHAN] - RLE compressed data (offset: 15817, size: 221)
0xfe, 0x9e, 0xce, 0x16, 0x1a, 0xae, 0xbe, 0x1c, 0x27, 0x16, 0x9e, 0x6e, 0x17, 0x13, 0x4e, 0x13, 0x2d, 0x1e, 0x1d, 0x7e, 0x5e, 0x14, 0x1d, 0x13, 0x17, 0x1c, 0x2d, 0x1e, 0x16, 0x10, 0x1e, 0x16, 0x19, 0x6e, 0x5e, 0x1a, 0x1e, 0x1c, 0x14, 0x3c, 0x2e, 0x1c, 0x1e, 0x11, 0x1d, 0x6e, 0x4e, 0x1b, 0x17, 0x1e, 0x13, 0x2c, 0x1a, 0x1c, 0x15, 0x2e, 0x15, 0x12, 0x7e, 0x7e, 0x1b, 0x19, 0x1d, 0x16, 0x12, 0x1d, 0x2e, 0x1b, 0x8e, 0x5e, 0x14, 0x1e, 0x11, 0x1a, 0x12, 0x1a, 0x19, 0x3e, 0x1c, 0x3e, 0x19, 0x4e, 0x3e, 0x14, 0x4e, 0x14, 0x1c, 0x1e, 0x18, 0x3e, 0x15, 0x2e, 0x13, 0x1f, 0x4e, 0x3e, 0x11, 0x5e, 0x17, 0x1e, 0x17, 0x4e, 0x10, 0x2e, 0x15, 0x4e, 0x3e, 0x13, 0x3e, 0x16, 0x12, 0x1a,
0x1b, 0x16, 0x2e, 0x1b, 0x12, 0x3e, 0x1f, 0x4e, 0x8e, 0x10, 0x1c, 0x17, 0x1d, 0x4e, 0x12, 0x1e, 0x1b, 0x12, 0x4e, 0x7e, 0x25, 0x17, 0x11, 0x1b, 0x6e, 0x19, 0x10, 0x18, 0x3e, 0x3e, 0x1c, 0x1e, 0x13, 0x11, 0x1e, 0x1c, 0x2e, 0x1c, 0x12, 0x2e, 0x12, 0x2e, 0x19, 0x10, 0x18, 0x3e, 0x3e, 0x14, 0x1e, 0x17, 0x1b, 0x6e, 0x10, 0x4e, 0x1f, 0x25, 0x3e, 0x3e, 0x17, 0x1e, 0x13, 0x19, 0x9e, 0x1d, 0x7e, 0x6e, 0x16, 0x4e, 0x17, 0xce, 0xee, 0x18, 0x9e, 0x6e, 0x1a, 0xae, 0x19, 0x1e, 0x14, 0x4e, 0x5e, 0x14, 0x1e, 0x18, 0x7e, 0x15, 0x1e, 0x14, 0x1e, 0x17, 0x4e, 0x4e, 0x14, 0x1e, 0x16, 0x12, 0x9e, 0x10, 0x1a, 0x5e, 0x3e, 0x17, 0x1e, 0x2c, 0xbe, 0x16, 0x5e, 0xfe, 0x9e,
// Compressed size: 221 bytes original pixels: 12544 uint16_t → ~25088 bytes uncompressed)

// DUNNIE / Dunnie Auraflow V0.3 000 S3136596090 Th0.100 24 [Folder: DUNNIE] - RLE compressed data (offset: 16038, size: 196)
0xf0, 0x90, 0xf0, 0x90, 0xf0, 0x90, 0xf0, 0x90, 0x90, 0x25, 0x22, 0x11, 0x23, 0x80, 0x90, 0x14, 0x11, 0x15, 0x17, 0x13, 0x15, 0x13, 0x11, 0x70, 0x70, 0x13, 0x14, 0x12, 0x1d, 0x15, 0x1c, 0x12, 0x1c, 0x22, 0x14, 0x60, 0x60, 0x16, 0x12, 0x1a, 0x16, 0x1d, 0x17, 0x1a, 0x1c, 0x15, 0x1a, 0x11, 0x12, 0x60, 0x60, 0x12, 0x14, 0x15, 0x1a, 0x17, 0x11, 0x14, 0x1c, 0x1f, 0x14, 0x1b, 0x16, 0x60, 0x50, 0x13, 0x2b, 0x17, 0x14, 0x18, 0x19, 0x1a, 0x1f, 0x1e, 0x1c, 0x1a, 0x19, 0x60, 0x40, 0x11, 0x13, 0x27, 0x1d, 0x1a, 0x15, 0x2a, 0x1c, 0x1e, 0x1c, 0x17, 0x11, 0x60, 0x40, 0x14, 0x16, 0x1c, 0x1b, 0x15, 0x16, 0x1b, 0x1c, 0x16, 0x1a, 0x18, 0x1e, 0x1f, 0x1d, 0x60, 0x40, 0x16, 0x1c, 0x2b,
0x1d, 0x1b, 0x1f, 0x1a, 0x14, 0x13, 0x10, 0x1b, 0x27, 0x60, 0x30, 0x14, 0x18, 0x1b, 0x1c, 0x1f, 0x1e, 0x1b, 0x1f, 0x17, 0x30, 0x1a, 0x1b, 0x1a, 0x60, 0x30, 0x12, 0x19, 0x15, 0x1b, 0x2f, 0x19, 0x18, 0x40, 0x13, 0x18, 0x1a, 0x60, 0x30, 0x16, 0x1c, 0x17, 0x1f, 0x10, 0x19, 0x1f, 0x60, 0x1f, 0x70, 0x30, 0x19, 0x1b, 0x1d, 0x20, 0x12, 0x1f, 0xe0, 0x30, 0x15, 0x17, 0x1b, 0x30, 0x1b, 0xe0, 0x30, 0x17, 0x1b, 0x2f, 0x20, 0x1f, 0x14, 0xd0, 0x90, 0x1b, 0x15, 0xd0, 0xf0, 0x90, 0xf0, 0x90, 0xf0, 0x90, 0xf0, 0x90,
// Compressed size: 196 bytes original pixels: 12544 uint16_t → ~25088 bytes uncompressed)

// DWARF / Dwarf Auraflow V0.3 000 S3001039483 Th0.100 24 [Folder: DWARF] - RLE compressed data (offset: 16234, size: 335)
0xf2, 0x92, 0xa2, 0x11, 0x14, 0xc2, 0x92, 0x1d, 0x25, 0x10, 0xb2, 0x92, 0x1b, 0x1e, 0x1d, 0x16, 0x11, 0x13, 0x14, 0x82, 0x92, 0x16, 0x29, 0x11, 0x10, 0x1b, 0x1e, 0x82, 0x92, 0x15, 0x10, 0x13, 0x15, 0x1e, 0x19, 0x1d, 0x17, 0x72, 0x92, 0x11, 0x13, 0x15, 0x1d, 0x16, 0x19, 0x1b, 0x15, 0x17, 0x62, 0x72, 0x11, 0x14, 0x16, 0x1b, 0x19, 0x14, 0x1d, 0x13, 0x1b, 0x14, 0x15, 0x62, 0x62, 0x13, 0x10, 0x16, 0x19, 0x10, 0x13, 0x1a, 0x1e, 0x14, 0x20, 0x13, 0x62, 0x62, 0x11, 0x15, 0x11, 0x1d, 0x1f, 0x2d, 0x17, 0x20, 0x21, 0x10, 0x52, 0x52, 0x11, 0x17, 0x14, 0x11, 0x16, 0x19, 0x15, 0x20, 0x13, 0x11, 0x25, 0x16, 0x14, 0x42, 0x42, 0x21, 0x2a, 0x19, 0x26, 0x15, 0x13, 0x15, 0x16, 0x1a,
0x16, 0x14, 0x1a, 0x1d, 0x42, 0x32, 0x21, 0x1a, 0x19, 0x18, 0x1e, 0x1c, 0x15, 0x1d, 0x1e, 0x19, 0x1d, 0x1e, 0x15, 0x11, 0x15, 0x1a, 0x42, 0x22, 0x18, 0x34, 0x22, 0x17, 0x15, 0x16, 0x14, 0x1d, 0x1b, 0x1d, 0x1f, 0x18, 0x14, 0x13, 0x16, 0x42, 0x22, 0x18, 0x1c, 0x2b, 0x12, 0x14, 0x16, 0x15, 0x11, 0x10, 0x15, 0x18, 0x1e, 0x1d, 0x2c, 0x16, 0x11, 0x18, 0x32, 0x32, 0x1d, 0x16, 0x14, 0x12, 0x14, 0x1a, 0x14, 0x49, 0x16, 0x1d, 0x1b, 0x1f, 0x16, 0x11, 0x19, 0x32, 0x22, 0x24, 0x19, 0x14, 0x12, 0x1b, 0x16, 0x1e, 0x16, 0x1e, 0x1c, 0x18, 0x1b, 0x1f, 0x17, 0x1c, 0x17, 0x14, 0x18, 0x32, 0x22, 0x2b, 0x16, 0x18, 0x12, 0x2e, 0x17, 0x1f, 0x1b, 0x17, 0x18, 0x1c, 0x19, 0x1d, 0x1b, 0x16,
0x1d, 0x17, 0x1b, 0x22, 0x32, 0x1e, 0x1d, 0x1e, 0x24, 0x16, 0x1b, 0x1f, 0x1c, 0x11, 0x15, 0x17, 0x1e, 0x2f, 0x1c, 0x17, 0x1c, 0x18, 0x22, 0x62, 0x18, 0x1d, 0x1e, 0x19, 0x15, 0x1a, 0x1c, 0x10, 0x26, 0x1b, 0x1c, 0x18, 0x16, 0x18, 0x1f, 0x14, 0x12, 0x62, 0x2b, 0x2f, 0x11, 0x1f, 0x14, 0x18, 0x19, 0x2e, 0x1c, 0x1b, 0x14, 0x2e, 0x1c, 0x12, 0x52, 0x19, 0x13, 0x1e, 0x1a, 0x1e, 0x1b, 0x1e, 0x1d, 0x1e, 0x1a, 0x17, 0x11, 0x16, 0x11, 0x17, 0x19, 0x18, 0x19, 0x12, 0x52, 0x18, 0x17, 0x1e, 0x1a, 0x1e, 0x1f, 0x19, 0x1f, 0x1e, 0x1d, 0x1f, 0x16, 0x1d, 0x20, 0x15, 0x17, 0x18, 0x12, 0x52, 0x28, 0x1d, 0x1a, 0x1c, 0x1e, 0x1a, 0x1b, 0x19, 0x3d, 0x1e, 0x17, 0x11, 0x20, 0x17, 0x12,
// Compressed size: 335 bytes original pixels: 12544 uint16_t → ~25088 bytes uncompressed)

// EBON / Ebon Auraflow V0.3 000 S3283218596 Th0.100 24 [Folder: EBON] - RLE compressed data (offset: 16569, size: 264)
0xfe, 0x9e, 0x9e, 0x11, 0x10, 0x13, 0xce, 0x9e, 0x19, 0x2a, 0x3e, 0x10, 0x8e, 0x8e, 0x10, 0x1a, 0x2c, 0x18, 0x1e, 0x16, 0x9e, 0x4e, 0x13, 0x1e, 0x13, 0x2e, 0x1c, 0x1d, 0x2c, 0x29, 0x10, 0x8e, 0x4e, 0x10, 0x15, 0x17, 0x2b, 0x1c, 0x2f, 0x1c, 0x1d, 0x17, 0x16, 0x8e, 0x4e, 0x32, 0x1c, 0x1b, 0x1f, 0x2d, 0x1c, 0x1a, 0x1b, 0x1a, 0x8e, 0x4e, 0x10, 0x1e, 0x13, 0x19, 0x1c, 0x2f, 0x1d, 0x1a, 0x1c, 0x1a, 0x1b, 0x19, 0x11, 0x6e, 0x5e, 0x10, 0x11, 0x14, 0x2b, 0x1c, 0x1d, 0x1c, 0x2d, 0x29, 0x16, 0x15, 0x5e, 0x8e, 0x1a, 0x2b, 0x1d, 0x19, 0x1b, 0x1c, 0x1b, 0x17, 0x1a, 0x16, 0x13, 0x4e, 0x7e, 0x15, 0x1a, 0x12, 0x14, 0x1a, 0x1b, 0x1c, 0x1d, 0x1c, 0x3a, 0x11, 0x4e, 0x7e, 0x28, 0x17,
0x1e, 0x12, 0x1b, 0x1f, 0x2d, 0x1b, 0x12, 0x19, 0x13, 0x12, 0x3e, 0x6e, 0x18, 0x1b, 0x17, 0x14, 0x17, 0x14, 0x1d, 0x1f, 0x1c, 0x1f, 0x1b, 0x14, 0x16, 0x11, 0x4e, 0x5e, 0x13, 0x19, 0x1a, 0x16, 0x13, 0x14, 0x1c, 0x1d, 0x1f, 0x19, 0x17, 0x1a, 0x15, 0x19, 0x14, 0x4e, 0x5e, 0x17, 0x18, 0x2e, 0x2a, 0x2f, 0x1c, 0x19, 0x16, 0x25, 0x19, 0x15, 0x4e, 0x4e, 0x13, 0x28, 0x1e, 0x15, 0x1a, 0x3c, 0x1b, 0x1a, 0x24, 0x18, 0x10, 0x17, 0x4e, 0x4e, 0x19, 0x18, 0x15, 0x13, 0x1b, 0x1a, 0x1c, 0x1a, 0x1c, 0x17, 0x15, 0x14, 0x13, 0x22, 0x1b, 0x4e, 0x3e, 0x13, 0x15, 0x1e, 0x11, 0x1a, 0x19, 0x18, 0x1d, 0x1a, 0x16, 0x13, 0x19, 0x14, 0x22, 0x6e, 0x4e, 0x14, 0x1e, 0x17, 0x14, 0x15, 0x19, 0x27,
0x16, 0x14, 0x13, 0x21, 0x10, 0x6e, 0x5e, 0x12, 0x13, 0x18, 0x14, 0x18, 0x17, 0x14, 0x13, 0x14, 0x11, 0x20, 0x7e, 0x5e, 0x10, 0x1e, 0x17, 0x22, 0x14, 0x33, 0x20, 0x8e, 0x6e, 0x12, 0x2e, 0x20, 0x12, 0x13, 0x11, 0xae, 0xfe, 0x9e, 0xfe, 0x9e,
// Compressed size: 264 bytes original pixels: 12544 uint16_t → ~25088 bytes uncompressed)

// EFREET / Efreet Auraflow V0.3 000 S3523175277 Th0.100 24 [Folder: EFREET] - RLE compressed data (offset: 16833, size: 210)
0xcf, 0x1c, 0x27, 0x1a, 0x2f, 0x17, 0x5f, 0x4f, 0x1c, 0x5f, 0x1c, 0x1f, 0x19, 0x15, 0x17, 0x1d, 0x3f, 0x1e, 0x4f, 0x4f, 0x1d, 0x4f, 0x1b, 0x14, 0x1b, 0x25, 0x17, 0x1b, 0x1c, 0x1f, 0x1b, 0x1d, 0x4f, 0x4f, 0x2d, 0x19, 0x1e, 0x16, 0x1d, 0x13, 0x14, 0x23, 0x15, 0x12, 0x19, 0x2c, 0x5f, 0x6f, 0x17, 0x14, 0x12, 0x13, 0x1c, 0x15, 0x19, 0x16, 0x11, 0x13, 0x1e, 0x18, 0x6f, 0x6f, 0x1a, 0x2c, 0x13, 0x17, 0x29, 0x17, 0x12, 0x1e, 0x1b, 0x7f, 0x8f, 0x14, 0x18, 0x1c, 0x1e, 0x1c, 0x16, 0x15, 0x1b, 0x8f, 0x8f, 0x1e, 0x4c, 0x2b, 0x19, 0x8f, 0x9f, 0x1b, 0x3e, 0x1a, 0x1c, 0x15, 0x26, 0x6f, 0x6f, 0x1c, 0x2f, 0x1a, 0x19, 0x1e, 0x19, 0x1a, 0x13, 0x16, 0x13, 0x18, 0x6f, 0x7f, 0x12, 0x1f,
0x1e, 0x24, 0x11, 0x12, 0x13, 0x11, 0x16, 0x7f, 0x7f, 0x1c, 0x15, 0x1a, 0x1e, 0x16, 0x15, 0x19, 0x16, 0x17, 0x8f, 0x8f, 0x19, 0x2f, 0x25, 0x13, 0x15, 0x13, 0x1a, 0x7f, 0x8f, 0x14, 0x15, 0x13, 0x11, 0x12, 0x11, 0x12, 0x16, 0x8f, 0x7f, 0x14, 0x19, 0x1a, 0x2b, 0x17, 0x16, 0x14, 0x12, 0x8f, 0x8f, 0x13, 0x15, 0x1e, 0x18, 0x1e, 0x17, 0x14, 0x9f, 0x9f, 0x12, 0x13, 0x1a, 0x1c, 0x11, 0xaf, 0xaf, 0x1a, 0x2c, 0x1e, 0xaf, 0xbf, 0x19, 0x17, 0xbf, 0x9f, 0x12, 0x26, 0x1b, 0x17, 0x11, 0x9f, 0x9f, 0x1b, 0x1d, 0x1b, 0x17, 0x2b, 0x11, 0x8f, 0xbf, 0x1e, 0x1d, 0x1c, 0x1e, 0x9f, 0xff, 0x9f, 0xff, 0x9f,
// Compressed size: 210 bytes original pixels: 12544 uint16_t → ~25088 bytes uncompressed)

// ELEMENTAL AIR / Elemental Air Auraflow V0.3 000 S235276443 Th0.100 24 [Folder: ELEMENTAL_AIR] - RLE compressed data (offset: 17043, size: 283)
0xff, 0x9f, 0x2f, 0x1a, 0x3f, 0x26, 0x1f, 0x19, 0x1b, 0x19, 0x12, 0x1a, 0xaf, 0x1f, 0x1b, 0x25, 0x3f, 0x1a, 0x17, 0x12, 0x15, 0x12, 0x11, 0x13, 0x17, 0x1b, 0x8f, 0x1f, 0x1b, 0x14, 0x1f, 0x29, 0x17, 0x15, 0x14, 0x13, 0x12, 0x11, 0x30, 0x12, 0x13, 0x7f, 0x1f, 0x1b, 0x19, 0x25, 0x16, 0x12, 0x21, 0x20, 0x21, 0x10, 0x11, 0x20, 0x15, 0x17, 0x15, 0x16, 0x3f, 0x2f, 0x19, 0x14, 0x12, 0x11, 0x10, 0x12, 0x10, 0x14, 0x11, 0x22, 0x15, 0x16, 0x11, 0x20, 0x15, 0x23, 0x3f, 0x3f, 0x35, 0x12, 0x41, 0x22, 0x25, 0x16, 0x11, 0x10, 0x11, 0x12, 0x11, 0x13, 0x2f, 0x3f, 0x25, 0x14, 0x22, 0x14, 0x18, 0x1e, 0x18, 0x16, 0x18, 0x14, 0x26, 0x15, 0x13, 0x20, 0x17, 0x2f, 0x2f, 0x1e, 0x17, 0x14,
0x12, 0x24, 0x18, 0x2e, 0x18, 0x1c, 0x28, 0x19, 0x18, 0x15, 0x11, 0x17, 0x1f, 0x1a, 0x2f, 0x2f, 0x1a, 0x1c, 0x24, 0x18, 0x14, 0x17, 0x16, 0x1d, 0x1e, 0x1d, 0x19, 0x1e, 0x17, 0x18, 0x13, 0x11, 0x5f, 0x2f, 0x19, 0x15, 0x29, 0x25, 0x17, 0x15, 0x18, 0x29, 0x16, 0x1c, 0x1e, 0x1c, 0x15, 0x10, 0x5f, 0x4f, 0x1d, 0x14, 0x19, 0x17, 0x1a, 0x18, 0x19, 0x3d, 0x2e, 0x19, 0x13, 0x16, 0x5f, 0x4f, 0x1b, 0x1a, 0x1b, 0x1c, 0x19, 0x4c, 0x1e, 0x1c, 0x19, 0x18, 0x7f, 0x6f, 0x2b, 0x1a, 0x1d, 0x19, 0x1b, 0x3e, 0x18, 0x1b, 0x7f, 0x6f, 0x1b, 0x1d, 0x1c, 0x29, 0x17, 0x3e, 0x16, 0x8f, 0x2f, 0x1b, 0x35, 0x19, 0x12, 0x13, 0x1b, 0x16, 0x1b, 0x1d, 0x1e, 0x19, 0x16, 0x8f, 0x1f, 0x19, 0x1b, 0x1f,
0x2b, 0x1f, 0x1a, 0x19, 0x1a, 0x3b, 0x1e, 0x1c, 0x9f, 0x1f, 0x1b, 0x1f, 0x1b, 0x1f, 0x1a, 0x16, 0x1f, 0x1b, 0x3f, 0x1c, 0x1e, 0x12, 0x1a, 0x8f, 0x1f, 0x1b, 0x1f, 0x29, 0x1a, 0x2b, 0x3f, 0x1c, 0x1f, 0x1d, 0xaf, 0x3f, 0x1a, 0x19, 0x1a, 0x4f, 0x1b, 0x2f, 0x15, 0xaf, 0x3f, 0x1a, 0x7f, 0x1a, 0x15, 0xbf, 0x1f, 0x1a, 0x9f, 0x19, 0xcf, 0xff, 0x9f, 0xff, 0x9f,
// Compressed size: 283 bytes original pixels: 12544 uint16_t → ~25088 bytes uncompressed)

// ELEMENTAL EARTH / Elemental Earth Auraflow V0.3 000 S2106330908 Th0.100 24 [Folder: ELEMENTAL_EARTH] - RLE compressed data (offset: 17326, size: 330)
0xfe, 0x9e, 0x9e, 0x22, 0x11, 0x20, 0x1e, 0x10, 0x1e, 0x10, 0x6e, 0x7e, 0x14, 0x11, 0x10, 0x12, 0x14, 0x21, 0x1e, 0x11, 0x8e, 0x7e, 0x24, 0x11, 0x17, 0x14, 0x13, 0x12, 0x11, 0x24, 0x7e, 0x6e, 0x12, 0x13, 0x18, 0x11, 0x13, 0x12, 0x14, 0x12, 0x10, 0x13, 0x14, 0x11, 0x6e, 0x5e, 0x12, 0x18, 0x14, 0x3d, 0x1a, 0x1b, 0x18, 0x11, 0x20, 0x11, 0x18, 0x1e, 0x11, 0x3e, 0x5e, 0x11, 0x15, 0x1d, 0x12, 0x1d, 0x17, 0x15, 0x19, 0x14, 0x12, 0x18, 0x19, 0x12, 0x18, 0x10, 0x11, 0x3e, 0x4e, 0x15, 0x1c, 0x13, 0x1b, 0x1a, 0x2d, 0x15, 0x14, 0x15, 0x1d, 0x15, 0x1a, 0x18, 0x29, 0x4e, 0x5e, 0x10, 0x1c, 0x15, 0x1b, 0x2d, 0x1b, 0x17, 0x18, 0x1d, 0x19, 0x15, 0x1b, 0x18, 0x22, 0x11, 0x2e, 0x5e,
0x23, 0x1a, 0x1b, 0x2c, 0x16, 0x13, 0x19, 0x1d, 0x1a, 0x19, 0x1c, 0x19, 0x25, 0x14, 0x2e, 0x3e, 0x15, 0x18, 0x12, 0x1a, 0x17, 0x16, 0x19, 0x1a, 0x2d, 0x1b, 0x1c, 0x1b, 0x13, 0x10, 0x1a, 0x12, 0x15, 0x14, 0x2e, 0x3e, 0x25, 0x16, 0x1a, 0x1b, 0x1e, 0x10, 0x2a, 0x1d, 0x2c, 0x1b, 0x13, 0x1e, 0x29, 0x14, 0x11, 0x2e, 0x3e, 0x16, 0x1b, 0x1a, 0x1d, 0x3e, 0x17, 0x1b, 0x1a, 0x1c, 0x2b, 0x23, 0x1e, 0x13, 0x1b, 0x1f, 0x2e, 0x2e, 0x16, 0x1c, 0x11, 0x13, 0x15, 0x2e, 0x16, 0x17, 0x1a, 0x1b, 0x2d, 0x1a, 0x1c, 0x17, 0x1e, 0x19, 0x16, 0x19, 0x2e, 0x2e, 0x15, 0x19, 0x1e, 0x10, 0x2e, 0x12, 0x13, 0x15, 0x4c, 0x1d, 0x12, 0x19, 0x18, 0x1e, 0x15, 0x1d, 0x2e, 0x2e, 0x16, 0x1a, 0x29, 0x1e,
0x15, 0x16, 0x15, 0x2c, 0x1b, 0x17, 0x1c, 0x19, 0x13, 0x1b, 0x2e, 0x12, 0x16, 0x2e, 0x7e, 0x16, 0x1c, 0x1b, 0x17, 0x19, 0x2e, 0x15, 0x13, 0x1d, 0x17, 0x2e, 0x15, 0x3e, 0x6e, 0x15, 0x2b, 0x16, 0x1e, 0x16, 0x3e, 0x15, 0x1b, 0x19, 0x18, 0x11, 0x4e, 0x7e, 0x1a, 0x1b, 0x15, 0x10, 0x4e, 0x10, 0x28, 0x15, 0x18, 0x4e, 0x7e, 0x16, 0x1a, 0x13, 0x4e, 0x12, 0x2e, 0x15, 0x1b, 0x1a, 0x1b, 0x3e, 0x7e, 0x19, 0x17, 0x19, 0x8e, 0x17, 0x19, 0x16, 0x3e, 0x3e, 0x13, 0x35, 0x16, 0x13, 0x16, 0x12, 0x5e, 0x1a, 0x1b, 0x1a, 0x19, 0x1a, 0x1f, 0x2e, 0x6e, 0x10, 0x11, 0x1e, 0x11, 0x15, 0x10, 0x16, 0x15, 0x10, 0x11, 0x10, 0x1e, 0x10, 0x12, 0x4e, 0xfe, 0x9e,
// Compressed size: 330 bytes original pixels: 12544 uint16_t → ~25088 bytes uncompressed)

// ELEMENTAL FIRE / Elemental Fire Auraflow V0.3 000 S1907003806 Th0.100 24 [Folder: ELEMENTAL_FIRE] - RLE compressed data (offset: 17656, size: 228)
0xfe, 0x9e, 0xbe, 0x20, 0x12, 0x3e, 0x12, 0x6e, 0xae, 0x18, 0x34, 0x12, 0x21, 0x2e, 0x11, 0x4e, 0xae, 0x22, 0x10, 0x14, 0x12, 0x1a, 0x12, 0x1e, 0x12, 0x5e, 0x9e, 0x20, 0x1b, 0x1d, 0x18, 0x1f, 0x14, 0x1c, 0x12, 0x6e, 0x9e, 0x10, 0x14, 0x1b, 0x1f, 0x1d, 0x10, 0x14, 0x8e, 0x9e, 0x10, 0x18, 0x15, 0x10, 0x24, 0x9e, 0x8e, 0x12, 0x1f, 0x48, 0x10, 0x3e, 0x11, 0x5e, 0x8e, 0x14, 0x2d, 0x1c, 0x1a, 0x1c, 0x15, 0x3e, 0x13, 0x11, 0x4e, 0x7e, 0x15, 0x1b, 0x1e, 0x17, 0x1c, 0x1d, 0x19, 0x11, 0x19, 0x8e, 0x5e, 0x15, 0x2c, 0x11, 0x1e, 0x13, 0x1c, 0x1d, 0x1a, 0x1e, 0x19, 0x1a, 0x1e, 0x15, 0x5e, 0x4e, 0x17, 0x5e, 0x17, 0x2a, 0x1c, 0xae, 0x5e, 0x11, 0x2e, 0x15, 0x17, 0x1c, 0x1d, 0x17,
0x1c, 0x7e, 0x13, 0x2e, 0x4e, 0x23, 0x25, 0x17, 0x1a, 0x17, 0x2a, 0x1d, 0x1c, 0x15, 0x3e, 0x11, 0x13, 0x3e, 0x4e, 0x17, 0x16, 0x27, 0x1d, 0x19, 0x1a, 0x1d, 0x1a, 0x1c, 0x19, 0x15, 0x13, 0x11, 0x15, 0x1e, 0x11, 0x3e, 0x5e, 0x17, 0x16, 0x2b, 0x2d, 0x1a, 0x1b, 0x1c, 0x2b, 0x1a, 0x17, 0x13, 0x15, 0x11, 0x3e, 0x4e, 0x13, 0x17, 0x15, 0x19, 0x2d, 0x1c, 0x19, 0x2c, 0x1a, 0x1b, 0x1a, 0x15, 0x1e, 0x13, 0x11, 0x3e, 0x6e, 0x26, 0x2b, 0x1a, 0x25, 0x1d, 0x1b, 0x1a, 0x16, 0x15, 0x1a, 0x5e, 0x9e, 0x17, 0x21, 0x13, 0x1a, 0x17, 0x1e, 0x11, 0x19, 0x6e, 0x9e, 0x17, 0x3e, 0x19, 0x3e, 0x11, 0x13, 0x11, 0x4e, 0x9e, 0x19, 0x4e, 0x13, 0x3e, 0x11, 0x5e, 0x9e, 0x13, 0x16, 0x3e, 0x15, 0x9e,
0xfe, 0x9e, 0xfe, 0x9e,
// Compressed size: 228 bytes original pixels: 12544 uint16_t → ~25088 bytes uncompressed)

// ELEMENTAL WATER / Elemental Water Auraflow V0.3 000 S520840673 Th0.100 24 [Folder: ELEMENTAL_WATER] - RLE compressed data (offset: 17884, size: 318)
0xff, 0x9f, 0xbf, 0x10, 0x1f, 0x13, 0x1f, 0x12, 0x8f, 0xaf, 0x11, 0x1f, 0x12, 0x6f, 0x14, 0x4f, 0x7f, 0x12, 0x10, 0x22, 0x18, 0x14, 0x10, 0x14, 0x4f, 0x12, 0x4f, 0x7f, 0x15, 0x1b, 0x14, 0x1a, 0x15, 0x16, 0x17, 0x14, 0x13, 0x17, 0x7f, 0x6f, 0x27, 0x15, 0x1d, 0x1a, 0x29, 0x18, 0x16, 0x17, 0x16, 0x10, 0x15, 0x11, 0x4f, 0x6f, 0x1a, 0x1c, 0x15, 0x1b, 0x15, 0x1e, 0x2a, 0x12, 0x17, 0x16, 0x13, 0x6f, 0x6f, 0x1b, 0x16, 0x1d, 0x19, 0x2e, 0x2d, 0x3a, 0x10, 0x14, 0x5f, 0x5f, 0x11, 0x1a, 0x2c, 0x1d, 0x1c, 0x13, 0x2e, 0x1c, 0x16, 0x2b, 0x17, 0x2f, 0x11, 0x2f, 0x4f, 0x15, 0x1f, 0x12, 0x16, 0x1a, 0x2e, 0x1d, 0x1e, 0x1c, 0x2d, 0x18, 0x2a, 0x2f, 0x11, 0x2f, 0x5f, 0x10, 0x1c, 0x16,
0x1c, 0x2d, 0x1e, 0x1a, 0x2d, 0x1b, 0x1c, 0x1d, 0x1b, 0x13, 0x1f, 0x13, 0x2f, 0x7f, 0x1c, 0x17, 0x12, 0x19, 0x1d, 0x1e, 0x2d, 0x1c, 0x18, 0x1c, 0x18, 0x1b, 0x17, 0x3f, 0x9f, 0x1b, 0x1d, 0x1e, 0x1c, 0x1d, 0x1e, 0x1a, 0x1c, 0x1b, 0x18, 0x1a, 0x17, 0x1f, 0x12, 0x1f, 0x8f, 0x15, 0x2d, 0x1a, 0x1d, 0x1c, 0x2b, 0x1a, 0x1c, 0x27, 0x13, 0x1f, 0x11, 0x1f, 0x7f, 0x17, 0x1a, 0x1d, 0x2e, 0x1c, 0x1d, 0x2b, 0x13, 0x1d, 0x1a, 0x17, 0x16, 0x15, 0x2f, 0x6f, 0x1a, 0x1b, 0x1c, 0x18, 0x1e, 0x2d, 0x3b, 0x18, 0x19, 0x16, 0x18, 0x1c, 0x1a, 0x2f, 0x5f, 0x2b, 0x2f, 0x15, 0x1d, 0x1c, 0x1d, 0x12, 0x1c, 0x17, 0x14, 0x16, 0x12, 0x16, 0x1a, 0x19, 0x15, 0x1f, 0x6f, 0x19, 0x2f, 0x15, 0x1d, 0x1c,
0x29, 0x16, 0x1a, 0x18, 0x13, 0x11, 0x17, 0x18, 0x14, 0x2f, 0x5f, 0x18, 0x3f, 0x29, 0x1b, 0x1c, 0x15, 0x17, 0x11, 0x12, 0x13, 0x17, 0x19, 0x1f, 0x11, 0x2f, 0x3f, 0x31, 0x2f, 0x12, 0x15, 0x19, 0x18, 0x14, 0x11, 0x13, 0x12, 0x17, 0x16, 0x17, 0x12, 0x14, 0x11, 0x2f, 0x4f, 0x15, 0x14, 0x11, 0x18, 0x16, 0x18, 0x10, 0x13, 0x22, 0x13, 0x1a, 0x26, 0x18, 0x15, 0x12, 0x3f, 0x4f, 0x10, 0x16, 0x19, 0x17, 0x21, 0x23, 0x1a, 0x17, 0x16, 0x1b, 0x10, 0x11, 0x12, 0x10, 0x4f, 0x6f, 0x11, 0x10, 0x14, 0x11, 0x17, 0x15, 0x18, 0x11, 0x24, 0x11, 0x10, 0x6f, 0x8f, 0x19, 0x40, 0xbf,
// Compressed size: 318 bytes original pixels: 12544 uint16_t → ~25088 bytes uncompressed)

// ELF DARK / Elf Dark Auraflow V0.3 000 S3126500254 Th0.100 24 [Folder: ELF_DARK] - RLE compressed data (offset: 18202, size: 261)
0xfe, 0x9e, 0x7e, 0x11, 0xfe, 0x1e, 0x8e, 0x12, 0x1e, 0x11, 0x4e, 0x11, 0x1e, 0x1d, 0x11, 0x5e, 0x3e, 0x13, 0x12, 0x1e, 0x10, 0x11, 0x15, 0x11, 0x12, 0x13, 0x18, 0x17, 0x18, 0x1a, 0x17, 0x18, 0x13, 0x14, 0x4e, 0x4e, 0x11, 0x13, 0x16, 0x11, 0x19, 0x1b, 0x1a, 0x18, 0x2b, 0x19, 0x1d, 0x1b, 0x16, 0x1d, 0x1a, 0x14, 0x3e, 0x7e, 0x11, 0x22, 0x1c, 0x1a, 0x1c, 0x1f, 0x1b, 0x19, 0x1d, 0x1f, 0x1d, 0x19, 0x4e, 0x7e, 0x10, 0x13, 0x14, 0x22, 0x1c, 0x1b, 0x18, 0x1c, 0x1d, 0x1f, 0x1c, 0x19, 0x18, 0x3e, 0x5e, 0x13, 0x5e, 0x10, 0x19, 0x1d, 0x1a, 0x1f, 0x1b, 0x15, 0x6e, 0x3e, 0x15, 0x16, 0x17, 0x25, 0x12, 0x23, 0x17, 0x1b, 0x1a, 0x1b, 0x19, 0x18, 0x7e, 0x3e, 0x15, 0x26, 0x1a, 0x18,
0x1a, 0x19, 0x1a, 0x19, 0x2d, 0x1a, 0x17, 0x8e, 0x3e, 0x15, 0x17, 0x1a, 0x19, 0x15, 0x17, 0x18, 0x1c, 0x3d, 0x17, 0x9e, 0x3e, 0x15, 0x26, 0x39, 0x1c, 0x1a, 0x1f, 0x2d, 0x1b, 0x14, 0x8e, 0x3e, 0x16, 0x13, 0x12, 0x19, 0x38, 0x1c, 0x1d, 0x1a, 0x1b, 0x1c, 0x19, 0x1a, 0x7e, 0x3e, 0x14, 0x2e, 0x15, 0x1a, 0x19, 0x2b, 0x2a, 0x1d, 0x1a, 0x1b, 0x1a, 0x18, 0x13, 0x5e, 0x4e, 0x10, 0x12, 0x16, 0x14, 0x1b, 0x18, 0x1a, 0x1b, 0x2c, 0x1b, 0x17, 0x16, 0x13, 0x6e, 0x4e, 0x22, 0x13, 0x11, 0x10, 0x18, 0x2a, 0x4c, 0x1a, 0x17, 0x6e, 0x3e, 0x24, 0x5e, 0x19, 0x1b, 0x14, 0x16, 0x19, 0x1b, 0x19, 0x7e, 0x3e, 0x11, 0x1e, 0x12, 0x21, 0x12, 0x17, 0x2a, 0x18, 0x17, 0x18, 0x19, 0x18, 0x7e, 0x3e,
0x13, 0x11, 0x1e, 0x12, 0x13, 0x24, 0x3e, 0x12, 0x1e, 0x15, 0x8e, 0x3e, 0x10, 0x21, 0x1e, 0x14, 0x6e, 0x11, 0x15, 0x8e, 0x4e, 0x10, 0x11, 0x13, 0x8e, 0x15, 0x8e, 0x6e, 0x13, 0x9e, 0x14, 0x12, 0x6e, 0xfe, 0x9e, 0xfe, 0x9e,
// Compressed size: 261 bytes original pixels: 12544 uint16_t → ~25088 bytes uncompressed)

// ELF FOREST / Elf Forest Auraflow V0.3 000 S3542251170 Th0.100 24 [Folder: ELF_FOREST] - RLE compressed data (offset: 18463, size: 265)
0xce, 0x13, 0xbe, 0x1e, 0x16, 0x14, 0x2e, 0x1a, 0x14, 0x9e, 0x16, 0x13, 0x10, 0x2e, 0x18, 0x2e, 0x1e, 0x1c, 0x3e, 0x11, 0x6e, 0x14, 0xbe, 0x1e, 0x1c, 0x3e, 0x17, 0x2e, 0x10, 0x6e, 0x17, 0x10, 0x12, 0x1e, 0x19, 0x1c, 0x3e, 0x1e, 0x11, 0x3e, 0x1b, 0x4e, 0x1c, 0x10, 0x11, 0x1b, 0x24, 0x16, 0x1a, 0x6e, 0x2e, 0x12, 0x1e, 0x15, 0x18, 0x5e, 0x11, 0x10, 0x12, 0x11, 0x16, 0x1c, 0x11, 0x6e, 0x3e, 0x10, 0x19, 0x12, 0x5e, 0x10, 0x21, 0x1c, 0x18, 0x11, 0x1c, 0x10, 0x5e, 0x4e, 0x14, 0x18, 0x1e, 0x15, 0x10, 0x12, 0x23, 0x1d, 0x14, 0x17, 0x15, 0x13, 0x1a, 0x10, 0x5e, 0x5e, 0x17, 0x14, 0x1d, 0x2c, 0x2e, 0x16, 0x18, 0x17, 0x1c, 0x2d, 0x18, 0x5e, 0x5e, 0x15, 0x1a, 0x5e, 0x1a, 0x2c,
0x11, 0x1c, 0x12, 0x1c, 0x5e, 0x3e, 0x11, 0x18, 0x1c, 0x6e, 0x14, 0x1c, 0x16, 0x1c, 0x2e, 0x10, 0x11, 0x4e, 0x2e, 0x20, 0x1e, 0x16, 0x1b, 0x5e, 0x15, 0x14, 0x16, 0x14, 0x2e, 0x1b, 0x22, 0x3e, 0x5e, 0x12, 0x15, 0x5e, 0x13, 0x15, 0x2d, 0x16, 0x2e, 0x1d, 0x12, 0x3e, 0x5e, 0x17, 0x4e, 0x16, 0x1d, 0x16, 0x11, 0x1b, 0x1c, 0x14, 0x1e, 0x15, 0x14, 0x15, 0x3e, 0x5e, 0x1c, 0x16, 0x3e, 0x1d, 0x1c, 0x18, 0x13, 0x16, 0x19, 0x1b, 0x11, 0x1e, 0x1f, 0x4e, 0x4e, 0x2c, 0x4e, 0x18, 0x1d, 0x17, 0x16, 0x1c, 0x1b, 0x1d, 0x2e, 0x1c, 0x4e, 0x4e, 0x1b, 0x5e, 0x2a, 0x2e, 0x12, 0x2c, 0x15, 0x17, 0x15, 0x4e, 0x4e, 0x1d, 0x5e, 0x1d, 0x4e, 0x14, 0x1b, 0x2e, 0x15, 0x4e, 0x9e, 0x11, 0x15, 0x3e,
0x1b, 0x25, 0x12, 0x6e, 0x4e, 0x16, 0x4e, 0x27, 0x3e, 0x17, 0x1e, 0x15, 0x17, 0x1e, 0x15, 0x4e, 0x9e, 0x1d, 0x15, 0x5e, 0x1c, 0x1b, 0x6e, 0x8e, 0x13, 0x14, 0x6e, 0x14, 0x1d, 0x6e, 0x7e, 0x14, 0x27, 0x4e, 0x17, 0x16, 0x18, 0x1b, 0x6e, 0xfe, 0x9e,
// Compressed size: 265 bytes original pixels: 12544 uint16_t → ~25088 bytes uncompressed)

// ELF HIGH / Elf High Auraflow V0.3 000 S2470544392 Th0.100 24 [Folder: ELF_HIGH] - RLE compressed data (offset: 18728, size: 340)
0x8e, 0x20, 0x2e, 0x10, 0xbe, 0x4e, 0x10, 0x22, 0x13, 0x15, 0x24, 0x11, 0x1e, 0x10, 0x12, 0x11, 0x8e, 0x4e, 0x12, 0x14, 0x15, 0x13, 0x12, 0x23, 0x11, 0x13, 0x11, 0x10, 0x31, 0x2e, 0x10, 0x3e, 0x4e, 0x14, 0x16, 0x15, 0x13, 0x15, 0x1a, 0x15, 0x24, 0x12, 0x13, 0x10, 0x2e, 0x10, 0x5e, 0x4e, 0x14, 0x15, 0x19, 0x15, 0x1f, 0x14, 0x16, 0x14, 0x16, 0x13, 0x15, 0x14, 0x10, 0x14, 0x1e, 0x10, 0x4e, 0x4e, 0x1d, 0x1a, 0x16, 0x2a, 0x1c, 0x1b, 0x19, 0x24, 0x15, 0x14, 0x22, 0x10, 0x5e, 0x4e, 0x26, 0x19, 0x16, 0x19, 0x17, 0x15, 0x2f, 0x35, 0x14, 0x13, 0x14, 0x10, 0x4e, 0x4e, 0x25, 0x17, 0x26, 0x17, 0x19, 0x2f, 0x1c, 0x13, 0x12, 0x11, 0x12, 0x13, 0x11, 0x10, 0x3e, 0x5e, 0x46, 0x1a,
0x1f, 0x1c, 0x1d, 0x1f, 0x15, 0x14, 0x13, 0x14, 0x1e, 0x21, 0x3e, 0x7e, 0x15, 0x17, 0x1a, 0x1f, 0x1d, 0x2f, 0x1c, 0x18, 0x13, 0x14, 0x10, 0x1e, 0x11, 0x3e, 0x7e, 0x1b, 0x2d, 0x2c, 0x1a, 0x17, 0x1f, 0x1a, 0x19, 0x11, 0x1e, 0x11, 0x10, 0x3e, 0x7e, 0x16, 0x1a, 0x16, 0x1a, 0x17, 0x1d, 0x1f, 0x1d, 0x1f, 0x1d, 0x11, 0x2e, 0x10, 0x3e, 0x6e, 0x12, 0x16, 0x1a, 0x19, 0x1a, 0x1f, 0x1d, 0x1f, 0x2d, 0x2c, 0x6e, 0x6e, 0x15, 0x18, 0x19, 0x1f, 0x1a, 0x1f, 0x3c, 0x1a, 0x2c, 0x6e, 0x5e, 0x14, 0x16, 0x19, 0x16, 0x2f, 0x1d, 0x1c, 0x19, 0x1c, 0x1d, 0x1b, 0x1c, 0x11, 0x5e, 0x4e, 0x14, 0x13, 0x2c, 0x1d, 0x3f, 0x15, 0x1d, 0x1f, 0x1c, 0x1b, 0x1a, 0x17, 0x5e, 0x4e, 0x16, 0x1b, 0x17, 0x1a,
0x1f, 0x2d, 0x1f, 0x19, 0x1a, 0x1c, 0x1b, 0x18, 0x1b, 0x18, 0x5e, 0x4e, 0x18, 0x1c, 0x19, 0x1f, 0x1a, 0x1d, 0x2f, 0x19, 0x1a, 0x2b, 0x28, 0x17, 0x1e, 0x11, 0x3e, 0x4e, 0x18, 0x16, 0x1b, 0x1a, 0x1c, 0x1d, 0x2f, 0x1d, 0x1b, 0x17, 0x48, 0x12, 0x4e, 0x3e, 0x13, 0x15, 0x29, 0x1a, 0x1c, 0x3f, 0x1d, 0x17, 0x19, 0x48, 0x23, 0x3e, 0x4e, 0x15, 0x19, 0x16, 0x17, 0x1c, 0x1d, 0x1f, 0x1d, 0x1b, 0x38, 0x1b, 0x28, 0x3e, 0x10, 0x1e, 0x4e, 0x16, 0x15, 0x29, 0x17, 0x1d, 0x1b, 0x1c, 0x1b, 0x18, 0x3b, 0x18, 0x16, 0x13, 0x4e, 0x4e, 0x25, 0x17, 0x1a, 0x1b, 0x1c, 0x2b, 0x18, 0x1b, 0x18, 0x1b, 0x28, 0x16, 0x1e, 0x11, 0x23, 0x1e, 0x3e, 0x16, 0x14, 0x15, 0x19, 0x1b, 0x18, 0x2b, 0x48, 0x1b,
0x28, 0x17, 0x16, 0x4e,
// Compressed size: 340 bytes original pixels: 12544 uint16_t → ~25088 bytes uncompressed)

// ENFIELD / Enfield Auraflow V0.3 000 S88026938 Th0.100 24 [Folder: ENFIELD] - RLE compressed data (offset: 19068, size: 197)
0xff, 0x9f, 0xff, 0x9f, 0xff, 0x9f, 0xff, 0x9f, 0xff, 0x9f, 0x5f, 0x1d, 0x11, 0x23, 0x14, 0xef, 0x4f, 0x1d, 0x13, 0x14, 0x1b, 0x14, 0x11, 0x14, 0x13, 0x1f, 0x17, 0xaf, 0x4f, 0x10, 0x17, 0x1b, 0x1a, 0x1d, 0x1a, 0x21, 0x16, 0x14, 0x2f, 0x17, 0x19, 0x6f, 0x4f, 0x13, 0x27, 0x1e, 0x19, 0x28, 0x15, 0x12, 0x10, 0x11, 0x10, 0x13, 0x16, 0x17, 0x5f, 0x4f, 0x1b, 0x19, 0x1f, 0x1d, 0x2e, 0x17, 0x1a, 0x14, 0x17, 0x1b, 0x16, 0x11, 0x13, 0x17, 0x18, 0x4f, 0x3f, 0x11, 0x1c, 0x3f, 0x2b, 0x19, 0x17, 0x19, 0x14, 0x13, 0x14, 0x27, 0x14, 0x11, 0x4f, 0x4f, 0x1e, 0x3f, 0x1c, 0x17, 0x1e, 0x1b, 0x1d, 0x19, 0x37, 0x1e, 0x17, 0x13, 0x15, 0x3f, 0x8f, 0x19, 0x1e, 0x29, 0x1e, 0x1d, 0x19, 0x1d,
0x2e, 0x19, 0x12, 0x4f, 0x8f, 0x1b, 0x1e, 0x19, 0x1d, 0x3e, 0x1d, 0x1a, 0x1d, 0x1c, 0x22, 0x3f, 0x8f, 0x17, 0x1c, 0x19, 0x1e, 0x2f, 0x1c, 0x18, 0x1f, 0x12, 0x1c, 0x12, 0x4f, 0x8f, 0x1c, 0x2f, 0x1e, 0x3f, 0x1c, 0x1f, 0x15, 0x18, 0x22, 0x3f, 0x8f, 0x1b, 0x2f, 0x1c, 0x3f, 0x1c, 0x3f, 0x1a, 0x12, 0x3f, 0x8f, 0x1e, 0x2f, 0x1c, 0x3f, 0x1a, 0x8f, 0x8f, 0x1e, 0x2f, 0x1e, 0x2f, 0x18, 0x12, 0x8f, 0x8f, 0x18, 0x2f, 0x1c, 0x1f, 0x12, 0x5f, 0x12, 0x4f, 0x8f, 0x18, 0x2f, 0x15, 0xcf, 0xff, 0x9f, 0xff, 0x9f, 0xff, 0x9f,
// Compressed size: 197 bytes original pixels: 12544 uint16_t → ~25088 bytes uncompressed)

// ERINYES / Erinyes Auraflow V0.3 000 S3646425829 Th0.100 24 [Folder: ERINYES] - RLE compressed data (offset: 19265, size: 308)
0xc0, 0x34, 0x90, 0x30, 0x1f, 0x70, 0x12, 0x24, 0x18, 0x19, 0x17, 0x70, 0x30, 0x19, 0x30, 0x14, 0x1c, 0x12, 0x18, 0x14, 0x18, 0x12, 0x10, 0x17, 0x40, 0x17, 0x30, 0x40, 0x14, 0x30, 0x1c, 0x13, 0x19, 0x1c, 0x28, 0x12, 0x14, 0x2c, 0x30, 0x19, 0x20, 0x40, 0x1c, 0x20, 0x1b, 0x17, 0x22, 0x17, 0x18, 0x1f, 0x2c, 0x10, 0x27, 0x50, 0x40, 0x14, 0x10, 0x13, 0x17, 0x19, 0x1d, 0x18, 0x1e, 0x1c, 0x18, 0x1c, 0x14, 0x1c, 0x19, 0x1c, 0x18, 0x40, 0x40, 0x1f, 0x13, 0x1b, 0x16, 0x25, 0x14, 0x12, 0x2f, 0x3c, 0x19, 0x14, 0x10, 0x24, 0x20, 0x40, 0x1f, 0x20, 0x1d, 0x13, 0x1f, 0x2c, 0x17, 0x28, 0x17, 0x18, 0x17, 0x10, 0x13, 0x40, 0x50, 0x1a, 0x10, 0x1a, 0x1d, 0x2f, 0x14, 0x1e, 0x1c, 0x14,
0x12, 0x1d, 0x1c, 0x10, 0x1c, 0x40, 0x60, 0x12, 0x10, 0x2d, 0x1c, 0x14, 0x1c, 0x14, 0x1f, 0x1e, 0x1c, 0x10, 0x1c, 0x17, 0x10, 0x18, 0x20, 0x70, 0x1a, 0x13, 0x1f, 0x16, 0x1b, 0x13, 0x1f, 0x19, 0x1f, 0x19, 0x10, 0x1e, 0x10, 0x19, 0x30, 0x80, 0x1f, 0x16, 0x15, 0x3f, 0x14, 0x1c, 0x10, 0x14, 0x60, 0x40, 0x15, 0x16, 0x10, 0x1d, 0x16, 0x11, 0x15, 0x1d, 0x1b, 0x11, 0x2f, 0x10, 0x1c, 0x18, 0x50, 0x50, 0x11, 0x13, 0x11, 0x1f, 0x10, 0x11, 0x2d, 0x26, 0x1a, 0x20, 0x14, 0x50, 0x40, 0x1a, 0x10, 0x13, 0x30, 0x11, 0x13, 0x1a, 0x1e, 0x2f, 0x20, 0x2c, 0x40, 0x40, 0x11, 0x13, 0x12, 0x20, 0x15, 0x1a, 0x25, 0x1e, 0x10, 0x16, 0x17, 0x10, 0x1f, 0x1b, 0x40, 0x20, 0x11, 0x10, 0x17, 0x16,
0x1d, 0x30, 0x15, 0x16, 0x18, 0x2c, 0x1f, 0x30, 0x14, 0x40, 0x20, 0x11, 0x10, 0x1a, 0x1b, 0x1a, 0x10, 0x11, 0x1a, 0x10, 0x16, 0x1a, 0x17, 0x1f, 0x19, 0x30, 0x13, 0x40, 0x50, 0x16, 0x1b, 0x1a, 0x15, 0x30, 0x1d, 0x2b, 0x40, 0x17, 0x18, 0x30, 0x40, 0x1a, 0x10, 0x13, 0x60, 0x26, 0x40, 0x18, 0x10, 0x1f, 0x20, 0x40, 0x16, 0x10, 0x13, 0x16, 0x60, 0x1a, 0x40, 0x16, 0x10, 0x1f, 0x20, 0x70, 0x11, 0x50, 0x1a, 0x12, 0x30, 0x16, 0x1e, 0x10, 0x14, 0x20, 0x90, 0x1a, 0x32, 0x27, 0x1b, 0x1a, 0x17, 0x60, 0xf0, 0x90,
// Compressed size: 308 bytes original pixels: 12544 uint16_t → ~25088 bytes uncompressed)

// ERLKING / Erlking Auraflow V0.3 000 S3562126472 Th0.100 24 [Folder: ERLKING] - RLE compressed data (offset: 19573, size: 247)
0xf0, 0x90, 0xf0, 0x90, 0xf0, 0x90, 0xb0, 0x16, 0x10, 0x12, 0xa0, 0x90, 0x12, 0x18, 0x10, 0x14, 0xb0, 0x70, 0x12, 0x11, 0x12, 0x13, 0x10, 0x16, 0x10, 0x11, 0x90, 0x60, 0x1e, 0x18, 0x11, 0x1d, 0x19, 0x1b, 0x12, 0x21, 0x12, 0x80, 0x60, 0x12, 0x13, 0x19, 0x1a, 0x19, 0x13, 0x18, 0x15, 0x12, 0x11, 0x12, 0x70, 0x50, 0x1d, 0x12, 0x16, 0x23, 0x18, 0x19, 0x14, 0x1b, 0x17, 0x12, 0x11, 0x12, 0x11, 0x50, 0x60, 0x13, 0x39, 0x1a, 0x18, 0x1d, 0x1f, 0x1d, 0x14, 0x1b, 0x18, 0x11, 0x50, 0x50, 0x13, 0x12, 0x19, 0x1d, 0x13, 0x1f, 0x17, 0x1e, 0x1b, 0x1f, 0x1e, 0x1d, 0x27, 0x50, 0x50, 0x11, 0x19, 0x13, 0x1a, 0x1f, 0x1d, 0x14, 0x18, 0x2f, 0x17, 0x14, 0x2b, 0x50, 0x50, 0x14, 0x1d, 0x10,
0x19, 0x10, 0x16, 0x14, 0x18, 0x16, 0x1f, 0x1e, 0x18, 0x11, 0x1e, 0x14, 0x40, 0x50, 0x11, 0x12, 0x1a, 0x20, 0x14, 0x18, 0x17, 0x2f, 0x1e, 0x1b, 0x1d, 0x13, 0x1e, 0x13, 0x30, 0x50, 0x12, 0x1e, 0x13, 0x11, 0x1d, 0x19, 0x18, 0x1d, 0x13, 0x3f, 0x27, 0x14, 0x40, 0x50, 0x11, 0x1e, 0x10, 0x1b, 0x1e, 0x11, 0x18, 0x27, 0x1f, 0x16, 0x1d, 0x2e, 0x1b, 0x40, 0x60, 0x1a, 0x1d, 0x16, 0x12, 0x1d, 0x1c, 0x11, 0x1f, 0x17, 0x2f, 0x2e, 0x1f, 0x19, 0x30, 0x60, 0x1d, 0x1f, 0x10, 0x18, 0x1e, 0x1c, 0x1f, 0x17, 0x4f, 0x15, 0x2d, 0x1c, 0x20, 0x10, 0x1a, 0x19, 0x15, 0x13, 0x17, 0x1d, 0x20, 0x1d, 0x18, 0x10, 0x15, 0x10, 0x2d, 0x4f, 0x14, 0x17, 0x20, 0x50, 0x16, 0x11, 0x1b, 0x16, 0x14, 0x70,
0x15, 0x14, 0x17, 0x22, 0x20, 0x50, 0x1d, 0x18, 0x23, 0x1d, 0x60, 0x19, 0x1a, 0x16, 0x15, 0x1f, 0x30, 0xf0, 0x90, 0xf0, 0x90, 0xf0, 0x90,
// Compressed size: 247 bytes original pixels: 12544 uint16_t → ~25088 bytes uncompressed)

// FACHAN / Fachan Auraflow V0.3 000 S1642279328 Th0.100 24 [Folder: FACHAN] - RLE compressed data (offset: 19820, size: 256)
0xff, 0x9f, 0xff, 0x9f, 0xdf, 0x13, 0xaf, 0xaf, 0x11, 0x17, 0x1e, 0x1c, 0x1d, 0x9f, 0x8f, 0x21, 0x13, 0x14, 0x15, 0x13, 0x24, 0x16, 0x7f, 0x7f, 0x11, 0x12, 0x1c, 0x1a, 0x1b, 0x1e, 0x15, 0x16, 0x1d, 0x1e, 0x11, 0x6f, 0x6f, 0x12, 0x17, 0x18, 0x4e, 0x11, 0x1c, 0x1b, 0x1c, 0x12, 0x6f, 0x6f, 0x13, 0x1c, 0x1e, 0x18, 0x4e, 0x2d, 0x1c, 0x18, 0x6f, 0x6f, 0x15, 0x18, 0x1c, 0x17, 0x1c, 0x1b, 0x13, 0x1d, 0x1c, 0x19, 0x2c, 0x6f, 0x5f, 0x12, 0x1c, 0x11, 0x13, 0x27, 0x1a, 0x1e, 0x18, 0x15, 0x1f, 0x16, 0x1c, 0x18, 0x11, 0x4f, 0x4f, 0x12, 0x1a, 0x18, 0x12, 0x1c, 0x14, 0x18, 0x1d, 0x1c, 0x24, 0x1f, 0x14, 0x16, 0x1d, 0x16, 0x4f, 0x4f, 0x14, 0x17, 0x18, 0x1f, 0x19, 0x1c, 0x15, 0x1c,
0x1d, 0x14, 0x16, 0x1f, 0x17, 0x16, 0x1a, 0x13, 0x4f, 0x4f, 0x13, 0x18, 0x1e, 0x12, 0x1b, 0x1d, 0x3e, 0x1b, 0x1d, 0x1f, 0x15, 0x1f, 0x2c, 0x4f, 0x4f, 0x15, 0x1a, 0x1f, 0x13, 0x1e, 0x1c, 0x4d, 0x1a, 0x3f, 0x25, 0x4f, 0x3f, 0x12, 0x13, 0x2f, 0x12, 0x1c, 0x1d, 0x2c, 0x1d, 0x2c, 0x11, 0x1f, 0x12, 0x14, 0x16, 0x4f, 0x3f, 0x23, 0x2f, 0x15, 0x12, 0x15, 0x2a, 0x2d, 0x18, 0x14, 0x2f, 0x1d, 0x18, 0x4f, 0x4f, 0x11, 0x1b, 0x1f, 0x11, 0x1c, 0x1d, 0x1b, 0x1c, 0x16, 0x18, 0x1c, 0x19, 0x3f, 0x1a, 0x4f, 0x4f, 0x17, 0x2f, 0x16, 0x1e, 0x1a, 0x18, 0x1d, 0x17, 0x19, 0x1c, 0x15, 0x2f, 0x19, 0x5f, 0x6f, 0x11, 0x18, 0x1a, 0x16, 0x1a, 0x19, 0x1a, 0x1c, 0x18, 0x13, 0x8f, 0x7f, 0x16, 0x1a,
0x1f, 0x12, 0x17, 0x28, 0x16, 0x9f, 0x7f, 0x17, 0x18, 0x2f, 0x1d, 0x16, 0x1f, 0x17, 0x9f, 0x5f, 0x1a, 0x17, 0x1a, 0x1c, 0x12, 0x18, 0x11, 0x22, 0x1a, 0x15, 0x13, 0x7f, 0xff, 0x9f, 0xff, 0x9f,
// Compressed size: 256 bytes original pixels: 12544 uint16_t → ~25088 bytes uncompressed)

// FAIRY / Fairy Auraflow V0.3 000 S504753225 Th0.100 24 [Folder: FAIRY] - RLE compressed data (offset: 20076, size: 171)
0xff, 0x9f, 0xff, 0x9f, 0xff, 0x9f, 0xff, 0x3f, 0x12, 0x5f, 0xff, 0x3f, 0x10, 0x5f, 0xff, 0x3f, 0x1b, 0x5f, 0x5f, 0x18, 0xcf, 0x19, 0x1b, 0x4f, 0x5f, 0x1a, 0x17, 0xaf, 0x19, 0x16, 0x1e, 0x4f, 0x5f, 0x17, 0x1b, 0x16, 0x8f, 0x15, 0x13, 0x17, 0x1e, 0x4f, 0x6f, 0x1a, 0x21, 0x1f, 0x10, 0x16, 0x3f, 0x17, 0x19, 0x14, 0x1e, 0x1c, 0x4f, 0x6f, 0x10, 0x17, 0x11, 0x13, 0x16, 0x1e, 0x1f, 0x16, 0x31, 0x1c, 0x12, 0x5f, 0x6f, 0x13, 0x17, 0x19, 0x11, 0x10, 0x1e, 0x13, 0x11, 0x10, 0x16, 0x19, 0x1b, 0x6f, 0x8f, 0x12, 0x13, 0x18, 0x1b, 0x1e, 0x1f, 0x11, 0x19, 0x8f, 0xcf, 0x1c, 0x2f, 0x10, 0x8f, 0x9f, 0x1a, 0x10, 0x19, 0x1e, 0x11, 0x3f, 0x1b, 0x17, 0x5f, 0x4f, 0x1a, 0x22, 0x10, 0x11,
0x13, 0x18, 0x2e, 0x13, 0x19, 0x9f, 0x4f, 0x1e, 0x1c, 0x12, 0x16, 0x18, 0x14, 0x1d, 0x2e, 0x1b, 0x14, 0x12, 0x17, 0x1b, 0x6f, 0x6f, 0x1e, 0x2c, 0x1a, 0x19, 0x1c, 0x1b, 0x1e, 0x17, 0x1d, 0x17, 0x1e, 0x1c, 0x5f, 0x8f, 0x19, 0x1c, 0x2d, 0x1c, 0x1b, 0x1c, 0x9f, 0xff, 0x9f, 0xaf, 0x1e, 0x2f, 0x16, 0xaf, 0xbf, 0x15, 0x1f, 0x1e, 0xaf, 0xff, 0x9f, 0xff, 0x9f,
// Compressed size: 171 bytes original pixels: 12544 uint16_t → ~25088 bytes uncompressed)

// FAR DARRIG / Far Darrig Auraflow V0.3 000 S371784372 Th0.100 24 [Folder: FAR_DARRIG] - RLE compressed data (offset: 20247, size: 203)
0xff, 0x9f, 0xff, 0x9f, 0xff, 0x9f, 0xaf, 0x1b, 0x13, 0x11, 0xbf, 0x8f, 0x1c, 0x27, 0x36, 0x13, 0x9f, 0x7f, 0x19, 0x16, 0x1d, 0x18, 0x27, 0x16, 0x23, 0x8f, 0x7f, 0x17, 0x2d, 0x28, 0x27, 0x18, 0x17, 0x8f, 0x7f, 0x18, 0x3d, 0x18, 0x1d, 0x19, 0x1c, 0x1d, 0x18, 0x7f, 0x7f, 0x16, 0x2e, 0x1a, 0x15, 0x19, 0x1b, 0x12, 0x11, 0x14, 0x7f, 0x6f, 0x15, 0x1d, 0x1e, 0x2b, 0x1d, 0x11, 0x13, 0x14, 0x1a, 0x11, 0x13, 0x11, 0x5f, 0x6f, 0x1c, 0x2e, 0x15, 0x19, 0x2c, 0x18, 0x1a, 0x11, 0x13, 0x12, 0x6f, 0x7f, 0x1d, 0x1e, 0x2d, 0x12, 0x15, 0x1a, 0x17, 0x11, 0x15, 0x7f, 0x7f, 0x1e, 0x1c, 0x1d, 0x1b, 0x1a, 0x1d, 0x11, 0x13, 0x17, 0x14, 0x7f, 0x8f, 0x1e, 0x1d, 0x1c, 0x1e, 0x25, 0x13, 0x15,
0x24, 0x6f, 0x8f, 0x1d, 0x1c, 0x1b, 0x1c, 0x1b, 0x1d, 0x15, 0x2a, 0x11, 0x6f, 0x8f, 0x1c, 0x15, 0x1c, 0x1d, 0x17, 0x18, 0x14, 0x15, 0x1e, 0x14, 0x6f, 0x8f, 0x1b, 0x1d, 0x2c, 0x14, 0x13, 0x14, 0x15, 0x1d, 0x12, 0x6f, 0x8f, 0x1b, 0x2c, 0x1e, 0x1b, 0x12, 0x15, 0x1c, 0x1d, 0x11, 0x6f, 0x8f, 0x1a, 0x14, 0x1d, 0x1e, 0x19, 0x1b, 0x19, 0x1d, 0x1e, 0x11, 0x6f, 0x7f, 0x1a, 0x19, 0x17, 0x11, 0x2c, 0x1e, 0x1d, 0x1e, 0x1a, 0x1c, 0x27, 0x4f, 0x7f, 0x1e, 0x15, 0x19, 0x17, 0x24, 0x12, 0x1f, 0x17, 0x8f, 0x7f, 0x11, 0x12, 0x11, 0xef, 0xff, 0x9f, 0xff, 0x9f,
// Compressed size: 203 bytes original pixels: 12544 uint16_t → ~25088 bytes uncompressed)

// FENODEREE / Fenoderee Auraflow V0.3 000 S2358566675 Th0.100 24 [Folder: FENODEREE] - RLE compressed data (offset: 20450, size: 286)
0xff, 0x9f, 0xff, 0x9f, 0xcf, 0x13, 0xbf, 0x9f, 0x23, 0x12, 0x14, 0x10, 0x1f, 0x10, 0x8f, 0x7f, 0x11, 0x14, 0x11, 0x22, 0x10, 0x11, 0x10, 0x9f, 0x7f, 0x14, 0x1b, 0x19, 0x28, 0x16, 0x17, 0x16, 0x10, 0x8f, 0x6f, 0x15, 0x14, 0x2c, 0x19, 0x10, 0x12, 0x18, 0x11, 0x14, 0x10, 0x13, 0x6f, 0x5f, 0x14, 0x13, 0x18, 0x1a, 0x1c, 0x19, 0x1d, 0x1e, 0x17, 0x1e, 0x1c, 0x21, 0x6f, 0x5f, 0x1b, 0x1e, 0x1d, 0x3c, 0x18, 0x1b, 0x1d, 0x19, 0x1d, 0x17, 0x11, 0x6f, 0x4f, 0x19, 0x18, 0x16, 0x1e, 0x17, 0x1d, 0x2e, 0x1d, 0x1a, 0x1c, 0x1e, 0x17, 0x18, 0x6f, 0x5f, 0x1a, 0x17, 0x2f, 0x13, 0x1b, 0x1c, 0x2b, 0x19, 0x12, 0x1d, 0x14, 0x11, 0x5f, 0x4f, 0x1c, 0x1a, 0x19, 0x18, 0x2f, 0x1b, 0x1c, 0x1b,
0x1d, 0x1e, 0x18, 0x1e, 0x1b, 0x10, 0x5f, 0x4f, 0x3c, 0x2f, 0x1c, 0x1e, 0x2d, 0x1e, 0x1d, 0x1f, 0x1d, 0x19, 0x11, 0x5f, 0x3f, 0x27, 0x3f, 0x18, 0x1c, 0x1d, 0x2e, 0x17, 0x1b, 0x1f, 0x12, 0x14, 0x1c, 0x10, 0x4f, 0x3f, 0x12, 0x16, 0x13, 0x1f, 0x1c, 0x2e, 0x16, 0x2c, 0x1e, 0x1b, 0x2f, 0x1c, 0x14, 0x10, 0x4f, 0x3f, 0x14, 0x2f, 0x14, 0x1c, 0x1e, 0x15, 0x1f, 0x1c, 0x16, 0x1c, 0x17, 0x2f, 0x15, 0x14, 0x16, 0x4f, 0x6f, 0x19, 0x2c, 0x13, 0x1f, 0x1b, 0x1f, 0x1e, 0x15, 0x11, 0x13, 0x15, 0x13, 0x18, 0x4f, 0x6f, 0x1c, 0x1b, 0x19, 0x2f, 0x13, 0x1f, 0x19, 0x2f, 0x15, 0x21, 0x19, 0x13, 0x3f, 0x6f, 0x1a, 0x1c, 0x5f, 0x12, 0x2f, 0x13, 0x1e, 0x18, 0x17, 0x4f, 0x5f, 0x14, 0x1f, 0x19,
0x1f, 0x17, 0x2f, 0x13, 0x18, 0x4f, 0x14, 0x12, 0x13, 0x3f, 0x7f, 0x27, 0x2f, 0x15, 0x1f, 0x1c, 0x2f, 0x13, 0x1f, 0x18, 0x14, 0x1b, 0x15, 0x2f, 0x4f, 0x16, 0x15, 0x17, 0x1c, 0x19, 0x3f, 0x16, 0x1a, 0x13, 0x17, 0x1b, 0x19, 0x12, 0x2c, 0x16, 0x13, 0x1f, 0x4f, 0x11, 0x16, 0x17, 0x12, 0x13, 0x5f, 0x11, 0x2f, 0x1c, 0x21, 0x13, 0x17, 0x14, 0x16, 0xff, 0x5f, 0x27, 0x16, 0x1f,
// Compressed size: 286 bytes original pixels: 12544 uint16_t → ~25088 bytes uncompressed)

// FENRIR / Fenrir Auraflow V0.3 000 S2048405772 Th0.100 24 [Folder: FENRIR] - RLE compressed data (offset: 20736, size: 213)
0xfe, 0x9e, 0xfe, 0x9e, 0xfe, 0x9e, 0xce, 0x11, 0x13, 0x11, 0x14, 0x8e, 0xae, 0x11, 0x13, 0x16, 0x17, 0x13, 0x24, 0x7e, 0x8e, 0x13, 0x20, 0x13, 0x26, 0x17, 0x24, 0x7e, 0x7e, 0x11, 0x20, 0x1a, 0x1d, 0x1a, 0x1c, 0x14, 0x1c, 0x33, 0x5e, 0x7e, 0x11, 0x1b, 0x18, 0x14, 0x1c, 0x1d, 0x3c, 0x17, 0x13, 0x11, 0x5e, 0x6e, 0x11, 0x1a, 0x10, 0x17, 0x1f, 0x17, 0x13, 0x1a, 0x17, 0x2a, 0x13, 0x16, 0x14, 0x4e, 0x6e, 0x18, 0x2a, 0x15, 0x1a, 0x17, 0x1a, 0x3d, 0x1a, 0x14, 0x16, 0x17, 0x14, 0x3e, 0x6e, 0x20, 0x12, 0x15, 0x1a, 0x14, 0x1a, 0x15, 0x2d, 0x1c, 0x17, 0x1d, 0x14, 0x1d, 0x17, 0x2e, 0x8e, 0x15, 0x18, 0x1a, 0x1d, 0x29, 0x1d, 0x19, 0x11, 0x15, 0x1a, 0x23, 0x1b, 0x2e, 0x8e, 0x1f,
0x18, 0x1a, 0x12, 0x18, 0x15, 0x1f, 0x19, 0x1f, 0x16, 0x17, 0x1c, 0x13, 0x1b, 0x2e, 0x8e, 0x15, 0x12, 0x1d, 0x48, 0x2b, 0x18, 0x2d, 0x16, 0x1d, 0x2e, 0x9e, 0x12, 0x1b, 0x1a, 0x38, 0x1f, 0x1b, 0x19, 0x17, 0x11, 0x14, 0x1d, 0x2e, 0xce, 0x15, 0x39, 0x1b, 0x13, 0x11, 0x1a, 0x1d, 0x3e, 0xbe, 0x1a, 0x1d, 0x29, 0x15, 0x19, 0x2a, 0x1d, 0x14, 0x3e, 0xbe, 0x1b, 0x15, 0x18, 0x1b, 0x19, 0x12, 0x14, 0x2a, 0x4e, 0x8e, 0x22, 0x19, 0x15, 0x1b, 0x19, 0x28, 0x16, 0x2c, 0x18, 0x4e, 0xde, 0x11, 0x13, 0x16, 0x14, 0x17, 0x6e, 0xce, 0x25, 0x17, 0x16, 0x14, 0x16, 0x6e, 0xce, 0x13, 0x2e, 0x1a, 0x8e, 0xfe, 0x9e, 0xfe, 0x9e,
// Compressed size: 213 bytes original pixels: 12544 uint16_t → ~25088 bytes uncompressed)

// FETCH / Fetch Auraflow V0.3 000 S2088305033 Th0.100 24 [Folder: FETCH] - RLE compressed data (offset: 20949, size: 235)
0xff, 0x9f, 0xdf, 0x10, 0xaf, 0x9f, 0x10, 0x2f, 0x10, 0xbf, 0x8f, 0x30, 0x11, 0x13, 0x11, 0x10, 0x9f, 0x7f, 0x14, 0x11, 0x10, 0x23, 0x1b, 0x27, 0x19, 0x20, 0x6f, 0x7f, 0x17, 0x18, 0x21, 0x1b, 0x1a, 0x17, 0x18, 0x16, 0x23, 0x6f, 0x6f, 0x11, 0x1d, 0x17, 0x10, 0x18, 0x1d, 0x1e, 0x1d, 0x1b, 0x16, 0x14, 0x12, 0x13, 0x5f, 0x7f, 0x15, 0x18, 0x1d, 0x1b, 0x1c, 0x1d, 0x1e, 0x18, 0x19, 0x27, 0x14, 0x11, 0x4f, 0x7f, 0x1e, 0x17, 0x1e, 0x2d, 0x2e, 0x1d, 0x1b, 0x19, 0x1a, 0x19, 0x15, 0x4f, 0x7f, 0x18, 0x1f, 0x1e, 0x18, 0x1d, 0x2e, 0x2d, 0x1c, 0x26, 0x19, 0x4f, 0x8f, 0x11, 0x1d, 0x19, 0x2e, 0x1d, 0x2e, 0x1b, 0x1c, 0x16, 0x19, 0x11, 0x3f, 0x8f, 0x10, 0x16, 0x2e, 0x1d, 0x4e, 0x17,
0x13, 0x1a, 0x16, 0x3f, 0x9f, 0x11, 0x2c, 0x1a, 0x3d, 0x1e, 0x1a, 0x1e, 0x18, 0x17, 0x3f, 0x7f, 0x10, 0x1f, 0x11, 0x19, 0x2b, 0x1c, 0x2b, 0x1a, 0x1c, 0x1d, 0x1b, 0x19, 0x3f, 0xaf, 0x16, 0x2a, 0x29, 0x17, 0x2a, 0x1b, 0x12, 0x18, 0x3f, 0xaf, 0x11, 0x18, 0x47, 0x18, 0x27, 0x12, 0x1b, 0x3f, 0xaf, 0x13, 0x17, 0x1f, 0x15, 0x14, 0x35, 0x1c, 0x14, 0x18, 0x17, 0x2f, 0xaf, 0x25, 0x12, 0x23, 0x2f, 0x14, 0x1b, 0x18, 0x27, 0x2f, 0x9f, 0x11, 0x15, 0x13, 0x1f, 0x12, 0x11, 0x3f, 0x27, 0x13, 0x16, 0x2f, 0x7f, 0x21, 0x14, 0x11, 0x5f, 0x15, 0x14, 0x19, 0x18, 0x12, 0x14, 0x2f, 0x2f, 0x12, 0x25, 0x17, 0x16, 0x25, 0x14, 0x3f, 0x14, 0x19, 0x12, 0x10, 0x18, 0x1b, 0x17, 0x15, 0x12, 0x2f,
0xff, 0x17, 0x19, 0x13, 0x38, 0x15, 0x2f, 0xff, 0x9f, 0xff, 0x9f,
// Compressed size: 235 bytes original pixels: 12544 uint16_t → ~25088 bytes uncompressed)

// FIR DARRIG / Fir Darrig Auraflow V0.3 000 S2799286049 Th0.100 24 [Folder: FIR_DARRIG] - RLE compressed data (offset: 21184, size: 254)
0xf0, 0x90, 0xf0, 0x90, 0x90, 0x51, 0xa0, 0x80, 0x11, 0x12, 0x17, 0x54, 0x80, 0x60, 0x24, 0x16, 0x12, 0x34, 0x11, 0x16, 0x12, 0x11, 0x12, 0x60, 0x50, 0x11, 0x13, 0x16, 0x14, 0x18, 0x22, 0x14, 0x1b, 0x19, 0x14, 0x17, 0x14, 0x12, 0x50, 0x50, 0x16, 0x13, 0x28, 0x15, 0x19, 0x13, 0x1f, 0x14, 0x19, 0x16, 0x18, 0x14, 0x17, 0x50, 0x50, 0x14, 0x1b, 0x1c, 0x1e, 0x19, 0x12, 0x15, 0x13, 0x19, 0x1d, 0x1a, 0x18, 0x1a, 0x1e, 0x16, 0x40, 0x50, 0x14, 0x1c, 0x3f, 0x15, 0x1f, 0x19, 0x2f, 0x1a, 0x18, 0x1d, 0x1a, 0x16, 0x40, 0x50, 0x17, 0x2e, 0x2f, 0x15, 0x5f, 0x2d, 0x2c, 0x18, 0x30, 0x40, 0x13, 0x18, 0x1d, 0x2e, 0x4f, 0x2d, 0x1f, 0x1d, 0x1a, 0x28, 0x1a, 0x30, 0x40, 0x28, 0x1e, 0x1f,
0x16, 0x1c, 0x5f, 0x1d, 0x13, 0x11, 0x16, 0x19, 0x1a, 0x13, 0x20, 0x40, 0x14, 0x17, 0x1c, 0x1e, 0x1c, 0x1e, 0x18, 0x2f, 0x1a, 0x1d, 0x1a, 0x18, 0x10, 0x12, 0x1b, 0x1e, 0x30, 0x40, 0x11, 0x17, 0x2a, 0x3b, 0x1e, 0x1d, 0x1e, 0x18, 0x1b, 0x1c, 0x10, 0x14, 0x2d, 0x14, 0x20, 0x50, 0x14, 0x1b, 0x2c, 0x18, 0x1b, 0x1e, 0x1b, 0x12, 0x1b, 0x18, 0x1d, 0x20, 0x19, 0x1a, 0x30, 0x50, 0x18, 0x1e, 0x2c, 0x18, 0x2b, 0x20, 0x1e, 0x1a, 0x1b, 0x10, 0x1d, 0x19, 0x1d, 0x30, 0x40, 0x13, 0x18, 0x16, 0x10, 0x16, 0x18, 0x1b, 0x30, 0x2b, 0x18, 0x12, 0x20, 0x19, 0x30, 0x40, 0x12, 0x13, 0x16, 0x10, 0x17, 0x1c, 0x18, 0x14, 0x10, 0x14, 0x28, 0x1b, 0x12, 0x20, 0x15, 0x30, 0x60, 0x15, 0x19, 0x14,
0x1b, 0x13, 0x17, 0x20, 0x12, 0x16, 0x13, 0x30, 0x15, 0x30, 0x50, 0x15, 0x19, 0x20, 0x12, 0x23, 0x40, 0x12, 0x70, 0x60, 0x1d, 0x30, 0x22, 0xc0, 0xf0, 0x90, 0xf0, 0x90, 0xf0, 0x90,
// Compressed size: 254 bytes original pixels: 12544 uint16_t → ~25088 bytes uncompressed)

// FOLLET / Follet Auraflow V0.3 000 S800421204 Th0.100 24 [Folder: FOLLET] - RLE compressed data (offset: 21438, size: 274)
0xf0, 0x90, 0xc0, 0x12, 0xb0, 0x90, 0x14, 0x12, 0x11, 0x12, 0x13, 0x12, 0x13, 0x80, 0x50, 0x14, 0x10, 0x22, 0x16, 0x19, 0x26, 0x29, 0x16, 0x17, 0x12, 0x60, 0x40, 0x12, 0x16, 0x1e, 0x16, 0x1e, 0x18, 0x1e, 0x1d, 0x19, 0x18, 0x29, 0x1b, 0x14, 0x60, 0x30, 0x13, 0x12, 0x11, 0x14, 0x2e, 0x1b, 0x1c, 0x18, 0x1b, 0x16, 0x1c, 0x17, 0x1b, 0x1c, 0x12, 0x50, 0x40, 0x16, 0x10, 0x17, 0x1d, 0x16, 0x18, 0x2d, 0x1f, 0x1b, 0x18, 0x1a, 0x1c, 0x1b, 0x17, 0x50, 0x60, 0x19, 0x1d, 0x19, 0x16, 0x2d, 0x19, 0x1f, 0x14, 0x1a, 0x18, 0x1a, 0x16, 0x50, 0x40, 0x13, 0x1b, 0x1c, 0x1f, 0x1c, 0x1b, 0x2f, 0x1e, 0x1f, 0x1a, 0x17, 0x25, 0x16, 0x50, 0x40, 0x13, 0x1c, 0x1f, 0x1d, 0x18, 0x1d, 0x1c, 0x1e,
0x2f, 0x18, 0x11, 0x1a, 0x19, 0x12, 0x50, 0x40, 0x2e, 0x14, 0x1f, 0x3d, 0x1c, 0x1f, 0x1e, 0x1b, 0x1d, 0x1a, 0x11, 0x60, 0x30, 0x12, 0x1b, 0x18, 0x13, 0x17, 0x2f, 0x1e, 0x19, 0x1e, 0x1d, 0x11, 0x19, 0x12, 0x70, 0x30, 0x24, 0x10, 0x17, 0x1d, 0x1c, 0x2d, 0x1f, 0x19, 0x12, 0x11, 0x23, 0x70, 0x30, 0x15, 0x12, 0x10, 0x1b, 0x1e, 0x1f, 0x1d, 0x2f, 0x1c, 0x16, 0x10, 0x11, 0x15, 0x11, 0x60, 0x60, 0x1c, 0x3d, 0x2e, 0x19, 0x1c, 0x20, 0x15, 0x19, 0x60, 0x60, 0x1b, 0x17, 0x1c, 0x12, 0x19, 0x11, 0x1b, 0x18, 0x12, 0x20, 0x14, 0x60, 0x50, 0x11, 0x17, 0x1f, 0x1d, 0x14, 0x15, 0x11, 0x10, 0x17, 0x13, 0x20, 0x12, 0x60, 0x30, 0x14, 0x28, 0x16, 0x1b, 0x15, 0x20, 0x11, 0x17, 0x16, 0x23,
0x10, 0x11, 0x60, 0x30, 0x1d, 0x12, 0x13, 0x10, 0x17, 0x19, 0x20, 0x13, 0x14, 0x20, 0x12, 0x10, 0x2c, 0x50, 0x40, 0x14, 0x10, 0x15, 0x11, 0x17, 0x70, 0x19, 0x18, 0x60, 0x60, 0x15, 0x14, 0x16, 0x20, 0x16, 0x15, 0x40, 0x16, 0x60, 0x70, 0x1b, 0x14, 0x20, 0x13, 0x16, 0x23, 0x90, 0xf0, 0x90, 0xf0, 0x90,
// Compressed size: 274 bytes original pixels: 12544 uint16_t → ~25088 bytes uncompressed)

// FOMORIAN / Fomorian Auraflow V0.3 000 S2685710871 Th0.100 24 [Folder: FOMORIAN] - RLE compressed data (offset: 21712, size: 320)
0xfe, 0x9e, 0xbe, 0x16, 0x20, 0x1b, 0x9e, 0x9e, 0x16, 0x13, 0x21, 0x13, 0x10, 0x11, 0x8e, 0x7e, 0x17, 0x13, 0x16, 0x15, 0x19, 0x27, 0x15, 0x11, 0x10, 0x7e, 0x5e, 0x1a, 0x17, 0x16, 0x11, 0x13, 0x17, 0x13, 0x19, 0x13, 0x11, 0x30, 0x6e, 0x5e, 0x13, 0x2b, 0x10, 0x17, 0x1b, 0x17, 0x39, 0x11, 0x30, 0x5e, 0x4e, 0x1c, 0x17, 0x1b, 0x19, 0x13, 0x15, 0x1a, 0x19, 0x1f, 0x1a, 0x2f, 0x11, 0x20, 0x11, 0x4e, 0x5e, 0x2b, 0x15, 0x21, 0x1d, 0x19, 0x1c, 0x29, 0x17, 0x15, 0x18, 0x14, 0x17, 0x22, 0x2e, 0x4e, 0x2b, 0x1d, 0x1c, 0x18, 0x10, 0x18, 0x17, 0x1a, 0x1c, 0x28, 0x2e, 0x1f, 0x19, 0x18, 0x14, 0x2e, 0x4e, 0x16, 0x1b, 0x16, 0x1c, 0x1f, 0x18, 0x1a, 0x2f, 0x15, 0x14, 0x1c, 0x3e, 0x1c,
0x13, 0x10, 0x2e, 0x4e, 0x17, 0x1c, 0x11, 0x1e, 0x18, 0x12, 0x2d, 0x19, 0x1f, 0x19, 0x1c, 0x3e, 0x1c, 0x15, 0x11, 0x2e, 0x3e, 0x26, 0x13, 0x14, 0x1e, 0x19, 0x3d, 0x19, 0x14, 0x17, 0x13, 0x16, 0x3e, 0x13, 0x1d, 0x2e, 0x3e, 0x27, 0x1c, 0x3e, 0x1b, 0x2d, 0x1c, 0x2b, 0x15, 0x16, 0x3e, 0x1c, 0x13, 0x2e, 0x3e, 0x1a, 0x17, 0x13, 0x2e, 0x1b, 0x19, 0x3c, 0x17, 0x16, 0x13, 0x16, 0x3e, 0x1a, 0x11, 0x2e, 0x4e, 0x17, 0x16, 0x1e, 0x1b, 0x19, 0x1d, 0x1b, 0x17, 0x1b, 0x17, 0x1b, 0x13, 0x15, 0x1e, 0x12, 0x11, 0x12, 0x1a, 0x2e, 0x5e, 0x1b, 0x1c, 0x12, 0x1a, 0x1d, 0x2c, 0x17, 0x1d, 0x19, 0x15, 0x10, 0x2e, 0x18, 0x11, 0x12, 0x2e, 0x5e, 0x1d, 0x1f, 0x10, 0x1d, 0x16, 0x1d, 0x1b, 0x1c,
0x2e, 0x1f, 0x14, 0x11, 0x18, 0x1e, 0x14, 0x3e, 0x2e, 0x10, 0x1e, 0x16, 0x1c, 0x19, 0x15, 0x1d, 0x1e, 0x19, 0x1c, 0x1b, 0x2e, 0x1f, 0x14, 0x18, 0x2e, 0x1a, 0x3e, 0x1e, 0x12, 0x1a, 0x1e, 0x14, 0x2e, 0x25, 0x2e, 0x19, 0x1b, 0x2e, 0x1d, 0x1f, 0x12, 0x2e, 0x19, 0x3e, 0x1e, 0x11, 0x12, 0x1d, 0x3e, 0x1c, 0x14, 0x3e, 0x17, 0x3e, 0x19, 0x17, 0x14, 0x5e, 0x1e, 0x1f, 0x18, 0x11, 0x3e, 0x19, 0x16, 0x7e, 0x17, 0x15, 0x11, 0x5e, 0x2e, 0x1d, 0x24, 0x1c, 0x1d, 0x1c, 0x15, 0x6e, 0x19, 0x12, 0x14, 0x1d, 0x10, 0x4e, 0x3e, 0x1d, 0x14, 0xae, 0x16, 0x1e, 0x11, 0x2e, 0x18, 0x3e, 0xfe, 0x9e,
// Compressed size: 320 bytes original pixels: 12544 uint16_t → ~25088 bytes uncompressed)

// FOSSEGRIM / Fossegrim Auraflow V0.3 000 S1567032257 Th0.100 24 [Folder: FOSSEGRIM] - RLE compressed data (offset: 22032, size: 256)
0xff, 0x9f, 0xff, 0x9f, 0xdf, 0x13, 0x14, 0x1c, 0x8f, 0x6f, 0x17, 0x5f, 0x2c, 0x10, 0x13, 0x1f, 0x1e, 0x6f, 0x5f, 0x14, 0x4f, 0x19, 0x14, 0x19, 0x14, 0x15, 0x31, 0x14, 0x1a, 0x1e, 0x11, 0x2f, 0x4f, 0x1b, 0x10, 0x4f, 0x22, 0x13, 0x1c, 0x17, 0x15, 0x1a, 0x10, 0x2f, 0x10, 0x1c, 0x2f, 0x4f, 0x10, 0x1f, 0x16, 0x30, 0x19, 0x16, 0x1e, 0x2d, 0x21, 0x10, 0x15, 0x1f, 0x19, 0x3f, 0x6f, 0x19, 0x12, 0x11, 0x14, 0x1f, 0x19, 0x1f, 0x13, 0x11, 0x16, 0x12, 0x1d, 0x10, 0x1f, 0x13, 0x3f, 0x6f, 0x14, 0x4f, 0x1c, 0x1f, 0x16, 0x10, 0x14, 0x18, 0x1f, 0x1a, 0x11, 0x19, 0x3f, 0x3f, 0x11, 0x7f, 0x19, 0x13, 0x1a, 0x12, 0x1a, 0x16, 0x1f, 0x1e, 0x18, 0x4f, 0x3f, 0x1a, 0x6f, 0x12, 0x1b, 0x14,
0x1d, 0x2e, 0x14, 0x7f, 0x8f, 0x1c, 0x1e, 0x18, 0x16, 0x14, 0x1e, 0x1a, 0x1e, 0x16, 0x1a, 0x6f, 0x7f, 0x12, 0x16, 0x11, 0x16, 0x22, 0x16, 0x1b, 0x16, 0x17, 0x1c, 0x6f, 0x4f, 0x19, 0x1c, 0x17, 0x14, 0x1e, 0x15, 0x1b, 0x1d, 0x1a, 0x1d, 0x26, 0x14, 0x7f, 0x3f, 0x16, 0x1b, 0x19, 0x16, 0x18, 0x2e, 0x18, 0x2e, 0x19, 0x17, 0x11, 0x1b, 0x7f, 0x3f, 0x18, 0x1b, 0x17, 0x16, 0x17, 0x3e, 0x2c, 0x1e, 0x18, 0x10, 0x13, 0x7f, 0x3f, 0x29, 0x1f, 0x18, 0x1b, 0x1d, 0x18, 0x1b, 0x1c, 0x17, 0x1c, 0x1e, 0x11, 0x1a, 0x16, 0x6f, 0x6f, 0x17, 0x1d, 0x18, 0x25, 0x2e, 0x1c, 0x13, 0x1a, 0x1e, 0x1c, 0x6f, 0x6f, 0x17, 0x15, 0x3f, 0x19, 0x1c, 0x1b, 0x1a, 0x1b, 0x1d, 0x1e, 0x6f, 0x5f, 0x15, 0x1f,
0x15, 0x4f, 0x19, 0x15, 0x19, 0x1e, 0x18, 0x15, 0x6f, 0x4f, 0x13, 0x15, 0x6f, 0x19, 0x1d, 0x1f, 0x1c, 0x8f, 0x4f, 0x16, 0x7f, 0x17, 0x2f, 0x11, 0x8f, 0x4f, 0x17, 0x6f, 0x27, 0xbf, 0xff, 0x9f,
// Compressed size: 256 bytes original pixels: 12544 uint16_t → ~25088 bytes uncompressed)

// GALLYBEG / Gallybeg Auraflow V0.3 000 S3403074066 Th0.100 24 [Folder: GALLYBEG] - RLE compressed data (offset: 22288, size: 211)
0xff, 0x9f, 0xff, 0x9f, 0xff, 0x9f, 0xff, 0x9f, 0xff, 0x3f, 0x12, 0x5f, 0xff, 0x12, 0x26, 0x25, 0x11, 0x3f, 0xff, 0x1f, 0x15, 0x13, 0x31, 0x15, 0x2f, 0xff, 0x14, 0x13, 0x12, 0x13, 0x11, 0x1a, 0x12, 0x2f, 0xff, 0x16, 0x1e, 0x11, 0x28, 0x12, 0x3f, 0x8f, 0x15, 0x19, 0x12, 0x16, 0x11, 0x14, 0x12, 0x19, 0x1b, 0x19, 0x17, 0x13, 0x11, 0x3f, 0x7f, 0x18, 0x14, 0x19, 0x16, 0x24, 0x16, 0x12, 0x1d, 0x14, 0x23, 0x15, 0x12, 0x3f, 0x6f, 0x14, 0x19, 0x16, 0x14, 0x12, 0x15, 0x11, 0x13, 0x14, 0x1b, 0x15, 0x17, 0x15, 0x13, 0x12, 0x3f, 0x5f, 0x18, 0x14, 0x18, 0x16, 0x24, 0x12, 0x16, 0x1a, 0x15, 0x1b, 0x15, 0x17, 0x15, 0x1c, 0x13, 0x3f, 0x4f, 0x15, 0x16, 0x1b, 0x17, 0x18, 0x2b, 0x18,
0x1b, 0x12, 0x13, 0x1d, 0x15, 0x18, 0x15, 0x1a, 0x4f, 0x3f, 0x19, 0x18, 0x16, 0x1a, 0x1b, 0x19, 0x1b, 0x14, 0x2d, 0x12, 0x17, 0x16, 0x3a, 0x5f, 0x1f, 0x16, 0x27, 0x1b, 0x18, 0x16, 0x1e, 0x1b, 0x18, 0x1d, 0x1e, 0x1b, 0x19, 0x1b, 0x16, 0x2c, 0x18, 0x11, 0x4f, 0x18, 0x19, 0x17, 0x19, 0x1d, 0x18, 0x12, 0x1d, 0x1e, 0x1c, 0x1d, 0x1a, 0x1c, 0x2e, 0x15, 0x14, 0x18, 0x1c, 0x12, 0x11, 0x3f, 0x1b, 0x3f, 0x14, 0x1c, 0x18, 0x1d, 0x1e, 0x1f, 0x19, 0x17, 0x2b, 0x1e, 0x1b, 0x15, 0x18, 0x17, 0x13, 0x16, 0x3f, 0x6f, 0x15, 0x9f, 0x18, 0x19, 0x6f, 0xff, 0x9f, 0xff, 0x9f, 0xff, 0x9f, 0xff, 0x9f, 0xff, 0x9f,
// Compressed size: 211 bytes original pixels: 12544 uint16_t → ~25088 bytes uncompressed)

// GALLYTROT / Gallytrot Auraflow V0.3 000 S1889561332 Th0.100 24 [Folder: GALLYTROT] - RLE compressed data (offset: 22499, size: 218)
0xfe, 0x9e, 0xfe, 0x9e, 0xbe, 0x11, 0x30, 0x9e, 0xae, 0x11, 0x16, 0x11, 0x17, 0x21, 0x8e, 0x9e, 0x12, 0x10, 0x11, 0x1a, 0x17, 0x14, 0x10, 0x12, 0x13, 0x6e, 0x8e, 0x19, 0x12, 0x10, 0x11, 0x19, 0x3b, 0x11, 0x12, 0x6e, 0x7e, 0x10, 0x15, 0x24, 0x13, 0x1a, 0x1b, 0x17, 0x12, 0x11, 0x7e, 0x7e, 0x18, 0x12, 0x17, 0x2d, 0x13, 0x1d, 0x13, 0x18, 0x1a, 0x16, 0x6e, 0x6e, 0x12, 0x15, 0x24, 0x2d, 0x1a, 0x1c, 0x1d, 0x10, 0x18, 0x15, 0x6e, 0x5e, 0x1a, 0x12, 0x11, 0x17, 0x1d, 0x1c, 0x18, 0x2c, 0x2b, 0x1a, 0x14, 0x6e, 0x5e, 0x17, 0x14, 0x11, 0x1b, 0x1c, 0x1d, 0x2c, 0x1b, 0x2e, 0x1a, 0x19, 0x12, 0x11, 0x4e, 0x5e, 0x16, 0x15, 0x16, 0x1c, 0x1a, 0x1c, 0x15, 0x1a, 0x1c, 0x13, 0x17, 0x18,
0x16, 0x24, 0x4e, 0x5e, 0x16, 0x17, 0x11, 0x1c, 0x1a, 0x2c, 0x19, 0x1b, 0x16, 0x1e, 0x39, 0x1d, 0x18, 0x3e, 0x6e, 0x15, 0x1d, 0x13, 0x1b, 0x1a, 0x2c, 0x18, 0x17, 0x1a, 0x13, 0x16, 0x1e, 0x1a, 0x12, 0x3e, 0x6e, 0x12, 0x1b, 0x12, 0x19, 0x16, 0x19, 0x1a, 0x18, 0x13, 0x16, 0x1e, 0x16, 0x1e, 0x1a, 0x17, 0x3e, 0x6e, 0x14, 0x17, 0x1d, 0x4e, 0x19, 0x18, 0x14, 0x1e, 0x15, 0x1e, 0x13, 0x1c, 0x3e, 0x6e, 0x1a, 0x13, 0x17, 0x1f, 0x3e, 0x16, 0x1a, 0x15, 0x4e, 0x13, 0x3e, 0x7e, 0x19, 0x16, 0x1d, 0x2e, 0x26, 0x29, 0x8e, 0xce, 0x13, 0x26, 0x17, 0x8e, 0xde, 0x26, 0x15, 0x8e, 0xde, 0x15, 0x16, 0x15, 0x18, 0x7e, 0xfe, 0x9e, 0xfe, 0x9e, 0xfe, 0x9e,
// Compressed size: 218 bytes original pixels: 12544 uint16_t → ~25088 bytes uncompressed)

// GANCANOGH / Gancanogh Auraflow V0.3 000 S3390702380 Th0.100 24 [Folder: GANCANOGH] - RLE compressed data (offset: 22717, size: 261)
0xff, 0x9f, 0x8f, 0x12, 0x1f, 0x12, 0x13, 0x10, 0x12, 0xaf, 0x7f, 0x16, 0x12, 0x15, 0x11, 0x17, 0x13, 0x1b, 0x13, 0x9f, 0x6f, 0x10, 0x13, 0x10, 0x13, 0x3c, 0x12, 0x19, 0x9f, 0x7f, 0x15, 0x17, 0x1d, 0x1e, 0x1b, 0x18, 0x1e, 0x19, 0x9f, 0x6f, 0x11, 0x17, 0x1a, 0x3e, 0x19, 0x1b, 0x16, 0x9f, 0x7f, 0x19, 0x2d, 0x1c, 0x1e, 0x27, 0x11, 0x9f, 0x4f, 0x20, 0x18, 0x15, 0x1b, 0x1c, 0x1a, 0x10, 0x1f, 0x12, 0xaf, 0x4f, 0x10, 0x15, 0x17, 0x1a, 0x19, 0x1e, 0x1a, 0x16, 0x20, 0xaf, 0x4f, 0x10, 0x11, 0x15, 0x18, 0x1a, 0x2e, 0x1b, 0x12, 0xbf, 0x6f, 0x15, 0x2b, 0x2e, 0x1d, 0x13, 0xbf, 0x6f, 0x10, 0x1c, 0x1a, 0x1d, 0x1e, 0x24, 0x11, 0xaf, 0x5f, 0x13, 0x18, 0x14, 0x12, 0x1b, 0x19, 0x1d,
0x12, 0x15, 0xaf, 0x5f, 0x10, 0x18, 0x12, 0x1f, 0x19, 0x18, 0x14, 0x10, 0x13, 0x3f, 0x11, 0x17, 0x10, 0x4f, 0x5f, 0x14, 0x15, 0x1f, 0x10, 0x19, 0x18, 0x15, 0x17, 0x16, 0x11, 0x1f, 0x11, 0x17, 0x1f, 0x17, 0x4f, 0x4f, 0x12, 0x18, 0x3f, 0x19, 0x18, 0x1a, 0x15, 0x13, 0x25, 0x17, 0x2f, 0x10, 0x4f, 0x4f, 0x11, 0x10, 0x2f, 0x14, 0x1d, 0x1e, 0x17, 0x19, 0x11, 0x14, 0x19, 0x10, 0x7f, 0x4f, 0x16, 0x17, 0x2f, 0x18, 0x1a, 0x1e, 0x18, 0x1b, 0x10, 0x12, 0x1f, 0x12, 0x7f, 0x2f, 0x12, 0x4f, 0x16, 0x2a, 0x1e, 0x19, 0x12, 0x27, 0x15, 0x14, 0x7f, 0x1f, 0x10, 0x4f, 0x12, 0x2c, 0x1a, 0x18, 0x2e, 0x1a, 0x17, 0x11, 0x8f, 0x1f, 0x16, 0x4f, 0x18, 0x1d, 0x1a, 0x1d, 0x3e, 0x1d, 0x13, 0x1f,
0x15, 0x7f, 0x2f, 0x16, 0x1f, 0x12, 0x1f, 0x12, 0x18, 0x3c, 0x1d, 0x18, 0x14, 0x1f, 0x10, 0x8f, 0x3f, 0x10, 0x12, 0x15, 0x1a, 0x1c, 0x1b, 0x2c, 0x1a, 0x28, 0x17, 0x9f, 0x4f, 0x14, 0x18, 0x5a, 0x18, 0x16, 0x18, 0x14, 0x9f,
// Compressed size: 261 bytes original pixels: 12544 uint16_t → ~25088 bytes uncompressed)

// GARGOYLE / Gargoyle Auraflow V0.3 000 S912500852 Th0.100 24 [Folder: GARGOYLE] - RLE compressed data (offset: 22978, size: 365)
0xfd, 0x2d, 0x11, 0x16, 0x18, 0x19, 0x17, 0x25, 0x9d, 0x1c, 0x8d, 0x13, 0x18, 0x1b, 0x13, 0x18, 0x17, 0x7d, 0x13, 0x10, 0x1b, 0x16, 0x6d, 0x10, 0x18, 0x16, 0x1a, 0x16, 0x18, 0x15, 0x7d, 0x13, 0x10, 0x13, 0x21, 0x5d, 0x1f, 0x16, 0x1f, 0x19, 0x16, 0x13, 0x15, 0x7d, 0x14, 0x11, 0x14, 0x11, 0x1b, 0x11, 0x4d, 0x14, 0x1b, 0x1f, 0x16, 0x12, 0x16, 0x14, 0x7d, 0x14, 0x1e, 0x1f, 0x2b, 0x23, 0x2d, 0x18, 0x13, 0x1f, 0x19, 0x12, 0x14, 0x15, 0x14, 0x7d, 0x1e, 0x1b, 0x14, 0x1c, 0x2f, 0x15, 0x13, 0x12, 0x16, 0x2e, 0x21, 0x19, 0x26, 0x7d, 0x1c, 0x16, 0x2f, 0x17, 0x1a, 0x16, 0x11, 0x13, 0x19, 0x2f, 0x14, 0x16, 0x14, 0x16, 0x19, 0x8d, 0x14, 0x1a, 0x12, 0x1f, 0x1c, 0x16, 0x15, 0x12,
0x2f, 0x15, 0x1a, 0x17, 0x18, 0x17, 0x1f, 0x9d, 0x11, 0x2b, 0x19, 0x13, 0x1f, 0x1b, 0x2f, 0x23, 0x19, 0x1c, 0x17, 0x1c, 0x8d, 0x13, 0x1b, 0x1d, 0x1f, 0x2b, 0x3c, 0x13, 0x14, 0x1d, 0x15, 0x19, 0x18, 0x1b, 0x7d, 0x12, 0x1e, 0x25, 0x1f, 0x1c, 0x1f, 0x1e, 0x17, 0x1f, 0x1b, 0x11, 0x1d, 0x18, 0x1e, 0x16, 0x1b, 0x7d, 0x1e, 0x12, 0x1f, 0x19, 0x16, 0x19, 0x1f, 0x1b, 0x13, 0x18, 0x1b, 0x2d, 0x15, 0x17, 0x12, 0x14, 0x7d, 0x19, 0x18, 0x1b, 0x15, 0x18, 0x19, 0x14, 0x12, 0x15, 0x18, 0x1f, 0x2d, 0x19, 0x1b, 0x1a, 0x1c, 0x6d, 0x10, 0x2d, 0x3b, 0x1c, 0x18, 0x16, 0x15, 0x19, 0x1f, 0x1d, 0x10, 0x28, 0x13, 0x18, 0x9d, 0x12, 0x1c, 0x1f, 0x1e, 0x1a, 0x15, 0x1a, 0x1e, 0x2b, 0x19, 0x1a,
0x26, 0x18, 0x9d, 0x10, 0x16, 0x1c, 0x1f, 0x1a, 0x12, 0x2f, 0x2d, 0x13, 0x1a, 0x11, 0x18, 0x16, 0x9d, 0x15, 0x1c, 0x16, 0x1f, 0x1e, 0x13, 0x1b, 0x1e, 0x2d, 0x24, 0x15, 0x17, 0x15, 0x6d, 0x13, 0x1b, 0x1a, 0x12, 0x17, 0x11, 0x15, 0x10, 0x1b, 0x18, 0x3d, 0x12, 0x10, 0x15, 0x12, 0x13, 0x3d, 0x11, 0x28, 0x24, 0x12, 0x11, 0x10, 0x11, 0x15, 0x1c, 0x11, 0x20, 0x1d, 0x19, 0x12, 0x10, 0x16, 0x14, 0x18, 0x3d, 0x10, 0x17, 0x11, 0x13, 0x21, 0x13, 0x14, 0x10, 0x13, 0x1a, 0x15, 0x11, 0x14, 0x15, 0x17, 0x18, 0x14, 0x25, 0x12, 0x3d, 0x12, 0x1e, 0x3c, 0x1f, 0x1e, 0x2b, 0x4c, 0x1e, 0x2c, 0x1b, 0x12, 0x18, 0x16, 0x13, 0x3d, 0x17, 0x14, 0x1c, 0x1a, 0x1b, 0x18, 0x1a, 0x1b, 0x19, 0x2c,
0x16, 0x1c, 0x1f, 0x19, 0x1f, 0x1b, 0x10, 0x1a, 0x25, 0x4d, 0x12, 0x19, 0x13, 0x2b, 0x1c, 0x1e, 0x15, 0x16, 0x18, 0x19, 0x1f, 0x19, 0x17, 0x1e, 0x15, 0x12, 0x15, 0x14, 0x19,
// Compressed size: 365 bytes original pixels: 12544 uint16_t → ~25088 bytes uncompressed)

// GHOST / Ghost Auraflow V0.3 000 S600981842 Th0.100 24 [Folder: GHOST] - RLE compressed data (offset: 23343, size: 290)
0xf0, 0x90, 0x50, 0x1c, 0x1d, 0x1e, 0x2d, 0x1b, 0x1f, 0xc0, 0x40, 0x1d, 0x2f, 0x11, 0x13, 0x31, 0x16, 0x1b, 0xa0, 0x40, 0x1e, 0x1c, 0x13, 0x15, 0x29, 0x32, 0x21, 0x1b, 0x3e, 0x10, 0x1e, 0x30, 0x70, 0x18, 0x1d, 0x18, 0x12, 0x15, 0x16, 0x13, 0x11, 0x12, 0x11, 0x1b, 0x60, 0x70, 0x18, 0x1f, 0x15, 0x16, 0x1c, 0x16, 0x1a, 0x14, 0x21, 0x10, 0x1e, 0x50, 0x80, 0x1d, 0x19, 0x10, 0x1c, 0x28, 0x17, 0x1a, 0x12, 0x13, 0x17, 0x50, 0x90, 0x18, 0x30, 0x18, 0x26, 0x14, 0x16, 0x12, 0x1c, 0x40, 0x50, 0x1e, 0x1f, 0x10, 0x2e, 0x10, 0x1c, 0x10, 0x1e, 0x1a, 0x29, 0x15, 0x24, 0x40, 0x70, 0x16, 0x1a, 0x1d, 0x30, 0x1b, 0x16, 0x1a, 0x16, 0x14, 0x10, 0x13, 0x18, 0x30, 0x50, 0x1e, 0x1d, 0x1b,
0x1c, 0x40, 0x16, 0x1c, 0x1b, 0x1a, 0x19, 0x18, 0x17, 0x40, 0x70, 0x18, 0x17, 0x10, 0x1e, 0x10, 0x1b, 0x19, 0x14, 0x1b, 0x27, 0x1a, 0x14, 0x1a, 0x30, 0x40, 0x1e, 0x2b, 0x16, 0x30, 0x1e, 0x16, 0x17, 0x2e, 0x1d, 0x17, 0x14, 0x10, 0x1d, 0x30, 0x50, 0x16, 0x19, 0x40, 0x1a, 0x1b, 0x10, 0x1e, 0x2d, 0x1b, 0x16, 0x50, 0x50, 0x1c, 0x1f, 0x30, 0x1d, 0x1e, 0x1c, 0x18, 0x10, 0x1e, 0x1d, 0x1b, 0x60, 0x50, 0x1c, 0x2e, 0x20, 0x1a, 0x18, 0x30, 0x1c, 0x17, 0x14, 0x1d, 0x50, 0x50, 0x1a, 0x15, 0x40, 0x2b, 0x14, 0x10, 0x1c, 0x14, 0x1b, 0x60, 0x50, 0x1b, 0x1a, 0x50, 0x14, 0x1b, 0x20, 0x14, 0x1d, 0x60, 0x40, 0x1e, 0x1c, 0x17, 0x40, 0x1d, 0x16, 0x17, 0x20, 0x17, 0x70, 0x50, 0x1b, 0x1c,
0x1b, 0x20, 0x1b, 0x10, 0x13, 0x14, 0x30, 0x17, 0x60, 0x40, 0x1b, 0x28, 0x17, 0x10, 0x17, 0x1a, 0x16, 0x11, 0x16, 0x20, 0x25, 0x60, 0x20, 0x1c, 0x37, 0x14, 0x15, 0x22, 0x11, 0x12, 0x13, 0x16, 0x21, 0x16, 0x14, 0x1b, 0x19, 0x40, 0x10, 0x18, 0x17, 0x26, 0x15, 0x13, 0x31, 0x23, 0x16, 0x15, 0x16, 0x1a, 0x13, 0x14, 0x1a, 0x50, 0x18, 0x1b, 0x17, 0x18, 0x13, 0x21, 0x13, 0x11, 0x12, 0x15, 0x22, 0xb0,
// Compressed size: 290 bytes original pixels: 12544 uint16_t → ~25088 bytes uncompressed)

// GHOUL / Ghoul Auraflow V0.3 000 S2002421739 Th0.100 24 [Folder: GHOUL] - RLE compressed data (offset: 23633, size: 253)
0xfe, 0x9e, 0xde, 0x10, 0xae, 0xae, 0x23, 0x11, 0x20, 0x13, 0x8e, 0x9e, 0x20, 0x14, 0x15, 0x14, 0x12, 0x49, 0x5e, 0x8e, 0x15, 0x20, 0x13, 0x15, 0x1b, 0x17, 0x1b, 0x2a, 0x1b, 0x5e, 0x7e, 0x14, 0x15, 0x14, 0x1b, 0x17, 0x12, 0x15, 0x26, 0x2d, 0x1f, 0x5e, 0x5e, 0x13, 0x16, 0x19, 0x11, 0x19, 0x1d, 0x18, 0x15, 0x11, 0x1c, 0x10, 0x1d, 0x1f, 0x17, 0x16, 0x4e, 0x5e, 0x17, 0x13, 0x12, 0x19, 0x2d, 0x38, 0x14, 0x1c, 0x1f, 0x1d, 0x26, 0x4e, 0x5e, 0x1b, 0x14, 0x1c, 0x2e, 0x1b, 0x13, 0x17, 0x28, 0x2d, 0x18, 0x15, 0x5e, 0x3e, 0x11, 0x1c, 0x12, 0x10, 0x18, 0x2e, 0x1c, 0x18, 0x16, 0x25, 0x12, 0x15, 0x17, 0x16, 0x5e, 0x4e, 0x14, 0x12, 0x14, 0x3e, 0x2d, 0x17, 0x1a, 0x17, 0x2d, 0x1f,
0x16, 0x5e, 0x3e, 0x15, 0x16, 0x5e, 0x2b, 0x14, 0x17, 0x19, 0x3d, 0x16, 0x5e, 0x3e, 0x16, 0x6e, 0x14, 0x3b, 0x19, 0x17, 0x2e, 0x14, 0x5e, 0x3e, 0x12, 0x5e, 0x13, 0x12, 0x16, 0x19, 0x1d, 0x1c, 0x15, 0x2e, 0x17, 0x16, 0x4e, 0x2e, 0x13, 0x11, 0x5e, 0x1c, 0x12, 0x1a, 0x17, 0x1d, 0x19, 0x15, 0x1b, 0x1e, 0x1b, 0x15, 0x4e, 0x3e, 0x1b, 0x17, 0x4e, 0x14, 0x1e, 0x1d, 0x3e, 0x14, 0x13, 0x1e, 0x19, 0x1b, 0x4e, 0x3e, 0x1d, 0x10, 0x1e, 0x17, 0x2e, 0x13, 0x15, 0x5e, 0x12, 0x15, 0x1e, 0x1b, 0x4e, 0x3e, 0x19, 0x13, 0x4e, 0x1c, 0x16, 0x17, 0x4e, 0x12, 0x18, 0x1e, 0x1a, 0x4e, 0x3e, 0x16, 0x1e, 0x14, 0x3e, 0x14, 0x19, 0x1f, 0x1d, 0x2e, 0x15, 0x14, 0x2e, 0x11, 0x13, 0x3e, 0x2e, 0x1c,
0x7e, 0x15, 0x18, 0x1e, 0x19, 0x18, 0x2d, 0x15, 0x13, 0x11, 0x1b, 0x1c, 0x2e, 0xee, 0x11, 0x15, 0x18, 0x19, 0x1a, 0x13, 0x1d, 0x10, 0x2e, 0xfe, 0x9e, 0xfe, 0x9e, 0xfe, 0x9e,
// Compressed size: 253 bytes original pixels: 12544 uint16_t → ~25088 bytes uncompressed)

// GIANT FROST / Giant Frost Auraflow V0.3 000 S2702214752 Th0.100 24 [Folder: GIANT_FROST] - RLE compressed data (offset: 23886, size: 359)
0xae, 0x10, 0xde, 0x5e, 0x12, 0x10, 0x12, 0x11, 0x10, 0x13, 0x12, 0x10, 0xbe, 0x4e, 0x18, 0x26, 0x19, 0x28, 0x11, 0x1e, 0x11, 0x1e, 0x12, 0x4e, 0x10, 0x4e, 0x3e, 0x14, 0x36, 0x1b, 0x14, 0x13, 0x16, 0x14, 0x13, 0x10, 0x11, 0x2e, 0x14, 0x2e, 0x10, 0x3e, 0x3e, 0x19, 0x14, 0x13, 0x1d, 0x2c, 0x15, 0x28, 0x16, 0x13, 0x14, 0x13, 0x11, 0x1e, 0x10, 0x1e, 0x13, 0x11, 0x2e, 0x3e, 0x1a, 0x16, 0x1a, 0x1f, 0x1c, 0x1d, 0x17, 0x1b, 0x1c, 0x1b, 0x18, 0x1b, 0x26, 0x13, 0x1e, 0x14, 0x13, 0x3e, 0x3e, 0x1a, 0x18, 0x19, 0x18, 0x1b, 0x1d, 0x19, 0x18, 0x1d, 0x1f, 0x1b, 0x1a, 0x17, 0x1c, 0x13, 0x12, 0x14, 0x4e, 0x3e, 0x10, 0x1a, 0x18, 0x19, 0x18, 0x1b, 0x1d, 0x3f, 0x1d, 0x2f, 0x1a, 0x16,
0x19, 0x14, 0x1e, 0x12, 0x2e, 0x4e, 0x19, 0x16, 0x12, 0x2e, 0x1c, 0x1f, 0x1d, 0x17, 0x1d, 0x1f, 0x1c, 0x1a, 0x1d, 0x17, 0x18, 0x14, 0x12, 0x2e, 0x3e, 0x13, 0x16, 0x13, 0x11, 0x1e, 0x18, 0x1c, 0x1f, 0x1c, 0x2f, 0x1c, 0x2f, 0x1c, 0x16, 0x18, 0x16, 0x3e, 0x3e, 0x18, 0x16, 0x4e, 0x18, 0x3d, 0x2f, 0x1d, 0x2f, 0x1d, 0x1c, 0x1e, 0x11, 0x2e, 0x3e, 0x10, 0x18, 0x4e, 0x18, 0x1c, 0x1d, 0x19, 0x3f, 0x3d, 0x19, 0x12, 0x13, 0x11, 0x1e, 0x2e, 0x11, 0x10, 0x16, 0x5e, 0x14, 0x19, 0x1d, 0x1f, 0x4d, 0x1f, 0x1d, 0x1c, 0x1e, 0x14, 0x1e, 0x3e, 0x13, 0x1e, 0x10, 0x4e, 0x27, 0x1c, 0x1f, 0x1d, 0x1f, 0x29, 0x1a, 0x1d, 0x19, 0x16, 0x2e, 0x2e, 0x12, 0x11, 0x7e, 0x19, 0x1c, 0x1d, 0x2f, 0x16,
0x1b, 0x27, 0x1d, 0x28, 0x1e, 0x1e, 0x11, 0x20, 0x6e, 0x11, 0x17, 0x19, 0x1c, 0x1d, 0x1f, 0x1d, 0x1c, 0x19, 0x18, 0x1a, 0x1d, 0x19, 0x1e, 0x1e, 0x11, 0x12, 0x7e, 0x16, 0x17, 0x2b, 0x1c, 0x1d, 0x1f, 0x1d, 0x1a, 0x17, 0x1b, 0x1a, 0x17, 0x13, 0x2e, 0x11, 0x7e, 0x14, 0x19, 0x1c, 0x16, 0x1c, 0x1d, 0x19, 0x1d, 0x19, 0x16, 0x1c, 0x1d, 0x16, 0x1e, 0x2e, 0x12, 0x5e, 0x13, 0x18, 0x1b, 0x17, 0x1c, 0x1a, 0x18, 0x1d, 0x1c, 0x29, 0x16, 0x19, 0x1c, 0x2e, 0x8e, 0x1a, 0x1b, 0x3c, 0x17, 0x1b, 0x17, 0x15, 0x17, 0x15, 0x14, 0x1d, 0x1f, 0x2e, 0x7e, 0x2b, 0x5a, 0x19, 0x35, 0x13, 0x12, 0x1f, 0x1c, 0x2e, 0x6e, 0x14, 0x17, 0x49, 0x27, 0x13, 0x15, 0x12, 0x21, 0x2c, 0x1a, 0x2e, 0x5e, 0x25,
0x27, 0x35, 0x14, 0x10, 0x31, 0x10, 0x12, 0x2d, 0x1a, 0x2e, 0x4e, 0x12, 0x14, 0x35, 0x12, 0x10, 0x12, 0x60, 0x12, 0x19, 0x1a, 0x19, 0x2e,
// Compressed size: 359 bytes original pixels: 12544 uint16_t → ~25088 bytes uncompressed)

// GIANT STONE / Giant Stone Auraflow V0.3 000 S2820862258 Th0.100 24 [Folder: GIANT_STONE] - RLE compressed data (offset: 24245, size: 293)
0xfe, 0x9e, 0xfe, 0x9e, 0xce, 0x12, 0x10, 0x11, 0x9e, 0xae, 0x12, 0x10, 0x12, 0x13, 0x10, 0x18, 0x8e, 0x9e, 0x20, 0x31, 0x15, 0x31, 0x6e, 0x7e, 0x16, 0x12, 0x10, 0x14, 0x1c, 0x13, 0x18, 0x15, 0x19, 0x10, 0x14, 0x19, 0x5e, 0x7e, 0x1b, 0x16, 0x14, 0x17, 0x1a, 0x13, 0x12, 0x14, 0x12, 0x11, 0x14, 0x12, 0x5e, 0x7e, 0x16, 0x15, 0x1a, 0x15, 0x1a, 0x16, 0x17, 0x13, 0x15, 0x1f, 0x13, 0x19, 0x5e, 0x6e, 0x2b, 0x15, 0x18, 0x1a, 0x15, 0x1b, 0x17, 0x18, 0x14, 0x12, 0x11, 0x12, 0x1b, 0x4e, 0x6e, 0x17, 0x16, 0x17, 0x19, 0x2b, 0x29, 0x13, 0x1b, 0x1d, 0x1a, 0x14, 0x11, 0x16, 0x3e, 0x5e, 0x1a, 0x16, 0x1a, 0x2e, 0x1c, 0x1f, 0x29, 0x28, 0x2e, 0x24, 0x16, 0x3e, 0x4e, 0x1b, 0x19, 0x27,
0x2e, 0x1c, 0x1b, 0x1a, 0x2c, 0x14, 0x2e, 0x13, 0x14, 0x11, 0x3e, 0x4e, 0x1a, 0x1f, 0x19, 0x3e, 0x1a, 0x1b, 0x1a, 0x15, 0x14, 0x13, 0x2e, 0x15, 0x1a, 0x17, 0x16, 0x2e, 0x3e, 0x1d, 0x19, 0x18, 0x1b, 0x3e, 0x1a, 0x1b, 0x28, 0x15, 0x13, 0x3e, 0x25, 0x16, 0x2e, 0x3e, 0x1d, 0x1f, 0x19, 0x13, 0x2e, 0x1b, 0x1a, 0x1b, 0x29, 0x13, 0x14, 0x3e, 0x1b, 0x19, 0x16, 0x2e, 0x2e, 0x1d, 0x2b, 0x1c, 0x18, 0x2e, 0x1c, 0x15, 0x17, 0x1d, 0x16, 0x12, 0x13, 0x2e, 0x11, 0x15, 0x1b, 0x3e, 0x2e, 0x1c, 0x27, 0x1d, 0x1b, 0x2e, 0x1a, 0x19, 0x1f, 0x1d, 0x1f, 0x18, 0x12, 0x2e, 0x25, 0x1f, 0x3e, 0x2e, 0x2c, 0x19, 0x12, 0x1d, 0x1e, 0x1d, 0x1b, 0x1a, 0x13, 0x2d, 0x19, 0x12, 0x11, 0x1e, 0x14, 0x12,
0x19, 0x3e, 0x2e, 0x1d, 0x1b, 0x14, 0x12, 0x10, 0x3d, 0x2b, 0x1a, 0x1d, 0x18, 0x15, 0x12, 0x2e, 0x19, 0x4e, 0x2e, 0x1c, 0x3a, 0x14, 0x3d, 0x19, 0x15, 0x19, 0x2d, 0x13, 0x17, 0x7e, 0x2e, 0x2b, 0x1a, 0x12, 0x17, 0x10, 0x2d, 0x37, 0x2d, 0x11, 0x19, 0x12, 0x6e, 0x2e, 0x16, 0x29, 0x1a, 0x13, 0x30, 0x15, 0x10, 0x1e, 0x11, 0x10, 0x9e, 0x4e, 0x13, 0x12, 0x10, 0x16, 0x17, 0x11, 0x30, 0xbe, 0x4e, 0x2b, 0x13, 0xfe, 0x2e,
// Compressed size: 293 bytes original pixels: 12544 uint16_t → ~25088 bytes uncompressed)

// GILLY DHU / Gilly Dhu Auraflow V0.3 000 S3774256892 Th0.100 24 [Folder: GILLY_DHU] - RLE compressed data (offset: 24538, size: 123)
0xff, 0x9f, 0xff, 0x9f, 0xff, 0x9f, 0xff, 0x9f, 0xff, 0x9f, 0xbf, 0x15, 0x16, 0x11, 0xaf, 0xbf, 0x12, 0x11, 0x12, 0x15, 0x9f, 0x9f, 0x14, 0x13, 0x1a, 0x1e, 0x1c, 0x14, 0x9f, 0x9f, 0x1b, 0x17, 0x15, 0x17, 0xbf, 0x9f, 0x1c, 0x1e, 0x18, 0x22, 0xaf, 0x8f, 0x1d, 0x1f, 0x1d, 0x1c, 0x19, 0x16, 0xaf, 0x8f, 0x19, 0x1f, 0x1b, 0x28, 0x1f, 0x15, 0x9f, 0x7f, 0x11, 0x12, 0x1f, 0x17, 0x1c, 0x1b, 0x1f, 0x18, 0x9f, 0x7f, 0x14, 0x17, 0x13, 0x19, 0x1c, 0x1b, 0x13, 0x15, 0x9f, 0x9f, 0x1a, 0x1c, 0x16, 0x13, 0x3f, 0x14, 0x7f, 0x9f, 0x1a, 0x12, 0x13, 0xcf, 0x9f, 0x15, 0x1f, 0x1e, 0xcf, 0x9f, 0x1e, 0x1f, 0x15, 0xcf, 0x9f, 0x16, 0x1f, 0x14, 0xcf, 0x6f, 0x27, 0x2c, 0x1f, 0x13, 0xcf, 0x8f,
0x16, 0x19, 0x14, 0x16, 0xcf, 0xff, 0x9f, 0xff, 0x9f, 0xff, 0x9f,
// Compressed size: 123 bytes original pixels: 12544 uint16_t → ~25088 bytes uncompressed)

// GLASHTIG / Glashtig Auraflow V0.3 000 S3939623373 Th0.100 24 [Folder: GLASHTIG] - RLE compressed data (offset: 24661, size: 268)
0xf0, 0x90, 0xf0, 0x90, 0xf0, 0x90, 0xe0, 0x14, 0x11, 0x80, 0xb0, 0x13, 0x12, 0x14, 0x1d, 0x28, 0x22, 0x14, 0x19, 0x30, 0xb0, 0x13, 0x12, 0x16, 0x2c, 0x28, 0x16, 0x14, 0x1e, 0x30, 0x90, 0x16, 0x13, 0x18, 0x19, 0x16, 0x13, 0x1c, 0x1f, 0x19, 0x14, 0x1e, 0x15, 0x30, 0x80, 0x11, 0x19, 0x1e, 0x1c, 0x1f, 0x18, 0x1d, 0x17, 0x2b, 0x16, 0x1d, 0x1b, 0x30, 0x70, 0x14, 0x16, 0x14, 0x18, 0x23, 0x1c, 0x16, 0x17, 0x15, 0x1b, 0x22, 0x11, 0x30, 0x60, 0x19, 0x1e, 0x16, 0x14, 0x18, 0x19, 0x1f, 0x1c, 0x1a, 0x1f, 0x16, 0x15, 0x2c, 0x16, 0x30, 0x50, 0x18, 0x19, 0x1d, 0x18, 0x14, 0x1c, 0x1d, 0x2c, 0x19, 0x1c, 0x1f, 0x1c, 0x1e, 0x11, 0x40, 0x50, 0x14, 0x1e, 0x18, 0x14, 0x1a, 0x1f, 0x1c,
0x19, 0x1c, 0x16, 0x1c, 0x12, 0x2b, 0x50, 0x50, 0x16, 0x1c, 0x1a, 0x1c, 0x3d, 0x1f, 0x1a, 0x18, 0x1d, 0x1a, 0x18, 0x15, 0x50, 0x40, 0x11, 0x18, 0x1c, 0x19, 0x16, 0x1e, 0x1c, 0x1d, 0x1e, 0x1c, 0x2f, 0x1e, 0x18, 0x19, 0x1b, 0x40, 0x20, 0x11, 0x13, 0x12, 0x2e, 0x14, 0x18, 0x1e, 0x2d, 0x1c, 0x1e, 0x18, 0x1f, 0x19, 0x16, 0x10, 0x1d, 0x40, 0x10, 0x18, 0x11, 0x16, 0x18, 0x14, 0x1a, 0x18, 0x1a, 0x18, 0x1d, 0x1f, 0x1d, 0x1c, 0x16, 0x2a, 0x20, 0x11, 0x40, 0x20, 0x16, 0x11, 0x26, 0x14, 0x18, 0x16, 0x18, 0x1d, 0x10, 0x21, 0x1d, 0x14, 0x80, 0x10, 0x11, 0x18, 0x10, 0x14, 0x1e, 0x10, 0x18, 0x14, 0x10, 0x16, 0x12, 0x20, 0x14, 0x12, 0x80, 0x10, 0x16, 0x1a, 0x10, 0x1e, 0x1f, 0x10,
0x1d, 0x18, 0x10, 0x1c, 0x16, 0x20, 0x1a, 0x1f, 0x80, 0x20, 0x18, 0x29, 0x1a, 0x10, 0x17, 0x1c, 0x1d, 0x12, 0x1c, 0x14, 0x20, 0x1a, 0x80, 0x40, 0x16, 0x1f, 0x18, 0x12, 0x1c, 0x16, 0x13, 0x10, 0x16, 0x18, 0x10, 0x1f, 0x28, 0x60, 0xf0, 0x90, 0xf0, 0x90, 0xf0, 0x90,
// Compressed size: 268 bytes original pixels: 12544 uint16_t → ~25088 bytes uncompressed)

// GNOME / Gnome Auraflow V0.3 000 S2406118906 Th0.100 24 [Folder: GNOME] - RLE compressed data (offset: 24929, size: 177)
0xff, 0x9f, 0xcf, 0x10, 0xbf, 0xcf, 0x10, 0xbf, 0xbf, 0x14, 0x10, 0xbf, 0xaf, 0x15, 0x17, 0x11, 0x12, 0x3f, 0x10, 0x6f, 0x4f, 0x13, 0x5f, 0x26, 0x19, 0x11, 0x10, 0x11, 0x1f, 0x15, 0x17, 0x5f, 0x5f, 0x15, 0x3f, 0x16, 0x23, 0x16, 0x1c, 0x17, 0x18, 0x23, 0x6f, 0x6f, 0x15, 0x10, 0x1f, 0x1a, 0x1b, 0x19, 0x23, 0x12, 0x1d, 0x1b, 0x10, 0x6f, 0x6f, 0x12, 0x15, 0x1a, 0x1d, 0x17, 0x1a, 0x16, 0x1e, 0x1c, 0x1a, 0x14, 0x7f, 0x9f, 0x2b, 0x1d, 0x1a, 0x16, 0x17, 0x9f, 0x8f, 0x1a, 0x1f, 0x1d, 0x4e, 0x10, 0x8f, 0x8f, 0x12, 0x19, 0x17, 0x1e, 0x19, 0x16, 0x1e, 0x11, 0x8f, 0x7f, 0x1a, 0x1d, 0x1b, 0x1a, 0x12, 0x1a, 0x17, 0x1e, 0x22, 0x7f, 0x7f, 0x13, 0x1a, 0x17, 0x26, 0x19, 0x18, 0x1e,
0x1b, 0x1c, 0x7f, 0x9f, 0x1b, 0x2d, 0x19, 0x2c, 0x1a, 0x1b, 0x7f, 0xaf, 0x1e, 0x1a, 0x17, 0x12, 0x17, 0x1d, 0x17, 0x7f, 0x9f, 0x15, 0x2e, 0x19, 0x16, 0x2b, 0x16, 0x7f, 0x9f, 0x15, 0x2c, 0x1e, 0x18, 0x19, 0x1d, 0x8f, 0xaf, 0x19, 0x1e, 0x18, 0x14, 0x1a, 0x9f, 0xaf, 0x18, 0x10, 0x1f, 0x10, 0x17, 0x12, 0x8f, 0x9f, 0x1a, 0x2e, 0x1c, 0x1d, 0x15, 0x1b, 0x8f, 0xff, 0x9f, 0xff, 0x9f, 0xff, 0x9f,
// Compressed size: 177 bytes original pixels: 12544 uint16_t → ~25088 bytes uncompressed)

// GOANNOTGH / Goannotgh Auraflow V0.3 000 S2836379213 Th0.100 24 [Folder: GOANNOTGH] - RLE compressed data (offset: 25106, size: 193)
0xff, 0x9f, 0xff, 0x9f, 0xff, 0x9f, 0xff, 0x2f, 0x10, 0x13, 0x5f, 0xff, 0x9f, 0xff, 0x1f, 0x10, 0x7f, 0x7f, 0x11, 0x7f, 0x13, 0x16, 0x7f, 0x3f, 0x14, 0x15, 0x2a, 0x18, 0x11, 0x10, 0x3f, 0x12, 0x11, 0x23, 0x12, 0x6f, 0x1f, 0x1b, 0x2f, 0x35, 0x18, 0x15, 0x1c, 0x10, 0x2f, 0x14, 0x13, 0x10, 0x14, 0x10, 0x6f, 0x4f, 0x37, 0x13, 0x16, 0x13, 0x18, 0x1a, 0x13, 0x15, 0x13, 0x16, 0x14, 0x19, 0x11, 0x5f, 0x5f, 0x17, 0x16, 0x12, 0x14, 0x11, 0x17, 0x19, 0x17, 0x1b, 0x2a, 0x14, 0x11, 0x19, 0x5f, 0x6f, 0x16, 0x1b, 0x24, 0x19, 0x1a, 0x1c, 0x1e, 0x1b, 0x10, 0x1a, 0x18, 0x1e, 0x5f, 0x6f, 0x18, 0x14, 0x13, 0x17, 0x2d, 0x1e, 0x1d, 0x1e, 0x1a, 0x19, 0x1c, 0x10, 0x5f, 0x6f, 0x19, 0x16,
0x13, 0x18, 0x2e, 0x19, 0x2a, 0x1e, 0x1b, 0x11, 0x6f, 0x5f, 0x28, 0x1f, 0x12, 0x2c, 0x17, 0x15, 0x1e, 0x1d, 0x18, 0x16, 0x13, 0x6f, 0x4f, 0x18, 0x3f, 0x1a, 0x1e, 0x13, 0x19, 0x3e, 0x16, 0x10, 0x7f, 0x7f, 0x13, 0x18, 0x1e, 0x1a, 0x12, 0x1e, 0x1c, 0x17, 0x9f, 0x8f, 0x1a, 0x1b, 0x1e, 0x1d, 0x1a, 0x1f, 0x15, 0x9f, 0x4f, 0x1a, 0x15, 0x1c, 0x17, 0x1d, 0x1e, 0x1c, 0x1a, 0x10, 0xbf, 0x6f, 0x2e, 0x1c, 0x2f, 0x1c, 0x14, 0x18, 0x1f, 0x1e, 0x8f, 0xff, 0x9f, 0xff, 0x9f, 0xff, 0x9f, 0xff, 0x9f,
// Compressed size: 193 bytes original pixels: 12544 uint16_t → ~25088 bytes uncompressed)

// GOBLIN / Goblin Auraflow V0.3 000 S3624267429 Th0.100 24 [Folder: GOBLIN] - RLE compressed data (offset: 25299, size: 314)
0xfe, 0x9e, 0xfe, 0x9e, 0x8e, 0x11, 0x1e, 0x12, 0x15, 0x23, 0x1e, 0x13, 0x8e, 0x7e, 0x10, 0x13, 0x12, 0x1a, 0x10, 0x12, 0x10, 0x17, 0x9e, 0x4e, 0x12, 0x1c, 0x19, 0x14, 0x18, 0x11, 0x25, 0x11, 0x10, 0x12, 0x17, 0x3e, 0x12, 0x13, 0x19, 0x2e, 0x5e, 0x1b, 0x15, 0x12, 0x15, 0x17, 0x13, 0x14, 0x21, 0x14, 0x1b, 0x19, 0x2e, 0x13, 0x1e, 0x1a, 0x13, 0x1e, 0x6e, 0x10, 0x19, 0x1a, 0x19, 0x11, 0x14, 0x1a, 0x1b, 0x18, 0x1c, 0x1a, 0x3e, 0x1b, 0x19, 0x18, 0x1e, 0x6e, 0x14, 0x16, 0x1d, 0x19, 0x1b, 0x1a, 0x19, 0x12, 0x2c, 0x1a, 0x3e, 0x11, 0x15, 0x1d, 0x1e, 0x5e, 0x10, 0x15, 0x1c, 0x1f, 0x1c, 0x19, 0x1d, 0x14, 0x17, 0x1d, 0x15, 0x1a, 0x19, 0x2e, 0x13, 0x16, 0x1c, 0x1e, 0x4e, 0x13,
0x14, 0x2e, 0x2c, 0x1a, 0x10, 0x1d, 0x19, 0x1c, 0x17, 0x1c, 0x19, 0x2e, 0x17, 0x3e, 0x3e, 0x15, 0x16, 0x19, 0x2e, 0x1c, 0x1d, 0x18, 0x17, 0x18, 0x1a, 0x1c, 0x15, 0x1d, 0x13, 0x15, 0x16, 0x2e, 0x17, 0x1e, 0x3e, 0x13, 0x15, 0x13, 0x1e, 0x1b, 0x3a, 0x12, 0x1a, 0x2d, 0x1a, 0x1f, 0x1d, 0x1a, 0x13, 0x4e, 0x4e, 0x15, 0x12, 0x1e, 0x12, 0x19, 0x2a, 0x1b, 0x1d, 0x1c, 0x3d, 0x17, 0x15, 0x5e, 0x5e, 0x11, 0x1b, 0x15, 0x16, 0x2c, 0x1a, 0x16, 0x1c, 0x1a, 0x13, 0x1d, 0x1f, 0x6e, 0x4e, 0x10, 0x13, 0x10, 0x25, 0x2e, 0x14, 0x17, 0x1d, 0x1c, 0x1b, 0x1a, 0x12, 0x6e, 0x2e, 0x10, 0x15, 0x1d, 0x17, 0x22, 0x10, 0x1e, 0x1d, 0x2c, 0x1d, 0x1e, 0x1c, 0x13, 0x14, 0x6e, 0x1e, 0x11, 0x10, 0x12,
0x17, 0x18, 0x1c, 0x14, 0x17, 0x1e, 0x1d, 0x10, 0x1e, 0x1c, 0x1e, 0x1b, 0x19, 0x1a, 0x6e, 0x1e, 0x15, 0x18, 0x12, 0x10, 0x12, 0x1c, 0x19, 0x1c, 0x1e, 0x1d, 0x17, 0x1e, 0x1c, 0x1e, 0x1d, 0x1b, 0x7e, 0x1e, 0x16, 0x13, 0x28, 0x27, 0x1b, 0x7e, 0x16, 0x8e, 0x1e, 0x29, 0x1a, 0x28, 0x19, 0x15, 0x16, 0x6e, 0x15, 0x19, 0x7e, 0x2e, 0x1a, 0x1c, 0x1d, 0x1c, 0x27, 0x1a, 0x3e, 0x1c, 0x1d, 0x1c, 0x16, 0x10, 0x1a, 0x11, 0x5e, 0x5e, 0x14, 0x1b, 0x22, 0x1a, 0x1c, 0x12, 0x11, 0x10, 0x21, 0x14, 0x12, 0x6e, 0xde, 0x2a, 0x11, 0x10, 0x16, 0x6e, 0xfe, 0x9e,
// Compressed size: 314 bytes original pixels: 12544 uint16_t → ~25088 bytes uncompressed)

// GOLEM / Golem Auraflow V0.3 000 S569925259 Th0.100 24 [Folder: GOLEM] - RLE compressed data (offset: 25613, size: 226)
0xfe, 0x9e, 0xee, 0x21, 0x12, 0x7e, 0xbe, 0x10, 0x2e, 0x1b, 0x17, 0x18, 0x17, 0x6e, 0xae, 0x21, 0x13, 0x16, 0x14, 0x1d, 0x19, 0x7e, 0x8e, 0x13, 0x1b, 0x11, 0x12, 0x1c, 0x2d, 0x1b, 0x8e, 0x9e, 0x11, 0x18, 0x13, 0x14, 0x17, 0x1d, 0x1b, 0x8e, 0x7e, 0x1b, 0x1d, 0x11, 0x1f, 0x1d, 0x14, 0x1b, 0x1d, 0x1b, 0x14, 0x7e, 0x7e, 0x11, 0x15, 0x19, 0x1c, 0x16, 0x27, 0x1a, 0x1b, 0x8e, 0x6e, 0x11, 0x17, 0x1c, 0x1e, 0x1b, 0x1a, 0x1d, 0x19, 0x1a, 0x1c, 0x8e, 0x5e, 0x16, 0x1d, 0x19, 0x10, 0x1e, 0x12, 0x1c, 0x2d, 0x1a, 0x1b, 0x19, 0x7e, 0x3e, 0x11, 0x13, 0x15, 0x19, 0x3e, 0x13, 0x15, 0x28, 0x1b, 0x10, 0x17, 0x7e, 0x3e, 0x2c, 0x5e, 0x18, 0x14, 0x1d, 0x1b, 0x1a, 0x1e, 0x1a, 0x18, 0x6e,
0x2e, 0x12, 0x17, 0x6e, 0x15, 0x19, 0x1b, 0x1a, 0x1c, 0x1e, 0x1c, 0x17, 0x6e, 0x1e, 0x11, 0x19, 0x7e, 0x15, 0x17, 0x13, 0x1d, 0x1b, 0x2e, 0x1b, 0x6e, 0x1e, 0x1a, 0x16, 0x6e, 0x10, 0x15, 0x1a, 0x1e, 0x1a, 0x1b, 0x3e, 0x17, 0x5e, 0x1e, 0x17, 0x14, 0x6e, 0x16, 0x15, 0x12, 0x1e, 0x19, 0x1c, 0x2e, 0x11, 0x1f, 0x5e, 0x9e, 0x13, 0x1b, 0x2e, 0x1d, 0x19, 0x3e, 0x16, 0x5e, 0x9e, 0x14, 0x1f, 0x10, 0x1e, 0x1c, 0x1a, 0x3e, 0x18, 0x5e, 0x9e, 0x1b, 0x1a, 0x3e, 0x1a, 0x9e, 0x9e, 0x1a, 0x17, 0x3e, 0x1a, 0x19, 0x8e, 0xae, 0x1f, 0x4e, 0x1c, 0x8e, 0x9e, 0x12, 0x14, 0x10, 0x1e, 0x13, 0x14, 0x1c, 0x16, 0x7e, 0x7e, 0x21, 0x23, 0x14, 0x17, 0x13, 0x16, 0x13, 0x1a, 0x19, 0x13, 0x5e, 0xde,
0x10, 0xae,
// Compressed size: 226 bytes original pixels: 12544 uint16_t → ~25088 bytes uncompressed)

// GRIM REAPER / Grim Reaper Auraflow V0.3 000 S1054974352 Th0.100 24 [Folder: GRIM_REAPER] - RLE compressed data (offset: 25839, size: 240)
0x9f, 0x12, 0xef, 0x6f, 0x18, 0x17, 0x11, 0x2f, 0x16, 0x11, 0x18, 0xaf, 0x5f, 0x12, 0x29, 0x3f, 0x12, 0x10, 0x24, 0x9f, 0x5f, 0x13, 0x1c, 0x1f, 0x13, 0x2f, 0x17, 0x19, 0x1c, 0x1a, 0x9f, 0x5f, 0x19, 0x3f, 0x12, 0x1c, 0x1d, 0x11, 0x1e, 0x19, 0x9f, 0x5f, 0x14, 0x18, 0x2f, 0x19, 0x15, 0x1e, 0x1d, 0x19, 0x18, 0x14, 0x8f, 0x5f, 0x16, 0x4f, 0x1a, 0x19, 0x3c, 0x1d, 0x8f, 0x5f, 0x16, 0x4f, 0x2e, 0x1d, 0x1e, 0x17, 0x1b, 0x11, 0x7f, 0x9f, 0x12, 0x15, 0x1e, 0x15, 0x1e, 0x1c, 0x26, 0x7f, 0xaf, 0x17, 0x1a, 0x19, 0x15, 0x1b, 0x12, 0x17, 0x11, 0x6f, 0xaf, 0x15, 0x1e, 0x39, 0x1c, 0x1b, 0x1a, 0x6f, 0x9f, 0x2a, 0x19, 0x1e, 0x2c, 0x13, 0x1c, 0x12, 0x6f, 0x9f, 0x18, 0x14, 0x1d, 0x1e,
0x12, 0x1e, 0x1d, 0x1b, 0x12, 0x14, 0x5f, 0x9f, 0x18, 0x1e, 0x1a, 0x15, 0x1d, 0x1e, 0x1b, 0x1d, 0x19, 0x6f, 0x7f, 0x11, 0x16, 0x17, 0x1d, 0x17, 0x1c, 0x1a, 0x2d, 0x1e, 0x1a, 0x6f, 0x6f, 0x22, 0x14, 0x18, 0x25, 0x1c, 0x1b, 0x14, 0x1c, 0x1b, 0x17, 0x6f, 0x5f, 0x10, 0x11, 0x1f, 0x15, 0x28, 0x1c, 0x1a, 0x17, 0x1c, 0x19, 0x1b, 0x14, 0x6f, 0x4f, 0x11, 0x12, 0x11, 0x12, 0x14, 0x15, 0x19, 0x17, 0x1c, 0x18, 0x1c, 0x19, 0x18, 0x1b, 0x6f, 0x6f, 0x11, 0x10, 0x1f, 0x25, 0x13, 0x19, 0x1e, 0x2b, 0x16, 0x14, 0x6f, 0x8f, 0x12, 0x34, 0x18, 0x19, 0x2a, 0x17, 0x15, 0x13, 0x5f, 0x8f, 0x11, 0x10, 0x12, 0x14, 0x17, 0x18, 0x15, 0x28, 0x14, 0x13, 0x5f, 0xaf, 0x10, 0x12, 0x15, 0x14, 0x13,
0x14, 0x15, 0x13, 0x12, 0x5f, 0xbf, 0x11, 0x13, 0x20, 0x12, 0x23, 0x6f, 0xff, 0x2f, 0x10, 0x6f,
// Compressed size: 240 bytes original pixels: 12544 uint16_t → ~25088 bytes uncompressed)

// GRINDYLOW / Grindylow Auraflow V0.3 000 S251623451 Th0.100 24 [Folder: GRINDYLOW] - RLE compressed data (offset: 26079, size: 205)
0xfe, 0x9e, 0x9e, 0x17, 0xee, 0x9e, 0x20, 0x11, 0x19, 0xbe, 0x8e, 0x20, 0x17, 0x18, 0x2e, 0x17, 0x9e, 0x8e, 0x17, 0x1b, 0x11, 0x1d, 0x1e, 0x2d, 0x9e, 0x8e, 0x14, 0x13, 0x17, 0x18, 0x14, 0x1b, 0x10, 0x19, 0x1b, 0x1e, 0x1d, 0x5e, 0xae, 0x1c, 0x17, 0x1c, 0x1d, 0x1c, 0x1d, 0x1f, 0x1a, 0x6e, 0x9e, 0x1c, 0x13, 0x1d, 0x1c, 0x1d, 0x15, 0x18, 0x11, 0x12, 0x6e, 0x9e, 0x1c, 0x17, 0x1e, 0x3d, 0x18, 0x1a, 0x1c, 0x1b, 0x5e, 0x9e, 0x15, 0x1e, 0x1d, 0x14, 0x1c, 0x18, 0x14, 0x1a, 0x15, 0x1b, 0x1c, 0x4e, 0x9e, 0x13, 0x2e, 0x19, 0x17, 0x2d, 0x1a, 0x12, 0x11, 0x5e, 0x8e, 0x2c, 0x1e, 0x1a, 0x1e, 0x1d, 0x1c, 0x1f, 0x1a, 0x11, 0x1d, 0x5e, 0x2e, 0x1c, 0x1e, 0x11, 0x1e, 0x11, 0x4e, 0x1a,
0x1b, 0x16, 0x1a, 0x1b, 0x19, 0x1b, 0x6e, 0x4e, 0x18, 0x11, 0x4e, 0x24, 0x1e, 0x13, 0x15, 0x11, 0x1d, 0x14, 0x12, 0x5e, 0x4e, 0x15, 0x13, 0x1e, 0x1d, 0x11, 0x18, 0x1e, 0x10, 0x2e, 0x1c, 0x11, 0x17, 0x1b, 0x6e, 0x7e, 0x19, 0x2e, 0x1a, 0x3e, 0x15, 0x2e, 0x17, 0x14, 0x5e, 0x9e, 0x11, 0x3e, 0x1b, 0xae, 0x6e, 0x17, 0x1e, 0x22, 0x3e, 0x1c, 0x5e, 0x19, 0x4e, 0x6e, 0x12, 0x2e, 0x16, 0x4e, 0x1c, 0x1e, 0x13, 0x1e, 0x15, 0x1c, 0x4e, 0x6e, 0x15, 0x2e, 0x24, 0x3e, 0x1a, 0x1e, 0x13, 0x16, 0x18, 0x17, 0x29, 0x1b, 0x1e, 0xfe, 0x9e, 0xfe, 0x9e, 0xfe, 0x9e, 0xfe, 0x9e,
// Compressed size: 205 bytes original pixels: 12544 uint16_t → ~25088 bytes uncompressed)

// GROAC H / Groac H Auraflow V0.3 000 S3468131882 Th0.100 24 [Folder: GROAC_H] - RLE compressed data (offset: 26284, size: 264)
0xf1, 0x91, 0xf1, 0x91, 0xf1, 0x91, 0x51, 0x1c, 0x1d, 0x17, 0x1a, 0x16, 0x17, 0x61, 0x17, 0x1b, 0x51, 0x41, 0x1e, 0x19, 0x17, 0x1d, 0x16, 0x1a, 0x13, 0x24, 0x1b, 0x21, 0x18, 0x71, 0x31, 0x1e, 0x1f, 0x19, 0x3f, 0x2a, 0x16, 0x14, 0x1b, 0x14, 0x18, 0x41, 0x12, 0x31, 0x31, 0x1d, 0x13, 0x1d, 0x1c, 0x1b, 0x2f, 0x1d, 0x14, 0x1a, 0x2d, 0x1a, 0x12, 0x31, 0x16, 0x31, 0x21, 0x13, 0x1d, 0x21, 0x17, 0x11, 0x1e, 0x1f, 0x1e, 0x1f, 0x1b, 0x14, 0x21, 0x19, 0x1c, 0x17, 0x16, 0x12, 0x31, 0x21, 0x1d, 0x31, 0x18, 0x21, 0x1e, 0x15, 0x1d, 0x1f, 0x1a, 0x61, 0x14, 0x1b, 0x21, 0x21, 0x1e, 0x31, 0x18, 0x31, 0x18, 0x2f, 0x13, 0x14, 0x51, 0x13, 0x31, 0x11, 0x1c, 0x1d, 0x31, 0x15, 0x41, 0x1e,
0x1b, 0x16, 0x14, 0x41, 0x14, 0x21, 0x1b, 0x11, 0x21, 0x1e, 0x31, 0x28, 0x31, 0x1e, 0x1f, 0x1c, 0x1b, 0x13, 0x11, 0x18, 0x17, 0x31, 0x16, 0x11, 0x11, 0x2f, 0x13, 0x11, 0x1f, 0x19, 0x15, 0x13, 0x15, 0x18, 0x1e, 0x2f, 0x1a, 0x13, 0x51, 0x18, 0x1b, 0x11, 0x31, 0x1c, 0x19, 0x41, 0x25, 0x1d, 0x1f, 0x16, 0x1b, 0x16, 0x15, 0x71, 0x31, 0x1e, 0x11, 0x1a, 0x41, 0x18, 0x1e, 0x1f, 0x16, 0x1e, 0x16, 0x41, 0x1c, 0x11, 0x1d, 0x11, 0x91, 0x14, 0x1d, 0x3f, 0x2d, 0x81, 0x41, 0x13, 0x31, 0x13, 0x15, 0x1e, 0x1f, 0x3e, 0x1d, 0x11, 0x13, 0x61, 0x51, 0x19, 0x11, 0x15, 0x13, 0x17, 0x1d, 0x2f, 0x1c, 0x1e, 0x16, 0x12, 0x71, 0x61, 0x23, 0x18, 0x14, 0x2e, 0x1f, 0x1e, 0x16, 0x1a, 0x81, 0x51,
0x23, 0x18, 0x12, 0x29, 0x2e, 0x1d, 0x19, 0x16, 0x12, 0x71, 0x31, 0x35, 0x13, 0x28, 0x1d, 0x19, 0x17, 0x1c, 0x17, 0x1c, 0x1b, 0x12, 0x71, 0x51, 0x18, 0x12, 0x18, 0x15, 0x18, 0x17, 0x19, 0x17, 0x18, 0x19, 0x17, 0x81, 0xf1, 0x91, 0xf1, 0x91,
// Compressed size: 264 bytes original pixels: 12544 uint16_t → ~25088 bytes uncompressed)

// GROOTSLANG / Grootslang Auraflow V0.3 000 S445792689 Th0.100 24 [Folder: GROOTSLANG] - RLE compressed data (offset: 26548, size: 208)
0xff, 0x9f, 0xaf, 0x11, 0xdf, 0x6f, 0x22, 0x13, 0x10, 0x13, 0x16, 0x13, 0x2f, 0x10, 0x8f, 0x6f, 0x10, 0x13, 0x16, 0x17, 0x18, 0x13, 0x30, 0x1f, 0x10, 0x7f, 0x4f, 0x23, 0x11, 0x13, 0x15, 0x1a, 0x10, 0x18, 0x17, 0x1b, 0x10, 0x13, 0x11, 0x10, 0x6f, 0x4f, 0x13, 0x11, 0x26, 0x17, 0x18, 0x17, 0x1c, 0x1e, 0x1a, 0x18, 0x11, 0x13, 0x10, 0x6f, 0x2f, 0x1c, 0x17, 0x13, 0x2c, 0x1d, 0x1b, 0x1e, 0x1a, 0x1e, 0x1b, 0x1e, 0x1c, 0x18, 0x11, 0x10, 0x11, 0x5f, 0x2f, 0x27, 0x1c, 0x1d, 0x47, 0x1e, 0x17, 0x1d, 0x1e, 0x19, 0x14, 0x19, 0x11, 0x10, 0x5f, 0x2f, 0x1e, 0x18, 0x1c, 0x17, 0x1a, 0x16, 0x18, 0x1c, 0x11, 0x1c, 0x1d, 0x12, 0x18, 0x22, 0x1e, 0x10, 0x13, 0x4f, 0x1f, 0x2d, 0x2c, 0x16,
0x18, 0x16, 0x3f, 0x2b, 0x19, 0x1d, 0x19, 0x18, 0x14, 0x12, 0x14, 0x4f, 0x1f, 0x1d, 0x1b, 0x18, 0x17, 0x23, 0x5f, 0x1b, 0x1a, 0x2d, 0x1e, 0x1b, 0x19, 0x5f, 0x1d, 0x2e, 0x18, 0x16, 0x13, 0x7f, 0x1b, 0x29, 0x1f, 0x17, 0x1d, 0x5f, 0x1e, 0x18, 0x1d, 0x17, 0x15, 0x12, 0x8f, 0x1a, 0x1d, 0x2f, 0x19, 0x5f, 0x1e, 0x1c, 0x18, 0x16, 0x13, 0x9f, 0x19, 0x1a, 0x8f, 0x1d, 0x17, 0x1d, 0x13, 0xaf, 0x16, 0x1e, 0x15, 0x7f, 0x1d, 0x18, 0x1c, 0x13, 0xff, 0x5f, 0x2d, 0x17, 0x12, 0xff, 0x5f, 0x1f, 0x1e, 0x1a, 0xff, 0x6f, 0xff, 0x9f, 0xff, 0x9f, 0xff, 0x9f, 0xff, 0x9f, 0xff, 0x9f, 0xff, 0x9f,
// Compressed size: 208 bytes original pixels: 12544 uint16_t → ~25088 bytes uncompressed)

// GRUAGACH / Gruagach Auraflow V0.3 000 S1925339115 Th0.100 24 [Folder: GRUAGACH] - RLE compressed data (offset: 26756, size: 239)
0xff, 0x9f, 0x8f, 0x20, 0x5f, 0x10, 0x8f, 0x7f, 0x12, 0x11, 0x1f, 0x11, 0x12, 0x1f, 0x22, 0x14, 0x10, 0x7f, 0x7f, 0x10, 0x23, 0x11, 0x13, 0x15, 0x18, 0x17, 0x1c, 0x18, 0x11, 0x6f, 0x6f, 0x21, 0x13, 0x17, 0x11, 0x18, 0x1d, 0x1b, 0x1d, 0x1b, 0x1d, 0x15, 0x6f, 0x9f, 0x13, 0x20, 0x16, 0x1d, 0x3a, 0x16, 0x6f, 0xaf, 0x11, 0x1a, 0x1d, 0x1c, 0x1b, 0x1c, 0x1b, 0x13, 0x6f, 0xaf, 0x16, 0x17, 0x18, 0x1c, 0x14, 0x15, 0x16, 0x7f, 0x7f, 0x11, 0x1f, 0x12, 0x1c, 0x1d, 0x1c, 0x28, 0x12, 0x8f, 0x6f, 0x10, 0x2f, 0x20, 0x3e, 0x15, 0x10, 0x8f, 0x8f, 0x12, 0x1b, 0x1a, 0x3e, 0x1c, 0x15, 0x8f, 0x5f, 0x22, 0x1f, 0x15, 0x1a, 0x1d, 0x1e, 0x14, 0x1e, 0x24, 0x8f, 0x4f, 0x10, 0x2f, 0x13, 0x1b,
0x1a, 0x1e, 0x28, 0x1e, 0x1c, 0x9f, 0x5f, 0x13, 0x16, 0x13, 0x18, 0x2e, 0x18, 0x1d, 0x1e, 0x12, 0x9f, 0x3f, 0x12, 0x11, 0x14, 0x18, 0x1c, 0x1d, 0x1c, 0x1e, 0x1d, 0x1c, 0x1d, 0x14, 0x9f, 0x2f, 0x23, 0x10, 0x26, 0x2b, 0x1c, 0x1e, 0x2c, 0x19, 0x1e, 0x9f, 0x2f, 0x10, 0x13, 0x26, 0x1b, 0x19, 0x2b, 0x2c, 0x2d, 0x1e, 0x9f, 0x2f, 0x16, 0x33, 0x15, 0x1a, 0x1b, 0x19, 0x1c, 0x1e, 0x1d, 0x15, 0x1e, 0x9f, 0x10, 0x16, 0x10, 0x1f, 0x17, 0x1b, 0x1a, 0x17, 0x1b, 0x1d, 0x1c, 0x1d, 0x19, 0x17, 0x1d, 0x9f, 0x3f, 0x17, 0x1a, 0x37, 0x1a, 0x1d, 0x19, 0x33, 0x12, 0x9f, 0x14, 0x11, 0x13, 0x3a, 0x18, 0x1b, 0x16, 0x19, 0x17, 0x13, 0x15, 0x1e, 0xaf, 0x17, 0x7a, 0x17, 0x25, 0x2f, 0x1c, 0xaf,
0x2a, 0x18, 0x17, 0x14, 0x15, 0x12, 0x34, 0x12, 0xdf, 0x27, 0x16, 0x44, 0x1c, 0x24, 0xef,
// Compressed size: 239 bytes original pixels: 12544 uint16_t → ~25088 bytes uncompressed)

// GRUAGHAIR / Gruaghair Auraflow V0.3 000 S484925568 Th0.100 24 [Folder: GRUAGHAIR] - RLE compressed data (offset: 26995, size: 302)
0xfe, 0x9e, 0xce, 0x14, 0x1e, 0x11, 0x9e, 0x8e, 0x12, 0x1e, 0x21, 0x12, 0x20, 0x9e, 0x7e, 0x20, 0x12, 0x11, 0x10, 0x11, 0x1c, 0x14, 0x12, 0x18, 0x7e, 0x5e, 0x17, 0x10, 0x21, 0x16, 0x21, 0x14, 0x12, 0x16, 0x18, 0x11, 0x15, 0x6e, 0x4e, 0x10, 0x11, 0x12, 0x10, 0x12, 0x17, 0x11, 0x14, 0x13, 0x36, 0x14, 0x11, 0x6e, 0x2e, 0x12, 0x10, 0x1a, 0x28, 0x13, 0x17, 0x1a, 0x19, 0x12, 0x14, 0x1a, 0x16, 0x18, 0x14, 0x10, 0x6e, 0x2e, 0x10, 0x11, 0x13, 0x14, 0x16, 0x18, 0x1a, 0x16, 0x14, 0x1a, 0x19, 0x1a, 0x1d, 0x1c, 0x16, 0x10, 0x19, 0x5e, 0x1e, 0x20, 0x17, 0x1d, 0x16, 0x1a, 0x1c, 0x1d, 0x19, 0x18, 0x1a, 0x19, 0x1c, 0x1f, 0x1d, 0x1c, 0x14, 0x18, 0x5e, 0x2e, 0x11, 0x14, 0x1c, 0x16,
0x18, 0x1c, 0x19, 0x26, 0x1a, 0x1b, 0x1d, 0x15, 0x12, 0x18, 0x14, 0x12, 0x5e, 0x2e, 0x14, 0x15, 0x1b, 0x1d, 0x17, 0x15, 0x1d, 0x13, 0x16, 0x1a, 0x3d, 0x1b, 0x18, 0x17, 0x10, 0x12, 0x4e, 0x1e, 0x1c, 0x19, 0x17, 0x1c, 0x3d, 0x12, 0x1a, 0x17, 0x1d, 0x19, 0x1d, 0x1f, 0x1a, 0x13, 0x1b, 0x17, 0x13, 0x4e, 0x1e, 0x16, 0x17, 0x1a, 0x17, 0x1c, 0x2b, 0x17, 0x13, 0x1b, 0x5d, 0x13, 0x1a, 0x1c, 0x14, 0x4e, 0x1e, 0x19, 0x15, 0x17, 0x18, 0x16, 0x1b, 0x16, 0x14, 0x13, 0x14, 0x1d, 0x2b, 0x17, 0x1a, 0x1d, 0x18, 0x19, 0x5e, 0x2e, 0x13, 0x18, 0x13, 0x15, 0x2b, 0x17, 0x1a, 0x18, 0x1b, 0x1c, 0x1b, 0x13, 0x2a, 0x26, 0x5e, 0x2e, 0x15, 0x1a, 0x18, 0x19, 0x1a, 0x17, 0x19, 0x1b, 0x12, 0x19,
0x2b, 0x12, 0x1e, 0x1a, 0x18, 0x10, 0x5e, 0x3e, 0x19, 0x1b, 0x19, 0x1a, 0x15, 0x1c, 0x15, 0x1a, 0x1e, 0x25, 0xae, 0x2e, 0x1a, 0x13, 0x14, 0x17, 0x2e, 0x15, 0x1d, 0x17, 0x15, 0x1a, 0x18, 0xae, 0x3e, 0x17, 0x11, 0x15, 0x2e, 0x19, 0x17, 0x14, 0x1e, 0x1a, 0x18, 0xae, 0x3e, 0x12, 0x2b, 0x13, 0x1c, 0x13, 0x18, 0x11, 0x12, 0x1a, 0x1d, 0x11, 0x13, 0x8e, 0x3e, 0x1a, 0x19, 0x15, 0x11, 0x23, 0x1a, 0x2b, 0x1c, 0x12, 0x1e, 0x1c, 0x1a, 0x7e, 0xfe, 0x9e, 0xfe, 0x9e, 0xfe, 0x9e,
// Compressed size: 302 bytes original pixels: 12544 uint16_t → ~25088 bytes uncompressed)

// GRUFF / Gruff Auraflow V0.3 000 S3326696378 Th0.100 24 [Folder: GRUFF] - RLE compressed data (offset: 27297, size: 209)
0xff, 0x9f, 0xff, 0x9f, 0xff, 0x9f, 0xff, 0x9f, 0xaf, 0x11, 0x10, 0x15, 0x19, 0x23, 0x8f, 0xaf, 0x11, 0x1e, 0x1d, 0x13, 0x16, 0x13, 0x1f, 0x11, 0x6f, 0x6f, 0x18, 0x3f, 0x10, 0x12, 0x1d, 0x1b, 0x19, 0x27, 0x23, 0x5f, 0x6f, 0x20, 0x2f, 0x18, 0x1e, 0x1b, 0x1c, 0x1b, 0x15, 0x27, 0x16, 0x5f, 0x6f, 0x20, 0x2f, 0x14, 0x28, 0x1e, 0x1d, 0x19, 0x1b, 0x17, 0x1a, 0x16, 0x4f, 0x4f, 0x10, 0x1f, 0x14, 0x11, 0x1f, 0x10, 0x11, 0x14, 0x1e, 0x18, 0x1d, 0x2e, 0x17, 0x1a, 0x5f, 0x3f, 0x14, 0x12, 0x18, 0x14, 0x22, 0x14, 0x17, 0x18, 0x1d, 0x15, 0x19, 0x1b, 0x19, 0x12, 0x1a, 0x5f, 0x4f, 0x11, 0x18, 0x15, 0x1e, 0x18, 0x15, 0x13, 0x10, 0x12, 0x18, 0x19, 0x14, 0x12, 0x2c, 0x5f, 0x6f, 0x13,
0x19, 0x17, 0x1a, 0x12, 0x24, 0x18, 0x24, 0x1e, 0x1b, 0x1a, 0x16, 0x4f, 0x6f, 0x13, 0x1a, 0x13, 0x1f, 0x22, 0x21, 0x15, 0x1e, 0x1b, 0x1d, 0x1c, 0x5f, 0x7f, 0x16, 0x17, 0x1f, 0x15, 0x18, 0x11, 0x19, 0x1e, 0x2d, 0x19, 0x13, 0x5f, 0xaf, 0x14, 0x1e, 0x14, 0x15, 0x1d, 0x3c, 0x6f, 0x8f, 0x13, 0x1f, 0x15, 0x17, 0x1d, 0x2c, 0x1f, 0x19, 0x1c, 0x6f, 0xaf, 0x13, 0x27, 0x1a, 0x16, 0x1f, 0x1d, 0x17, 0x6f, 0xbf, 0x23, 0x3f, 0x16, 0x1c, 0x6f, 0x8f, 0x13, 0x10, 0x26, 0x17, 0x4f, 0x2a, 0x5f, 0x9f, 0x16, 0x6f, 0x29, 0x1b, 0x5f, 0xdf, 0x15, 0x1c, 0x18, 0x1d, 0x1e, 0x6f, 0xff, 0x9f, 0xff, 0x9f,
// Compressed size: 209 bytes original pixels: 12544 uint16_t → ~25088 bytes uncompressed)

// GWILLION / Gwillion Auraflow V0.3 000 S2745053194 Th0.100 24 [Folder: GWILLION] - RLE compressed data (offset: 27506, size: 167)
0xf0, 0x90, 0xf0, 0x90, 0xb0, 0x11, 0x12, 0x14, 0xa0, 0xb0, 0x15, 0x13, 0x14, 0xa0, 0xa0, 0x13, 0x18, 0x17, 0x13, 0xa0, 0x90, 0x13, 0x22, 0x17, 0x18, 0xa0, 0x80, 0x12, 0x1f, 0x1b, 0x14, 0x17, 0x14, 0x1d, 0x90, 0x70, 0x1b, 0x17, 0x16, 0x1b, 0x24, 0x17, 0x1b, 0x90, 0x60, 0x1b, 0x10, 0x12, 0x2b, 0x16, 0x1c, 0x1b, 0x15, 0x12, 0x80, 0x50, 0x1c, 0x30, 0x1a, 0x1b, 0x16, 0x1c, 0x18, 0x16, 0x1e, 0x80, 0x80, 0x13, 0x18, 0x16, 0x19, 0x1b, 0x1a, 0x1c, 0x1f, 0x80, 0x90, 0x15, 0x1b, 0x19, 0x2b, 0x1f, 0x10, 0x1e, 0x70, 0x60, 0x12, 0x20, 0x15, 0x3b, 0x19, 0x17, 0x10, 0x12, 0x1e, 0x60, 0x60, 0x17, 0x23, 0x15, 0x4b, 0x12, 0x20, 0x13, 0x60, 0x60, 0x15, 0x20, 0x1c, 0x1b, 0x1d, 0x19,
0x1b, 0x16, 0x30, 0x18, 0x50, 0x90, 0x1f, 0x18, 0x10, 0x19, 0x1c, 0x40, 0x14, 0x1f, 0x40, 0x90, 0x16, 0x13, 0x15, 0x18, 0x19, 0x50, 0x13, 0x40, 0x90, 0x14, 0x10, 0x21, 0x17, 0x50, 0x14, 0x40, 0x90, 0x14, 0x30, 0x16, 0xa0, 0xa0, 0x12, 0x30, 0x1f, 0x90, 0xe0, 0x1e, 0x90, 0x90, 0x13, 0x18, 0x30, 0x15, 0x90, 0xf0, 0x90, 0xf0, 0x90,
// Compressed size: 167 bytes original pixels: 12544 uint16_t → ~25088 bytes uncompressed)

// GWYLLGI / Gwyllgi Auraflow V0.3 000 S4115794875 Th0.100 24 [Folder: GWYLLGI] - RLE compressed data (offset: 27673, size: 203)
0xf0, 0x90, 0xf0, 0x90, 0xf0, 0x90, 0xd0, 0x1d, 0x20, 0x1d, 0x70, 0xd0, 0x1b, 0x12, 0x16, 0x1d, 0x16, 0x60, 0xd0, 0x1e, 0x1d, 0x27, 0x1a, 0x60, 0x30, 0x27, 0x1a, 0x17, 0x25, 0x30, 0x11, 0x1a, 0x18, 0x1a, 0x11, 0x1b, 0x60, 0x30, 0x17, 0x1a, 0x1b, 0x1c, 0x17, 0x16, 0x1a, 0x13, 0x22, 0x1c, 0x1a, 0x16, 0x1e, 0x19, 0x60, 0x40, 0x16, 0x17, 0x1a, 0x1e, 0x1b, 0x16, 0x17, 0x15, 0x17, 0x1e, 0x1f, 0x1a, 0x19, 0x16, 0x60, 0x70, 0x1a, 0x1f, 0x1a, 0x1b, 0x1c, 0x2b, 0x1e, 0x1b, 0x1e, 0x1a, 0x60, 0x70, 0x16, 0x1f, 0x3e, 0x1c, 0x2e, 0x16, 0x1c, 0x1a, 0x60, 0x80, 0x1c, 0x1b, 0x1c, 0x3e, 0x1b, 0x1a, 0x2e, 0x60, 0x80, 0x2a, 0x17, 0x2a, 0x1d, 0x1e, 0x3c, 0x11, 0x50, 0x90, 0x17, 0x16,
0x17, 0x1c, 0x1d, 0x18, 0x1c, 0x18, 0x1e, 0x12, 0x50, 0x90, 0x1a, 0x17, 0x13, 0x17, 0x1d, 0x28, 0x14, 0x18, 0x14, 0x50, 0x60, 0x15, 0x20, 0x17, 0x15, 0x13, 0x1b, 0x18, 0x12, 0x13, 0x10, 0x14, 0x1b, 0x16, 0x40, 0x60, 0x35, 0x16, 0x11, 0x10, 0x18, 0x14, 0x10, 0x11, 0x20, 0x12, 0x14, 0x1c, 0x30, 0x60, 0x45, 0x20, 0x16, 0x14, 0x12, 0x11, 0x30, 0x13, 0x1a, 0x30, 0x80, 0x13, 0x12, 0x20, 0x16, 0x18, 0x11, 0x40, 0x14, 0x1a, 0x30, 0xc0, 0x16, 0x11, 0x50, 0x11, 0x1a, 0x30, 0xa0, 0x12, 0x10, 0x14, 0xb0, 0xa0, 0x16, 0x12, 0xc0, 0xf0, 0x90, 0xf0, 0x90,
// Compressed size: 203 bytes original pixels: 12544 uint16_t → ~25088 bytes uncompressed)

// HAG / Hag Auraflow V0.3 000 S2710279116 Th0.100 24 [Folder: HAG] - RLE compressed data (offset: 27876, size: 291)
0xfe, 0x9e, 0x9e, 0x21, 0x16, 0xce, 0x9e, 0x13, 0x18, 0x11, 0x1a, 0xbe, 0x7e, 0x16, 0x1e, 0x16, 0x13, 0x21, 0x1c, 0xae, 0x6e, 0x1b, 0x1c, 0x15, 0x1d, 0x18, 0x12, 0x19, 0x15, 0x1a, 0x9e, 0x5e, 0x18, 0x11, 0x16, 0x10, 0x12, 0x2b, 0x1c, 0x1b, 0x5e, 0x1d, 0x4e, 0x5e, 0x11, 0x36, 0x1d, 0x19, 0x18, 0x1d, 0x1c, 0xae, 0x5e, 0x19, 0x26, 0x1d, 0x1b, 0x2d, 0x16, 0x18, 0x1b, 0x4e, 0x16, 0x4e, 0x4e, 0x23, 0x26, 0x1a, 0x18, 0x27, 0x16, 0x1d, 0xae, 0x4e, 0x11, 0x18, 0x26, 0x1b, 0x1d, 0x15, 0x1d, 0x1e, 0x16, 0xae, 0x4e, 0x11, 0x1e, 0x1c, 0x15, 0x1f, 0x15, 0x18, 0x2e, 0x11, 0x5e, 0x12, 0x4e, 0x3e, 0x12, 0x13, 0x1e, 0x18, 0x1d, 0x15, 0x4e, 0x1d, 0x4e, 0x17, 0x5e, 0x3e, 0x11, 0x2e,
0x15, 0x19, 0x16, 0x4e, 0x1d, 0x4e, 0x18, 0x5e, 0x3e, 0x13, 0x1e, 0x28, 0x1d, 0x16, 0x19, 0x3e, 0x13, 0x1c, 0x1e, 0x1f, 0x1e, 0x1b, 0x5e, 0x3e, 0x11, 0x2e, 0x13, 0x16, 0x1e, 0x1f, 0x13, 0x2e, 0x1c, 0x18, 0x16, 0x1c, 0x14, 0x17, 0x14, 0x15, 0x1d, 0x2e, 0xbe, 0x11, 0x3e, 0x18, 0x13, 0x1e, 0x16, 0x1e, 0x1d, 0x3e, 0x2e, 0x1a, 0x2e, 0x1d, 0x11, 0x4e, 0x18, 0x3e, 0x15, 0x1e, 0x13, 0x24, 0x17, 0x3e, 0x2e, 0x18, 0x2e, 0x1d, 0x18, 0x3e, 0x13, 0x19, 0x3e, 0x28, 0x23, 0x24, 0x18, 0x2e, 0x1e, 0x18, 0x16, 0x2e, 0x1c, 0x16, 0x3e, 0x19, 0x1a, 0x4e, 0x1a, 0x21, 0x12, 0x18, 0x14, 0x2e, 0x1e, 0x16, 0x11, 0x16, 0x1e, 0x11, 0x19, 0x16, 0x23, 0x1a, 0x11, 0x1d, 0x26, 0x12, 0x17, 0x14,
0x15, 0x1d, 0x1b, 0x1d, 0x2e, 0x1e, 0x18, 0x19, 0x28, 0x16, 0x13, 0x1d, 0x10, 0x11, 0x10, 0x19, 0x20, 0x1c, 0x6d, 0x17, 0x2e, 0x1e, 0x18, 0x1d, 0x15, 0x18, 0x12, 0x10, 0x15, 0x18, 0x10, 0x12, 0x10, 0x1b, 0x18, 0x11, 0x15, 0x2d, 0x12, 0x1e, 0x1d, 0x17, 0x16, 0x1d, 0x3e, 0x1b, 0x19, 0x25, 0x12, 0x1c, 0x1a, 0x10, 0x22, 0x14, 0x11, 0x34, 0x15, 0x14, 0x1c, 0x1b, 0x2e, 0xce, 0x1d, 0x19, 0x1c, 0x1b, 0x8e,
// Compressed size: 291 bytes original pixels: 12544 uint16_t → ~25088 bytes uncompressed)

// HARPY / Harpy Auraflow V0.3 000 S3503501111 Th0.100 24 [Folder: HARPY] - RLE compressed data (offset: 28167, size: 254)
0xfe, 0x9e, 0x7e, 0x21, 0x18, 0x10, 0xde, 0x5e, 0x20, 0x12, 0x15, 0x12, 0x14, 0x10, 0x4e, 0x12, 0x11, 0x10, 0x11, 0x4e, 0x5e, 0x13, 0x1e, 0x10, 0x1a, 0x18, 0x2a, 0x4e, 0x32, 0x15, 0x10, 0x11, 0x2e, 0x5e, 0x10, 0x23, 0x16, 0x1d, 0x18, 0x14, 0x4e, 0x10, 0x18, 0x12, 0x13, 0x4e, 0x5e, 0x11, 0x23, 0x1b, 0x13, 0x18, 0x14, 0x4e, 0x1f, 0x1a, 0x19, 0x1a, 0x4e, 0x4e, 0x23, 0x1b, 0x23, 0x1f, 0x2d, 0x13, 0x3e, 0x12, 0x1a, 0x1c, 0x1a, 0x10, 0x3e, 0x3e, 0x1d, 0x17, 0x16, 0x1c, 0x16, 0x1c, 0x1d, 0x3a, 0x12, 0x18, 0x1f, 0x1a, 0x15, 0x19, 0x16, 0x10, 0x3e, 0x2e, 0x15, 0x1f, 0x17, 0x26, 0x13, 0x1d, 0x17, 0x4a, 0x28, 0x14, 0x1a, 0x14, 0x12, 0x18, 0x3e, 0x1e, 0x1c, 0x16, 0x15, 0x26,
0x1b, 0x15, 0x1f, 0x1c, 0x2a, 0x1d, 0x16, 0x13, 0x19, 0x1a, 0x19, 0x1a, 0x1d, 0x19, 0x3e, 0x1e, 0x13, 0x17, 0x15, 0x16, 0x1f, 0x19, 0x16, 0x1f, 0x16, 0x1d, 0x1c, 0x1a, 0x1c, 0x1a, 0x16, 0x12, 0x19, 0x16, 0x1b, 0x4e, 0x1e, 0x17, 0x1e, 0x37, 0x1e, 0x1d, 0x2c, 0x17, 0x1c, 0x1a, 0x1d, 0x1c, 0x39, 0x25, 0x4e, 0x3e, 0x15, 0x3e, 0x27, 0x2e, 0x13, 0x26, 0x1d, 0x13, 0x1c, 0x15, 0x1b, 0x1a, 0x4e, 0x8e, 0x1c, 0x2e, 0x1c, 0x1e, 0x17, 0x1d, 0x16, 0x2b, 0x1d, 0x1a, 0x4e, 0xce, 0x10, 0x1b, 0x15, 0x17, 0x1b, 0x1c, 0x13, 0x1e, 0x16, 0x3e, 0xbe, 0x15, 0x1d, 0x16, 0x13, 0x12, 0x1b, 0x7e, 0xce, 0x2c, 0x10, 0x1b, 0x16, 0x7e, 0xae, 0x12, 0x14, 0x19, 0x1c, 0x12, 0x19, 0x8e, 0xae, 0x14,
0x1e, 0x1d, 0x1e, 0x19, 0x17, 0x8e, 0x9e, 0x18, 0x22, 0x3e, 0x15, 0x8e, 0xae, 0x14, 0x2e, 0x10, 0xae, 0xde, 0x11, 0x2e, 0x11, 0x7e, 0xde, 0x12, 0x5e, 0x16, 0x4e, 0xee, 0x10, 0x9e,
// Compressed size: 254 bytes original pixels: 12544 uint16_t → ~25088 bytes uncompressed)

// HIPPOGRIFF / Hippogriff Auraflow V0.3 000 S246794764 Th0.100 24 [Folder: HIPPOGRIFF] - RLE compressed data (offset: 28421, size: 269)
0xfe, 0x9e, 0x7e, 0x11, 0x17, 0x14, 0x1a, 0x13, 0x15, 0x1f, 0x16, 0x9e, 0x6e, 0x13, 0x14, 0x17, 0x2f, 0x19, 0x11, 0x19, 0xae, 0x6e, 0x11, 0x1c, 0x14, 0x11, 0x14, 0x1d, 0x17, 0x14, 0x11, 0x17, 0x8e, 0x6e, 0x11, 0x32, 0x14, 0x15, 0x1a, 0x18, 0x12, 0x14, 0x1d, 0x19, 0x6e, 0x5e, 0x13, 0x12, 0x15, 0x17, 0x1a, 0x12, 0x18, 0x1d, 0x15, 0x13, 0x19, 0x1c, 0x14, 0x6e, 0x5e, 0x10, 0x1a, 0x1e, 0x1a, 0x11, 0x15, 0x1a, 0x2e, 0x15, 0x17, 0x1a, 0x1f, 0x10, 0x5e, 0x5e, 0x2c, 0x1e, 0x19, 0x14, 0x18, 0x29, 0x3e, 0x11, 0x7e, 0x8e, 0x21, 0x12, 0x1f, 0x14, 0x17, 0xae, 0x7e, 0x13, 0x12, 0x23, 0x11, 0x14, 0x25, 0x12, 0x10, 0x11, 0x6e, 0x7e, 0x19, 0x16, 0x1a, 0x21, 0x12, 0x15, 0x11, 0x16,
0x14, 0x12, 0x1a, 0x15, 0x4e, 0x7e, 0x16, 0x2a, 0x12, 0x19, 0x15, 0x1a, 0x13, 0x14, 0x10, 0x25, 0x1c, 0x11, 0x3e, 0x7e, 0x14, 0x29, 0x16, 0x17, 0x1a, 0x1b, 0x19, 0x16, 0x14, 0x11, 0x19, 0x2f, 0x3e, 0x7e, 0x17, 0x1a, 0x17, 0x1d, 0x15, 0x2d, 0x1a, 0x1c, 0x18, 0x12, 0x15, 0x16, 0x1b, 0x3e, 0x8e, 0x1d, 0x1b, 0x1c, 0x19, 0x1a, 0x1c, 0x1b, 0x1d, 0x1f, 0x19, 0x18, 0x1e, 0x1b, 0x16, 0x2e, 0x8e, 0x14, 0x1d, 0x1e, 0x18, 0x10, 0x2e, 0x2b, 0x1d, 0x1c, 0x1e, 0x1f, 0x1d, 0x2e, 0x8e, 0x14, 0x1a, 0x1e, 0x1a, 0x3e, 0x19, 0x1d, 0x1e, 0x17, 0x1a, 0x1e, 0x16, 0x2e, 0x8e, 0x13, 0x2e, 0x13, 0x4e, 0x1d, 0x1a, 0x10, 0x1b, 0x1e, 0x17, 0x13, 0x1e, 0x8e, 0x1d, 0x2e, 0x1b, 0x5e, 0x1d, 0x1e,
0x1d, 0x2e, 0x16, 0x1e, 0x7e, 0x1f, 0x19, 0x2e, 0x1b, 0x16, 0x3e, 0x1b, 0x2e, 0x1b, 0x2e, 0x15, 0x1e, 0x7e, 0x2b, 0x2e, 0x1b, 0x1c, 0x10, 0x2e, 0x1b, 0x2e, 0x1a, 0x4e, 0x7e, 0x1a, 0x10, 0x2e, 0x17, 0x11, 0x2e, 0x13, 0x17, 0x1e, 0x1a, 0x13, 0x4e, 0xfe, 0x9e, 0xfe, 0x9e,
// Compressed size: 269 bytes original pixels: 12544 uint16_t → ~25088 bytes uncompressed)

// HOB / Hob Auraflow V0.3 000 S4176648461 Th0.100 24 [Folder: HOB] - RLE compressed data (offset: 28690, size: 201)
0xfe, 0x9e, 0xfe, 0x9e, 0xfe, 0x9e, 0x9e, 0x15, 0x1e, 0x11, 0x13, 0x11, 0x1e, 0x13, 0x1e, 0x17, 0x6e, 0x8e, 0x14, 0x10, 0x15, 0x10, 0x11, 0x10, 0x16, 0x18, 0x17, 0x1f, 0x6e, 0x6e, 0x16, 0x13, 0x1c, 0x16, 0x23, 0x38, 0x1b, 0x11, 0x10, 0x11, 0x5e, 0x7e, 0x12, 0x17, 0x18, 0x16, 0x10, 0x11, 0x1d, 0x1c, 0x17, 0x11, 0x10, 0x12, 0x13, 0x1e, 0x1c, 0x2e, 0x7e, 0x21, 0x14, 0x13, 0x1a, 0x15, 0x2b, 0x18, 0x27, 0x13, 0x5e, 0x7e, 0x16, 0x1b, 0x17, 0x12, 0x13, 0x16, 0x15, 0x28, 0x1c, 0x15, 0x6e, 0x7e, 0x19, 0x1a, 0x1c, 0x15, 0x19, 0x18, 0x1b, 0x1a, 0x1d, 0x1a, 0x15, 0x6e, 0xae, 0x1c, 0x1d, 0x1b, 0x18, 0x1b, 0x16, 0x8e, 0xae, 0x1a, 0x1d, 0x1a, 0x1d, 0x1c, 0x1d, 0x1e, 0x15, 0x6e,
0x9e, 0x16, 0x1a, 0x1d, 0x18, 0x1a, 0x1d, 0x18, 0x11, 0x1e, 0x16, 0x5e, 0x9e, 0x16, 0x1e, 0x18, 0x16, 0x28, 0x1a, 0x1e, 0x12, 0x15, 0x5e, 0xce, 0x26, 0x1b, 0x1d, 0x3e, 0x1a, 0x4e, 0x9e, 0x15, 0x2e, 0x16, 0x17, 0x16, 0x1a, 0x12, 0x7e, 0x9e, 0x17, 0x2e, 0x1d, 0x17, 0x1c, 0x24, 0x7e, 0x9e, 0x13, 0x2e, 0x2c, 0x1d, 0x19, 0x13, 0x7e, 0x9e, 0x19, 0x2e, 0x2a, 0x19, 0x17, 0x8e, 0x9e, 0x1a, 0x2e, 0x26, 0x1e, 0x1b, 0x8e, 0xde, 0x16, 0x1e, 0x1c, 0x8e, 0x9e, 0x1c, 0x13, 0x1b, 0x16, 0x1c, 0xae, 0xfe, 0x1e, 0x16, 0x7e, 0xfe, 0x1e, 0x1b, 0x7e,
// Compressed size: 201 bytes original pixels: 12544 uint16_t → ~25088 bytes uncompressed)

// HOBGOBLIN / Hobgoblin Auraflow V0.3 000 S3804446646 Th0.100 24 [Folder: HOBGOBLIN] - RLE compressed data (offset: 28891, size: 174)
0xf1, 0x91, 0xf1, 0x91, 0xf1, 0x91, 0xc1, 0x17, 0xb1, 0xb1, 0x1a, 0xc1, 0xa1, 0x12, 0x1b, 0x15, 0x18, 0x21, 0x15, 0x71, 0x91, 0x14, 0x1f, 0x13, 0x17, 0x16, 0x18, 0x1b, 0x17, 0x71, 0x91, 0x1b, 0x18, 0x1b, 0x14, 0x12, 0x1b, 0x19, 0x81, 0x91, 0x16, 0x12, 0x1b, 0x1f, 0x1b, 0x1e, 0x91, 0x51, 0x12, 0x19, 0x13, 0x21, 0x14, 0x17, 0x1a, 0x19, 0x15, 0x91, 0x61, 0x16, 0x21, 0x13, 0x18, 0x16, 0x1f, 0x1c, 0x1f, 0x19, 0x81, 0x71, 0x15, 0x11, 0x14, 0x15, 0x13, 0x15, 0x1c, 0x1f, 0x1c, 0x15, 0x71, 0x71, 0x14, 0x1b, 0x17, 0x1c, 0x2b, 0x1c, 0x1e, 0x11, 0x1d, 0x17, 0x61, 0x71, 0x15, 0x17, 0x11, 0x18, 0x1e, 0x1b, 0x19, 0x1f, 0x21, 0x1f, 0x61, 0x61, 0x14, 0x31, 0x1f, 0x17, 0x1b, 0x1d,
0x1c, 0x11, 0x1f, 0x15, 0x61, 0x51, 0x12, 0x41, 0x18, 0x1d, 0x19, 0x1e, 0x19, 0x1d, 0x18, 0x1c, 0x61, 0xa1, 0x1a, 0x1e, 0x3d, 0x18, 0x81, 0xa1, 0x19, 0x2f, 0x2e, 0x19, 0x15, 0x71, 0x91, 0x14, 0x1d, 0x16, 0x14, 0x1b, 0x11, 0x1b, 0x81, 0xf1, 0x91, 0x91, 0x12, 0x31, 0x12, 0x21, 0x14, 0x71, 0x61, 0x15, 0x13, 0x1c, 0x17, 0x1b, 0x17, 0x31, 0x16, 0x81, 0xf1, 0x91, 0xf1, 0x91,
// Compressed size: 174 bytes original pixels: 12544 uint16_t → ~25088 bytes uncompressed)

// HOU / Hou Auraflow V0.3 000 S1267918444 Th0.100 24 [Folder: HOU] - RLE compressed data (offset: 29065, size: 135)
0xfe, 0x9e, 0xfe, 0x9e, 0xfe, 0x9e, 0xfe, 0x9e, 0xfe, 0x9e, 0xbe, 0x10, 0x14, 0xbe, 0xae, 0x10, 0x19, 0x14, 0x1a, 0x1d, 0x12, 0x8e, 0xae, 0x1f, 0x10, 0x1c, 0x18, 0x13, 0x1d, 0x8e, 0xae, 0x16, 0x17, 0x2d, 0x2b, 0x1f, 0x7e, 0xae, 0x19, 0x16, 0x15, 0x1b, 0x19, 0x1d, 0x8e, 0xce, 0x19, 0x1b, 0x1a, 0x15, 0x8e, 0xde, 0x1c, 0x1e, 0x15, 0x8e, 0x8e, 0x16, 0x1d, 0x2e, 0x15, 0x27, 0x1e, 0x14, 0x7e, 0x7e, 0x10, 0x17, 0x3e, 0x1c, 0x1d, 0x1c, 0x1e, 0x16, 0x7e, 0xbe, 0x1a, 0x1e, 0x16, 0x1d, 0x9e, 0xae, 0x17, 0x3e, 0x16, 0x2e, 0x19, 0x6e, 0x9e, 0x15, 0x19, 0x2e, 0x11, 0x1a, 0x2e, 0x17, 0x6e, 0xae, 0x27, 0x1e, 0x12, 0x15, 0x9e, 0xbe, 0x15, 0x5e, 0x17, 0x6e, 0xbe, 0x13, 0x15, 0x2e,
0x12, 0x8e, 0x9e, 0x11, 0x1a, 0x13, 0x3e, 0x1a, 0x8e, 0x8e, 0x15, 0x17, 0x3e, 0x13, 0x16, 0x21, 0x17, 0x1b, 0x5e, 0xfe, 0x9e, 0xfe, 0x9e,
// Compressed size: 135 bytes original pixels: 12544 uint16_t → ~25088 bytes uncompressed)

// HULDRA / Huldra Auraflow V0.3 000 S1791422807 Th0.100 24 [Folder: HULDRA] - RLE compressed data (offset: 29200, size: 347)
0xff, 0x9f, 0x2f, 0x10, 0x11, 0x13, 0x19, 0x10, 0x16, 0x22, 0x3f, 0x33, 0x8f, 0x1f, 0x12, 0x16, 0x13, 0x1d, 0x1a, 0x11, 0x1b, 0x16, 0x17, 0x3f, 0x18, 0x13, 0x11, 0x12, 0x21, 0x2f, 0x11, 0x2f, 0x1f, 0x1a, 0x11, 0x16, 0x18, 0x16, 0x14, 0x19, 0x1d, 0x22, 0x2d, 0x10, 0x1f, 0x17, 0x2f, 0x10, 0x13, 0x16, 0x15, 0x2f, 0x1f, 0x10, 0x1a, 0x13, 0x17, 0x1b, 0x2d, 0x1b, 0x1c, 0x19, 0x1e, 0x1d, 0x1a, 0x2f, 0x10, 0x25, 0x13, 0x1f, 0x10, 0x2f, 0x1f, 0x10, 0x1b, 0x13, 0x15, 0x1d, 0x16, 0x1d, 0x1a, 0x12, 0x1d, 0x1b, 0x1d, 0x16, 0x1a, 0x5f, 0x1c, 0x3f, 0x2f, 0x11, 0x13, 0x1b, 0x17, 0x1c, 0x14, 0x1c, 0x1a, 0x14, 0x12, 0x14, 0x1d, 0x17, 0x3f, 0x17, 0x13, 0x15, 0x3f, 0x3f, 0x15, 0x28,
0x13, 0x15, 0x1c, 0x3d, 0x16, 0x1d, 0x14, 0x1c, 0x15, 0x18, 0x23, 0x1f, 0x16, 0x2f, 0x3f, 0x1b, 0x1f, 0x10, 0x17, 0x15, 0x16, 0x18, 0x15, 0x18, 0x1e, 0x17, 0x1d, 0x1c, 0x19, 0x1d, 0x1f, 0x16, 0x1a, 0x12, 0x13, 0x1f, 0x3f, 0x1b, 0x2f, 0x11, 0x1c, 0x18, 0x11, 0x1b, 0x17, 0x14, 0x1d, 0x1c, 0x1d, 0x1c, 0x1e, 0x1c, 0x2f, 0x12, 0x13, 0x1f, 0x3f, 0x10, 0x3f, 0x1a, 0x16, 0x19, 0x2d, 0x1b, 0x1c, 0x1d, 0x19, 0x1e, 0x1a, 0x1d, 0x17, 0x4f, 0x3f, 0x17, 0x4f, 0x15, 0x14, 0x18, 0x16, 0x1a, 0x17, 0x2d, 0x14, 0x19, 0x1e, 0x13, 0x17, 0x1f, 0x13, 0x1f, 0x3f, 0x11, 0x3f, 0x12, 0x19, 0x1a, 0x14, 0x1b, 0x19, 0x1d, 0x19, 0x1a, 0x12, 0x1e, 0x1d, 0x1f, 0x13, 0x1f, 0x17, 0x1f, 0x7f, 0x1a,
0x12, 0x14, 0x1a, 0x15, 0x1c, 0x12, 0x19, 0x14, 0x1a, 0x16, 0x1a, 0x1f, 0x1b, 0x1a, 0x17, 0x1f, 0x7f, 0x19, 0x1a, 0x2e, 0x1d, 0x18, 0x29, 0x1b, 0x1d, 0x17, 0x18, 0x16, 0x1f, 0x1d, 0x11, 0x1f, 0x8f, 0x19, 0x1a, 0x1d, 0x17, 0x18, 0x2d, 0x1c, 0x1d, 0x17, 0x1d, 0x17, 0x1f, 0x16, 0x1a, 0x1f, 0x8f, 0x1a, 0x18, 0x1d, 0x18, 0x1f, 0x17, 0x2c, 0x1f, 0x25, 0x1d, 0x13, 0x16, 0x2f, 0x9f, 0x25, 0x13, 0x2f, 0x1c, 0x18, 0x13, 0x2f, 0x25, 0x3f, 0x9f, 0x28, 0x15, 0x3f, 0x1b, 0x18, 0x2f, 0x17, 0x4f, 0x9f, 0x18, 0x1f, 0x15, 0x3f, 0x17, 0x3f, 0x18, 0x4f, 0x8f, 0x18, 0x2f, 0x15, 0x3f, 0x1b, 0x3f, 0x15, 0x4f, 0x7f, 0x17, 0x1c, 0x2f, 0x17, 0x3f, 0x17, 0x3f, 0x17, 0x11, 0x3f, 0xaf, 0x1a,
0x1e, 0x1f, 0x1e, 0x1a, 0x3f, 0x1d, 0x1a, 0x4f, 0xaf, 0x14, 0xdf,
// Compressed size: 347 bytes original pixels: 12544 uint16_t → ~25088 bytes uncompressed)

// HUMAN / Human Auraflow V0.3 000 S1399884994 Th0.100 24 [Folder: HUMAN] - RLE compressed data (offset: 29547, size: 316)
0xfe, 0x9e, 0x7e, 0x11, 0x3e, 0x10, 0x6e, 0x1c, 0x1e, 0x10, 0x3e, 0x9e, 0x12, 0x1e, 0x11, 0x10, 0x1e, 0x11, 0x5e, 0x13, 0x3e, 0x5e, 0x13, 0x19, 0x2e, 0x18, 0x1e, 0x10, 0x12, 0x21, 0x3e, 0x17, 0x5e, 0x4e, 0x15, 0x18, 0x1f, 0x17, 0x1b, 0x1d, 0x1b, 0x1a, 0x23, 0x1e, 0x11, 0x14, 0x1f, 0x6e, 0x2e, 0x20, 0x1b, 0x18, 0x1d, 0x16, 0x1c, 0x1d, 0x2b, 0x16, 0x28, 0x15, 0x8e, 0x2e, 0x11, 0x1b, 0x22, 0x15, 0x1b, 0x1a, 0x16, 0x1f, 0x16, 0x14, 0x1d, 0x18, 0x10, 0x11, 0x7e, 0x2e, 0x18, 0x15, 0x1b, 0x16, 0x1c, 0x1d, 0x26, 0x1a, 0x1b, 0x18, 0x19, 0x18, 0x13, 0x8e, 0x2e, 0x14, 0x2d, 0x16, 0x2d, 0x28, 0x27, 0x1b, 0x15, 0x17, 0x11, 0x10, 0x1e, 0x12, 0x5e, 0x2e, 0x18, 0x1c, 0x19, 0x1b,
0x3d, 0x15, 0x1d, 0x1c, 0x1a, 0x17, 0x1a, 0x1b, 0x10, 0x7e, 0x1e, 0x12, 0x14, 0x1f, 0x1a, 0x1e, 0x11, 0x2d, 0x1c, 0x16, 0x1d, 0x2a, 0x15, 0x17, 0x24, 0x11, 0x5e, 0x2e, 0x1b, 0x1d, 0x3e, 0x13, 0x1d, 0x1c, 0x18, 0x1a, 0x2c, 0x14, 0x1a, 0x15, 0x14, 0x6e, 0x2e, 0x1d, 0x1b, 0x5e, 0x4d, 0x1c, 0x16, 0x1a, 0x17, 0x1a, 0x2e, 0x10, 0x3e, 0x2e, 0x10, 0x5e, 0x10, 0x12, 0x1c, 0x1d, 0x1c, 0x1a, 0x15, 0x17, 0x1d, 0x15, 0x17, 0x12, 0x4e, 0x7e, 0x10, 0x12, 0x17, 0x16, 0x1d, 0x16, 0x1d, 0x15, 0x14, 0x1c, 0x1a, 0x15, 0x5e, 0x2e, 0x12, 0x19, 0x1e, 0x10, 0x1e, 0x27, 0x1b, 0x1c, 0x3d, 0x16, 0x14, 0x13, 0x19, 0x15, 0x1c, 0x1a, 0x3e, 0x3e, 0x13, 0x1e, 0x11, 0x16, 0x1a, 0x16, 0x1b, 0x1c,
0x1d, 0x1c, 0x10, 0x1b, 0x17, 0x18, 0x1e, 0x10, 0x16, 0x15, 0x12, 0x2e, 0x5e, 0x10, 0x19, 0x16, 0x1b, 0x22, 0x1e, 0x16, 0x1b, 0x1e, 0x1d, 0x1b, 0x29, 0x1b, 0x17, 0x13, 0x12, 0x1e, 0x8e, 0x13, 0x4e, 0x19, 0x4e, 0x16, 0x1b, 0x19, 0x15, 0x2e, 0xee, 0x13, 0x4e, 0x16, 0x11, 0x3e, 0x9e, 0x19, 0x3e, 0x18, 0x4e, 0x1c, 0x10, 0x1e, 0x11, 0x2e, 0x4e, 0x13, 0x1b, 0x3e, 0x1a, 0x13, 0x10, 0x29, 0x3e, 0x25, 0x2e, 0x18, 0x10, 0x1e, 0x3e, 0x13, 0x15, 0x1e, 0x1c, 0x18, 0x19, 0x1a, 0x5e, 0x15, 0x1d, 0x2a, 0x1e, 0x10, 0x19, 0x2e, 0x3e, 0x13, 0x2e, 0x1d, 0xfe, 0x2e,
// Compressed size: 316 bytes original pixels: 12544 uint16_t → ~25088 bytes uncompressed)

// ILLITHID / Illithid Auraflow V0.3 000 S4065597520 Th0.100 24 [Folder: ILLITHID] - RLE compressed data (offset: 29863, size: 229)
0xfe, 0x9e, 0xae, 0x40, 0x11, 0x9e, 0x9e, 0x20, 0x11, 0x10, 0x12, 0x21, 0x8e, 0x8e, 0x11, 0x20, 0x11, 0x1b, 0x11, 0x24, 0x8e, 0x8e, 0x14, 0x11, 0x1b, 0x1d, 0x17, 0x2b, 0x16, 0x18, 0x14, 0x6e, 0x8e, 0x18, 0x11, 0x12, 0x15, 0x1d, 0x1b, 0x17, 0x18, 0x11, 0x1e, 0x14, 0x5e, 0x7e, 0x14, 0x1e, 0x12, 0x14, 0x1b, 0x15, 0x1b, 0x1c, 0x19, 0x1e, 0x24, 0x5e, 0x9e, 0x13, 0x2f, 0x1b, 0x28, 0x13, 0x1e, 0x17, 0x12, 0x5e, 0x9e, 0x16, 0x1d, 0x1f, 0x1b, 0x17, 0x19, 0x15, 0x11, 0x15, 0x13, 0x5e, 0x4e, 0x14, 0x19, 0x28, 0x13, 0x1c, 0x1d, 0x24, 0x2c, 0x15, 0x8e, 0x6e, 0x1b, 0x1e, 0x16, 0x1a, 0x1c, 0x1d, 0x14, 0x18, 0x1b, 0x16, 0x1b, 0x7e, 0x8e, 0x19, 0x3c, 0x17, 0x1b, 0x1a, 0x1c, 0x11,
0x7e, 0x7e, 0x16, 0x19, 0x15, 0x18, 0x12, 0x15, 0x1b, 0x1c, 0x1a, 0x8e, 0x6e, 0x16, 0x1a, 0x19, 0x1b, 0x12, 0x18, 0x1b, 0x1c, 0x18, 0x12, 0x8e, 0x6e, 0x16, 0x11, 0x19, 0x12, 0x17, 0x1d, 0x2c, 0x11, 0x1c, 0x13, 0x7e, 0x6e, 0x23, 0x15, 0x17, 0x1d, 0x19, 0x1c, 0x1a, 0x1c, 0x15, 0x16, 0x7e, 0x7e, 0x16, 0x14, 0x2d, 0x16, 0x1a, 0x2e, 0x11, 0x16, 0x7e, 0x6e, 0x11, 0x16, 0x14, 0x16, 0x1c, 0x1a, 0x11, 0x3e, 0x16, 0x7e, 0x7e, 0x19, 0x16, 0x1a, 0x39, 0x3e, 0x16, 0x7e, 0x6e, 0x15, 0x1e, 0x29, 0x2e, 0x19, 0x13, 0x2e, 0x16, 0x7e, 0x7e, 0x26, 0x19, 0x2e, 0x16, 0x13, 0x2e, 0x13, 0x7e, 0x7e, 0x36, 0x11, 0x1e, 0x23, 0x2e, 0x19, 0x15, 0x6e, 0x8e, 0x16, 0x13, 0x2e, 0x16, 0x13, 0x1e,
0x16, 0x15, 0x7e, 0xfe, 0x9e,
// Compressed size: 229 bytes original pixels: 12544 uint16_t → ~25088 bytes uncompressed)

// IMP / Imp Auraflow V0.3 000 S4288746797 Th0.100 24 [Folder: IMP] - RLE compressed data (offset: 30092, size: 258)
0xf0, 0x90, 0xf0, 0x90, 0x70, 0x2d, 0x10, 0x13, 0xd0, 0x80, 0x1a, 0x2d, 0x12, 0x14, 0x10, 0x18, 0x90, 0x80, 0x13, 0x29, 0x1d, 0x21, 0x18, 0x12, 0x1e, 0x18, 0x12, 0x14, 0x40, 0x70, 0x1e, 0x17, 0x12, 0x17, 0x16, 0x1f, 0x21, 0x1b, 0x16, 0x15, 0x14, 0x50, 0x60, 0x14, 0x15, 0x17, 0x23, 0x17, 0x12, 0x13, 0x11, 0x22, 0x19, 0x13, 0x20, 0x18, 0x20, 0x50, 0x19, 0x12, 0x1e, 0x16, 0x1e, 0x1b, 0x3e, 0x12, 0x17, 0x19, 0x1d, 0x1a, 0x50, 0x30, 0x1d, 0x13, 0x19, 0x1a, 0x18, 0x1d, 0x1e, 0x2b, 0x19, 0x1c, 0x21, 0x1b, 0x1d, 0x19, 0x50, 0x30, 0x1e, 0x13, 0x1f, 0x1d, 0x2f, 0x1d, 0x27, 0x15, 0x18, 0x11, 0x18, 0x1c, 0x19, 0x13, 0x50, 0x30, 0x1a, 0x29, 0x3f, 0x2c, 0x39, 0x1d, 0x1a, 0x19,
0x28, 0x50, 0x40, 0x18, 0x14, 0x1a, 0x19, 0x1f, 0x1a, 0x1c, 0x18, 0x1a, 0x10, 0x1d, 0x10, 0x16, 0x15, 0x1d, 0x50, 0x40, 0x17, 0x16, 0x12, 0x1d, 0x1f, 0x18, 0x1a, 0x18, 0x40, 0x15, 0x17, 0x60, 0x30, 0x16, 0x15, 0x19, 0x15, 0x12, 0x11, 0x1d, 0x18, 0x1f, 0x50, 0x13, 0x18, 0x50, 0x30, 0x1e, 0x29, 0x14, 0x16, 0x1f, 0x1d, 0x1f, 0x3a, 0x30, 0x13, 0x18, 0x50, 0x30, 0x1e, 0x29, 0x10, 0x13, 0x14, 0x1f, 0x2d, 0x16, 0x13, 0x20, 0x14, 0x12, 0x24, 0x1a, 0x30, 0x40, 0x2e, 0x10, 0x1d, 0x24, 0x10, 0x1f, 0x14, 0x25, 0x20, 0x1d, 0x12, 0x1a, 0x40, 0x40, 0x1f, 0x1a, 0x30, 0x18, 0x10, 0x1f, 0x1a, 0x15, 0x18, 0x40, 0x15, 0x40, 0x50, 0x26, 0x30, 0x1f, 0x20, 0x1a, 0x16, 0x12, 0x14, 0x20,
0x12, 0x1d, 0x30, 0x50, 0x1d, 0x14, 0x16, 0x20, 0x1a, 0x60, 0x15, 0x10, 0x1c, 0x13, 0x1a, 0x20, 0x60, 0x1a, 0x14, 0x11, 0x90, 0x11, 0x10, 0x18, 0x1e, 0x20, 0x80, 0x16, 0x14, 0xe0, 0xf0, 0x90, 0xf0, 0x90,
// Compressed size: 258 bytes original pixels: 12544 uint16_t → ~25088 bytes uncompressed)

// IMPUNDULU / Impundulu Auraflow V0.3 000 S1640010406 Th0.100 24 [Folder: IMPUNDULU] - RLE compressed data (offset: 30350, size: 228)
0xfe, 0x9e, 0xfe, 0x9e, 0xfe, 0x9e, 0xfe, 0x9e, 0x8e, 0x16, 0x4e, 0x21, 0x13, 0x8e, 0x5e, 0x16, 0x14, 0x12, 0x7e, 0x11, 0x13, 0x18, 0x13, 0x5e, 0x4e, 0x15, 0x28, 0x15, 0x2e, 0x15, 0x13, 0x11, 0x2e, 0x10, 0x11, 0x24, 0x1b, 0x4e, 0x3e, 0x1a, 0x19, 0x18, 0x22, 0x11, 0x1e, 0x1b, 0x23, 0x11, 0x13, 0x16, 0x18, 0x2c, 0x19, 0x1a, 0x3e, 0x3e, 0x19, 0x14, 0x18, 0x1c, 0x1f, 0x16, 0x17, 0x1b, 0x16, 0x17, 0x15, 0x16, 0x19, 0x1f, 0x1d, 0x1a, 0x10, 0x14, 0x3e, 0x3e, 0x16, 0x19, 0x18, 0x36, 0x17, 0x1a, 0x1c, 0x1a, 0x1d, 0x15, 0x1b, 0x16, 0x19, 0x15, 0x24, 0x3e, 0x2e, 0x13, 0x19, 0x18, 0x19, 0x16, 0x15, 0x2a, 0x1d, 0x19, 0x1d, 0x2c, 0x1b, 0x1f, 0x1c, 0x1a, 0x1b, 0x1c, 0x11, 0x2e,
0x3e, 0x25, 0x19, 0x3d, 0x19, 0x13, 0x1b, 0x1c, 0x1d, 0x1c, 0x19, 0x1d, 0x25, 0x1f, 0x15, 0x11, 0x2e, 0x2e, 0x2c, 0x15, 0x14, 0x15, 0x1e, 0x11, 0x2e, 0x15, 0x1d, 0x13, 0x10, 0x11, 0x1a, 0x15, 0x18, 0x12, 0x19, 0x17, 0x2e, 0x2e, 0x11, 0x2a, 0x1e, 0x10, 0x3e, 0x3c, 0x1d, 0x1b, 0x12, 0x15, 0x10, 0x1c, 0x1d, 0x19, 0x1a, 0x2e, 0x2e, 0x17, 0x12, 0x6e, 0x1d, 0x16, 0x2d, 0x13, 0x1e, 0x11, 0x3e, 0x26, 0x2e, 0x2e, 0x16, 0x15, 0x6e, 0x1d, 0x17, 0x1b, 0x1d, 0x10, 0x13, 0x4e, 0x16, 0x17, 0x2e, 0x2e, 0x21, 0x6e, 0x17, 0x1c, 0x1b, 0x1a, 0x13, 0x5e, 0x15, 0x10, 0x2e, 0xae, 0x13, 0x1c, 0x1e, 0x17, 0x11, 0x9e, 0xae, 0x21, 0xce, 0xfe, 0x9e, 0xae, 0x10, 0x2e, 0x1b, 0xae, 0xfe, 0x9e,
0xfe, 0x9e, 0xfe, 0x9e,
// Compressed size: 228 bytes original pixels: 12544 uint16_t → ~25088 bytes uncompressed)

// JACKAL / Jackal Auraflow V0.3 000 S2438840693 Th0.100 24 [Folder: JACKAL] - RLE compressed data (offset: 30578, size: 282)
0xfe, 0x9e, 0xfe, 0x9e, 0xde, 0x15, 0x13, 0x9e, 0x9e, 0x17, 0x13, 0x11, 0x30, 0x9e, 0x7e, 0x11, 0x14, 0x31, 0x22, 0x10, 0x11, 0x10, 0x7e, 0x2e, 0x16, 0x3e, 0x12, 0x14, 0x19, 0x12, 0x24, 0x11, 0x40, 0x12, 0x6e, 0x2e, 0x19, 0x26, 0x1a, 0x11, 0x13, 0x16, 0x14, 0x1b, 0x14, 0x1b, 0x16, 0x10, 0x11, 0x10, 0x21, 0x5e, 0x2e, 0x19, 0x16, 0x1d, 0x26, 0x19, 0x1a, 0x1d, 0x14, 0x18, 0x16, 0x13, 0x10, 0x16, 0x13, 0x16, 0x10, 0x5e, 0x2e, 0x19, 0x10, 0x19, 0x13, 0x1c, 0x1a, 0x1d, 0x18, 0x17, 0x18, 0x1a, 0x10, 0x16, 0x21, 0x26, 0x10, 0x4e, 0x1e, 0x17, 0x1c, 0x11, 0x29, 0x17, 0x16, 0x19, 0x1a, 0x1b, 0x1d, 0x1c, 0x1d, 0x13, 0x11, 0x3c, 0x11, 0x10, 0x3e, 0x2e, 0x1c, 0x1d, 0x13, 0x16,
0x27, 0x1d, 0x1c, 0x1d, 0x1a, 0x18, 0x3c, 0x12, 0x1c, 0x18, 0x13, 0x14, 0x1e, 0x18, 0x1e, 0x2e, 0x15, 0x23, 0x12, 0x3d, 0x1b, 0x1a, 0x1d, 0x17, 0x1b, 0x1c, 0x19, 0x13, 0x18, 0x1a, 0x15, 0x11, 0x2e, 0x11, 0x1e, 0x17, 0x14, 0x1b, 0x16, 0x14, 0x1c, 0x12, 0x2d, 0x2b, 0x2d, 0x1b, 0x1d, 0x14, 0x1b, 0x1a, 0x17, 0x12, 0x16, 0x1e, 0x12, 0x3e, 0x3b, 0x12, 0x19, 0x1d, 0x1c, 0x24, 0x3c, 0x17, 0x14, 0x17, 0x18, 0x1c, 0x12, 0x18, 0x13, 0x12, 0x4e, 0x14, 0x2e, 0x15, 0x1c, 0x1b, 0x15, 0x1e, 0x2c, 0x1b, 0x1a, 0x16, 0x17, 0x2c, 0x11, 0x3e, 0x7e, 0x12, 0x1d, 0x19, 0x14, 0x2e, 0x18, 0x1b, 0x1c, 0x18, 0x2e, 0x15, 0x13, 0x15, 0x17, 0x1e, 0x7e, 0x12, 0x1a, 0x18, 0x12, 0x3e, 0x17, 0x19,
0x24, 0x1e, 0x25, 0x3e, 0x8e, 0x16, 0x17, 0x4e, 0x17, 0x10, 0x17, 0x24, 0x11, 0x19, 0x3e, 0x8e, 0x16, 0x1b, 0x4e, 0x1c, 0x1a, 0x16, 0x12, 0x1e, 0x17, 0x19, 0x3e, 0x7e, 0x11, 0x19, 0x18, 0x4e, 0x1f, 0x1a, 0x15, 0x2e, 0x25, 0x3e, 0x7e, 0x13, 0x19, 0x3e, 0x15, 0x2d, 0x16, 0x2e, 0x12, 0x15, 0x4e, 0x5e, 0x1c, 0x1d, 0x27, 0xfe, 0xfe, 0x9e, 0xfe, 0x9e,
// Compressed size: 282 bytes original pixels: 12544 uint16_t → ~25088 bytes uncompressed)

// JACKALOPE / Jackalope Auraflow V0.3 000 S659929946 Th0.100 24 [Folder: JACKALOPE] - RLE compressed data (offset: 30860, size: 213)
0xff, 0x9f, 0x6f, 0x15, 0xff, 0x2f, 0x5f, 0x16, 0x3f, 0x12, 0x4f, 0x17, 0x18, 0x8f, 0x4f, 0x13, 0x1b, 0x3f, 0x19, 0x4f, 0x18, 0x17, 0x8f, 0x4f, 0x15, 0x9f, 0x1a, 0x15, 0x2f, 0x28, 0x4f, 0x1f, 0x1a, 0x2f, 0x16, 0x9f, 0x18, 0x19, 0x1b, 0x1c, 0x1a, 0x5f, 0x2f, 0x1a, 0x13, 0x15, 0x9f, 0x11, 0x17, 0x18, 0x16, 0x6f, 0x4f, 0x18, 0x11, 0x3f, 0x12, 0x21, 0x1b, 0x18, 0xaf, 0x5f, 0x1e, 0x12, 0x17, 0x13, 0x18, 0x1b, 0x17, 0xcf, 0x5f, 0x12, 0x11, 0x13, 0x12, 0x1d, 0xef, 0x5f, 0x23, 0x1c, 0x1b, 0x1c, 0x12, 0x15, 0x11, 0x15, 0x11, 0x14, 0x8f, 0x4f, 0x16, 0x12, 0x1a, 0x12, 0x13, 0x15, 0x1b, 0x19, 0x15, 0x16, 0x14, 0x13, 0x12, 0x7f, 0x4f, 0x1e, 0x19, 0x1d, 0x14, 0x1b, 0x1a, 0x19,
0x14, 0x1b, 0x19, 0x11, 0x22, 0x15, 0x6f, 0x3f, 0x18, 0x3f, 0x3e, 0x1a, 0x19, 0x1c, 0x1e, 0x19, 0x1c, 0x23, 0x15, 0x5f, 0x6f, 0x15, 0x2c, 0x1e, 0x14, 0x19, 0x1d, 0x3b, 0x18, 0x16, 0x1b, 0x12, 0x4f, 0x6f, 0x16, 0x18, 0x1b, 0x2e, 0x1a, 0x1d, 0x1a, 0x1b, 0x1d, 0x1e, 0x2d, 0x16, 0x4f, 0x7f, 0x17, 0x1d, 0x1a, 0x1d, 0x17, 0x1c, 0x1b, 0x19, 0x1d, 0x1e, 0x1b, 0x14, 0x5f, 0x8f, 0x19, 0x18, 0x1a, 0x1c, 0x19, 0x2a, 0x1d, 0x1b, 0x1d, 0x6f, 0x8f, 0x14, 0x1a, 0x18, 0x19, 0x1c, 0x2d, 0x15, 0x27, 0x6f, 0x6f, 0x18, 0x2f, 0x15, 0x1c, 0x2f, 0x1c, 0x18, 0x17, 0x1c, 0x7f, 0xff, 0x9f, 0xff, 0x9f, 0xff, 0x9f, 0xff, 0x9f,
// Compressed size: 213 bytes original pixels: 12544 uint16_t → ~25088 bytes uncompressed)

// JINN / Jinn Auraflow V0.3 000 S389394992 Th0.100 24 [Folder: JINN] - RLE compressed data (offset: 31073, size: 332)
0x7e, 0x26, 0xfe, 0x4e, 0x11, 0x14, 0x13, 0x36, 0x13, 0x16, 0x14, 0x13, 0x21, 0x8e, 0x4e, 0x10, 0x13, 0x29, 0x26, 0x1b, 0x19, 0x1b, 0x29, 0x16, 0x8e, 0x1e, 0x13, 0x1e, 0x14, 0x1e, 0x14, 0x19, 0x1b, 0x2c, 0x1d, 0x1c, 0x2b, 0x1c, 0x1b, 0x16, 0x2e, 0x10, 0x4e, 0x2e, 0x10, 0x1e, 0x24, 0x13, 0x39, 0x1d, 0x1f, 0x3d, 0x2a, 0x15, 0x1e, 0x15, 0x12, 0x3e, 0x6e, 0x11, 0x14, 0x19, 0x1b, 0x3d, 0x1a, 0x2f, 0x17, 0x15, 0x1e, 0x11, 0x4e, 0x4e, 0x11, 0x1e, 0x23, 0x16, 0x14, 0x1b, 0x2d, 0x2f, 0x27, 0x15, 0x1e, 0x15, 0x12, 0x3e, 0x5e, 0x10, 0x1e, 0x14, 0x10, 0x14, 0x1b, 0x2f, 0x1a, 0x1f, 0x1a, 0x25, 0x1e, 0x25, 0x3e, 0x2e, 0x13, 0x10, 0x1e, 0x11, 0x14, 0x21, 0x18, 0x1d, 0x1f, 0x1d,
0x1f, 0x1a, 0x1f, 0x12, 0x1e, 0x10, 0x25, 0x3e, 0x1e, 0x10, 0x1e, 0x11, 0x2e, 0x24, 0x2b, 0x1a, 0x1c, 0x1f, 0x17, 0x1a, 0x15, 0x2e, 0x45, 0x2e, 0x4e, 0x34, 0x10, 0x1b, 0x3f, 0x1d, 0x17, 0x1a, 0x12, 0x2e, 0x15, 0x22, 0x10, 0x2e, 0x5e, 0x14, 0x13, 0x16, 0x18, 0x1d, 0x1f, 0x1a, 0x37, 0x12, 0x2e, 0x10, 0x2f, 0x3e, 0x5e, 0x13, 0x19, 0x18, 0x1b, 0x3f, 0x1a, 0x17, 0x1a, 0x12, 0x3e, 0x1f, 0x1a, 0x3e, 0x3e, 0x16, 0x19, 0x13, 0x16, 0x19, 0x1b, 0x3f, 0x17, 0x1f, 0x27, 0x10, 0x1e, 0x1a, 0x1f, 0x1d, 0x3e, 0x2e, 0x11, 0x10, 0x14, 0x16, 0x14, 0x19, 0x1b, 0x1d, 0x1c, 0x1f, 0x1a, 0x37, 0x10, 0x18, 0x1d, 0x1f, 0x4e, 0x3e, 0x16, 0x14, 0x13, 0x29, 0x1b, 0x2c, 0x1f, 0x1d, 0x1a, 0x1d,
0x27, 0x1a, 0x1e, 0x11, 0x4e, 0x2e, 0x14, 0x26, 0x1b, 0x16, 0x14, 0x19, 0x1b, 0x1d, 0x15, 0x1c, 0x1f, 0x2d, 0x1c, 0x1b, 0x6e, 0x2e, 0x11, 0x13, 0x1b, 0x16, 0x14, 0x11, 0x19, 0x1b, 0x1c, 0x1f, 0x1d, 0x1f, 0x1d, 0x1c, 0x1e, 0x10, 0x6e, 0x2e, 0x13, 0x14, 0x26, 0x14, 0x11, 0x19, 0x1b, 0x19, 0x1b, 0x2d, 0x1c, 0x1d, 0x8e, 0x1e, 0x11, 0x1e, 0x19, 0x16, 0x10, 0x2e, 0x13, 0x39, 0x2c, 0x1b, 0x11, 0x8e, 0x2e, 0x10, 0x14, 0x19, 0x13, 0x1e, 0x24, 0x19, 0x2b, 0x1c, 0x26, 0x13, 0x8e, 0x3e, 0x14, 0x29, 0x26, 0x19, 0x1a, 0x1b, 0x1d, 0x1b, 0x13, 0x1e, 0x11, 0x8e, 0x2e, 0x20, 0x16, 0x18, 0x29, 0x1b, 0x16, 0x14, 0x11, 0x20, 0xae, 0x5e, 0x11, 0x24, 0x13, 0xfe,
// Compressed size: 332 bytes original pixels: 12544 uint16_t → ~25088 bytes uncompressed)

// JORMUNGAND / Jormungand Auraflow V0.3 000 S3254405994 Th0.100 24 [Folder: JORMUNGAND] - RLE compressed data (offset: 31405, size: 302)
0xfe, 0x9e, 0xae, 0x21, 0x1b, 0xbe, 0x8e, 0x20, 0x43, 0x30, 0x7e, 0x7e, 0x13, 0x16, 0x1d, 0x1c, 0x19, 0x1b, 0x11, 0x10, 0x1d, 0x13, 0x11, 0x10, 0x5e, 0x7e, 0x19, 0x1b, 0x18, 0x1a, 0x1c, 0x12, 0x1a, 0x12, 0x1b, 0x22, 0x11, 0x12, 0x4e, 0x6e, 0x1c, 0x1a, 0x1d, 0x14, 0x2e, 0x1d, 0x14, 0x12, 0x1d, 0x14, 0x1a, 0x2d, 0x4e, 0x5e, 0x14, 0x13, 0x17, 0x15, 0x1a, 0x4e, 0x17, 0x12, 0x1a, 0x7e, 0x4e, 0x1d, 0x19, 0x11, 0x12, 0x17, 0x1c, 0x5e, 0x11, 0x14, 0x12, 0x6e, 0x3e, 0x1c, 0x1e, 0x1d, 0x1a, 0x27, 0x12, 0x1b, 0x5e, 0x32, 0x5e, 0x3e, 0x18, 0x2e, 0x19, 0x1a, 0x14, 0x11, 0x1d, 0x19, 0x7e, 0x15, 0x4e, 0x3e, 0x18, 0x1c, 0x1d, 0x1c, 0x25, 0x18, 0x19, 0x13, 0x1b, 0x14, 0xae, 0x4e,
0x28, 0x11, 0x1d, 0x15, 0x1d, 0x16, 0x19, 0x16, 0x31, 0x20, 0x11, 0x16, 0x4e, 0x5e, 0x1d, 0x1c, 0x16, 0x13, 0x17, 0x1b, 0x18, 0x26, 0x2b, 0x19, 0x1b, 0x16, 0x17, 0x13, 0x3e, 0x4e, 0x13, 0x19, 0x1a, 0x16, 0x12, 0x3d, 0x1a, 0x13, 0x16, 0x1d, 0x1c, 0x1d, 0x1c, 0x15, 0x12, 0x16, 0x2e, 0x2e, 0x16, 0x19, 0x15, 0x13, 0x1b, 0x1a, 0x3e, 0x17, 0x2d, 0x16, 0x11, 0x1a, 0x1e, 0x1c, 0x25, 0x1a, 0x2e, 0x1e, 0x16, 0x1a, 0x13, 0x17, 0x2c, 0x16, 0x11, 0x3e, 0x1c, 0x1a, 0x18, 0x12, 0x2e, 0x1c, 0x14, 0x11, 0x13, 0x2e, 0x1e, 0x16, 0x1c, 0x10, 0x3e, 0x1d, 0x13, 0x11, 0x2e, 0x17, 0x1c, 0x13, 0x1b, 0x2e, 0x1a, 0x13, 0x16, 0x13, 0x2e, 0x1e, 0x18, 0x1c, 0x16, 0x11, 0x2e, 0x18, 0x1d, 0x1b,
0x14, 0x20, 0x13, 0x1d, 0x19, 0x2e, 0x16, 0x11, 0x13, 0x15, 0x2e, 0x1e, 0x1a, 0x1d, 0x1b, 0x13, 0x10, 0x13, 0x2e, 0x15, 0x1b, 0x2c, 0x3d, 0x15, 0x21, 0x12, 0x1f, 0x17, 0x2e, 0x2e, 0x3a, 0x19, 0x1a, 0x11, 0x10, 0x81, 0x13, 0x15, 0x18, 0x15, 0x3e, 0x2e, 0x18, 0x2c, 0x1d, 0x1b, 0x43, 0x19, 0x23, 0x18, 0x26, 0x19, 0x27, 0x1d, 0x3e, 0x4e, 0x3a, 0x2b, 0x19, 0x15, 0x19, 0x1b, 0x19, 0x16, 0x19, 0x18, 0x27, 0x5e, 0x7e, 0x28, 0x17, 0x38, 0x1a, 0x17, 0x18, 0x8e, 0xfe, 0x9e,
// Compressed size: 302 bytes original pixels: 12544 uint16_t → ~25088 bytes uncompressed)

// JOTUN / Jotun Auraflow V0.3 000 S2456193996 Th0.100 24 [Folder: JOTUN] - RLE compressed data (offset: 31707, size: 229)
0xff, 0x9f, 0x9f, 0x20, 0x1f, 0x12, 0x16, 0xaf, 0x9f, 0x13, 0x11, 0x30, 0xaf, 0x7f, 0x20, 0x14, 0x21, 0x19, 0x20, 0x18, 0x8f, 0x6f, 0x12, 0x1f, 0x14, 0x11, 0x1b, 0x19, 0x1e, 0x12, 0x14, 0x15, 0x8f, 0x7f, 0x1e, 0x1c, 0x1e, 0x26, 0x2d, 0x1a, 0x10, 0x12, 0x7f, 0x5f, 0x1d, 0x2f, 0x2a, 0x22, 0x1e, 0x1b, 0x18, 0x13, 0x8f, 0x6f, 0x1b, 0x1f, 0x16, 0x18, 0x15, 0x16, 0x18, 0x1e, 0x16, 0x17, 0x12, 0x7f, 0x8f, 0x1c, 0x27, 0x19, 0x2b, 0x19, 0x1c, 0x11, 0x10, 0x6f, 0x7f, 0x1a, 0x1d, 0x15, 0x18, 0x2d, 0x1a, 0x17, 0x15, 0x1a, 0x12, 0x6f, 0x6f, 0x28, 0x27, 0x1d, 0x2e, 0x1a, 0x10, 0x1f, 0x26, 0x10, 0x1f, 0x12, 0x3f, 0x6f, 0x1a, 0x15, 0x2f, 0x2a, 0x28, 0x13, 0x1f, 0x13, 0x1d, 0x1b,
0x18, 0x4f, 0x3f, 0x1a, 0x1c, 0x19, 0x1d, 0x2f, 0x19, 0x1e, 0x1b, 0x28, 0x15, 0x1a, 0x15, 0x1e, 0x1c, 0x5f, 0x5f, 0x1b, 0x1d, 0x1a, 0x15, 0x16, 0x1d, 0x2e, 0x16, 0x1d, 0x10, 0x1f, 0x13, 0x1a, 0x5f, 0x8f, 0x2a, 0x1d, 0x19, 0x1d, 0x1b, 0x1a, 0x11, 0x1f, 0x29, 0x5f, 0x8f, 0x1b, 0x3c, 0x13, 0x17, 0x16, 0x1a, 0x2f, 0x1a, 0x5f, 0x7f, 0x19, 0x2a, 0x1f, 0x19, 0x27, 0x1a, 0x17, 0x13, 0x7f, 0x7f, 0x15, 0x1c, 0x17, 0x13, 0x1f, 0x23, 0x1d, 0x18, 0x13, 0x7f, 0x8f, 0x2b, 0x2f, 0x19, 0x1f, 0x13, 0x1c, 0x12, 0x1f, 0x17, 0x5f, 0x8f, 0x19, 0x17, 0x4f, 0x17, 0x18, 0x12, 0x7f, 0x7f, 0x24, 0x16, 0x5f, 0x1a, 0x16, 0x13, 0x6f, 0x8f, 0x12, 0x14, 0x5f, 0x26, 0x20, 0x5f, 0xff, 0x1f, 0x12,
0x16, 0x12, 0x5f, 0xff, 0x9f,
// Compressed size: 229 bytes original pixels: 12544 uint16_t → ~25088 bytes uncompressed)

// JUMBIE / Jumbie Auraflow V0.3 000 S76884883 Th0.100 24 [Folder: JUMBIE] - RLE compressed data (offset: 31936, size: 215)
0xf0, 0x90, 0x70, 0x2b, 0xf0, 0x40, 0x16, 0x70, 0x15, 0xb0, 0x30, 0x1e, 0x18, 0x10, 0x18, 0x17, 0x14, 0x18, 0x10, 0x11, 0x1b, 0x10, 0x13, 0x90, 0x50, 0x1d, 0x17, 0x18, 0x10, 0x2b, 0x14, 0x16, 0x13, 0x32, 0x23, 0x50, 0x90, 0x2e, 0x14, 0x1e, 0x14, 0x1b, 0x14, 0x12, 0x11, 0x12, 0x10, 0x13, 0x30, 0x60, 0x16, 0x14, 0x2b, 0x1c, 0x1d, 0x18, 0x16, 0x18, 0x17, 0x12, 0x17, 0x12, 0x15, 0x12, 0x30, 0x60, 0x1e, 0x16, 0x14, 0x12, 0x1f, 0x1b, 0x1f, 0x1d, 0x14, 0x11, 0x13, 0x11, 0x13, 0x19, 0x13, 0x30, 0x20, 0x1c, 0x20, 0x18, 0x27, 0x10, 0x12, 0x2d, 0x16, 0x1d, 0x1f, 0x1b, 0x15, 0x2d, 0x1f, 0x1b, 0x11, 0x20, 0x10, 0x18, 0x30, 0x14, 0x16, 0x30, 0x3d, 0x1f, 0x1d, 0x14, 0x12, 0x11,
0x1d, 0x13, 0x11, 0x1f, 0x20, 0x30, 0x14, 0x10, 0x16, 0x30, 0x1e, 0x1d, 0x1f, 0x1d, 0x1b, 0x1d, 0x28, 0x16, 0x1e, 0x13, 0x29, 0x20, 0x50, 0x1e, 0x40, 0x4d, 0x1c, 0x14, 0x1f, 0x1e, 0x1d, 0x11, 0x13, 0x1a, 0x20, 0x30, 0x1c, 0x14, 0x16, 0x50, 0x2d, 0x1c, 0x1d, 0x16, 0x14, 0x1f, 0x13, 0x20, 0x11, 0x20, 0x20, 0x16, 0x90, 0x17, 0x28, 0x26, 0x1f, 0x1d, 0x50, 0x30, 0x1b, 0x80, 0x2d, 0x18, 0x11, 0x22, 0x19, 0x50, 0x30, 0x14, 0x1d, 0x60, 0x18, 0x1b, 0x18, 0x20, 0x16, 0x14, 0x15, 0x50, 0x20, 0x18, 0xe0, 0x16, 0x11, 0x50, 0x10, 0x16, 0x1b, 0xf0, 0x60, 0xf0, 0x90, 0xf0, 0x90, 0xf0, 0x90, 0xf0, 0x90, 0xf0, 0x90, 0xf0, 0x90,
// Compressed size: 215 bytes original pixels: 12544 uint16_t → ~25088 bytes uncompressed)

// KAPPA / Kappa Auraflow V0.3 000 S1206390209 Th0.100 24 [Folder: KAPPA] - RLE compressed data (offset: 32151, size: 265)
0xff, 0x9f, 0xff, 0x9f, 0x9f, 0x16, 0x31, 0x14, 0xaf, 0x5f, 0x15, 0x14, 0x21, 0x15, 0x14, 0x15, 0x14, 0x21, 0x9f, 0x4f, 0x12, 0x17, 0x15, 0x13, 0x1c, 0x11, 0x12, 0x19, 0x32, 0x13, 0x8f, 0x4f, 0x1b, 0x12, 0x1b, 0x16, 0x19, 0x12, 0x13, 0x11, 0x13, 0x14, 0x25, 0x12, 0x7f, 0x4f, 0x16, 0x1b, 0x14, 0x13, 0x1a, 0x2e, 0x17, 0x11, 0x14, 0x23, 0x14, 0x13, 0x6f, 0x4f, 0x13, 0x12, 0x17, 0x19, 0x14, 0x18, 0x2e, 0x18, 0x11, 0x12, 0x11, 0x17, 0x14, 0x6f, 0x7f, 0x1e, 0x1b, 0x1d, 0x18, 0x2d, 0x1e, 0x27, 0x1b, 0x16, 0x15, 0x5f, 0x6f, 0x1b, 0x1e, 0x1d, 0x18, 0x1a, 0x1d, 0x1e, 0x1c, 0x1e, 0x17, 0x11, 0x12, 0x15, 0x5f, 0x6f, 0x19, 0x1e, 0x1c, 0x17, 0x16, 0x17, 0x1d, 0x1a, 0x2c, 0x18,
0x11, 0x15, 0x16, 0x4f, 0x7f, 0x1d, 0x1b, 0x17, 0x2b, 0x18, 0x14, 0x1b, 0x17, 0x1e, 0x1c, 0x12, 0x17, 0x4f, 0x7f, 0x1b, 0x1c, 0x17, 0x1e, 0x19, 0x13, 0x15, 0x1b, 0x17, 0x18, 0x1d, 0x19, 0x26, 0x3f, 0x7f, 0x1a, 0x18, 0x1a, 0x16, 0x1a, 0x14, 0x1a, 0x1b, 0x1c, 0x15, 0x1a, 0x1e, 0x13, 0x16, 0x3f, 0x3f, 0x17, 0x14, 0x17, 0x1a, 0x1b, 0x1f, 0x27, 0x1b, 0x15, 0x27, 0x1d, 0x1e, 0x17, 0x1d, 0x1c, 0x13, 0x3f, 0x3f, 0x15, 0x17, 0x1a, 0x18, 0x2f, 0x18, 0x17, 0x1d, 0x17, 0x13, 0x1b, 0x2c, 0x15, 0x14, 0x1d, 0x19, 0x17, 0x2f, 0x3f, 0x12, 0x1a, 0x5f, 0x17, 0x18, 0x2b, 0x19, 0x1e, 0x1d, 0x18, 0x14, 0x1d, 0x1b, 0x19, 0x2f, 0xaf, 0x18, 0x17, 0x1a, 0x1c, 0x2b, 0x1d, 0x17, 0x16, 0x15,
0x4f, 0xaf, 0x1a, 0x1c, 0x1b, 0x1c, 0x1d, 0x1c, 0x1d, 0x1c, 0x1a, 0x5f, 0xaf, 0x1a, 0x1b, 0x3f, 0x18, 0x1f, 0x16, 0x18, 0x1a, 0x4f, 0xaf, 0x18, 0x1a, 0x18, 0x1f, 0x18, 0x14, 0x1f, 0x1b, 0x17, 0x15, 0x14, 0x3f, 0xff, 0x9f, 0xff, 0x9f, 0xff, 0x9f,
// Compressed size: 265 bytes original pixels: 12544 uint16_t → ~25088 bytes uncompressed)

// KELPIE / Kelpie Auraflow V0.3 000 S1836060116 Th0.100 24 [Folder: KELPIE] - RLE compressed data (offset: 32416, size: 180)
0xfe, 0x9e, 0xfe, 0x9e, 0xfe, 0x9e, 0xce, 0x10, 0x13, 0xae, 0xbe, 0x16, 0x22, 0x1d, 0x19, 0x15, 0x11, 0x6e, 0x6e, 0x20, 0x1e, 0x13, 0x14, 0x1b, 0x1c, 0x18, 0x11, 0x10, 0x16, 0x1a, 0x1e, 0x18, 0x4e, 0x5e, 0x10, 0x1e, 0x16, 0x12, 0x19, 0x1f, 0x1b, 0x11, 0x15, 0x1b, 0x19, 0x12, 0x14, 0x19, 0x5e, 0x7e, 0x10, 0x1d, 0x1b, 0x12, 0x11, 0x1a, 0x1d, 0x1b, 0x2a, 0x22, 0x5e, 0x6e, 0x16, 0x1b, 0x1d, 0x1a, 0x15, 0x28, 0x1d, 0x1c, 0x18, 0x19, 0x1f, 0x12, 0x5e, 0x4e, 0x11, 0x14, 0x1a, 0x1d, 0x1b, 0x18, 0x2c, 0x19, 0x1c, 0x1d, 0x15, 0x18, 0x1a, 0x18, 0x13, 0x4e, 0x5e, 0x11, 0x19, 0x17, 0x18, 0x1b, 0x13, 0x19, 0x1b, 0x14, 0x1e, 0x16, 0x18, 0x1b, 0x18, 0x12, 0x4e, 0x6e, 0x14, 0x17,
0x1a, 0x19, 0x1a, 0x1b, 0x1a, 0x2e, 0x1a, 0x1f, 0x2c, 0x18, 0x4e, 0x6e, 0x12, 0x14, 0x15, 0x16, 0x1b, 0x1c, 0x4e, 0x1a, 0x1d, 0x1a, 0x13, 0x10, 0x3e, 0x6e, 0x13, 0x12, 0x15, 0x2a, 0x16, 0x5e, 0x12, 0x13, 0x18, 0x10, 0x3e, 0x8e, 0x20, 0x1a, 0x7e, 0x2f, 0x15, 0x3e, 0x9e, 0x1b, 0x19, 0x7e, 0x2d, 0x4e, 0x9e, 0x14, 0xee, 0xae, 0x14, 0xde, 0xfe, 0x9e, 0xfe, 0x9e, 0xfe, 0x9e, 0xfe, 0x9e, 0xfe, 0x9e, 0xfe, 0x9e,
// Compressed size: 180 bytes original pixels: 12544 uint16_t → ~25088 bytes uncompressed)

// KIRIN / Kirin Auraflow V0.3 000 S2007721137 Th0.100 24 [Folder: KIRIN] - RLE compressed data (offset: 32596, size: 207)
0xfe, 0x9e, 0xfe, 0x9e, 0x8e, 0x10, 0xfe, 0x3e, 0x1c, 0x3e, 0x15, 0x14, 0x13, 0x11, 0x10, 0x4e, 0x12, 0x1e, 0x13, 0x5e, 0x5e, 0x1a, 0x14, 0x1d, 0x1a, 0x15, 0x10, 0x1e, 0x11, 0x12, 0x1e, 0x12, 0x8e, 0x5e, 0x19, 0x18, 0x19, 0x16, 0x18, 0x16, 0x1e, 0x22, 0x10, 0x9e, 0x5e, 0x16, 0x1a, 0x1d, 0x15, 0x1c, 0x16, 0x15, 0x13, 0x11, 0x12, 0x5e, 0x12, 0x3e, 0x4e, 0x19, 0x1d, 0x1e, 0x1c, 0x1a, 0x16, 0x19, 0x11, 0x16, 0x1e, 0x20, 0x8e, 0x7e, 0x1c, 0x14, 0x18, 0x1a, 0x16, 0xce, 0x7e, 0x1d, 0x17, 0x12, 0x14, 0x12, 0x15, 0x17, 0x12, 0x16, 0x8e, 0x7e, 0x1a, 0x1d, 0x14, 0x1c, 0x1b, 0x13, 0x1a, 0x17, 0x1c, 0x1a, 0x10, 0x6e, 0x7e, 0x19, 0x1f, 0x1c, 0x1b, 0x1d, 0x1f, 0x1c, 0x19, 0x17,
0x1e, 0x1a, 0x19, 0x13, 0x4e, 0x8e, 0x2c, 0x2d, 0x1c, 0x1f, 0x1d, 0x1c, 0x1e, 0x1a, 0x18, 0x12, 0x13, 0x3e, 0x8e, 0x19, 0x15, 0x3e, 0x3d, 0x1e, 0x16, 0x1a, 0x19, 0x4e, 0x9e, 0x1c, 0x4e, 0x2b, 0x1e, 0x14, 0x19, 0x18, 0x14, 0x1e, 0x13, 0x1e, 0x9e, 0x17, 0x4e, 0x1b, 0x1e, 0x19, 0x1e, 0x18, 0x27, 0x15, 0x2e, 0x8e, 0x1a, 0x19, 0x6e, 0x1b, 0x1e, 0x13, 0x1a, 0x17, 0x18, 0x2e, 0x8e, 0x1c, 0x1b, 0x3e, 0x1b, 0x2e, 0x1b, 0x3e, 0x15, 0x17, 0x1e, 0x14, 0xfe, 0x1e, 0x19, 0x3e, 0x17, 0x3e, 0xfe, 0x4e, 0x19, 0x1e, 0x15, 0x1e, 0x15, 0xfe, 0x9e, 0xfe, 0x9e, 0xfe, 0x9e, 0xfe, 0x9e,
// Compressed size: 207 bytes original pixels: 12544 uint16_t → ~25088 bytes uncompressed)

// KITSUNE / Kitsune Auraflow V0.3 000 S482689558 Th0.100 24 [Folder: KITSUNE] - RLE compressed data (offset: 32803, size: 321)
0xfe, 0x9e, 0x6e, 0x1b, 0x12, 0x10, 0xfe, 0x7e, 0x13, 0x15, 0x16, 0x4e, 0x1f, 0x10, 0x2a, 0x6e, 0x5e, 0x10, 0x14, 0x17, 0x19, 0x18, 0x11, 0x10, 0x1e, 0x10, 0x16, 0x19, 0x1b, 0x11, 0x6e, 0x6e, 0x10, 0x17, 0x2c, 0x19, 0x16, 0x13, 0x1e, 0x12, 0x1d, 0x11, 0x17, 0x6e, 0x4e, 0x11, 0x10, 0x1d, 0x1c, 0x19, 0x1a, 0x19, 0x18, 0x12, 0x14, 0x16, 0x2d, 0x1a, 0x6e, 0x4e, 0x15, 0x17, 0x1c, 0x1b, 0x1a, 0x15, 0x19, 0x16, 0x14, 0x19, 0x2a, 0x10, 0x7e, 0x3e, 0x11, 0x1b, 0x19, 0x1c, 0x1a, 0x19, 0x12, 0x1e, 0x19, 0x16, 0x14, 0x1c, 0x16, 0x5e, 0x10, 0x2e, 0x3e, 0x18, 0x19, 0x1b, 0x16, 0x18, 0x13, 0x1e, 0x16, 0x1d, 0x26, 0x1c, 0x19, 0x5e, 0x11, 0x2e, 0x2e, 0x16, 0x10, 0x15, 0x19, 0x24,
0x1e, 0x12, 0x1a, 0x13, 0x19, 0x18, 0x1d, 0x1f, 0x11, 0x2e, 0x10, 0x12, 0x3e, 0x2e, 0x19, 0x1e, 0x28, 0x12, 0x3e, 0x10, 0x14, 0x26, 0x1d, 0x16, 0x4e, 0x12, 0x3e, 0x3e, 0x13, 0x12, 0x5e, 0x10, 0x14, 0x16, 0x17, 0x1d, 0x1b, 0x3e, 0x12, 0x4e, 0x1e, 0x1a, 0x1e, 0x19, 0x4e, 0x14, 0x22, 0x19, 0x1b, 0x1a, 0x28, 0x11, 0x2e, 0x12, 0x11, 0x3e, 0x1e, 0x17, 0x1e, 0x17, 0x3e, 0x16, 0x18, 0x14, 0x16, 0x28, 0x1c, 0x16, 0x1a, 0x15, 0x2e, 0x11, 0x15, 0x3e, 0x1e, 0x1a, 0x1e, 0x18, 0x4e, 0x1c, 0x1b, 0x1d, 0x1c, 0x1d, 0x1c, 0x16, 0x1a, 0x1d, 0x2e, 0x11, 0x17, 0x11, 0x2e, 0x2e, 0x13, 0x4e, 0x1c, 0x1d, 0x1b, 0x3d, 0x1a, 0x16, 0x18, 0x3e, 0x10, 0x17, 0x12, 0x10, 0x1e, 0x2e, 0x13, 0x11,
0x3e, 0x1b, 0x19, 0x1e, 0x1d, 0x10, 0x1d, 0x17, 0x12, 0x1b, 0x4e, 0x12, 0x17, 0x10, 0x1e, 0x4e, 0x30, 0x17, 0x2e, 0x1d, 0x1e, 0x1d, 0x12, 0x10, 0x5e, 0x19, 0x16, 0x13, 0x1e, 0x6e, 0x1a, 0x3e, 0x1c, 0x1e, 0x1a, 0x18, 0x12, 0x1e, 0x18, 0x2e, 0x11, 0x16, 0x1b, 0x10, 0x1e, 0xae, 0x1d, 0x1e, 0x19, 0x1a, 0x16, 0x3e, 0x10, 0x13, 0x19, 0x1a, 0x12, 0x1e, 0xae, 0x1b, 0x1e, 0x17, 0x1a, 0x19, 0x18, 0x22, 0x14, 0x16, 0x19, 0x1b, 0x10, 0x1e, 0x6e, 0x1d, 0x5e, 0x23, 0x2a, 0x19, 0x18, 0x19, 0x2a, 0x3e, 0x5e, 0x1d, 0x1b, 0x3e, 0x1d, 0x2b, 0x2e, 0x2a, 0x1b, 0x19, 0x1a, 0x15, 0x3e, 0xfe, 0x9e,
// Compressed size: 321 bytes original pixels: 12544 uint16_t → ~25088 bytes uncompressed)

// KOBOLD / Kobold Auraflow V0.3 000 S2065122128 Th0.100 24 [Folder: KOBOLD] - RLE compressed data (offset: 33124, size: 179)
0xfe, 0x9e, 0xfe, 0x9e, 0xfe, 0x9e, 0x9e, 0x16, 0x2e, 0x17, 0x19, 0x1f, 0x9e, 0x9e, 0x17, 0x1d, 0x14, 0x19, 0x20, 0x12, 0x3e, 0x1d, 0x13, 0x3e, 0xae, 0x15, 0x1b, 0x1f, 0x17, 0x12, 0x10, 0x3e, 0x17, 0x1c, 0x3e, 0xae, 0x18, 0x1d, 0x19, 0x15, 0x12, 0x16, 0x1e, 0x10, 0x16, 0x15, 0x1a, 0x3e, 0x7e, 0x17, 0x1a, 0x12, 0x4d, 0x11, 0x19, 0x1e, 0x31, 0x19, 0x3e, 0x6e, 0x2f, 0x2a, 0x1d, 0x1c, 0x16, 0x14, 0x19, 0x15, 0x1e, 0x11, 0x20, 0x1c, 0x3e, 0x6e, 0x18, 0x1f, 0x2e, 0x1d, 0x17, 0x19, 0x11, 0x1f, 0x1d, 0x15, 0x1e, 0x14, 0x19, 0x1f, 0x3e, 0x7e, 0x1c, 0x2e, 0x1d, 0x1a, 0x12, 0x10, 0x3e, 0x1b, 0x1d, 0x13, 0x4e, 0x7e, 0x18, 0x19, 0x1e, 0x16, 0x1a, 0x16, 0x10, 0x4e, 0x1d, 0x18,
0x14, 0x3e, 0x9e, 0x1d, 0x1b, 0x1d, 0x14, 0x10, 0x13, 0x9e, 0x9e, 0x18, 0x1b, 0x12, 0x2f, 0x10, 0x9e, 0xbe, 0x1c, 0x12, 0x1e, 0x1d, 0x9e, 0xae, 0x1c, 0x1b, 0x1e, 0x1a, 0x1f, 0x9e, 0x9e, 0x1a, 0x1f, 0x3e, 0x1b, 0x9e, 0x9e, 0x13, 0x3e, 0x1f, 0xae, 0x9e, 0x17, 0x3e, 0x15, 0xae, 0x9e, 0x1f, 0x3e, 0x1d, 0x15, 0x16, 0x1b, 0x7e, 0x7e, 0x1c, 0x1d, 0x1e, 0x19, 0x11, 0xce, 0xfe, 0x9e, 0xfe, 0x9e, 0xfe, 0x9e,
// Compressed size: 179 bytes original pixels: 12544 uint16_t → ~25088 bytes uncompressed)

// KORRED / Korred Auraflow V0.3 000 S3499559113 Th0.100 24 [Folder: KORRED] - RLE compressed data (offset: 33303, size: 306)
0xfe, 0x9e, 0xfe, 0x9e, 0xae, 0x43, 0x18, 0x9e, 0x8e, 0x33, 0x18, 0x13, 0x18, 0x33, 0x7e, 0x7e, 0x33, 0x17, 0x38, 0x13, 0x2c, 0x7e, 0x6e, 0x23, 0x1a, 0x13, 0x18, 0x17, 0x23, 0x1a, 0x1c, 0x18, 0x13, 0x6e, 0x5e, 0x17, 0x18, 0x17, 0x1c, 0x17, 0x29, 0x17, 0x14, 0x1d, 0x19, 0x18, 0x17, 0x18, 0x5e, 0x4e, 0x13, 0x1d, 0x1b, 0x1d, 0x1c, 0x1a, 0x2b, 0x10, 0x12, 0x1d, 0x29, 0x17, 0x19, 0x1d, 0x4e, 0x4e, 0x13, 0x1d, 0x1b, 0x2d, 0x15, 0x1b, 0x14, 0x1a, 0x1b, 0x2a, 0x12, 0x1a, 0x1d, 0x18, 0x1c, 0x3e, 0x4e, 0x1c, 0x1d, 0x25, 0x19, 0x1d, 0x19, 0x1f, 0x16, 0x19, 0x1b, 0x16, 0x12, 0x16, 0x1a, 0x2d, 0x1c, 0x2e, 0x3e, 0x13, 0x1a, 0x14, 0x1a, 0x1d, 0x1b, 0x15, 0x16, 0x10, 0x12, 0x16,
0x24, 0x16, 0x24, 0x1b, 0x13, 0x18, 0x1c, 0x1e, 0x2e, 0x18, 0x1d, 0x15, 0x17, 0x18, 0x1c, 0x1d, 0x1a, 0x12, 0x11, 0x24, 0x16, 0x1d, 0x1e, 0x17, 0x10, 0x1a, 0x13, 0x17, 0x1c, 0x1e, 0x2e, 0x18, 0x19, 0x15, 0x1e, 0x13, 0x1c, 0x1d, 0x1b, 0x44, 0x1a, 0x1d, 0x2e, 0x19, 0x1a, 0x1b, 0x2d, 0x1e, 0x2e, 0x1d, 0x13, 0x17, 0x1e, 0x18, 0x4d, 0x1a, 0x1b, 0x1a, 0x2d, 0x3e, 0x11, 0x1a, 0x1b, 0x1d, 0x1e, 0x2e, 0x1d, 0x1c, 0x11, 0x1e, 0x1c, 0x1d, 0x1f, 0x1b, 0x14, 0x12, 0x1a, 0x1f, 0x1a, 0x19, 0x15, 0x26, 0x17, 0x2a, 0x2e, 0x2e, 0x17, 0x1d, 0x19, 0x10, 0x13, 0x1d, 0x2b, 0x15, 0x1a, 0x14, 0x1d, 0x3a, 0x12, 0x10, 0x12, 0x1a, 0x1d, 0x2e, 0x2e, 0x19, 0x13, 0x15, 0x16, 0x1d, 0x19, 0x2b,
0x1d, 0x15, 0x19, 0x1b, 0x26, 0x15, 0x1f, 0x12, 0x20, 0x3e, 0x2e, 0x15, 0x22, 0x1a, 0x12, 0x15, 0x1b, 0x1e, 0x18, 0x3e, 0x16, 0x14, 0x12, 0x1a, 0x1b, 0x19, 0x4e, 0x3e, 0x1a, 0x15, 0x1a, 0x1d, 0x1a, 0x1d, 0x1e, 0x17, 0x4e, 0x14, 0x12, 0x15, 0x1b, 0x29, 0x3e, 0x3e, 0x13, 0x11, 0x1d, 0x1b, 0x2a, 0x19, 0x5e, 0x10, 0x12, 0x14, 0x19, 0x17, 0x12, 0x3e, 0x3e, 0x17, 0x19, 0x17, 0x1b, 0x6e, 0x10, 0x12, 0x10, 0x12, 0x14, 0x15, 0x17, 0x11, 0x3e, 0xce, 0x12, 0x40, 0x32, 0x4e, 0xfe, 0x9e, 0xfe, 0x9e,
// Compressed size: 306 bytes original pixels: 12544 uint16_t → ~25088 bytes uncompressed)

// KORRIGAN / Korrigan Auraflow V0.3 000 S1989663428 Th0.100 24 [Folder: KORRIGAN] - RLE compressed data (offset: 33609, size: 210)
0xfe, 0x9e, 0xae, 0x13, 0x11, 0x3e, 0x12, 0x20, 0x6e, 0x3e, 0x10, 0x1e, 0x14, 0x11, 0x10, 0x12, 0x24, 0x12, 0x17, 0x2e, 0x10, 0x1e, 0x13, 0x17, 0x5e, 0x4e, 0x10, 0x15, 0x18, 0x15, 0x18, 0x19, 0x22, 0x24, 0x1e, 0x10, 0x12, 0x1e, 0x19, 0x5e, 0x4e, 0x21, 0x1e, 0x18, 0x17, 0x16, 0x1d, 0x1b, 0x1d, 0x13, 0x2e, 0x11, 0x19, 0x6e, 0x5e, 0x17, 0x1b, 0x16, 0x1f, 0x16, 0x18, 0x1d, 0x15, 0x1a, 0x10, 0x1e, 0x15, 0x7e, 0x6e, 0x1a, 0x16, 0x1f, 0x3d, 0x1a, 0x13, 0x2e, 0x16, 0x7e, 0x5e, 0x11, 0x1c, 0x3d, 0x15, 0x14, 0x15, 0x2e, 0x16, 0x8e, 0x6e, 0x18, 0x1b, 0x1d, 0x15, 0x12, 0x1e, 0x2b, 0x13, 0x10, 0x8e, 0x5e, 0x15, 0x10, 0x1d, 0x1f, 0x16, 0x14, 0xde, 0x5e, 0x19, 0x1e, 0x18, 0x2c,
0x17, 0x11, 0xce, 0x5e, 0x17, 0x1e, 0x1c, 0x1d, 0x16, 0x13, 0x15, 0xce, 0x6e, 0x19, 0x1c, 0x1a, 0x28, 0x15, 0xce, 0x6e, 0x1a, 0x3c, 0x1d, 0x15, 0x1f, 0x11, 0xae, 0x6e, 0x1a, 0x16, 0x1b, 0x1c, 0x1d, 0x1f, 0x1d, 0x17, 0x11, 0x9e, 0x8e, 0x28, 0x1a, 0x1c, 0x12, 0x18, 0x19, 0x12, 0x8e, 0x9e, 0x2b, 0x1a, 0x17, 0x2e, 0x13, 0x8e, 0x7e, 0x2a, 0x16, 0x15, 0x1e, 0x19, 0x1e, 0x14, 0x9e, 0x6e, 0x17, 0x1a, 0x3e, 0x1c, 0xce, 0xae, 0x16, 0xde, 0x5e, 0x1b, 0x3e, 0x13, 0x1c, 0xde, 0x5e, 0x10, 0x3e, 0x15, 0x16, 0x17, 0x15, 0x12, 0xae, 0x5e, 0x16, 0x11, 0x1c, 0x27, 0x3e, 0x11, 0xae, 0x8e, 0x12, 0xfe,
// Compressed size: 210 bytes original pixels: 12544 uint16_t → ~25088 bytes uncompressed)

// KOSCHEI / Koschei Auraflow V0.3 000 S650890567 Th0.100 24 [Folder: KOSCHEI] - RLE compressed data (offset: 33819, size: 242)
0xfe, 0x9e, 0x9e, 0x13, 0x12, 0x40, 0x9e, 0x8e, 0x17, 0x21, 0x12, 0x13, 0x11, 0x20, 0x8e, 0x8e, 0x19, 0x14, 0x23, 0x17, 0x1a, 0x1b, 0x11, 0x8e, 0x8e, 0x1b, 0x1c, 0x19, 0x1d, 0x14, 0x15, 0x20, 0x8e, 0xae, 0x18, 0x1c, 0x1d, 0x28, 0x1a, 0x8e, 0xae, 0x1b, 0x2d, 0x1c, 0x18, 0x1b, 0x8e, 0xae, 0x17, 0x1a, 0x25, 0x14, 0x12, 0x8e, 0x8e, 0x11, 0x1e, 0x2c, 0x17, 0x13, 0x11, 0x17, 0x10, 0x7e, 0x6e, 0x1a, 0x2d, 0x15, 0x1c, 0x2b, 0x1a, 0x13, 0x14, 0x13, 0x7e, 0x6e, 0x14, 0x1c, 0x18, 0x15, 0x12, 0x18, 0x10, 0x14, 0x1a, 0x11, 0x13, 0x7e, 0x4e, 0x18, 0x1c, 0x1b, 0x16, 0x3d, 0x1c, 0x18, 0x1c, 0x1b, 0x14, 0x17, 0x19, 0x6e, 0x4e, 0x13, 0x14, 0x1d, 0x19, 0x1d, 0x13, 0x1d, 0x17, 0x1f,
0x1c, 0x1a, 0x16, 0x1d, 0x7e, 0x4e, 0x1c, 0x26, 0x17, 0x15, 0x17, 0x1d, 0x21, 0x15, 0x1e, 0x18, 0x8e, 0x4e, 0x19, 0x1e, 0x19, 0x1d, 0x16, 0x1d, 0x1c, 0x11, 0x13, 0x16, 0x1e, 0x1b, 0x8e, 0x4e, 0x16, 0x1f, 0x19, 0x1c, 0x16, 0x1b, 0x1c, 0x12, 0x10, 0xbe, 0x4e, 0x14, 0x1e, 0x19, 0x1c, 0x15, 0x1c, 0x14, 0x11, 0x1a, 0x10, 0x12, 0x13, 0x8e, 0x4e, 0x14, 0x1e, 0x1a, 0x1e, 0x14, 0x1c, 0x11, 0x14, 0x15, 0x1e, 0x12, 0x9e, 0x4e, 0x16, 0x2e, 0x13, 0x19, 0x15, 0x16, 0x10, 0x17, 0x1e, 0x19, 0x1e, 0x11, 0x7e, 0x4e, 0x1a, 0x3e, 0x16, 0x13, 0x17, 0x13, 0x4e, 0x14, 0x7e, 0x9e, 0x17, 0x1b, 0x5e, 0x1b, 0x7e, 0x9e, 0x2a, 0x1e, 0x2a, 0x3e, 0x19, 0x6e, 0x5e, 0x10, 0x2e, 0x1c, 0x1d, 0x1c,
0x19, 0x1b, 0x19, 0x17, 0x9e, 0x5e, 0x15, 0x1e, 0x17, 0x1a, 0x1d, 0x14, 0x1c, 0x2a, 0x19, 0x3e, 0x1a, 0x5e,
// Compressed size: 242 bytes original pixels: 12544 uint16_t → ~25088 bytes uncompressed)

// KRAKEN / Kraken Auraflow V0.3 000 S1257537576 Th0.100 24 [Folder: KRAKEN] - RLE compressed data (offset: 34061, size: 316)
0xfe, 0x9e, 0xfe, 0x9e, 0x6e, 0x14, 0x1f, 0x1a, 0x4e, 0x14, 0x20, 0x12, 0x10, 0x6e, 0x6e, 0x1d, 0x1e, 0x14, 0x3e, 0x12, 0x11, 0x14, 0x32, 0x10, 0x14, 0x4e, 0x6e, 0x11, 0x17, 0x15, 0x2e, 0x14, 0x11, 0x12, 0x24, 0x18, 0x11, 0x28, 0x15, 0x3e, 0x5e, 0x1d, 0x1f, 0x3e, 0x10, 0x21, 0x10, 0x19, 0x15, 0x19, 0x38, 0x13, 0x3e, 0x5e, 0x10, 0x15, 0x2e, 0x13, 0x12, 0x14, 0x10, 0x14, 0x18, 0x1a, 0x17, 0x16, 0x19, 0x16, 0x17, 0x16, 0x2e, 0x5e, 0x17, 0x13, 0x3e, 0x14, 0x18, 0x1c, 0x2b, 0x1c, 0x1b, 0x1d, 0x1b, 0x1c, 0x1b, 0x1c, 0x2e, 0x1e, 0x13, 0x3e, 0x13, 0x18, 0x24, 0x18, 0x24, 0x1a, 0x17, 0x1a, 0x1b, 0x1d, 0x1c, 0x1a, 0x17, 0x1c, 0x16, 0x2e, 0x1e, 0x23, 0x2e, 0x1f, 0x27, 0x14,
0x15, 0x18, 0x14, 0x18, 0x1c, 0x1b, 0x1c, 0x1d, 0x1c, 0x3a, 0x3e, 0x1e, 0x1d, 0x29, 0x13, 0x14, 0x15, 0x19, 0x1d, 0x13, 0x10, 0x1a, 0x12, 0x1b, 0x19, 0x1b, 0x1e, 0x1c, 0x3e, 0x16, 0x2e, 0x1e, 0x16, 0x1e, 0x13, 0x10, 0x15, 0x19, 0x1e, 0x16, 0x17, 0x19, 0x1d, 0x14, 0x1a, 0x14, 0x13, 0x17, 0x1e, 0x1b, 0x5e, 0x2e, 0x16, 0x4e, 0x14, 0x1c, 0x1d, 0x19, 0x1d, 0x16, 0x1d, 0x1a, 0x12, 0x14, 0x1d, 0x2e, 0x2d, 0x2e, 0x4e, 0x11, 0x18, 0x11, 0x1b, 0x1a, 0x1d, 0x15, 0x1d, 0x10, 0x1b, 0x1e, 0x1a, 0x14, 0x10, 0x1c, 0x2e, 0x13, 0x2e, 0x3e, 0x20, 0x17, 0x1a, 0x1e, 0x1c, 0x19, 0x1d, 0x1e, 0x16, 0x1a, 0x2e, 0x1d, 0x11, 0x14, 0x2e, 0x13, 0x1c, 0x1e, 0x2e, 0x10, 0x21, 0x1e, 0x1f, 0x11,
0x19, 0x14, 0x1d, 0x1e, 0x1c, 0x13, 0x1b, 0x1e, 0x1d, 0x14, 0x1f, 0x1b, 0x1e, 0x1d, 0x1b, 0x1e, 0x2e, 0x11, 0x16, 0x3e, 0x17, 0x1a, 0x1b, 0x3e, 0x1b, 0x17, 0x1e, 0x1c, 0x28, 0x13, 0x4e, 0x2e, 0x18, 0x12, 0x3e, 0x1b, 0x2d, 0x3e, 0x16, 0x1b, 0x13, 0x15, 0x18, 0x19, 0x15, 0x4e, 0x2e, 0x17, 0x11, 0x13, 0x1e, 0x1c, 0x1a, 0x1d, 0x3e, 0x11, 0x19, 0x17, 0x13, 0x14, 0x1b, 0x1d, 0x5e, 0x3e, 0x16, 0x33, 0x2b, 0x3e, 0x1d, 0x15, 0x13, 0x11, 0x19, 0x1c, 0x16, 0x2e, 0x17, 0x1d, 0x1e, 0x3e, 0x16, 0x15, 0x1d, 0x1b, 0xfe, 0x2e, 0xfe, 0x9e, 0xfe, 0x9e, 0xfe, 0x9e,
// Compressed size: 316 bytes original pixels: 12544 uint16_t → ~25088 bytes uncompressed)

// LAMASSU / Lamassu Auraflow V0.3 000 S3238470235 Th0.100 24 [Folder: LAMASSU] - RLE compressed data (offset: 34377, size: 389)
0xfd, 0x9d, 0x4d, 0x17, 0x15, 0x12, 0x7d, 0x13, 0x9d, 0x3d, 0x18, 0x12, 0x16, 0x1a, 0x13, 0x1d, 0x11, 0x10, 0x6d, 0x18, 0x10, 0x5d, 0x3d, 0x1c, 0x1f, 0x1b, 0x17, 0x13, 0x2d, 0x18, 0x23, 0x1d, 0x18, 0x2d, 0x14, 0x18, 0x10, 0x11, 0x3d, 0x2d, 0x1e, 0x1a, 0x1b, 0x2a, 0x10, 0x2d, 0x1a, 0x16, 0x22, 0x2d, 0x16, 0x14, 0x1e, 0x18, 0x11, 0x3d, 0x2d, 0x14, 0x1b, 0x18, 0x1a, 0x2b, 0x13, 0x1d, 0x10, 0x16, 0x12, 0x19, 0x12, 0x1d, 0x17, 0x12, 0x1c, 0x1f, 0x13, 0x16, 0x2d, 0x1d, 0x18, 0x14, 0x2c, 0x1a, 0x18, 0x1e, 0x16, 0x10, 0x1f, 0x1a, 0x12, 0x11, 0x20, 0x1c, 0x16, 0x2a, 0x14, 0x17, 0x2d, 0x1d, 0x13, 0x19, 0x1e, 0x1a, 0x2e, 0x1a, 0x12, 0x13, 0x14, 0x13, 0x10, 0x1e, 0x1c, 0x22,
0x2a, 0x1e, 0x16, 0x12, 0x2d, 0x1d, 0x1e, 0x1b, 0x1c, 0x1a, 0x1e, 0x1a, 0x1b, 0x16, 0x12, 0x11, 0x15, 0x21, 0x1c, 0x1a, 0x11, 0x17, 0x1b, 0x1e, 0x1b, 0x12, 0x2d, 0x1d, 0x16, 0x18, 0x19, 0x1f, 0x1a, 0x1e, 0x1a, 0x1f, 0x1c, 0x1a, 0x2c, 0x2e, 0x17, 0x16, 0x1c, 0x17, 0x1c, 0x16, 0x18, 0x2d, 0x2d, 0x19, 0x1c, 0x1e, 0x1c, 0x16, 0x17, 0x1c, 0x2b, 0x26, 0x15, 0x1c, 0x1e, 0x13, 0x10, 0x12, 0x1e, 0x15, 0x13, 0x10, 0x1d, 0x2d, 0x1b, 0x1a, 0x1f, 0x1b, 0x1f, 0x18, 0x1c, 0x1b, 0x16, 0x13, 0x19, 0x16, 0x1e, 0x2b, 0x16, 0x15, 0x1a, 0x2b, 0x2d, 0x1d, 0x1c, 0x1d, 0x2b, 0x1d, 0x38, 0x1d, 0x1a, 0x19, 0x14, 0x15, 0x14, 0x1d, 0x1e, 0x18, 0x17, 0x26, 0x19, 0x2d, 0x1d, 0x13, 0x1d, 0x1c,
0x2d, 0x13, 0x11, 0x16, 0x1d, 0x1c, 0x11, 0x26, 0x11, 0x1d, 0x1b, 0x11, 0x1c, 0x27, 0x14, 0x2d, 0x1d, 0x19, 0x1b, 0x3d, 0x19, 0x1b, 0x11, 0x1f, 0x2e, 0x1a, 0x15, 0x12, 0x1c, 0x1d, 0x1c, 0x1b, 0x18, 0x19, 0x12, 0x2d, 0x2d, 0x28, 0x3d, 0x1f, 0x18, 0x2f, 0x1c, 0x1f, 0x1e, 0x14, 0x19, 0x15, 0x13, 0x2d, 0x12, 0x14, 0x2d, 0x3d, 0x19, 0x3d, 0x1a, 0x1b, 0x1e, 0x1f, 0x1c, 0x1f, 0x13, 0x19, 0x18, 0x15, 0x12, 0x3d, 0x13, 0x2d, 0x6d, 0x13, 0x2e, 0x1c, 0x1d, 0x1f, 0x1e, 0x13, 0x28, 0x4d, 0x10, 0x3d, 0x7d, 0x2c, 0x1b, 0x1d, 0x1f, 0x15, 0x14, 0x1e, 0x16, 0x4d, 0x10, 0x3d, 0x7d, 0x19, 0x28, 0x1d, 0x1e, 0x17, 0x1d, 0x18, 0x13, 0x8d, 0x8d, 0x13, 0x2d, 0x19, 0x18, 0x12, 0x1c, 0x11,
0x8d, 0x4d, 0x14, 0x12, 0x11, 0x16, 0x11, 0x10, 0x11, 0x18, 0x19, 0x30, 0x12, 0x16, 0x22, 0x11, 0x3d, 0x4d, 0x14, 0x17, 0x2b, 0x13, 0x1c, 0x16, 0x17, 0x19, 0x28, 0x17, 0x15, 0x24, 0x17, 0x14, 0x3d, 0x2d, 0x11, 0x10, 0x11, 0x13, 0x26, 0x23, 0x17, 0x16, 0x18, 0x14, 0x18, 0x17, 0x1f, 0x17, 0x13, 0x10, 0x1a, 0x20, 0x1d,
// Compressed size: 389 bytes original pixels: 12544 uint16_t → ~25088 bytes uncompressed)

// LAMIA / Lamia Auraflow V0.3 000 S3275277949 Th0.100 24 [Folder: LAMIA] - RLE compressed data (offset: 34766, size: 319)
0xfe, 0x9e, 0x9e, 0x2a, 0x13, 0xce, 0x7e, 0x10, 0x18, 0x10, 0x12, 0x23, 0x16, 0x1c, 0x9e, 0x5e, 0x10, 0x11, 0x15, 0x14, 0x1d, 0x1b, 0x1f, 0x15, 0x17, 0x1c, 0x1d, 0x8e, 0x4e, 0x18, 0x1b, 0x10, 0x12, 0x10, 0x18, 0x1a, 0x12, 0x2d, 0x10, 0x13, 0x8e, 0x4e, 0x12, 0x10, 0x14, 0x18, 0x25, 0x18, 0x12, 0x18, 0x1c, 0x15, 0x2a, 0x7e, 0x3e, 0x11, 0x10, 0x12, 0x11, 0x1d, 0x17, 0x13, 0x14, 0x12, 0x18, 0x1f, 0x15, 0x13, 0x17, 0x1f, 0x6e, 0x4e, 0x14, 0x18, 0x14, 0x11, 0x1d, 0x1f, 0x28, 0x12, 0x1b, 0x13, 0x10, 0x13, 0x1d, 0x1c, 0x17, 0x4e, 0x4e, 0x1b, 0x1d, 0x11, 0x1f, 0x18, 0x1d, 0x10, 0x12, 0x1f, 0x16, 0x13, 0x19, 0x1f, 0x19, 0x1a, 0x1d, 0x4e, 0x4e, 0x11, 0x1b, 0x11, 0x18, 0x1a,
0x18, 0x12, 0x1b, 0x2f, 0x13, 0x17, 0x1f, 0x1c, 0x15, 0x1b, 0x15, 0x3e, 0x5e, 0x10, 0x1d, 0x1b, 0x12, 0x14, 0x12, 0x1b, 0x1d, 0x27, 0x15, 0x19, 0x1b, 0x15, 0x13, 0x17, 0x3e, 0x6e, 0x19, 0x18, 0x11, 0x19, 0x11, 0x2d, 0x1a, 0x13, 0x1a, 0x1d, 0x1a, 0x15, 0x1a, 0x17, 0x3e, 0x8e, 0x14, 0x1b, 0x15, 0x17, 0x14, 0x2b, 0x17, 0x1d, 0x1b, 0x18, 0x13, 0x1a, 0x15, 0x2e, 0x8e, 0x16, 0x14, 0x18, 0x19, 0x1d, 0x15, 0x19, 0x17, 0x2d, 0x15, 0x1a, 0x16, 0x17, 0x2e, 0x8e, 0x15, 0x17, 0x1f, 0x19, 0x1b, 0x15, 0x19, 0x1b, 0x1d, 0x1e, 0x1b, 0x17, 0x1d, 0x1a, 0x2e, 0x7e, 0x11, 0x18, 0x1b, 0x2e, 0x14, 0x11, 0x18, 0x4e, 0x1b, 0x13, 0x1a, 0x2e, 0x6e, 0x11, 0x14, 0x18, 0x1e, 0x22, 0x14, 0x1b,
0x5e, 0x1c, 0x16, 0x13, 0x2e, 0x3e, 0x20, 0x24, 0x18, 0x1d, 0x11, 0x14, 0x15, 0x17, 0x6e, 0x17, 0x16, 0x1a, 0x2e, 0x2e, 0x14, 0x10, 0x1c, 0x15, 0x18, 0x14, 0x1b, 0x11, 0x14, 0x1b, 0x1d, 0x19, 0x15, 0x1a, 0x16, 0x15, 0x10, 0x13, 0x1a, 0x1c, 0x2e, 0x1e, 0x11, 0x12, 0x10, 0x21, 0x12, 0x11, 0x12, 0x27, 0x13, 0x15, 0x13, 0x16, 0x17, 0x2c, 0x1d, 0x2c, 0x3e, 0x1e, 0x1f, 0x1a, 0x10, 0x16, 0x25, 0x16, 0x13, 0x17, 0x16, 0x1c, 0x4a, 0x2c, 0x17, 0x1c, 0x4e, 0x2e, 0x18, 0x1a, 0x15, 0x1c, 0x1a, 0x17, 0x1a, 0x1f, 0x1c, 0x18, 0x1d, 0x19, 0x25, 0x2d, 0x6e, 0xfe, 0x9e, 0xfe, 0x9e,
// Compressed size: 319 bytes original pixels: 12544 uint16_t → ~25088 bytes uncompressed)

// LEANAN SIDHE / Leanan Sidhe Auraflow V0.3 000 S2540244962 Th0.100 24 [Folder: LEANAN_SIDHE] - RLE compressed data (offset: 35085, size: 204)
0xf1, 0x91, 0xf1, 0x91, 0xb1, 0x14, 0x12, 0xb1, 0x91, 0x12, 0x15, 0x1f, 0x15, 0x1b, 0x1c, 0x91, 0x91, 0x15, 0x19, 0x17, 0x15, 0x13, 0x1f, 0x91, 0x81, 0x1c, 0x1b, 0x15, 0x13, 0x16, 0x13, 0x17, 0x91, 0x71, 0x1a, 0x18, 0x27, 0x15, 0x17, 0x1c, 0x1b, 0x91, 0x81, 0x12, 0x1a, 0x1c, 0x15, 0x1c, 0x1f, 0x15, 0x91, 0x81, 0x12, 0x1a, 0x1b, 0x13, 0x18, 0x1d, 0x13, 0x91, 0x81, 0x1c, 0x2e, 0x2f, 0x1a, 0xa1, 0x81, 0x1a, 0x1c, 0x1a, 0x1c, 0x2f, 0xa1, 0x81, 0x18, 0x14, 0x1a, 0x1b, 0x1e, 0x1f, 0x1c, 0x91, 0x81, 0x1b, 0x1a, 0x1d, 0x19, 0x1c, 0x2f, 0x91, 0x81, 0x17, 0x1e, 0x1b, 0x1e, 0x18, 0x1c, 0x1f, 0x91, 0x71, 0x12, 0x1b, 0x3f, 0x15, 0x1e, 0x1b, 0x91, 0x61, 0x12, 0x15, 0x29, 0x1d,
0x1f, 0x18, 0x14, 0x1c, 0x91, 0x71, 0x18, 0x1d, 0x2a, 0x1e, 0x18, 0x1c, 0x1b, 0x91, 0x71, 0x19, 0x2d, 0x16, 0x1d, 0x17, 0x18, 0x1c, 0x91, 0x61, 0x12, 0x17, 0x24, 0x1c, 0x1e, 0x17, 0x14, 0x1b, 0x91, 0x61, 0x17, 0x14, 0x16, 0x1d, 0x17, 0x1b, 0x15, 0x16, 0x18, 0x13, 0x81, 0x41, 0x23, 0x11, 0x17, 0x14, 0x1f, 0x16, 0x1a, 0x1c, 0x14, 0x17, 0x91, 0x61, 0x27, 0x19, 0x1d, 0x1c, 0x1a, 0x1d, 0x16, 0x1b, 0x12, 0x81, 0x31, 0x13, 0x19, 0x24, 0x1c, 0x15, 0x12, 0x17, 0x15, 0x1c, 0x18, 0x16, 0x15, 0x18, 0x15, 0x61, 0x61, 0x13, 0x12, 0x23, 0x25, 0x18, 0x33, 0x81,
// Compressed size: 204 bytes original pixels: 12544 uint16_t → ~25088 bytes uncompressed)

// LEMURE / Lemure Auraflow V0.3 000 S320226756 Th0.100 24 [Folder: LEMURE] - RLE compressed data (offset: 35289, size: 266)
0x80, 0x1e, 0xf0, 0x50, 0x1d, 0xf0, 0x30, 0x40, 0x17, 0xd0, 0x1a, 0x50, 0x30, 0x1d, 0x40, 0x15, 0x1e, 0x80, 0x28, 0x40, 0x70, 0x11, 0x15, 0x18, 0x20, 0x1b, 0x1f, 0x1e, 0x20, 0x18, 0x10, 0x28, 0x30, 0x30, 0x1e, 0x30, 0x19, 0x1c, 0x10, 0x1a, 0x1e, 0x19, 0x2f, 0x1b, 0x30, 0x26, 0x30, 0x20, 0x2e, 0x60, 0x1c, 0x10, 0x1a, 0x18, 0x1a, 0x1e, 0x40, 0x26, 0x20, 0x30, 0x1d, 0x50, 0x19, 0x20, 0x1d, 0x1f, 0x1d, 0x1e, 0x1f, 0x16, 0x10, 0x1f, 0x26, 0x20, 0x30, 0x13, 0x50, 0x19, 0x50, 0x1e, 0x1f, 0x10, 0x17, 0x10, 0x16, 0x21, 0x10, 0x90, 0x2d, 0x40, 0x1e, 0x1f, 0x20, 0x1d, 0x21, 0x20, 0x60, 0x12, 0x1b, 0x20, 0x15, 0x40, 0x1e, 0x16, 0x20, 0x18, 0x21, 0x1f, 0x10, 0x70, 0x15, 0x1b,
0x10, 0x19, 0x40, 0x1e, 0x1f, 0x30, 0x16, 0x1e, 0x20, 0x60, 0x12, 0x1e, 0x20, 0x1e, 0x30, 0x1b, 0x10, 0x2f, 0x30, 0x1e, 0x20, 0x40, 0x1c, 0x15, 0x1a, 0x20, 0x1b, 0x1d, 0x20, 0x1b, 0x1a, 0x10, 0x1b, 0x18, 0x16, 0x10, 0x2f, 0x20, 0x40, 0x1b, 0x40, 0x1b, 0x1d, 0x20, 0x19, 0x30, 0x1d, 0x60, 0x90, 0x1b, 0x30, 0x1c, 0x10, 0x1e, 0x10, 0x1d, 0x60, 0x90, 0x19, 0x20, 0x17, 0x50, 0x19, 0x50, 0x40, 0x13, 0x30, 0x15, 0x24, 0x10, 0x1b, 0x17, 0x30, 0x13, 0x10, 0x19, 0x1a, 0x30, 0x30, 0x1d, 0x40, 0x25, 0x14, 0x20, 0x1b, 0x20, 0x19, 0x17, 0x10, 0x19, 0x1c, 0x30, 0x70, 0x35, 0x24, 0x10, 0x19, 0x20, 0x15, 0x1a, 0x15, 0x14, 0x1e, 0x30, 0x30, 0x1a, 0x14, 0x10, 0x15, 0x24, 0x15, 0x24,
0x10, 0x19, 0x20, 0x14, 0x1b, 0x1a, 0x14, 0x1e, 0x30, 0x60, 0x15, 0x10, 0x54, 0x15, 0x14, 0x30, 0x12, 0x1d, 0x1e, 0x30, 0x80, 0x19, 0x34, 0x22, 0x1b, 0x17, 0x1a, 0x17, 0x13, 0x1d, 0x40, 0x90, 0x1d, 0x1e, 0x15, 0x14, 0x19, 0x1b, 0x2e, 0x1a, 0x17, 0x50,
// Compressed size: 266 bytes original pixels: 12544 uint16_t → ~25088 bytes uncompressed)

// LEPRECHAUN / Leprechaun Auraflow V0.3 000 S365087199 Th0.100 24 [Folder: LEPRECHAUN] - RLE compressed data (offset: 35555, size: 217)
0xff, 0x9f, 0xbf, 0x20, 0x11, 0xaf, 0xaf, 0x30, 0x14, 0xaf, 0x9f, 0x11, 0x1e, 0x13, 0x15, 0x19, 0xaf, 0x8f, 0x15, 0x11, 0x1d, 0x10, 0x11, 0x13, 0x10, 0x9f, 0x8f, 0x16, 0x10, 0x13, 0x1a, 0x12, 0x11, 0x12, 0x9f, 0x8f, 0x17, 0x1a, 0x16, 0x15, 0x14, 0x11, 0x25, 0x8f, 0x7f, 0x13, 0x16, 0x23, 0x1a, 0x11, 0x1c, 0x18, 0x1c, 0x8f, 0x7f, 0x16, 0x1a, 0x16, 0x2d, 0x11, 0x15, 0x14, 0x15, 0x19, 0x7f, 0x6f, 0x10, 0x13, 0x1d, 0x16, 0x1e, 0x15, 0x12, 0x14, 0x2e, 0x1a, 0x7f, 0x5f, 0x12, 0x16, 0x1a, 0x1d, 0x13, 0x17, 0x18, 0x11, 0x12, 0x1e, 0x1a, 0x1d, 0x18, 0x15, 0x5f, 0x5f, 0x11, 0x19, 0x2d, 0x1a, 0x2e, 0x1b, 0x12, 0x1b, 0x15, 0x1b, 0x11, 0x18, 0x14, 0x4f, 0x4f, 0x10, 0x14, 0x18,
0x1b, 0x1d, 0x16, 0x1e, 0x1c, 0x14, 0x11, 0x1d, 0x19, 0x1b, 0x18, 0x6f, 0x4f, 0x14, 0x15, 0x1f, 0x12, 0x1d, 0x1a, 0x1d, 0x28, 0x11, 0x1b, 0x1e, 0x14, 0x7f, 0x7f, 0x33, 0x1e, 0x1c, 0x38, 0x1d, 0x8f, 0x7f, 0x23, 0x11, 0x1d, 0x18, 0x25, 0x1b, 0x1d, 0x12, 0x19, 0x6f, 0x7f, 0x24, 0x17, 0x1e, 0x25, 0x12, 0x18, 0x1b, 0x1e, 0x12, 0x14, 0x5f, 0x7f, 0x1c, 0x1d, 0x1e, 0x1d, 0x14, 0x18, 0x25, 0x1c, 0x1b, 0x19, 0x6f, 0x7f, 0x12, 0x18, 0x1b, 0x2c, 0x2e, 0x1d, 0x9f, 0x7f, 0x1e, 0x19, 0x18, 0x2f, 0x1e, 0x1b, 0xaf, 0x8f, 0x14, 0x1e, 0x1f, 0x14, 0x1c, 0x1e, 0xaf, 0x7f, 0x10, 0x29, 0x2f, 0x1c, 0x18, 0x15, 0x14, 0x8f, 0xff, 0x9f, 0xff, 0x9f,
// Compressed size: 217 bytes original pixels: 12544 uint16_t → ~25088 bytes uncompressed)

// LESHY / Leshy Auraflow V0.3 000 S987556968 Th0.100 24 [Folder: LESHY] - RLE compressed data (offset: 35772, size: 308)
0xfe, 0x9e, 0x5e, 0x11, 0x3e, 0x10, 0x2e, 0x10, 0xbe, 0x5e, 0x10, 0x1e, 0x12, 0x14, 0x10, 0x1e, 0x10, 0x2e, 0x19, 0x10, 0x24, 0x6e, 0x3e, 0x10, 0x21, 0x19, 0x15, 0x12, 0x19, 0x14, 0x12, 0x1b, 0x1f, 0x10, 0x1a, 0x11, 0x1e, 0x10, 0x5e, 0x3e, 0x10, 0x17, 0x14, 0x1f, 0x16, 0x18, 0x15, 0x1f, 0x16, 0x18, 0x16, 0x15, 0x16, 0x13, 0x14, 0x6e, 0x2e, 0x10, 0x18, 0x13, 0x14, 0x1d, 0x17, 0x19, 0x17, 0x1c, 0x1d, 0x1c, 0x1d, 0x12, 0x11, 0x14, 0x16, 0x11, 0x5e, 0x2e, 0x19, 0x15, 0x19, 0x1b, 0x2d, 0x19, 0x1b, 0x16, 0x1d, 0x19, 0x16, 0x19, 0x12, 0x14, 0x12, 0x1b, 0x16, 0x10, 0x3e, 0x2e, 0x1b, 0x1c, 0x16, 0x1e, 0x12, 0x3e, 0x17, 0x2a, 0x1d, 0x1b, 0x1a, 0x1b, 0x1a, 0x1c, 0x1b, 0x4e,
0x3e, 0x1f, 0x1e, 0x11, 0x14, 0x4e, 0x15, 0x1a, 0x1d, 0x17, 0x18, 0x16, 0x1c, 0x10, 0x19, 0x10, 0x3e, 0xbe, 0x16, 0x1d, 0x18, 0x1b, 0x15, 0x2b, 0x16, 0x13, 0x17, 0x3e, 0xbe, 0x19, 0x1c, 0x1e, 0x12, 0x1a, 0x27, 0x26, 0x1f, 0x17, 0x2e, 0xbe, 0x17, 0x16, 0x1e, 0x11, 0x1e, 0x1c, 0x18, 0x13, 0x1b, 0x14, 0x3e, 0xae, 0x1b, 0x1c, 0x19, 0x12, 0x15, 0x16, 0x19, 0x1d, 0x10, 0x13, 0x16, 0x15, 0x2e, 0x9e, 0x11, 0x13, 0x11, 0x10, 0x13, 0x17, 0x19, 0x15, 0x16, 0x29, 0x1b, 0x3e, 0x8e, 0x16, 0x11, 0x14, 0x17, 0x16, 0x1c, 0x19, 0x13, 0x19, 0x17, 0x1b, 0x13, 0x12, 0x3e, 0x7e, 0x12, 0x13, 0x1b, 0x11, 0x1c, 0x18, 0x2a, 0x16, 0x1d, 0x1b, 0x17, 0x1d, 0x14, 0x3e, 0x8e, 0x16, 0x1c, 0x11,
0x27, 0x16, 0x1e, 0x1d, 0x18, 0x1e, 0x18, 0x19, 0x1b, 0x3e, 0x7e, 0x10, 0x1e, 0x13, 0x1e, 0x12, 0x1e, 0x10, 0x15, 0x1e, 0x1d, 0x1b, 0x19, 0x1f, 0x24, 0x2e, 0x8e, 0x19, 0x1d, 0x2e, 0x18, 0x5e, 0x19, 0x1d, 0x18, 0x1e, 0x1c, 0x1e, 0x6e, 0x14, 0x18, 0x17, 0x1b, 0x2e, 0x17, 0x19, 0x2e, 0x14, 0x19, 0x18, 0x1e, 0x1c, 0x12, 0x2e, 0x2e, 0x16, 0x11, 0x15, 0x14, 0x21, 0x18, 0x3e, 0x17, 0x3e, 0x12, 0x15, 0x19, 0x1e, 0x15, 0x18, 0x2e, 0xfe, 0x1b, 0x1e, 0x19, 0x2e, 0x13, 0x1b, 0x12, 0x1e, 0xfe, 0x9e, 0xfe, 0x9e,
// Compressed size: 308 bytes original pixels: 12544 uint16_t → ~25088 bytes uncompressed)

// LEVIATHAN / Leviathan Auraflow V0.3 000 S2146722686 Th0.100 24 [Folder: LEVIATHAN] - RLE compressed data (offset: 36080, size: 186)
0xfe, 0x9e, 0xfe, 0x9e, 0xfe, 0x9e, 0xfe, 0x9e, 0xae, 0x10, 0x25, 0x10, 0xae, 0x9e, 0x10, 0x15, 0x13, 0x17, 0x13, 0x15, 0x13, 0x8e, 0x7e, 0x15, 0x18, 0x17, 0x1b, 0x10, 0x1a, 0x1b, 0x15, 0x18, 0x30, 0x11, 0x4e, 0x7e, 0x28, 0x16, 0x18, 0x1d, 0x14, 0x19, 0x2d, 0x1b, 0x1d, 0x1b, 0x15, 0x11, 0x3e, 0x6e, 0x15, 0x13, 0x1d, 0x17, 0x2d, 0x29, 0x1d, 0x1c, 0x17, 0x1b, 0x25, 0x18, 0x3e, 0x5e, 0x10, 0x18, 0x1c, 0x2d, 0x1c, 0x13, 0x15, 0x18, 0x1c, 0x17, 0x18, 0x1a, 0x19, 0x14, 0x19, 0x3e, 0x5e, 0x13, 0x16, 0x17, 0x1b, 0x18, 0x3d, 0x1b, 0x1f, 0x29, 0x1f, 0x19, 0x5e, 0x4e, 0x17, 0x18, 0x17, 0x1c, 0x1b, 0x18, 0x2d, 0x16, 0x1d, 0x1f, 0x10, 0x12, 0x19, 0x6e, 0x4e, 0x13, 0x16, 0x1c,
0x18, 0x2c, 0x1b, 0x17, 0x1a, 0x1b, 0x1f, 0x20, 0x14, 0x6e, 0x4e, 0x16, 0x27, 0x1b, 0x2c, 0x18, 0x1b, 0x1c, 0x1a, 0x2b, 0x12, 0x14, 0x12, 0x5e, 0x4e, 0x13, 0x28, 0x3c, 0x2d, 0x15, 0x3b, 0x1c, 0x19, 0x14, 0x11, 0x4e, 0x5e, 0x16, 0x17, 0x16, 0x17, 0x18, 0x12, 0x17, 0x3e, 0x12, 0x2a, 0x14, 0x12, 0x4e, 0x6e, 0x13, 0x37, 0x13, 0x11, 0xce, 0x7e, 0x23, 0x15, 0x23, 0xce, 0x9e, 0x30, 0xce, 0xfe, 0x9e, 0xfe, 0x9e, 0xfe, 0x9e, 0xfe, 0x9e, 0xfe, 0x9e,
// Compressed size: 186 bytes original pixels: 12544 uint16_t → ~25088 bytes uncompressed)

// LICH / Lich Auraflow V0.3 000 S1555588404 Th0.100 24 [Folder: LICH] - RLE compressed data (offset: 36266, size: 286)
0xfe, 0x9e, 0x8e, 0x13, 0x18, 0x19, 0x15, 0x17, 0xbe, 0x8e, 0x18, 0x13, 0x18, 0x13, 0xce, 0x8e, 0x17, 0x11, 0x10, 0x18, 0xce, 0x8e, 0x17, 0x10, 0x15, 0x1b, 0x5e, 0x12, 0x6e, 0x7e, 0x19, 0x2d, 0x18, 0x1c, 0x16, 0x6e, 0x13, 0x1e, 0x12, 0x2e, 0x7e, 0x1c, 0x15, 0x17, 0x2c, 0x1b, 0x15, 0x4e, 0x14, 0x13, 0x4e, 0x6e, 0x1d, 0x1a, 0x18, 0x1b, 0x17, 0x22, 0x1f, 0x12, 0x4e, 0x15, 0x4e, 0x6e, 0x17, 0x15, 0x17, 0x11, 0x1b, 0x1a, 0x1d, 0x15, 0x17, 0x9e, 0x6e, 0x19, 0x1b, 0x1c, 0x1a, 0x10, 0x11, 0x2d, 0x14, 0x1f, 0x3e, 0x18, 0x4e, 0x6e, 0x1f, 0x1c, 0x1d, 0x13, 0x1b, 0x1d, 0x10, 0x1d, 0x24, 0x16, 0x13, 0x10, 0x19, 0x4e, 0x5e, 0x1f, 0x13, 0x1d, 0x13, 0x1b, 0x19, 0x1d, 0x1a, 0x1d,
0x2c, 0x14, 0x1e, 0x1b, 0x12, 0x4e, 0x5e, 0x17, 0x19, 0x1b, 0x2d, 0x19, 0x1d, 0x1c, 0x1d, 0x18, 0x15, 0x16, 0x7e, 0x5e, 0x18, 0x1a, 0x17, 0x1d, 0x1c, 0x2d, 0x1c, 0x1a, 0x1d, 0x13, 0x1c, 0x7e, 0x4e, 0x17, 0x1b, 0x23, 0x1d, 0x13, 0x1b, 0x17, 0x12, 0x1c, 0x1f, 0x13, 0x1c, 0x7e, 0x5e, 0x13, 0x1c, 0x1d, 0x1c, 0x10, 0x19, 0x13, 0x17, 0x10, 0x16, 0x1b, 0x8e, 0x5e, 0x17, 0x1c, 0x1b, 0x1d, 0x10, 0x2d, 0x1b, 0x19, 0x13, 0x1f, 0x12, 0x7e, 0x5e, 0x13, 0x17, 0x2b, 0x18, 0x2c, 0x18, 0x1b, 0x13, 0x16, 0x15, 0x7e, 0x5e, 0x19, 0x28, 0x1a, 0x29, 0x1b, 0x19, 0x1a, 0x12, 0x4e, 0x13, 0x4e, 0x5e, 0x18, 0x27, 0x1a, 0x1f, 0x1b, 0x1f, 0x25, 0x17, 0x4e, 0x1b, 0x4e, 0x4e, 0x17, 0x16, 0x38,
0x10, 0x27, 0x15, 0x12, 0x15, 0x4e, 0x18, 0x4e, 0x4e, 0x1f, 0x27, 0x16, 0x20, 0x35, 0x14, 0x13, 0x16, 0x12, 0x2e, 0x1d, 0x1e, 0x18, 0x2e, 0x1e, 0x27, 0x16, 0x1b, 0x1c, 0x24, 0x13, 0x15, 0x12, 0x14, 0x15, 0x2e, 0x12, 0x14, 0x1a, 0x14, 0x15, 0x18, 0x12, 0x17, 0x1e, 0x3e, 0x17, 0x2d, 0x19, 0x25, 0x16, 0x1b, 0x15, 0x1e, 0x1d, 0x16, 0x2e, 0x1a, 0x18, 0x1f, 0x1e, 0x1d, 0x2e,
// Compressed size: 286 bytes original pixels: 12544 uint16_t → ~25088 bytes uncompressed)

// LILITU / Lilitu Auraflow V0.3 000 S508797189 Th0.100 24 [Folder: LILITU] - RLE compressed data (offset: 36552, size: 264)
0x81, 0x16, 0xf1, 0x71, 0x1c, 0x17, 0x1d, 0x1c, 0x23, 0x22, 0x15, 0x13, 0x71, 0x71, 0x19, 0x11, 0x14, 0x2c, 0x1d, 0x1f, 0x1d, 0x1e, 0x18, 0x12, 0x61, 0x71, 0x18, 0x11, 0x2f, 0x1e, 0x1d, 0x1f, 0x2d, 0x17, 0x19, 0x61, 0x71, 0x17, 0x11, 0x1b, 0x1f, 0x2d, 0x18, 0x1f, 0x17, 0x18, 0x1d, 0x61, 0x41, 0x18, 0x11, 0x1f, 0x18, 0x1f, 0x1a, 0x1f, 0x1d, 0x18, 0x19, 0x1f, 0x12, 0x1f, 0x71, 0x41, 0x1c, 0x27, 0x1c, 0x2f, 0x14, 0x1f, 0x18, 0x2e, 0x1a, 0x13, 0x71, 0x41, 0x19, 0x17, 0x16, 0x19, 0x1b, 0x15, 0x11, 0x1c, 0x1f, 0x1e, 0x2f, 0x22, 0x61, 0x51, 0x17, 0x16, 0x1d, 0x14, 0x11, 0x1b, 0x1d, 0x2f, 0x14, 0x1f, 0x81, 0x61, 0x19, 0x15, 0x19, 0x2c, 0x1b, 0x1d, 0x15, 0x11, 0x1d, 0x81,
0x41, 0x17, 0x1c, 0x16, 0x14, 0x15, 0x19, 0x1e, 0x1d, 0x1b, 0x13, 0x12, 0x1c, 0x13, 0x71, 0x31, 0x28, 0x1c, 0x21, 0x17, 0x1c, 0x1e, 0x2d, 0x13, 0x11, 0x1a, 0x81, 0x31, 0x19, 0x11, 0x18, 0x21, 0x18, 0x1d, 0x2b, 0x1c, 0x14, 0x11, 0x17, 0x13, 0x71, 0x51, 0x19, 0x11, 0x17, 0x1b, 0x2d, 0x1e, 0x18, 0x17, 0x21, 0x15, 0x71, 0x21, 0x16, 0x31, 0x1b, 0x18, 0x1a, 0x1b, 0x1e, 0x1d, 0x1a, 0x12, 0x21, 0x18, 0x71, 0x71, 0x1d, 0x18, 0x1d, 0x1b, 0x29, 0x1a, 0x13, 0x11, 0x1b, 0x71, 0x61, 0x1a, 0x14, 0x1b, 0x1c, 0x18, 0x1a, 0x27, 0x21, 0x14, 0x71, 0x51, 0x15, 0x27, 0x18, 0x13, 0x17, 0x1a, 0x16, 0x18, 0x21, 0x22, 0x61, 0x61, 0x1a, 0x16, 0x1d, 0x19, 0x15, 0x17, 0x15, 0x18, 0xa1, 0x61,
0x17, 0x15, 0x11, 0x38, 0x26, 0xa1, 0x51, 0x15, 0x13, 0x19, 0x13, 0x17, 0x15, 0x16, 0x14, 0x18, 0xa1, 0x31, 0x16, 0x18, 0x16, 0x13, 0x11, 0x13, 0x14, 0x17, 0x14, 0x19, 0x16, 0xa1, 0x41, 0x24, 0x13, 0x34, 0x23, 0x12, 0x15, 0xa1, 0xf1, 0x91,
// Compressed size: 264 bytes original pixels: 12544 uint16_t → ~25088 bytes uncompressed)

// LINDWORM / Lindworm Auraflow V0.3 000 S4170937558 Th0.100 24 [Folder: LINDWORM] - RLE compressed data (offset: 36816, size: 253)
0xfe, 0x9e, 0xfe, 0x9e, 0xfe, 0x9e, 0x8e, 0x10, 0x2e, 0x18, 0x1e, 0x10, 0xae, 0x7e, 0x1b, 0x1f, 0x15, 0x13, 0x2d, 0xbe, 0x6e, 0x1d, 0x11, 0x12, 0x1c, 0x11, 0x12, 0x1f, 0x1d, 0x10, 0x9e, 0x4e, 0x13, 0x1b, 0x1a, 0x1f, 0x1c, 0x12, 0x1c, 0x1d, 0x11, 0x15, 0x12, 0x10, 0x8e, 0x4e, 0x2c, 0x1d, 0x1b, 0x1e, 0x15, 0x1b, 0x1c, 0x21, 0x19, 0x1d, 0x10, 0x7e, 0x6e, 0x1f, 0x1e, 0x11, 0x13, 0x1b, 0x1f, 0x2d, 0x1f, 0x1c, 0x1d, 0x11, 0x10, 0x5e, 0x6e, 0x18, 0x1e, 0x1c, 0x12, 0x15, 0x17, 0x1d, 0x1f, 0x4c, 0x11, 0x5e, 0x6e, 0x1d, 0x1e, 0x13, 0x1e, 0x14, 0x15, 0x17, 0x1b, 0x1d, 0x15, 0x17, 0x1d, 0x1c, 0x5e, 0x8e, 0x1a, 0x1e, 0x14, 0x15, 0x18, 0x17, 0x16, 0x12, 0x14, 0x18, 0x19, 0x10,
0x4e, 0x7e, 0x17, 0x1b, 0x1e, 0x10, 0x13, 0x15, 0x1d, 0x1a, 0x11, 0x12, 0x13, 0x1a, 0x13, 0x4e, 0x7e, 0x19, 0x1a, 0x1e, 0x1b, 0x13, 0x1a, 0x15, 0x10, 0x1e, 0x13, 0x14, 0x18, 0x1c, 0x4e, 0x7e, 0x15, 0x2e, 0x1d, 0x1c, 0x17, 0x1b, 0x3e, 0x12, 0x14, 0x1c, 0x4e, 0x7e, 0x18, 0x1e, 0x12, 0x1b, 0x12, 0x19, 0x1b, 0x13, 0x17, 0x11, 0x12, 0x15, 0x1a, 0x4e, 0x7e, 0x1a, 0x2e, 0x28, 0x1e, 0x23, 0x18, 0x19, 0x13, 0x26, 0x4e, 0x7e, 0x1d, 0x2e, 0x18, 0x2e, 0x1d, 0x4e, 0x14, 0x11, 0x4e, 0x8e, 0x1d, 0x1a, 0x11, 0x12, 0x18, 0x1d, 0x1a, 0x2e, 0x17, 0x19, 0x5e, 0x3e, 0x11, 0x4e, 0x21, 0x10, 0x18, 0x12, 0x15, 0x2a, 0x16, 0x19, 0x13, 0x5e, 0x2e, 0x1a, 0x1e, 0x10, 0x17, 0x23, 0x19, 0x1d,
0x18, 0x14, 0x18, 0x1a, 0x18, 0x10, 0x17, 0x16, 0x6e, 0x2e, 0x28, 0x15, 0x18, 0x17, 0x1b, 0x1a, 0x1c, 0x18, 0x1a, 0x1d, 0x18, 0x19, 0x9e, 0xae, 0x11, 0x1c, 0xce, 0xfe, 0x9e,
// Compressed size: 253 bytes original pixels: 12544 uint16_t → ~25088 bytes uncompressed)

// LIZARDFOLK / Lizardfolk Auraflow V0.3 000 S3204265859 Th0.100 24 [Folder: LIZARDFOLK] - RLE compressed data (offset: 37069, size: 242)
0xff, 0x9f, 0xbf, 0x10, 0x11, 0x12, 0xaf, 0xaf, 0x10, 0x1a, 0x1d, 0x1e, 0x11, 0x9f, 0x9f, 0x15, 0x12, 0x19, 0x14, 0x1b, 0x1e, 0x12, 0x8f, 0x7f, 0x20, 0x17, 0x14, 0x1e, 0x14, 0x1d, 0x1f, 0x1c, 0x8f, 0x7f, 0x11, 0x18, 0x19, 0x1d, 0x11, 0x1a, 0x1e, 0x10, 0x12, 0x8f, 0x6f, 0x16, 0x1d, 0x2e, 0x1d, 0x15, 0x13, 0x1c, 0x10, 0x9f, 0x5f, 0x14, 0x1c, 0x17, 0x1c, 0x1e, 0x15, 0x14, 0x19, 0x1e, 0x1b, 0x9f, 0x5f, 0x14, 0x16, 0x1f, 0x14, 0x1b, 0x19, 0x1c, 0x11, 0x1f, 0x1c, 0x9f, 0x5f, 0x18, 0x13, 0x1f, 0x12, 0x1d, 0x1c, 0x19, 0x15, 0x1f, 0x14, 0x16, 0x8f, 0x5f, 0x16, 0x2f, 0x11, 0x1b, 0x29, 0x1a, 0x2f, 0x1a, 0x2f, 0x14, 0x5f, 0x5f, 0x26, 0x1f, 0x13, 0x1e, 0x1b, 0x19, 0x16, 0x2f,
0x15, 0x1f, 0x13, 0x17, 0x1a, 0x16, 0x3f, 0x4f, 0x12, 0x2d, 0x1e, 0x12, 0x1b, 0x1c, 0x1e, 0x1c, 0x11, 0x1f, 0x15, 0x16, 0x2f, 0x1c, 0x1e, 0x3f, 0x4f, 0x12, 0x1e, 0x17, 0x1f, 0x14, 0x17, 0x1e, 0x1c, 0x1d, 0x17, 0x2f, 0x16, 0x2f, 0x12, 0x1e, 0x11, 0x2f, 0x5f, 0x14, 0x12, 0x1f, 0x17, 0x13, 0x14, 0x11, 0x27, 0x4f, 0x14, 0x1c, 0x1e, 0x3f, 0x8f, 0x12, 0x18, 0x2f, 0x1c, 0x17, 0x16, 0x1f, 0x13, 0x15, 0x1c, 0x1b, 0x18, 0x3f, 0x8f, 0x1b, 0x19, 0x2f, 0x12, 0x1c, 0x1a, 0x1f, 0x16, 0x1a, 0x6f, 0x8f, 0x16, 0x19, 0x2f, 0x17, 0x19, 0x16, 0x1f, 0x18, 0x12, 0x6f, 0x8f, 0x19, 0x1d, 0x2f, 0x1b, 0x18, 0x11, 0x1f, 0x16, 0x18, 0x6f, 0x8f, 0x16, 0x18, 0x2f, 0x16, 0x4f, 0x26, 0x14, 0x11,
0x14, 0x2f, 0x8f, 0x26, 0x2f, 0x27, 0xaf, 0x9f, 0x12, 0x2f, 0x13, 0x14, 0x12, 0x9f, 0xff, 0x9f, 0xff, 0x9f,
// Compressed size: 242 bytes original pixels: 12544 uint16_t → ~25088 bytes uncompressed)

// LOUP GAROU / Loup Garou Auraflow V0.3 000 S3693163521 Th0.100 24 [Folder: LOUP_GAROU] - RLE compressed data (offset: 37311, size: 275)
0xfe, 0x9e, 0x9e, 0x60, 0x9e, 0x8e, 0x18, 0x20, 0x14, 0x10, 0x11, 0x20, 0x11, 0x7e, 0x7e, 0x10, 0x16, 0x10, 0x16, 0x1b, 0x13, 0x17, 0x15, 0x13, 0x11, 0x12, 0x6e, 0x7e, 0x10, 0x1d, 0x12, 0x16, 0x11, 0x15, 0x1a, 0x24, 0x18, 0x10, 0x6e, 0x7e, 0x10, 0x12, 0x13, 0x1c, 0x18, 0x1c, 0x1d, 0x18, 0x34, 0x6e, 0x7e, 0x10, 0x11, 0x14, 0x1d, 0x16, 0x1c, 0x19, 0x1a, 0x19, 0x12, 0x18, 0x16, 0x5e, 0x7e, 0x10, 0x13, 0x2c, 0x1b, 0x15, 0x1a, 0x1b, 0x19, 0x17, 0x28, 0x13, 0x4e, 0x6e, 0x11, 0x18, 0x1b, 0x1f, 0x15, 0x1a, 0x39, 0x2b, 0x19, 0x16, 0x11, 0x4e, 0x3e, 0x14, 0x12, 0x13, 0x1d, 0x19, 0x1d, 0x1c, 0x1a, 0x18, 0x1c, 0x27, 0x15, 0x17, 0x1b, 0x15, 0x14, 0x12, 0x3e, 0x2e, 0x23, 0x12,
0x1d, 0x11, 0x29, 0x15, 0x2e, 0x16, 0x3b, 0x19, 0x13, 0x17, 0x19, 0x12, 0x14, 0x2e, 0x1e, 0x16, 0x1a, 0x5e, 0x12, 0x2e, 0x14, 0x13, 0x2c, 0x39, 0x1b, 0x15, 0x19, 0x1f, 0x2e, 0x1e, 0x17, 0x12, 0x7e, 0x15, 0x1c, 0x17, 0x19, 0x1a, 0x19, 0x1c, 0x1b, 0x14, 0x17, 0x1b, 0x12, 0x2e, 0x1e, 0x15, 0x18, 0x6e, 0x1d, 0x17, 0x13, 0x1d, 0x17, 0x1b, 0x29, 0x15, 0x14, 0x1a, 0x1c, 0x16, 0x2e, 0x1e, 0x15, 0x13, 0x6e, 0x16, 0x19, 0x2c, 0x1b, 0x19, 0x3c, 0x2e, 0x12, 0x14, 0x2e, 0x6e, 0x18, 0x1d, 0x2c, 0x17, 0x1b, 0x14, 0x1a, 0x29, 0x17, 0x15, 0x3e, 0x13, 0x2e, 0x7e, 0x13, 0x19, 0x17, 0x4e, 0x12, 0x1c, 0x19, 0x18, 0x3e, 0x12, 0x2e, 0x7e, 0x18, 0x1b, 0x7e, 0x19, 0x1c, 0x19, 0x2e, 0x14,
0x2e, 0x7e, 0x1c, 0x9e, 0x14, 0x11, 0x2e, 0x18, 0x11, 0x1e, 0x6e, 0x15, 0xae, 0x1c, 0x3e, 0x14, 0x15, 0x1e, 0x3e, 0x19, 0x1c, 0x1a, 0x11, 0x9e, 0x16, 0x12, 0x14, 0x1e, 0x18, 0x17, 0x2e, 0x3e, 0x27, 0x49, 0x1c, 0x14, 0x1a, 0x16, 0x12, 0x29, 0x1b, 0x17, 0x2e, 0x11, 0x3e, 0xfe, 0x1e, 0x14, 0x7e, 0xfe, 0x9e,
// Compressed size: 275 bytes original pixels: 12544 uint16_t → ~25088 bytes uncompressed)

// LUTIN / Lutin Auraflow V0.3 000 S2235100663 Th0.100 24 [Folder: LUTIN] - RLE compressed data (offset: 37586, size: 250)
0xfe, 0x9e, 0x6e, 0x13, 0x20, 0xfe, 0x6e, 0x20, 0x3e, 0x25, 0x13, 0xae, 0x5e, 0x30, 0x2e, 0x35, 0x18, 0x1d, 0x9e, 0x3e, 0x10, 0x2e, 0x11, 0x20, 0x1a, 0x35, 0x18, 0x15, 0x9e, 0x3e, 0x19, 0x3e, 0x11, 0x13, 0x25, 0x48, 0x14, 0x2e, 0x14, 0x5e, 0x3e, 0x10, 0x14, 0x10, 0x1e, 0x13, 0x18, 0x25, 0x18, 0x19, 0x18, 0x29, 0x1e, 0x17, 0x1a, 0x5e, 0x4e, 0x12, 0x1a, 0x14, 0x19, 0x25, 0x2d, 0x4a, 0x23, 0x14, 0x5e, 0x4e, 0x11, 0x14, 0x1f, 0x18, 0x19, 0x1d, 0x1a, 0x19, 0x16, 0x1d, 0x19, 0x1d, 0x14, 0x1c, 0x11, 0x5e, 0x4e, 0x14, 0x11, 0x29, 0x2c, 0x1d, 0x10, 0x24, 0x17, 0x1b, 0x1c, 0x19, 0x16, 0x5e, 0x6e, 0x19, 0x14, 0x16, 0x1a, 0x10, 0x12, 0x1a, 0x19, 0x13, 0x14, 0x1c, 0x14, 0x6e,
0x6e, 0x1a, 0x29, 0x18, 0x29, 0x16, 0x1c, 0x2d, 0x8e, 0x7e, 0x13, 0x2b, 0x19, 0x14, 0x2d, 0x2b, 0x8e, 0x7e, 0x12, 0x13, 0x17, 0x19, 0x14, 0x1d, 0x17, 0x1b, 0x1c, 0x16, 0x13, 0x6e, 0x6e, 0x10, 0x14, 0x47, 0x1d, 0x16, 0x17, 0x13, 0x1e, 0x13, 0x14, 0x5e, 0x4e, 0x13, 0x11, 0x13, 0x1e, 0x27, 0x12, 0x16, 0x1a, 0x14, 0x2b, 0x2e, 0x13, 0x1a, 0x4e, 0x4e, 0x13, 0x12, 0x3e, 0x16, 0x47, 0x1c, 0x1d, 0x2e, 0x27, 0x4e, 0x2e, 0x13, 0x14, 0x1e, 0x1d, 0x2e, 0x11, 0x1d, 0x1c, 0x3b, 0x1d, 0x1b, 0x3e, 0x16, 0x4e, 0x1e, 0x19, 0x17, 0x4e, 0x13, 0x16, 0x17, 0x1e, 0x1b, 0x2c, 0x1b, 0x1e, 0x12, 0x2e, 0x17, 0x4e, 0x8e, 0x19, 0x3e, 0x1b, 0x1e, 0x1b, 0x3e, 0x14, 0x5e, 0x8e, 0x17, 0x4e, 0x12,
0x17, 0x16, 0x2e, 0x12, 0x5e, 0x5e, 0x14, 0x13, 0x14, 0x1a, 0x16, 0x14, 0x17, 0x19, 0x17, 0x3d, 0x1f, 0x6e, 0x8e, 0x19, 0x14, 0x3e, 0x13, 0xae, 0xfe, 0x9e,
// Compressed size: 250 bytes original pixels: 12544 uint16_t → ~25088 bytes uncompressed)

// LY ERG / Ly Erg Auraflow V0.3 000 S658039264 Th0.100 24 [Folder: LY_ERG] - RLE compressed data (offset: 37836, size: 207)
0xfe, 0x9e, 0x9e, 0x1a, 0xee, 0x7e, 0x12, 0x1e, 0x14, 0x2e, 0x11, 0xbe, 0x7e, 0x17, 0x14, 0x3e, 0x16, 0x10, 0x1e, 0x11, 0x8e, 0x5e, 0x13, 0x1f, 0x18, 0x1e, 0x20, 0x18, 0x13, 0x16, 0x14, 0x13, 0x8e, 0x7e, 0x12, 0x10, 0x18, 0x15, 0x16, 0x18, 0x14, 0x15, 0x13, 0x14, 0x7e, 0x8e, 0x10, 0x28, 0x1f, 0x1d, 0x1c, 0x19, 0x1b, 0x11, 0x7e, 0x8e, 0x11, 0x1a, 0x1d, 0x18, 0x1d, 0x1a, 0x1b, 0x17, 0x16, 0x7e, 0x9e, 0x1c, 0x1a, 0x1d, 0x1c, 0x1d, 0x1a, 0x1c, 0x17, 0x10, 0x6e, 0x8e, 0x13, 0x1a, 0x1d, 0x1a, 0x2c, 0x1d, 0x1b, 0x17, 0x10, 0x6e, 0x8e, 0x13, 0x1b, 0x10, 0x1b, 0x1c, 0x1d, 0x1c, 0x1b, 0x14, 0x16, 0x6e, 0x4e, 0x13, 0x16, 0x2e, 0x12, 0x19, 0x1e, 0x12, 0x1a, 0x1d, 0x1c, 0x1d,
0x19, 0x1b, 0x6e, 0x4e, 0x17, 0x16, 0x1e, 0x13, 0x17, 0x10, 0x1e, 0x11, 0x3a, 0x16, 0x13, 0x1b, 0x6e, 0x3e, 0x13, 0x1a, 0x19, 0x1e, 0x12, 0x17, 0x2e, 0x12, 0x2b, 0x1a, 0x17, 0x1e, 0x19, 0x6e, 0x4e, 0x1d, 0x19, 0x1e, 0x16, 0x3e, 0x36, 0x17, 0x16, 0x12, 0x1b, 0x6e, 0x4e, 0x1d, 0x19, 0x11, 0x16, 0x3e, 0x15, 0x16, 0x15, 0x11, 0x15, 0x1d, 0x1b, 0x6e, 0x4e, 0x1d, 0x19, 0x1e, 0x28, 0x2e, 0x15, 0x11, 0x3e, 0x1b, 0x7e, 0xae, 0x12, 0x13, 0x11, 0xbe, 0xbe, 0x12, 0x3e, 0x11, 0x8e, 0xbe, 0x13, 0x2e, 0x12, 0x15, 0x11, 0x7e, 0xfe, 0x14, 0x8e, 0xfe, 0x9e, 0xfe, 0x9e, 0xfe, 0x9e,
// Compressed size: 207 bytes original pixels: 12544 uint16_t → ~25088 bytes uncompressed)

// MANTICORE / Manticore Auraflow V0.3 000 S1112874494 Th0.100 24 [Folder: MANTICORE] - RLE compressed data (offset: 38043, size: 284)
0xfe, 0x9e, 0xfe, 0x1c, 0x13, 0x7e, 0x9e, 0x10, 0x16, 0x13, 0x5e, 0x27, 0x5e, 0x7e, 0x11, 0x17, 0x14, 0x17, 0x1d, 0x23, 0x16, 0x2e, 0x13, 0x1c, 0x16, 0x4e, 0x6e, 0x20, 0x11, 0x1d, 0x1c, 0x1a, 0x1d, 0x17, 0x3e, 0x18, 0x17, 0x1c, 0x23, 0x2e, 0x6e, 0x12, 0x10, 0x11, 0x15, 0x2d, 0x16, 0x17, 0x13, 0x2e, 0x12, 0x1a, 0x17, 0x2a, 0x2e, 0x4e, 0x12, 0x2f, 0x18, 0x13, 0x11, 0x1a, 0x16, 0x1d, 0x17, 0x13, 0x1e, 0x11, 0x2c, 0x29, 0x23, 0x1e, 0x5e, 0x1f, 0x10, 0x12, 0x19, 0x12, 0x15, 0x1c, 0x1a, 0x13, 0x1d, 0x13, 0x1c, 0x17, 0x19, 0x15, 0x17, 0x13, 0x2e, 0x6e, 0x14, 0x10, 0x1b, 0x25, 0x16, 0x1d, 0x13, 0x16, 0x1c, 0x19, 0x25, 0x28, 0x15, 0x13, 0x1e, 0x6e, 0x14, 0x18, 0x1d, 0x12,
0x19, 0x16, 0x1c, 0x27, 0x1a, 0x17, 0x2e, 0x16, 0x1b, 0x15, 0x1a, 0x1e, 0x6e, 0x10, 0x12, 0x18, 0x1d, 0x1a, 0x16, 0x3c, 0x1a, 0x16, 0x17, 0x2e, 0x25, 0x26, 0x6e, 0x1b, 0x28, 0x1d, 0x1c, 0x2d, 0x1c, 0x1d, 0x1a, 0x16, 0x17, 0x2e, 0x1c, 0x14, 0x1b, 0x1e, 0x7e, 0x12, 0x15, 0x1b, 0x19, 0x1c, 0x1d, 0x17, 0x1d, 0x19, 0x16, 0x1c, 0x2e, 0x1b, 0x28, 0x1e, 0x8e, 0x12, 0x1b, 0x13, 0x1c, 0x3d, 0x19, 0x16, 0x1c, 0x2e, 0x13, 0x1e, 0x14, 0x1e, 0x9e, 0x12, 0x11, 0x16, 0x1d, 0x1b, 0x14, 0x12, 0x15, 0x16, 0x19, 0x3e, 0x14, 0x13, 0x9e, 0x10, 0x1a, 0x1c, 0x1d, 0x14, 0x19, 0x18, 0x15, 0x1b, 0x19, 0x1c, 0x2e, 0x12, 0x17, 0x9e, 0x11, 0x17, 0x5e, 0x12, 0x18, 0x1e, 0x19, 0x17, 0x1e, 0x12,
0x16, 0x7e, 0x14, 0x10, 0x16, 0x1b, 0x5e, 0x12, 0x19, 0x1e, 0x19, 0x1a, 0x1e, 0x19, 0x1e, 0x8e, 0x11, 0x15, 0x6e, 0x12, 0x19, 0x1e, 0x14, 0x17, 0x1e, 0x1a, 0x1e, 0x7e, 0x11, 0x12, 0x13, 0x5e, 0x14, 0x15, 0x2e, 0x25, 0x18, 0x2e, 0x5e, 0x18, 0x10, 0x22, 0x4e, 0x12, 0x29, 0x17, 0x1e, 0x15, 0x13, 0x16, 0x3e, 0x5e, 0x11, 0x2b, 0x18, 0xfe, 0xfe, 0x9e, 0xfe, 0x9e,
// Compressed size: 284 bytes original pixels: 12544 uint16_t → ~25088 bytes uncompressed)

// MANTIS SHRIMP / Mantis Shrimp Auraflow V0.3 000 S1907257235 Th0.100 24 [Folder: MANTIS_SHRIMP] - RLE compressed data (offset: 38327, size: 276)
0xfe, 0x9e, 0xfe, 0x6e, 0x11, 0x2e, 0xbe, 0x12, 0x11, 0x7e, 0x13, 0x3e, 0xae, 0x44, 0x10, 0x5e, 0x16, 0x3e, 0x9e, 0x10, 0x13, 0x11, 0x15, 0x28, 0x14, 0x3e, 0x17, 0x14, 0x3e, 0x7e, 0x10, 0x13, 0x17, 0x13, 0x10, 0x13, 0x12, 0x13, 0x14, 0x3e, 0x15, 0x11, 0x3e, 0x6e, 0x13, 0x10, 0x1a, 0x13, 0x16, 0x17, 0x14, 0x13, 0x14, 0x18, 0x12, 0x3e, 0x16, 0x14, 0x2e, 0x4e, 0x12, 0x17, 0x11, 0x2d, 0x1b, 0x1c, 0x16, 0x11, 0x14, 0x10, 0x19, 0x11, 0x3e, 0x17, 0x14, 0x2e, 0x4e, 0x1b, 0x15, 0x1d, 0x17, 0x15, 0x2d, 0x17, 0x18, 0x1d, 0x16, 0x17, 0x3e, 0x12, 0x18, 0x15, 0x2e, 0x4e, 0x1d, 0x1b, 0x19, 0x2d, 0x1f, 0x2d, 0x1a, 0x16, 0x13, 0x10, 0x3e, 0x16, 0x1a, 0x19, 0x2e, 0x5e, 0x13, 0x1d,
0x15, 0x12, 0x1b, 0x1c, 0x12, 0x1a, 0x1b, 0x10, 0x16, 0x10, 0x11, 0x13, 0x10, 0x1a, 0x19, 0x2e, 0x6e, 0x1b, 0x1d, 0x1c, 0x17, 0x1f, 0x13, 0x1d, 0x27, 0x11, 0x20, 0x13, 0x17, 0x1c, 0x12, 0x2e, 0x6e, 0x15, 0x1d, 0x1f, 0x18, 0x11, 0x1b, 0x1c, 0x1d, 0x2c, 0x1b, 0x1a, 0x16, 0x1c, 0x1b, 0x3e, 0x6e, 0x11, 0x1d, 0x18, 0x17, 0x1a, 0x1c, 0x1b, 0x2d, 0x1a, 0x16, 0x2b, 0x1f, 0x1b, 0x3e, 0x6e, 0x14, 0x1c, 0x14, 0x1a, 0x1f, 0x1c, 0x1d, 0x1b, 0x1d, 0x1b, 0x1d, 0x1c, 0x1f, 0x1c, 0x13, 0x3e, 0x5e, 0x21, 0x14, 0x1a, 0x1c, 0x5d, 0x1b, 0x27, 0x19, 0x13, 0x4e, 0x2e, 0x17, 0x18, 0x14, 0x20, 0x1f, 0x1b, 0x1e, 0x2b, 0x19, 0x2b, 0x1d, 0x19, 0x1c, 0x1a, 0x12, 0x4e, 0x2e, 0x17, 0x19, 0x16,
0x1a, 0x15, 0x1b, 0x12, 0x1e, 0x19, 0x15, 0x1e, 0x22, 0x19, 0x15, 0x16, 0x6e, 0x1e, 0x1b, 0x1e, 0x2b, 0x1c, 0x19, 0x1b, 0x2e, 0x17, 0x3e, 0x10, 0x1e, 0x13, 0x7e, 0x3e, 0x15, 0x1e, 0x1a, 0x15, 0x3e, 0x11, 0x5e, 0x13, 0x7e, 0x6e, 0x15, 0x12, 0xfe, 0x1e, 0x7e, 0x16, 0xfe, 0x1e, 0x6e, 0x11, 0xfe, 0x2e, 0xfe, 0x9e,
// Compressed size: 276 bytes original pixels: 12544 uint16_t → ~25088 bytes uncompressed)

// MAPINGUARI / Mapinguari Auraflow V0.3 000 S1057101614 Th0.100 24 [Folder: MAPINGUARI] - RLE compressed data (offset: 38603, size: 273)
0xfe, 0x9e, 0xfe, 0x9e, 0xde, 0x10, 0x2e, 0x18, 0x7e, 0xae, 0x26, 0x17, 0x10, 0x23, 0x8e, 0x9e, 0x11, 0x20, 0x13, 0x11, 0x20, 0x16, 0x7e, 0x8e, 0x1b, 0x10, 0x25, 0x16, 0x14, 0x19, 0x10, 0x23, 0x6e, 0x7e, 0x19, 0x1a, 0x13, 0x1a, 0x13, 0x19, 0x12, 0x19, 0x1a, 0x16, 0x17, 0x10, 0x17, 0x4e, 0x6e, 0x15, 0x13, 0x16, 0x10, 0x17, 0x1f, 0x24, 0x2d, 0x1f, 0x18, 0x11, 0x10, 0x4e, 0x6e, 0x10, 0x11, 0x10, 0x12, 0x15, 0x1d, 0x17, 0x18, 0x13, 0x1a, 0x1b, 0x18, 0x21, 0x4e, 0x3e, 0x19, 0x16, 0x1e, 0x12, 0x13, 0x19, 0x12, 0x17, 0x1d, 0x2c, 0x15, 0x16, 0x1f, 0x12, 0x18, 0x16, 0x4e, 0x3e, 0x1b, 0x16, 0x1e, 0x17, 0x15, 0x16, 0x1d, 0x13, 0x2d, 0x1f, 0x17, 0x16, 0x1e, 0x22, 0x17, 0x4e,
0x3e, 0x16, 0x1c, 0x1b, 0x1f, 0x14, 0x1d, 0x1c, 0x17, 0x2b, 0x27, 0x13, 0x1e, 0x14, 0x11, 0x19, 0x1b, 0x3e, 0x3e, 0x17, 0x3c, 0x1f, 0x1d, 0x14, 0x1a, 0x1d, 0x1b, 0x1f, 0x1c, 0x17, 0x10, 0x1f, 0x19, 0x13, 0x1a, 0x3e, 0x3e, 0x1b, 0x13, 0x17, 0x1d, 0x1e, 0x17, 0x10, 0x1e, 0x4f, 0x12, 0x10, 0x1e, 0x2d, 0x15, 0x3e, 0x3e, 0x17, 0x18, 0x1b, 0x1d, 0x1e, 0x2d, 0x2e, 0x2d, 0x1a, 0x12, 0x17, 0x1e, 0x1f, 0x2d, 0x3e, 0x3e, 0x1c, 0x16, 0x18, 0x29, 0x5e, 0x1c, 0x14, 0x19, 0x2e, 0x38, 0x3e, 0x3e, 0x1c, 0x2b, 0x1d, 0x1c, 0x6e, 0x12, 0x1c, 0x3e, 0x15, 0x1d, 0x3e, 0x4e, 0x1b, 0x1c, 0x1f, 0x1c, 0x6e, 0x15, 0x13, 0x3e, 0x1c, 0x1a, 0x3e, 0x4e, 0x2c, 0x1b, 0x11, 0x6e, 0x17, 0x13, 0x3e,
0x1c, 0x15, 0x3e, 0x6e, 0x17, 0x16, 0x6e, 0x13, 0x11, 0x3e, 0x1c, 0x18, 0x17, 0x2e, 0x6e, 0x17, 0x1b, 0x16, 0x4e, 0x28, 0x10, 0x2e, 0x1c, 0x1a, 0x1b, 0x17, 0x2e, 0x4e, 0x17, 0x2b, 0x18, 0x1e, 0x1b, 0x3e, 0x15, 0x1a, 0x18, 0x16, 0x15, 0x1d, 0x1c, 0x2d, 0x2e, 0xfe, 0x1c, 0x18, 0x7e, 0xfe, 0x9e,
// Compressed size: 273 bytes original pixels: 12544 uint16_t → ~25088 bytes uncompressed)

// MARA / Mara Auraflow V0.3 000 S3987725965 Th0.100 24 [Folder: MARA] - RLE compressed data (offset: 38876, size: 233)
0xfe, 0x9e, 0xfe, 0x9e, 0xfe, 0x2e, 0x17, 0x6e, 0xee, 0x1f, 0x1a, 0x10, 0x17, 0x1a, 0x5e, 0xce, 0x1f, 0x18, 0x19, 0x14, 0x1d, 0x14, 0x1f, 0x17, 0x4e, 0xce, 0x1f, 0x1a, 0x24, 0x2d, 0x14, 0x10, 0x4e, 0x7e, 0x14, 0x15, 0x5e, 0x1c, 0x16, 0x2d, 0x11, 0x1d, 0x12, 0x3e, 0x5e, 0x15, 0x17, 0x32, 0x3e, 0x19, 0x16, 0x1d, 0x16, 0x13, 0x15, 0x16, 0x14, 0x3e, 0x5e, 0x15, 0x17, 0x2e, 0x10, 0x12, 0x15, 0x36, 0x1c, 0x19, 0x13, 0x1e, 0x19, 0x1b, 0x3e, 0x4e, 0x14, 0x23, 0x26, 0x14, 0x16, 0x19, 0x36, 0x1b, 0x1d, 0x3e, 0x17, 0x12, 0x2e, 0x3e, 0x18, 0x16, 0x13, 0x1b, 0x1c, 0x16, 0x14, 0x16, 0x29, 0x1b, 0x16, 0x1b, 0x17, 0x3e, 0x1f, 0x3e, 0x2e, 0x15, 0x2f, 0x1b, 0x36, 0x19, 0x1b, 0x1c,
0x16, 0x1b, 0x14, 0x19, 0x17, 0x10, 0x6e, 0x1e, 0x17, 0x1e, 0x1d, 0x1a, 0x13, 0x16, 0x18, 0x1c, 0x19, 0x1b, 0x1d, 0x1c, 0x1b, 0x16, 0x18, 0x13, 0x12, 0x6e, 0x1e, 0x15, 0x12, 0x1d, 0x15, 0x2b, 0x1d, 0x17, 0x2d, 0x1c, 0x16, 0x2d, 0x15, 0x13, 0x11, 0x6e, 0x2e, 0x17, 0x1a, 0x1d, 0x19, 0x1d, 0x1e, 0x1d, 0x22, 0x17, 0x1c, 0x1b, 0x16, 0x12, 0x1d, 0x19, 0x10, 0x5e, 0x2e, 0x17, 0x1a, 0x1f, 0x1c, 0x18, 0x1e, 0x1d, 0x13, 0x4e, 0x1b, 0x3e, 0x13, 0x1b, 0x4e, 0x3e, 0x15, 0x18, 0x11, 0x1e, 0x15, 0x7e, 0x16, 0x8e, 0x4e, 0x18, 0x2e, 0x18, 0x7e, 0x18, 0x8e, 0x3e, 0x10, 0x3e, 0x17, 0x3e, 0x13, 0x12, 0x1e, 0x10, 0x9e, 0x3e, 0x12, 0x3e, 0x12, 0xfe, 0x1e, 0x2e, 0x22, 0x3e, 0x13, 0xfe,
0x1e, 0x7e, 0x12, 0xfe, 0x1e, 0xfe, 0x9e, 0xfe, 0x9e,
// Compressed size: 233 bytes original pixels: 12544 uint16_t → ~25088 bytes uncompressed)

// MARID / Marid Auraflow V0.3 000 S3636671168 Th0.100 24 [Folder: MARID] - RLE compressed data (offset: 39109, size: 353)
0xfe, 0x9e, 0x5e, 0x16, 0x1e, 0x10, 0x2e, 0x27, 0x10, 0x3e, 0x1c, 0x7e, 0x5e, 0x15, 0x11, 0x13, 0x10, 0x15, 0x10, 0x18, 0x11, 0x12, 0x1e, 0x10, 0x8e, 0x5e, 0x11, 0x33, 0x11, 0x10, 0x11, 0x13, 0x11, 0x13, 0x11, 0x12, 0x7e, 0x3e, 0x15, 0x11, 0x15, 0x23, 0x11, 0x1b, 0x15, 0x29, 0x15, 0x1d, 0x11, 0x3e, 0x12, 0x4e, 0x4e, 0x11, 0x15, 0x13, 0x19, 0x23, 0x14, 0x11, 0x13, 0x1b, 0x15, 0x11, 0x8e, 0x4e, 0x19, 0x35, 0x16, 0x1f, 0x1d, 0x1b, 0x15, 0x29, 0x15, 0x18, 0x11, 0x6e, 0x5e, 0x25, 0x1c, 0x1b, 0x1d, 0x1f, 0x25, 0x1b, 0x13, 0x19, 0x1e, 0x12, 0x1e, 0x13, 0x16, 0x3e, 0x5e, 0x15, 0x1d, 0x15, 0x2d, 0x1c, 0x15, 0x19, 0x45, 0x11, 0x15, 0x19, 0x15, 0x14, 0x2e, 0x5e, 0x15, 0x1c,
0x1d, 0x1f, 0x18, 0x15, 0x1d, 0x1c, 0x15, 0x19, 0x15, 0x1b, 0x19, 0x1f, 0x2e, 0x18, 0x2e, 0x6e, 0x1d, 0x1e, 0x18, 0x1f, 0x1b, 0x1d, 0x13, 0x1b, 0x12, 0x16, 0x14, 0x25, 0x11, 0x16, 0x17, 0x2e, 0x8e, 0x15, 0x1b, 0x1d, 0x1b, 0x13, 0x17, 0x10, 0x16, 0x14, 0x1a, 0x1b, 0x19, 0x24, 0x2e, 0x6e, 0x16, 0x15, 0x16, 0x2c, 0x25, 0x12, 0x15, 0x19, 0x1b, 0x15, 0x10, 0x1d, 0x17, 0x16, 0x2e, 0x6e, 0x1c, 0x1b, 0x18, 0x11, 0x1b, 0x15, 0x1b, 0x12, 0x19, 0x1b, 0x19, 0x13, 0x17, 0x1c, 0x1f, 0x3e, 0x6e, 0x29, 0x1a, 0x12, 0x1d, 0x25, 0x16, 0x1c, 0x10, 0x1d, 0x15, 0x12, 0x1c, 0x12, 0x1c, 0x2e, 0x4e, 0x1c, 0x12, 0x25, 0x1a, 0x1d, 0x1f, 0x1b, 0x13, 0x11, 0x1d, 0x1c, 0x1a, 0x10, 0x12, 0x1e,
0x17, 0x1f, 0x2e, 0x3e, 0x17, 0x14, 0x16, 0x1c, 0x15, 0x14, 0x18, 0x1f, 0x19, 0x1f, 0x18, 0x1d, 0x1a, 0x12, 0x15, 0x1f, 0x16, 0x17, 0x1c, 0x12, 0x1e, 0x3e, 0x17, 0x15, 0x12, 0x1d, 0x1a, 0x17, 0x12, 0x38, 0x12, 0x15, 0x12, 0x1d, 0x1c, 0x1d, 0x1f, 0x14, 0x1e, 0x1f, 0x1e, 0x3e, 0x17, 0x1c, 0x1b, 0x15, 0x18, 0x12, 0x2f, 0x18, 0x1c, 0x12, 0x11, 0x13, 0x1a, 0x15, 0x14, 0x10, 0x1e, 0x17, 0x2e, 0x4e, 0x17, 0x1b, 0x2d, 0x15, 0x13, 0x14, 0x1c, 0x18, 0x14, 0x1b, 0x16, 0x1a, 0x1d, 0x1a, 0x27, 0x3e, 0x4e, 0x18, 0x25, 0x1b, 0x1d, 0x19, 0x15, 0x19, 0x1d, 0x2a, 0x17, 0x1d, 0x1f, 0x1a, 0x16, 0x4e, 0x4e, 0x1f, 0x2c, 0x1b, 0x29, 0x2d, 0x19, 0x2b, 0x2c, 0x1d, 0x16, 0x10, 0x4e, 0x5e,
0x1c, 0x1e, 0x1a, 0x1c, 0x3f, 0x1a, 0x2d, 0x1f, 0x27, 0x6e, 0x8e, 0x1f, 0x1c, 0x1d, 0x16, 0x1f, 0xbe,
// Compressed size: 353 bytes original pixels: 12544 uint16_t → ~25088 bytes uncompressed)

// MAROOL / Marool Auraflow V0.3 000 S3991327420 Th0.100 24 [Folder: MAROOL] - RLE compressed data (offset: 39462, size: 283)
0xfe, 0x9e, 0x9e, 0x14, 0x5e, 0x10, 0x16, 0x7e, 0xde, 0x16, 0x21, 0x20, 0x6e, 0x9e, 0x10, 0x13, 0x21, 0x16, 0x19, 0x18, 0x1d, 0x22, 0x10, 0x4e, 0x6e, 0x14, 0x15, 0x10, 0x13, 0x12, 0x19, 0x17, 0x1a, 0x2d, 0x18, 0x30, 0x12, 0x3e, 0x5e, 0x17, 0x19, 0x11, 0x1d, 0x1c, 0x28, 0x1b, 0x1a, 0x19, 0x1d, 0x11, 0x1b, 0x1d, 0x12, 0x17, 0x3e, 0x5e, 0x28, 0x14, 0x16, 0x2d, 0x16, 0x1d, 0x2c, 0x1b, 0x2d, 0x1c, 0x10, 0x4e, 0x4e, 0x16, 0x1a, 0x17, 0x14, 0x1c, 0x1f, 0x1d, 0x1b, 0x1d, 0x1b, 0x1c, 0x16, 0x1d, 0x7e, 0x3e, 0x17, 0x1b, 0x28, 0x17, 0x3d, 0x1c, 0x13, 0x2e, 0x1a, 0x18, 0x1b, 0x6e, 0x3e, 0x17, 0x1a, 0x12, 0x1b, 0x2d, 0x28, 0x1a, 0x4e, 0x1b, 0x1c, 0x14, 0x5e, 0x3e, 0x17, 0x1b,
0x18, 0x12, 0x2d, 0x2b, 0x16, 0x15, 0x3e, 0x17, 0x16, 0x6e, 0x2e, 0x13, 0x15, 0x1b, 0x12, 0x1b, 0x18, 0x1d, 0x1c, 0x2a, 0x14, 0x11, 0x2e, 0x1d, 0x1a, 0x6e, 0x2e, 0x15, 0x19, 0x12, 0x17, 0x12, 0x14, 0x2c, 0x18, 0x2c, 0x19, 0x17, 0x1e, 0x14, 0x27, 0x5e, 0x1e, 0x1b, 0x17, 0x19, 0x15, 0x16, 0x15, 0x18, 0x1c, 0x1b, 0x1d, 0x1c, 0x1e, 0x18, 0x17, 0x1e, 0x2a, 0x19, 0x5e, 0x1e, 0x18, 0x19, 0x1b, 0x1c, 0x18, 0x15, 0x14, 0x1e, 0x1b, 0x1a, 0x1c, 0x1e, 0x16, 0x1c, 0x2e, 0x1d, 0x13, 0x5e, 0x1a, 0x1b, 0x17, 0x1a, 0x15, 0x1b, 0x13, 0x10, 0x2e, 0x14, 0x17, 0x2e, 0x19, 0x2e, 0x12, 0x1b, 0x13, 0x4e, 0x1a, 0x19, 0x17, 0x19, 0x15, 0x11, 0x1a, 0x16, 0x17, 0x1e, 0x19, 0x13, 0x12, 0x4e,
0x1d, 0x18, 0x21, 0x3e, 0x1e, 0x27, 0x1e, 0x17, 0x13, 0x24, 0x11, 0x14, 0x1e, 0x14, 0x15, 0x4e, 0x1c, 0x17, 0x1c, 0x10, 0x14, 0x2e, 0x4e, 0x15, 0x17, 0x15, 0x10, 0x3e, 0x16, 0x1b, 0x13, 0x17, 0x3e, 0x1a, 0x1b, 0x19, 0x18, 0x2e, 0x6e, 0x18, 0x19, 0x1e, 0x12, 0x9e, 0x16, 0x1c, 0x3e, 0xfe, 0x3e, 0x1b, 0x15, 0x1d, 0x3e, 0xfe, 0x9e, 0xfe, 0x9e, 0xfe, 0x9e,
// Compressed size: 283 bytes original pixels: 12544 uint16_t → ~25088 bytes uncompressed)

// MEDUSA / Medusa Auraflow V0.3 000 S4144324005 Th0.100 24 [Folder: MEDUSA] - RLE compressed data (offset: 39745, size: 356)
0xad, 0x21, 0xcd, 0x7d, 0x15, 0x10, 0x18, 0x10, 0x11, 0x12, 0x1b, 0x10, 0x16, 0x1b, 0x12, 0x6d, 0x6d, 0x29, 0x16, 0x12, 0x1b, 0x16, 0x1c, 0x12, 0x19, 0x1e, 0x1c, 0x1e, 0x12, 0x5d, 0x6d, 0x18, 0x1b, 0x17, 0x21, 0x17, 0x18, 0x10, 0x1f, 0x1e, 0x19, 0x20, 0x13, 0x4d, 0x6d, 0x12, 0x11, 0x17, 0x1b, 0x1a, 0x19, 0x1f, 0x1e, 0x15, 0x19, 0x1b, 0x1e, 0x1c, 0x1b, 0x4d, 0x4d, 0x21, 0x1b, 0x10, 0x1b, 0x10, 0x1f, 0x16, 0x1e, 0x1b, 0x21, 0x1e, 0x1f, 0x1e, 0x15, 0x4d, 0x4d, 0x1f, 0x1b, 0x16, 0x1f, 0x15, 0x11, 0x18, 0x1e, 0x19, 0x1e, 0x17, 0x1e, 0x2c, 0x1e, 0x1c, 0x4d, 0x4d, 0x1f, 0x11, 0x1f, 0x14, 0x18, 0x12, 0x17, 0x19, 0x15, 0x12, 0x14, 0x19, 0x1b, 0x1f, 0x1a, 0x19, 0x4d, 0x4d,
0x1e, 0x1d, 0x14, 0x11, 0x1b, 0x10, 0x12, 0x17, 0x14, 0x17, 0x12, 0x19, 0x1c, 0x18, 0x1a, 0x5d, 0x4d, 0x16, 0x15, 0x19, 0x11, 0x14, 0x11, 0x52, 0x18, 0x1a, 0x1f, 0x19, 0x5d, 0x6d, 0x19, 0x1e, 0x14, 0x13, 0x10, 0x14, 0x15, 0x17, 0x26, 0x3f, 0x5d, 0x5d, 0x11, 0x28, 0x1f, 0x1b, 0x11, 0x10, 0x13, 0x16, 0x18, 0x1a, 0x1e, 0x18, 0x1c, 0x5d, 0x6d, 0x2c, 0x21, 0x19, 0x12, 0x18, 0x1e, 0x1a, 0x2f, 0x1c, 0x18, 0x19, 0x4d, 0x2d, 0x12, 0x11, 0x1d, 0x21, 0x12, 0x2f, 0x17, 0x16, 0x17, 0x19, 0x18, 0x2f, 0x1e, 0x1a, 0x1d, 0x1a, 0x3d, 0x7d, 0x14, 0x1e, 0x1f, 0x16, 0x24, 0x18, 0x2e, 0x1f, 0x1a, 0x1c, 0x1a, 0x4d, 0x6d, 0x21, 0x2f, 0x19, 0x16, 0x29, 0x1c, 0x2f, 0x15, 0x18, 0x1d, 0x18,
0x3d, 0x4d, 0x12, 0x10, 0x11, 0x12, 0x18, 0x1a, 0x19, 0x26, 0x19, 0x1a, 0x1e, 0x1f, 0x1c, 0x19, 0x17, 0x4d, 0x3d, 0x20, 0x11, 0x28, 0x1c, 0x1a, 0x27, 0x16, 0x18, 0x1a, 0x19, 0x2f, 0x2a, 0x18, 0x3d, 0x3d, 0x12, 0x25, 0x18, 0x15, 0x1a, 0x25, 0x16, 0x13, 0x15, 0x1a, 0x19, 0x2c, 0x1a, 0x1b, 0x19, 0x16, 0x2d, 0x3d, 0x13, 0x15, 0x26, 0x19, 0x1e, 0x15, 0x22, 0x13, 0x1a, 0x15, 0x18, 0x16, 0x1e, 0x1c, 0x19, 0x1b, 0x3d, 0x2d, 0x12, 0x35, 0x16, 0x1a, 0x1f, 0x15, 0x12, 0x15, 0x14, 0x13, 0x25, 0x19, 0x2f, 0x1a, 0x4d, 0x2d, 0x12, 0x45, 0x16, 0x1c, 0x19, 0x16, 0x19, 0x23, 0x17, 0x11, 0x1e, 0x1f, 0x1a, 0x5d, 0x2d, 0x13, 0x35, 0x18, 0x19, 0x1c, 0x1b, 0x19, 0x1a, 0x18, 0x13, 0x1b,
0x16, 0x2f, 0x2c, 0x4d, 0x2d, 0x13, 0x35, 0x16, 0x19, 0x28, 0x19, 0x16, 0x2a, 0x18, 0x1a, 0x1e, 0x1f, 0x1b, 0x19, 0x4d,
// Compressed size: 356 bytes original pixels: 12544 uint16_t → ~25088 bytes uncompressed)

// MENEHUNE / Menehune Auraflow V0.3 000 S668673817 Th0.100 24 [Folder: MENEHUNE] - RLE compressed data (offset: 40101, size: 246)
0xf0, 0x90, 0xe0, 0x1a, 0x14, 0x80, 0xc0, 0x14, 0x1c, 0x17, 0x1f, 0x80, 0xa0, 0x22, 0x14, 0x11, 0x1c, 0x19, 0x20, 0x13, 0x16, 0x40, 0xa0, 0x1b, 0x18, 0x14, 0x1e, 0x19, 0x15, 0x13, 0x10, 0x17, 0x50, 0xc0, 0x18, 0x16, 0x19, 0x15, 0x1f, 0x15, 0x60, 0xa0, 0x1e, 0x11, 0x1e, 0x1f, 0x18, 0x19, 0x15, 0x14, 0x18, 0x10, 0x1b, 0x30, 0x90, 0x12, 0x11, 0x14, 0x1f, 0x11, 0x14, 0x1a, 0x10, 0x17, 0x12, 0x18, 0x1b, 0x30, 0x90, 0x16, 0x12, 0x13, 0x2d, 0x15, 0x14, 0x10, 0x14, 0x1b, 0x2d, 0x30, 0x80, 0x24, 0x1f, 0x1e, 0x1a, 0x13, 0x18, 0x1a, 0x10, 0x12, 0x18, 0x16, 0x1d, 0x30, 0x80, 0x1f, 0x14, 0x10, 0x1b, 0x18, 0x12, 0x1f, 0x13, 0x10, 0x13, 0x26, 0x1d, 0x30, 0x80, 0x28, 0x1f, 0x1b,
0x1a, 0x13, 0x1c, 0x1a, 0x17, 0x11, 0x1f, 0x1d, 0x1f, 0x30, 0x80, 0x14, 0x10, 0x1e, 0x1c, 0x1a, 0x19, 0x15, 0x19, 0x80, 0x70, 0x17, 0x1e, 0x10, 0x18, 0x17, 0x13, 0x1c, 0x10, 0x15, 0x19, 0x10, 0x13, 0x1f, 0x1b, 0x30, 0x70, 0x1f, 0x16, 0x10, 0x1e, 0x14, 0x12, 0x11, 0x20, 0x11, 0x1a, 0x12, 0x1d, 0x1f, 0x30, 0x80, 0x1f, 0x10, 0x27, 0x1e, 0x1b, 0x10, 0x15, 0x19, 0x1c, 0x13, 0x1b, 0x18, 0x30, 0x80, 0x1a, 0x11, 0x20, 0x1a, 0x14, 0x10, 0x1a, 0x10, 0x13, 0x17, 0x2b, 0x30, 0x80, 0x1f, 0x18, 0x10, 0x1f, 0x13, 0x1c, 0x10, 0x1f, 0x19, 0x15, 0x13, 0x18, 0x1f, 0x30, 0x90, 0x1d, 0x10, 0x1f, 0x17, 0x15, 0x19, 0x15, 0x1b, 0x1a, 0x13, 0x2f, 0x30, 0x80, 0x16, 0x18, 0x16, 0x28, 0x20,
0x19, 0x18, 0x1f, 0x13, 0x1d, 0x16, 0x30, 0x80, 0x1b, 0x1d, 0x15, 0x70, 0x16, 0x13, 0x18, 0x30, 0xf0, 0x90, 0xf0, 0x90, 0xf0, 0x90,
// Compressed size: 246 bytes original pixels: 12544 uint16_t → ~25088 bytes uncompressed)

// MERMAID / Mermaid Auraflow V0.3 000 S4266953353 Th0.100 24 [Folder: MERMAID] - RLE compressed data (offset: 40347, size: 274)
0xff, 0x9f, 0x9f, 0x11, 0x12, 0x16, 0x20, 0xaf, 0x8f, 0x17, 0x11, 0x1c, 0x14, 0x12, 0x10, 0x13, 0x3f, 0x18, 0x5f, 0x7f, 0x11, 0x17, 0x1a, 0x14, 0x15, 0x17, 0x11, 0x13, 0x11, 0x8f, 0x7f, 0x10, 0x11, 0x2c, 0x1e, 0x18, 0x14, 0x10, 0x11, 0x8f, 0x8f, 0x16, 0x18, 0x1c, 0x1e, 0x19, 0x1c, 0x18, 0x10, 0x13, 0x11, 0x6f, 0xaf, 0x16, 0x1c, 0x1e, 0x2c, 0x10, 0x11, 0x14, 0x1f, 0x18, 0x14, 0x3f, 0xbf, 0x1c, 0x17, 0x1c, 0x17, 0x12, 0x14, 0x11, 0x6f, 0xaf, 0x13, 0x1c, 0x16, 0x12, 0x28, 0x17, 0x20, 0x11, 0x4f, 0xaf, 0x12, 0x24, 0x12, 0x1c, 0x11, 0x16, 0x17, 0x1f, 0x18, 0x1f, 0x18, 0x2f, 0x9f, 0x21, 0x14, 0x1e, 0x1c, 0x19, 0x18, 0x24, 0x16, 0x17, 0x1f, 0x19, 0x1f, 0x19, 0x9f, 0x12,
0x11, 0x1d, 0x1c, 0x1e, 0x13, 0x2f, 0x11, 0x12, 0x1a, 0x4f, 0x9f, 0x1c, 0x2a, 0x1c, 0x1a, 0x12, 0x4f, 0x10, 0x12, 0x3f, 0x9f, 0x3a, 0x18, 0x1f, 0x1c, 0x15, 0x2f, 0x17, 0x11, 0x1a, 0x12, 0x2f, 0x9f, 0x13, 0x18, 0x1c, 0x3f, 0x18, 0x4f, 0x2a, 0x2f, 0x3f, 0x16, 0x25, 0x19, 0x13, 0x1f, 0x17, 0x14, 0x1c, 0x3f, 0x1a, 0x5f, 0x16, 0x2f, 0x2f, 0x16, 0x15, 0x21, 0x13, 0x15, 0x1b, 0x1d, 0x1a, 0x14, 0x1b, 0x2f, 0x16, 0x5f, 0x19, 0x1c, 0x1f, 0x3f, 0x16, 0x19, 0x27, 0x12, 0x1b, 0x1a, 0x1e, 0x1a, 0x1e, 0x2f, 0x19, 0x4f, 0x19, 0x12, 0x1c, 0x1f, 0x4f, 0x1e, 0x1d, 0x1b, 0x13, 0x12, 0x19, 0x1a, 0x1c, 0x1e, 0x3f, 0x14, 0x3f, 0x18, 0x17, 0x1e, 0x1f, 0x5f, 0x1d, 0x16, 0x1b, 0x15, 0x19,
0x15, 0x13, 0x12, 0x18, 0x27, 0x13, 0x1b, 0x17, 0x15, 0x12, 0x1c, 0x2f, 0x5f, 0x1b, 0x1d, 0x3b, 0x11, 0x13, 0x11, 0x15, 0x11, 0x1a, 0x18, 0x13, 0x19, 0x11, 0x14, 0x1e, 0x2f, 0x7f, 0x1b, 0x1d, 0x2b, 0x17, 0x14, 0x18, 0x15, 0x17, 0x18, 0x17, 0x1b, 0x2d, 0x3f, 0xcf, 0x1b, 0x19, 0x6d, 0x4f, 0xff, 0x9f,
// Compressed size: 274 bytes original pixels: 12544 uint16_t → ~25088 bytes uncompressed)

// MERROW / Merrow Auraflow V0.3 000 S1587561784 Th0.100 24 [Folder: MERROW] - RLE compressed data (offset: 40621, size: 260)
0xfe, 0x9e, 0xae, 0x31, 0x10, 0x15, 0x1e, 0x17, 0x14, 0x6e, 0x8e, 0x1a, 0x14, 0x11, 0x1a, 0x25, 0x19, 0x11, 0x15, 0x1e, 0x1a, 0x5e, 0x6e, 0x12, 0x17, 0x29, 0x14, 0x1b, 0x19, 0x1a, 0x1e, 0x14, 0x20, 0x6e, 0x6e, 0x13, 0x3b, 0x1d, 0x19, 0xce, 0x5e, 0x17, 0x1c, 0x1b, 0x1c, 0x18, 0x2b, 0x3e, 0x16, 0x12, 0x7e, 0x7e, 0x2a, 0x1f, 0x1d, 0x17, 0x15, 0x10, 0x3e, 0x10, 0x16, 0x5e, 0x8e, 0x28, 0x1a, 0x1d, 0x16, 0x15, 0xae, 0x8e, 0x1c, 0x13, 0x1d, 0x2c, 0x1b, 0xae, 0x1e, 0x19, 0x1e, 0x17, 0x1c, 0x2e, 0x16, 0x1a, 0x1c, 0x1b, 0x15, 0x1d, 0x16, 0x11, 0x9e, 0x3e, 0x28, 0x19, 0x16, 0x1b, 0x1e, 0x1a, 0x1b, 0x15, 0x2c, 0x12, 0x1a, 0x8e, 0x5e, 0x18, 0x19, 0x2e, 0x1c, 0x2d, 0x1b, 0x17,
0x10, 0x16, 0x13, 0x7e, 0x9e, 0x1a, 0x1c, 0x2d, 0x1c, 0x14, 0x1e, 0x10, 0x15, 0x14, 0x16, 0x17, 0x3e, 0x9e, 0x3d, 0x15, 0x14, 0x17, 0x1e, 0x10, 0x19, 0x17, 0x15, 0x16, 0x3e, 0x8e, 0x14, 0x19, 0x1d, 0x19, 0x1d, 0x1b, 0x17, 0x11, 0x3e, 0x13, 0x17, 0x12, 0x2e, 0x3e, 0x12, 0x4e, 0x15, 0x1a, 0x1c, 0x1b, 0x18, 0x2d, 0x19, 0x3e, 0x10, 0x27, 0x2e, 0x4e, 0x12, 0x2e, 0x15, 0x1a, 0x1d, 0x2c, 0x1b, 0x13, 0x11, 0x1e, 0x19, 0x13, 0x11, 0x2e, 0x18, 0x2e, 0x4e, 0x10, 0x17, 0x15, 0x1c, 0x1a, 0x12, 0x1b, 0x1c, 0x13, 0x1d, 0x18, 0x15, 0x2e, 0x11, 0x2e, 0x13, 0x2e, 0x7e, 0x16, 0x12, 0x1d, 0x11, 0x14, 0x12, 0x1a, 0x19, 0x3e, 0x11, 0x2e, 0x15, 0x2e, 0x8e, 0x10, 0x14, 0x16, 0x10, 0x11,
0x18, 0x12, 0x19, 0x11, 0x3e, 0x14, 0x16, 0x2e, 0xae, 0x15, 0x3e, 0x18, 0x1e, 0x18, 0x12, 0x15, 0x17, 0x15, 0x3e, 0x7e, 0x11, 0x12, 0x14, 0x16, 0x3e, 0x14, 0x9e, 0x7e, 0x16, 0x6e, 0x26, 0x12, 0x15, 0x6e, 0xfe, 0x9e,
// Compressed size: 260 bytes original pixels: 12544 uint16_t → ~25088 bytes uncompressed)

// MIGO / Migo Auraflow V0.3 000 S3583832674 Th0.100 24 [Folder: MIGO] - RLE compressed data (offset: 40881, size: 257)
0xfe, 0x9e, 0xae, 0x1a, 0x18, 0x34, 0x12, 0x8e, 0x9e, 0x12, 0x18, 0x16, 0x20, 0x17, 0x12, 0x17, 0x11, 0x6e, 0x8e, 0x18, 0x1e, 0x12, 0x24, 0x15, 0x14, 0x10, 0x24, 0x1a, 0x5e, 0x7e, 0x13, 0x1a, 0x1e, 0x20, 0x11, 0x12, 0x25, 0x16, 0x1c, 0x17, 0x10, 0x4e, 0x7e, 0x17, 0x24, 0x42, 0x15, 0x26, 0x15, 0x13, 0x1a, 0x4e, 0x6e, 0x1c, 0x15, 0x16, 0x18, 0x17, 0x34, 0x26, 0x1a, 0x13, 0x18, 0x16, 0x19, 0x3e, 0x5e, 0x11, 0x1b, 0x1d, 0x11, 0x1a, 0x10, 0x15, 0x17, 0x13, 0x1a, 0x2c, 0x23, 0x2d, 0x1b, 0x2e, 0x5e, 0x17, 0x15, 0x1c, 0x1d, 0x2c, 0x1a, 0x15, 0x16, 0x18, 0x17, 0x16, 0x13, 0x12, 0x13, 0x1d, 0x18, 0x2e, 0x5e, 0x15, 0x11, 0x13, 0x10, 0x2f, 0x1d, 0x1b, 0x1c, 0x17, 0x1b, 0x38,
0x15, 0x1a, 0x15, 0x2e, 0x5e, 0x17, 0x3d, 0x1a, 0x11, 0x1a, 0x1c, 0x3d, 0x16, 0x2d, 0x1c, 0x1a, 0x16, 0x2e, 0x4e, 0x15, 0x18, 0x19, 0x1d, 0x29, 0x1b, 0x1f, 0x1d, 0x15, 0x1b, 0x16, 0x2d, 0x10, 0x15, 0x18, 0x15, 0x2e, 0x2e, 0x16, 0x13, 0x1a, 0x1b, 0x10, 0x19, 0x1a, 0x16, 0x18, 0x3d, 0x1b, 0x18, 0x1e, 0x18, 0x3e, 0x13, 0x1f, 0x1e, 0x2e, 0x19, 0x1b, 0x1e, 0x17, 0x15, 0x2d, 0x17, 0x15, 0x16, 0x18, 0x19, 0x1d, 0x5e, 0x16, 0x15, 0x10, 0x1e, 0x2e, 0x16, 0x1e, 0x16, 0x1e, 0x1f, 0x1e, 0x1a, 0x1e, 0x19, 0x13, 0x1e, 0x1d, 0x6e, 0x14, 0x13, 0x2e, 0x2e, 0x19, 0x1b, 0x6e, 0x13, 0x6e, 0x13, 0x2e, 0x1a, 0x3e, 0x3e, 0x1b, 0x6e, 0x15, 0x8e, 0x11, 0x19, 0x3e, 0x3e, 0x29, 0x16, 0x4e,
0x16, 0x11, 0x7e, 0x18, 0x11, 0x3e, 0x3e, 0x18, 0x1e, 0x19, 0x4e, 0x15, 0x6e, 0x10, 0x13, 0x1c, 0x4e, 0xde, 0x1d, 0x4e, 0x11, 0x5e, 0x9e, 0x18, 0x7e, 0x1a, 0x6e, 0xfe, 0x9e, 0xfe, 0x9e, 0xfe, 0x9e,
// Compressed size: 257 bytes original pixels: 12544 uint16_t → ~25088 bytes uncompressed)

// MIMIC / Mimic Auraflow V0.3 000 S2478079643 Th0.100 24 [Folder: MIMIC] - RLE compressed data (offset: 41138, size: 330)
0xfe, 0x9e, 0xde, 0x18, 0x11, 0x9e, 0x9e, 0x11, 0x10, 0x11, 0x14, 0x18, 0x14, 0x12, 0x14, 0x11, 0x6e, 0x7e, 0x14, 0x12, 0x11, 0x22, 0x11, 0x14, 0x11, 0x14, 0x50, 0x3e, 0x4e, 0x11, 0x10, 0x15, 0x12, 0x15, 0x11, 0x1f, 0x11, 0x1a, 0x34, 0x18, 0x15, 0x1f, 0x1d, 0x24, 0x2e, 0x4e, 0x1a, 0x13, 0x14, 0x11, 0x22, 0x1c, 0x12, 0x19, 0x1a, 0x18, 0x15, 0x2f, 0x18, 0x11, 0x12, 0x18, 0x11, 0x1e, 0x3e, 0x11, 0x13, 0x1a, 0x17, 0x1c, 0x11, 0x2b, 0x11, 0x2c, 0x13, 0x2b, 0x1d, 0x12, 0x28, 0x11, 0x14, 0x1e, 0x3e, 0x13, 0x10, 0x16, 0x33, 0x1a, 0x1b, 0x17, 0x15, 0x1f, 0x17, 0x3d, 0x1b, 0x1d, 0x19, 0x1d, 0x14, 0x1e, 0x3e, 0x15, 0x19, 0x1a, 0x13, 0x18, 0x14, 0x1c, 0x18, 0x1d, 0x1c, 0x11,
0x12, 0x19, 0x5d, 0x1b, 0x2e, 0x3e, 0x16, 0x1c, 0x19, 0x11, 0x12, 0x15, 0x3d, 0x13, 0x14, 0x10, 0x14, 0x18, 0x1f, 0x1d, 0x18, 0x13, 0x3e, 0x2e, 0x11, 0x16, 0x1b, 0x13, 0x19, 0x13, 0x1b, 0x1c, 0x17, 0x1c, 0x2d, 0x2c, 0x15, 0x1a, 0x15, 0x1f, 0x4e, 0x2e, 0x16, 0x1a, 0x1b, 0x13, 0x18, 0x19, 0x1c, 0x1d, 0x1c, 0x18, 0x3d, 0x1c, 0x19, 0x10, 0x1b, 0x14, 0x17, 0x3e, 0x2e, 0x13, 0x1a, 0x23, 0x18, 0x19, 0x1c, 0x1d, 0x19, 0x1f, 0x1b, 0x2d, 0x15, 0x17, 0x1a, 0x12, 0x1f, 0x1b, 0x3e, 0x2e, 0x16, 0x15, 0x13, 0x14, 0x1d, 0x1c, 0x19, 0x2c, 0x1a, 0x2d, 0x1a, 0x11, 0x15, 0x1e, 0x19, 0x12, 0x4e, 0x2e, 0x12, 0x15, 0x13, 0x1c, 0x2b, 0x29, 0x1a, 0x1c, 0x1d, 0x1c, 0x12, 0x1e, 0x11, 0x2e,
0x14, 0x4e, 0x2e, 0x1a, 0x28, 0x1b, 0x1e, 0x2a, 0x1b, 0x11, 0x17, 0x1b, 0x17, 0x11, 0x3e, 0x14, 0x18, 0x4e, 0x2e, 0x17, 0x1c, 0x17, 0x16, 0x17, 0x26, 0x2e, 0x1a, 0x7e, 0x14, 0x4e, 0x1e, 0x16, 0x19, 0x1a, 0x17, 0x11, 0x16, 0x17, 0x2e, 0x2b, 0x12, 0xbe, 0x1e, 0x17, 0x11, 0x16, 0x1e, 0x17, 0x1a, 0x1e, 0x17, 0x1e, 0x1a, 0x1b, 0x17, 0xbe, 0x3e, 0x17, 0x1e, 0x13, 0x1b, 0x3e, 0x17, 0x16, 0x1a, 0x11, 0xae, 0x2e, 0x26, 0x17, 0x1a, 0x17, 0x3e, 0x16, 0x1e, 0x13, 0x19, 0xae, 0x1e, 0x15, 0x3e, 0x15, 0x1a, 0x14, 0x3e, 0x17, 0x1e, 0x17, 0x16, 0x2e, 0x15, 0x6e, 0x3e, 0x16, 0x1e, 0x13, 0x1a, 0x1e, 0x1a, 0x6e, 0x18, 0x8e, 0x5e, 0x19, 0xfe, 0x3e,
// Compressed size: 330 bytes original pixels: 12544 uint16_t → ~25088 bytes uncompressed)

// MINOTAUR / Minotaur Auraflow V0.3 000 S2505692537 Th0.100 24 [Folder: MINOTAUR] - RLE compressed data (offset: 41468, size: 200)
0xff, 0x9f, 0xff, 0x1d, 0x8f, 0x7f, 0x13, 0x7f, 0x1e, 0x8f, 0x7f, 0x1e, 0x21, 0x1f, 0x12, 0x2f, 0x11, 0x1e, 0x8f, 0x9f, 0x14, 0x1b, 0x11, 0x17, 0x1a, 0x16, 0x9f, 0x8f, 0x11, 0x12, 0x19, 0x1e, 0x1b, 0x12, 0xaf, 0x8f, 0x12, 0x13, 0x1e, 0x1d, 0x18, 0x21, 0x9f, 0x7f, 0x11, 0x1a, 0x12, 0x2c, 0x11, 0x25, 0x12, 0x8f, 0x7f, 0x14, 0x1c, 0x1b, 0x1c, 0x1b, 0x2e, 0x18, 0x14, 0x8f, 0x7f, 0x16, 0x19, 0x1e, 0x1b, 0x12, 0x2b, 0x1d, 0x13, 0x8f, 0x7f, 0x18, 0x1b, 0x19, 0x1d, 0x13, 0x1b, 0x12, 0x1f, 0x13, 0x8f, 0x7f, 0x1d, 0x2b, 0x1d, 0x1c, 0x19, 0x12, 0x1f, 0x1a, 0x18, 0x7f, 0x7f, 0x1a, 0x1f, 0x16, 0x1d, 0x1e, 0x1a, 0x1e, 0x1f, 0x2b, 0x7f, 0x7f, 0x13, 0x19, 0x1b, 0x1a, 0x18, 0x16,
0x19, 0x12, 0x1f, 0x17, 0x7f, 0x7f, 0x1a, 0x1f, 0x1b, 0x19, 0x16, 0x14, 0x17, 0x1f, 0x16, 0x15, 0x7f, 0x4f, 0x12, 0x14, 0x2f, 0x19, 0x1c, 0x1a, 0x27, 0x1c, 0x1f, 0x13, 0x8f, 0x4f, 0x17, 0x16, 0x3f, 0x1e, 0x15, 0x16, 0x17, 0x19, 0xaf, 0x4f, 0x17, 0x15, 0x14, 0x2f, 0x1b, 0x1f, 0x14, 0x1f, 0x1d, 0xaf, 0x4f, 0x18, 0x3f, 0x12, 0x1b, 0x15, 0x1f, 0x14, 0x1a, 0x17, 0x9f, 0x9f, 0x18, 0x12, 0x2f, 0x15, 0x17, 0x9f, 0x9f, 0x18, 0x4f, 0x1c, 0x9f, 0x8f, 0x11, 0x16, 0x4f, 0x1a, 0x9f, 0x7f, 0x25, 0x17, 0x4f, 0x17, 0x14, 0x8f, 0xff, 0x9f,
// Compressed size: 200 bytes original pixels: 12544 uint16_t → ~25088 bytes uncompressed)

// MOLE PEOPLE / Mole People Auraflow V0.3 000 S4009370038 Th0.100 24 [Folder: MOLE_PEOPLE] - RLE compressed data (offset: 41668, size: 181)
0xfe, 0x9e, 0xfe, 0x9e, 0xfe, 0x9e, 0x9e, 0x18, 0xee, 0x6e, 0x1a, 0x13, 0x24, 0x12, 0x11, 0x14, 0x17, 0xae, 0x5e, 0x11, 0x1e, 0x13, 0x10, 0x15, 0x21, 0x13, 0x15, 0xae, 0x7e, 0x13, 0x1a, 0x19, 0x20, 0x1b, 0x14, 0x1a, 0x9e, 0x6e, 0x17, 0x13, 0x17, 0x18, 0x13, 0x12, 0x1b, 0x1a, 0x17, 0x9e, 0x6e, 0x16, 0x19, 0x2d, 0x18, 0x17, 0x2d, 0x1c, 0x9e, 0x7e, 0x19, 0x1c, 0x1d, 0x1b, 0x1f, 0x1d, 0x1f, 0x18, 0x9e, 0x6e, 0x10, 0x17, 0x1a, 0x1d, 0x18, 0x1a, 0x2d, 0x18, 0x19, 0x8e, 0x6e, 0x12, 0x13, 0x15, 0x1d, 0x12, 0x17, 0x1f, 0x1c, 0x1a, 0x17, 0x8e, 0x6e, 0x14, 0x13, 0x19, 0x1d, 0x14, 0x1a, 0x16, 0x12, 0x1d, 0x11, 0x1c, 0x7e, 0x6e, 0x1a, 0x14, 0x17, 0x1d, 0x19, 0x1e, 0x16, 0x1a,
0x1e, 0x12, 0x1d, 0x7e, 0x7e, 0x1b, 0x13, 0x1e, 0x1b, 0x1e, 0x19, 0x18, 0x1e, 0x11, 0x8e, 0x7e, 0x19, 0x18, 0x1a, 0x2e, 0x1a, 0x2e, 0x11, 0x8e, 0x6e, 0x18, 0x2a, 0x10, 0x2e, 0x1b, 0x1c, 0x1e, 0x12, 0x8e, 0x6e, 0x19, 0x1a, 0x11, 0x1a, 0x10, 0x1e, 0x18, 0x17, 0x1e, 0x11, 0x10, 0x7e, 0x8e, 0x1a, 0x5e, 0x34, 0x1c, 0x6e, 0x9e, 0x11, 0x4e, 0x12, 0x1e, 0x1b, 0x18, 0x6e, 0xfe, 0x9e, 0xfe, 0x9e, 0xfe, 0x9e, 0xfe, 0x9e,
// Compressed size: 181 bytes original pixels: 12544 uint16_t → ~25088 bytes uncompressed)

// MORGEN / Morgen Auraflow V0.3 000 S342274397 Th0.100 24 [Folder: MORGEN] - RLE compressed data (offset: 41849, size: 265)
0xff, 0x9f, 0xbf, 0x10, 0x1f, 0x12, 0xaf, 0x9f, 0x11, 0x1b, 0x1d, 0x10, 0x11, 0xaf, 0x9f, 0x17, 0x20, 0x17, 0x10, 0xaf, 0x4f, 0x10, 0x5f, 0x1b, 0x17, 0x15, 0x12, 0x18, 0x9f, 0xaf, 0x12, 0x1d, 0x18, 0x17, 0x1b, 0x10, 0x8f, 0x2f, 0x1a, 0x21, 0x17, 0x4f, 0x10, 0x1c, 0x1b, 0x2e, 0x18, 0x11, 0x7f, 0x5f, 0x10, 0x1d, 0x3f, 0x17, 0x1e, 0x2c, 0x14, 0x18, 0x2f, 0x17, 0x5f, 0x6f, 0x1d, 0x11, 0x22, 0x1a, 0x1d, 0x14, 0x18, 0x17, 0x14, 0x8f, 0x6f, 0x10, 0x1c, 0x13, 0x1b, 0x11, 0x1f, 0x12, 0x1a, 0x1d, 0x1b, 0x4f, 0x1c, 0x3f, 0x6f, 0x11, 0x1f, 0x17, 0x14, 0x1f, 0x11, 0x1c, 0x18, 0x17, 0x18, 0x17, 0x7f, 0x7f, 0x18, 0x11, 0x2f, 0x10, 0x1a, 0x1b, 0x28, 0x10, 0x7f, 0xbf, 0x14, 0x1e,
0x1d, 0x15, 0x1b, 0x1f, 0x1c, 0x6f, 0xbf, 0x1a, 0x1c, 0x1b, 0x18, 0x1f, 0x15, 0x18, 0x6f, 0x7f, 0x13, 0x2f, 0x17, 0x1c, 0x17, 0x1e, 0x1b, 0x10, 0x8f, 0x1f, 0x32, 0x14, 0x12, 0x10, 0x11, 0x13, 0x11, 0x15, 0x12, 0x11, 0x1e, 0x1d, 0x12, 0x8f, 0x24, 0x23, 0x11, 0x12, 0x11, 0x14, 0x19, 0x13, 0x24, 0x1e, 0x18, 0x1c, 0x18, 0x8f, 0x15, 0x26, 0x22, 0x11, 0x16, 0x14, 0x2a, 0x11, 0x1e, 0x1a, 0x14, 0x17, 0x1b, 0x11, 0x1f, 0x11, 0x5f, 0x15, 0x1a, 0x17, 0x2a, 0x1c, 0x1a, 0x19, 0x28, 0x19, 0x2d, 0x1b, 0x1c, 0x19, 0x16, 0x12, 0x10, 0x5f, 0x15, 0x26, 0x19, 0x1a, 0x27, 0x1c, 0x1d, 0x27, 0x18, 0x17, 0x2a, 0x19, 0x24, 0x13, 0x12, 0x11, 0x3f, 0x15, 0x16, 0x19, 0x1c, 0x1a, 0x12, 0x17,
0x16, 0x18, 0x2a, 0x15, 0x3a, 0x17, 0x13, 0x16, 0x13, 0x14, 0x13, 0x25, 0x1f, 0x2f, 0x14, 0x25, 0x13, 0x27, 0x16, 0x17, 0x14, 0x16, 0x13, 0x26, 0x11, 0x17, 0x26, 0x5f, 0x6f, 0x12, 0x14, 0x19, 0x17, 0x1a, 0x17, 0x14, 0x13, 0x11, 0x9f, 0xff, 0x9f,
// Compressed size: 265 bytes original pixels: 12544 uint16_t → ~25088 bytes uncompressed)

// MOROI / Moroi Auraflow V0.3 000 S2885729455 Th0.100 24 [Folder: MOROI] - RLE compressed data (offset: 42114, size: 283)
0xfe, 0x9e, 0xfe, 0x9e, 0x8e, 0x11, 0x10, 0x11, 0x15, 0x17, 0xbe, 0x6e, 0x11, 0x23, 0x11, 0x15, 0x21, 0x13, 0x15, 0x9e, 0x5e, 0x13, 0x10, 0x15, 0x11, 0x1d, 0x13, 0x12, 0x10, 0x15, 0x14, 0x1b, 0x16, 0x7e, 0x4e, 0x11, 0x10, 0x13, 0x1b, 0x1a, 0x1b, 0x31, 0x1a, 0x1d, 0x1a, 0x14, 0x16, 0x6e, 0x4e, 0x20, 0x1a, 0x1f, 0x19, 0x1c, 0x1a, 0x13, 0x24, 0x1d, 0x1c, 0x16, 0x14, 0x16, 0x5e, 0x3e, 0x12, 0x10, 0x15, 0x12, 0x19, 0x2d, 0x2c, 0x15, 0x18, 0x1d, 0x19, 0x1b, 0x24, 0x1a, 0x4e, 0x3e, 0x13, 0x15, 0x11, 0x1d, 0x19, 0x1d, 0x2c, 0x1d, 0x15, 0x1c, 0x1e, 0x2a, 0x15, 0x18, 0x1a, 0x1b, 0x3e, 0x3e, 0x20, 0x1d, 0x19, 0x1d, 0x17, 0x1c, 0x1d, 0x19, 0x1b, 0x1c, 0x1e, 0x15, 0x1c, 0x17,
0x18, 0x19, 0x1a, 0x17, 0x2e, 0x3e, 0x11, 0x19, 0x1f, 0x18, 0x27, 0x1e, 0x3c, 0x1d, 0x1e, 0x1a, 0x1d, 0x13, 0x1c, 0x12, 0x1e, 0x18, 0x2e, 0x3e, 0x17, 0x1c, 0x19, 0x16, 0x3e, 0x19, 0x1b, 0x1d, 0x1c, 0x1b, 0x17, 0x19, 0x1c, 0x19, 0x14, 0x18, 0x17, 0x2e, 0x3e, 0x10, 0x1d, 0x1c, 0x12, 0x4e, 0x1b, 0x16, 0x10, 0x1a, 0x19, 0x18, 0x1e, 0x16, 0x19, 0x17, 0x16, 0x18, 0x1e, 0x4e, 0x17, 0x1b, 0x14, 0x4e, 0x17, 0x11, 0x13, 0x1a, 0x19, 0x3e, 0x19, 0x11, 0x1e, 0x18, 0x1e, 0x4e, 0x13, 0x1a, 0x5e, 0x15, 0x11, 0x1d, 0x1a, 0x15, 0x4e, 0x14, 0x1e, 0x1c, 0x1e, 0x5e, 0x17, 0x6e, 0x13, 0x1e, 0x27, 0x14, 0x3e, 0x1c, 0x3e, 0x5e, 0x19, 0x6e, 0x12, 0x3e, 0x17, 0x13, 0x2e, 0x17, 0x3e, 0x5e,
0x12, 0x5e, 0x10, 0x4e, 0x16, 0x3e, 0x28, 0x2e, 0x5e, 0x13, 0x5e, 0x14, 0x4e, 0x17, 0x3e, 0x14, 0x1d, 0x2e, 0x5e, 0x12, 0x4e, 0x15, 0x12, 0x3e, 0x16, 0x4e, 0x17, 0x3e, 0x3e, 0x25, 0x11, 0x4e, 0x10, 0x17, 0x1a, 0x1c, 0x1e, 0x17, 0x3e, 0x14, 0x18, 0x3e, 0x2e, 0x17, 0x16, 0x15, 0x14, 0x12, 0x19, 0x14, 0x2c, 0x7e, 0x17, 0x16, 0x4e, 0xfe, 0x9e, 0xfe, 0x9e,
// Compressed size: 283 bytes original pixels: 12544 uint16_t → ~25088 bytes uncompressed)

// MUMMY / Mummy Auraflow V0.3 000 S2406027507 Th0.100 24 [Folder: MUMMY] - RLE compressed data (offset: 42397, size: 223)
0xfe, 0x9e, 0xae, 0x20, 0xce, 0x9e, 0x13, 0x30, 0x16, 0xae, 0x9e, 0x23, 0x10, 0x16, 0x13, 0x10, 0x9e, 0x9e, 0x1d, 0x19, 0x1d, 0x19, 0x10, 0x13, 0x10, 0x8e, 0x8e, 0x13, 0x1d, 0x1b, 0x2d, 0x15, 0x14, 0x1a, 0x16, 0x7e, 0x8e, 0x18, 0x19, 0x1d, 0x19, 0x1d, 0x18, 0x16, 0x1a, 0x13, 0x7e, 0x7e, 0x14, 0x1e, 0x16, 0x2d, 0x19, 0x16, 0x1f, 0x1b, 0x18, 0x13, 0x6e, 0x8e, 0x10, 0x1d, 0x1b, 0x1d, 0x3a, 0x1b, 0x1e, 0x1c, 0x10, 0x5e, 0x8e, 0x14, 0x2d, 0x1c, 0x2d, 0x18, 0x13, 0x2e, 0x19, 0x14, 0x4e, 0x8e, 0x1f, 0x18, 0x1e, 0x2c, 0x1d, 0x19, 0x13, 0x3e, 0x13, 0x4e, 0x8e, 0x19, 0x11, 0x1e, 0x1a, 0x1c, 0x29, 0x1d, 0x3e, 0x1f, 0x4e, 0x8e, 0x18, 0x12, 0x1e, 0x18, 0x1a, 0x1b, 0x2c, 0x3e,
0x18, 0x4e, 0x7e, 0x25, 0x12, 0x1e, 0x38, 0x1a, 0x19, 0x16, 0x2e, 0x15, 0x4e, 0x7e, 0x13, 0x11, 0x2e, 0x18, 0x1a, 0x14, 0x1b, 0x1d, 0x13, 0x2e, 0x1c, 0x4e, 0x7e, 0x12, 0x28, 0x1e, 0x13, 0x17, 0x19, 0x2b, 0x19, 0x2e, 0x1b, 0x4e, 0x6e, 0x25, 0x2e, 0x16, 0x14, 0x15, 0x1a, 0x16, 0x19, 0x18, 0x2e, 0x13, 0x4e, 0x6e, 0x13, 0x14, 0x2e, 0x14, 0x1e, 0x14, 0x25, 0x14, 0x15, 0x1e, 0x13, 0x14, 0x4e, 0x5e, 0x14, 0x17, 0x11, 0x2e, 0x15, 0x11, 0x22, 0x15, 0x1e, 0x18, 0x12, 0x6e, 0x4e, 0x12, 0x11, 0x14, 0x3e, 0x14, 0x11, 0x14, 0x22, 0x1e, 0x14, 0x12, 0x6e, 0x4e, 0x14, 0x5e, 0x12, 0x1e, 0x12, 0x11, 0x3e, 0x12, 0x6e, 0x5e, 0x11, 0x6e, 0x11, 0x10, 0xae, 0xfe, 0x9e, 0xfe, 0x9e,
// Compressed size: 223 bytes original pixels: 12544 uint16_t → ~25088 bytes uncompressed)

// MURYAN / Muryan Auraflow V0.3 000 S1993126143 Th0.100 24 [Folder: MURYAN] - RLE compressed data (offset: 42620, size: 201)
0xfe, 0x9e, 0xfe, 0x9e, 0xfe, 0x9e, 0xfe, 0x9e, 0xfe, 0x5e, 0x10, 0x3e, 0xae, 0x14, 0x10, 0x14, 0x10, 0x5e, 0x16, 0x4e, 0x9e, 0x10, 0x44, 0x13, 0x10, 0x8e, 0x8e, 0x18, 0x14, 0x28, 0x1a, 0x1d, 0x1b, 0x20, 0x14, 0x12, 0x5e, 0x8e, 0x24, 0x13, 0x17, 0x1d, 0x1b, 0x18, 0x19, 0x1b, 0x24, 0x5e, 0x4e, 0x1c, 0x15, 0x1e, 0x24, 0x1c, 0x3d, 0x1a, 0x19, 0x1b, 0x11, 0x12, 0x18, 0x12, 0x4e, 0x3e, 0x16, 0x12, 0x17, 0x1e, 0x17, 0x1c, 0x1b, 0x19, 0x1c, 0x1d, 0x19, 0x2d, 0x22, 0x14, 0x13, 0x4e, 0x3e, 0x12, 0x18, 0x19, 0x2c, 0x11, 0x2d, 0x1c, 0x1d, 0x1a, 0x19, 0x15, 0x2f, 0x19, 0x17, 0x4e, 0x4e, 0x19, 0x1e, 0x1b, 0x1c, 0x10, 0x3a, 0x17, 0x1d, 0x27, 0x1d, 0x1c, 0x17, 0x1b, 0x4e, 0x3e,
0x18, 0x1e, 0x12, 0x1f, 0x1d, 0x19, 0x1d, 0x1f, 0x11, 0x16, 0x1a, 0x2e, 0x17, 0x1a, 0x18, 0x1d, 0x14, 0x3e, 0x2e, 0x11, 0x15, 0x1e, 0x2a, 0x11, 0x10, 0x17, 0x12, 0x2a, 0x3e, 0x15, 0x11, 0x1d, 0x2e, 0x13, 0x2e, 0x3e, 0x17, 0x3e, 0x1f, 0x1a, 0x2e, 0x1a, 0x4e, 0x17, 0x1e, 0x1b, 0x5e, 0x3e, 0x16, 0x13, 0x3e, 0x17, 0x2e, 0x12, 0x5e, 0x1a, 0x6e, 0x3e, 0x12, 0x16, 0x3e, 0x19, 0xfe, 0x3e, 0x12, 0x4e, 0x17, 0x15, 0x2e, 0x13, 0xbe, 0xce, 0x17, 0x8e, 0x15, 0x2e, 0xce, 0x1c, 0x4e, 0x15, 0x6e, 0x9e, 0x1c, 0xee, 0x9e, 0x18, 0xee, 0xfe, 0x9e,
// Compressed size: 201 bytes original pixels: 12544 uint16_t → ~25088 bytes uncompressed)

// MYRMIDON / Myrmidon Auraflow V0.3 000 S2936486669 Th0.100 24 [Folder: MYRMIDON] - RLE compressed data (offset: 42821, size: 187)
0xfe, 0x9e, 0xfe, 0x9e, 0xfe, 0x9e, 0xfe, 0x9e, 0xfe, 0x9e, 0x9e, 0x13, 0x6e, 0x15, 0x7e, 0x8e, 0x17, 0x13, 0x10, 0x18, 0x11, 0x10, 0x16, 0x11, 0x8e, 0x7e, 0x16, 0x13, 0x2a, 0x28, 0x13, 0x17, 0x11, 0x8e, 0x5e, 0x26, 0x13, 0x15, 0x17, 0x14, 0x15, 0x16, 0x1d, 0x18, 0x1d, 0x8e, 0x7e, 0x1b, 0x19, 0x1d, 0x12, 0x1c, 0x1b, 0x10, 0x19, 0x1f, 0x12, 0x7e, 0x6e, 0x16, 0x1e, 0x1a, 0x16, 0x1a, 0x19, 0x16, 0x11, 0x1c, 0x1f, 0x1c, 0x1a, 0x14, 0x5e, 0x4e, 0x16, 0x1b, 0x18, 0x11, 0x1a, 0x3e, 0x1b, 0x2d, 0x1f, 0x16, 0x1f, 0x19, 0x5e, 0x3e, 0x13, 0x2e, 0x15, 0x1c, 0x5e, 0x1d, 0x1e, 0x15, 0x1a, 0x10, 0x18, 0x19, 0x4e, 0x3e, 0x11, 0x1e, 0x17, 0x1e, 0x11, 0x5e, 0x16, 0x1e, 0x10, 0x16,
0x12, 0x19, 0x1a, 0x11, 0x3e, 0x4e, 0x12, 0x1f, 0x28, 0x16, 0x4e, 0x1b, 0x1e, 0x12, 0x1e, 0x19, 0x13, 0x1e, 0x14, 0x3e, 0x4e, 0x1f, 0x3e, 0x17, 0x4e, 0x17, 0x1c, 0x12, 0x2e, 0x17, 0x1e, 0x19, 0x3e, 0x4e, 0x14, 0x3e, 0x17, 0x4e, 0x17, 0x4e, 0x1a, 0x5e, 0x4e, 0x12, 0x3e, 0x1d, 0x4e, 0x18, 0x15, 0x3e, 0x1a, 0x16, 0x4e, 0x4e, 0x17, 0x2e, 0x19, 0x5e, 0x11, 0x4e, 0x13, 0x5e, 0x5e, 0x18, 0x2e, 0x10, 0xfe, 0xfe, 0x9e, 0xfe, 0x9e, 0xfe, 0x9e, 0xfe, 0x9e,
// Compressed size: 187 bytes original pixels: 12544 uint16_t → ~25088 bytes uncompressed)

// NACKEN / Nacken Auraflow V0.3 000 S1148716649 Th0.100 24 [Folder: NACKEN] - RLE compressed data (offset: 43008, size: 328)
0xff, 0x9f, 0x9f, 0x1b, 0x5f, 0x1e, 0x2f, 0x11, 0x5f, 0x7f, 0x11, 0x10, 0x1c, 0x1f, 0x1b, 0x3f, 0x12, 0x2f, 0x13, 0x5f, 0x6f, 0x16, 0x3f, 0x1b, 0x21, 0x1f, 0x10, 0x1f, 0x14, 0x1d, 0x15, 0x11, 0x1c, 0x3f, 0x8f, 0x17, 0x1f, 0x22, 0x11, 0x10, 0x2f, 0x10, 0x1e, 0x15, 0x10, 0x18, 0x3f, 0x8f, 0x19, 0x11, 0x17, 0x1b, 0x1a, 0x3f, 0x18, 0x10, 0x12, 0x1d, 0x18, 0x3f, 0x8f, 0x26, 0x1c, 0x1d, 0x1b, 0x3f, 0x10, 0x17, 0x1d, 0x1a, 0x18, 0x3f, 0x7f, 0x17, 0x13, 0x1d, 0x29, 0x17, 0x1f, 0x15, 0x14, 0x18, 0x12, 0x1a, 0x18, 0x1c, 0x3f, 0x7f, 0x1c, 0x1b, 0x1e, 0x17, 0x11, 0x15, 0x1a, 0x10, 0x12, 0x2a, 0x3d, 0x3f, 0x5f, 0x14, 0x17, 0x1c, 0x19, 0x1a, 0x13, 0x1d, 0x1c, 0x10, 0x14, 0x15,
0x13, 0x1d, 0x1b, 0x1d, 0x18, 0x3f, 0x5f, 0x1b, 0x14, 0x2e, 0x17, 0x16, 0x1e, 0x14, 0x19, 0x10, 0x1c, 0x19, 0x10, 0x15, 0x18, 0x12, 0x18, 0x2f, 0x5f, 0x16, 0x11, 0x18, 0x1c, 0x17, 0x1c, 0x1d, 0x17, 0x11, 0x14, 0x15, 0x11, 0x1c, 0x1a, 0x18, 0x15, 0x28, 0x1f, 0x4f, 0x13, 0x1b, 0x1c, 0x15, 0x14, 0x2e, 0x1c, 0x10, 0x11, 0x17, 0x1c, 0x19, 0x1d, 0x1b, 0x1c, 0x2d, 0x18, 0x1f, 0x4f, 0x13, 0x19, 0x15, 0x18, 0x1c, 0x1b, 0x16, 0x13, 0x11, 0x12, 0x18, 0x1d, 0x28, 0x15, 0x1d, 0x15, 0x28, 0x1f, 0x3f, 0x13, 0x18, 0x1d, 0x18, 0x1c, 0x1d, 0x14, 0x1e, 0x1c, 0x21, 0x2d, 0x1e, 0x1d, 0x1e, 0x18, 0x1c, 0x1d, 0x1e, 0x1f, 0x2f, 0x18, 0x19, 0x16, 0x1b, 0x1c, 0x2d, 0x18, 0x17, 0x11, 0x14,
0x11, 0x1c, 0x2d, 0x1e, 0x38, 0x1a, 0x18, 0x1f, 0x2f, 0x16, 0x1b, 0x11, 0x29, 0x1d, 0x28, 0x1b, 0x14, 0x16, 0x23, 0x1e, 0x1b, 0x1c, 0x19, 0x1c, 0x18, 0x1c, 0x1d, 0x1f, 0x3f, 0x13, 0x14, 0x13, 0x19, 0x18, 0x15, 0x18, 0x13, 0x14, 0x16, 0x10, 0x1b, 0x16, 0x11, 0x2b, 0x2c, 0x18, 0x1c, 0x1f, 0x3f, 0x19, 0x17, 0x1a, 0x16, 0x11, 0x19, 0x1a, 0x19, 0x16, 0x14, 0x16, 0x13, 0x17, 0x34, 0x1d, 0x17, 0x2c, 0x1f, 0x4f, 0x1b, 0x19, 0x1c, 0x16, 0x12, 0x1a, 0x12, 0x13, 0x21, 0x10, 0x11, 0x20, 0x1b, 0x2c, 0x1a, 0x18, 0x1f, 0x4f, 0x17, 0x1c, 0x1d, 0x1b, 0x26, 0x10, 0x16, 0x11, 0x13, 0x20, 0x11, 0x7f, 0xff, 0x9f, 0xff, 0x9f, 0xff, 0x9f,
// Compressed size: 328 bytes original pixels: 12544 uint16_t → ~25088 bytes uncompressed)

// NAGA / Naga Auraflow V0.3 000 S2656101310 Th0.100 24 [Folder: NAGA] - RLE compressed data (offset: 43336, size: 302)
0xff, 0x9f, 0x9f, 0x11, 0x1a, 0x11, 0x10, 0xbf, 0x8f, 0x11, 0x13, 0x11, 0x33, 0xaf, 0x7f, 0x40, 0x1c, 0x14, 0x1d, 0x13, 0x9f, 0x7f, 0x12, 0x18, 0x1e, 0x2c, 0x1b, 0x1d, 0x13, 0x9f, 0x7f, 0x14, 0x1e, 0x18, 0x14, 0x19, 0x1a, 0x14, 0x1a, 0x17, 0x8f, 0x7f, 0x28, 0x17, 0x19, 0x1e, 0x1a, 0x12, 0x19, 0x15, 0x8f, 0x6f, 0x14, 0x15, 0x1d, 0x16, 0x11, 0x1e, 0x13, 0x15, 0x1d, 0x1b, 0x8f, 0x7f, 0x1e, 0x15, 0x10, 0x14, 0x15, 0x13, 0x14, 0x1b, 0x19, 0x8f, 0x9f, 0x31, 0x1b, 0x1a, 0x1d, 0x1a, 0x8f, 0x7f, 0x13, 0x10, 0x13, 0x15, 0x19, 0x2b, 0x1d, 0x1e, 0x8f, 0x6f, 0x10, 0x1d, 0x15, 0x12, 0x1a, 0x1d, 0x15, 0x14, 0x27, 0x8f, 0x5f, 0x10, 0x12, 0x15, 0x1e, 0x1b, 0x1e, 0x19, 0x13, 0x18,
0x1d, 0x16, 0x13, 0x11, 0x13, 0x5f, 0x5f, 0x10, 0x17, 0x2d, 0x2b, 0x14, 0x15, 0x18, 0x2d, 0x29, 0x11, 0x14, 0x4f, 0x4f, 0x11, 0x13, 0x15, 0x3b, 0x1d, 0x36, 0x1b, 0x14, 0x11, 0x1b, 0x12, 0x17, 0x4f, 0x4f, 0x15, 0x17, 0x1a, 0x16, 0x19, 0x18, 0x19, 0x14, 0x1d, 0x19, 0x1c, 0x1a, 0x11, 0x1a, 0x14, 0x13, 0x4f, 0x3f, 0x19, 0x12, 0x18, 0x1a, 0x19, 0x16, 0x17, 0x14, 0x15, 0x14, 0x1d, 0x1b, 0x1a, 0x2b, 0x12, 0x19, 0x4f, 0x3f, 0x14, 0x17, 0x2a, 0x26, 0x18, 0x14, 0x10, 0x1b, 0x1c, 0x1b, 0x18, 0x1b, 0x11, 0x15, 0x18, 0x4f, 0x3f, 0x1b, 0x12, 0x13, 0x19, 0x16, 0x14, 0x10, 0x1a, 0x12, 0x2d, 0x1b, 0x11, 0x17, 0x11, 0x18, 0x12, 0x10, 0x12, 0x2f, 0x4f, 0x1a, 0x15, 0x30, 0x13, 0x1b,
0x2c, 0x11, 0x1d, 0x2a, 0x19, 0x1b, 0x18, 0x12, 0x26, 0x19, 0x4f, 0x1c, 0x1b, 0x11, 0x23, 0x1b, 0x18, 0x1c, 0x18, 0x1c, 0x11, 0x14, 0x16, 0x14, 0x17, 0x15, 0x17, 0x1d, 0x18, 0x1b, 0x5f, 0x2c, 0x1b, 0x1d, 0x1c, 0x1d, 0x1b, 0x1a, 0x11, 0x13, 0x21, 0x15, 0x16, 0x15, 0x1d, 0x1e, 0x1c, 0x1b, 0x8f, 0x1c, 0x1b, 0x1e, 0x16, 0x1b, 0x18, 0x29, 0x18, 0x2b, 0x19, 0x17, 0x1b, 0x16, 0x1f, 0x8f, 0x1c, 0x19, 0x26, 0x1d, 0x1a, 0x19, 0x2b, 0x18, 0x16, 0x1b, 0x18, 0x1b, 0x1c, 0x1f,
// Compressed size: 302 bytes original pixels: 12544 uint16_t → ~25088 bytes uncompressed)

// NAIAD / Naiad Auraflow V0.3 000 S3378511831 Th0.100 24 [Folder: NAIAD] - RLE compressed data (offset: 43638, size: 292)
0xff, 0x9f, 0xcf, 0x11, 0xbf, 0x9f, 0x60, 0x11, 0x12, 0x7f, 0x7f, 0x14, 0x11, 0x10, 0x16, 0x12, 0x33, 0x16, 0x11, 0x12, 0x10, 0x5f, 0x7f, 0x14, 0x13, 0x26, 0x1c, 0x1a, 0x12, 0x16, 0x13, 0x11, 0x10, 0x22, 0x4f, 0x7f, 0x16, 0x17, 0x18, 0x2b, 0x1c, 0x36, 0x18, 0x20, 0x24, 0x3f, 0x6f, 0x14, 0x15, 0x1a, 0x1c, 0x19, 0x1d, 0x1e, 0x1b, 0x1a, 0x16, 0x12, 0x16, 0x12, 0x10, 0x14, 0x3f, 0x7f, 0x14, 0x2a, 0x19, 0x1e, 0x1c, 0x1d, 0x1e, 0x1c, 0x18, 0x13, 0x11, 0x14, 0x17, 0x1d, 0x2f, 0x8f, 0x16, 0x1c, 0x29, 0x2d, 0x17, 0x1a, 0x18, 0x1a, 0x16, 0x12, 0x4f, 0x8f, 0x12, 0x17, 0x1f, 0x14, 0x17, 0x2e, 0x1b, 0x1c, 0x17, 0x24, 0x4f, 0x9f, 0x11, 0x10, 0x16, 0x1b, 0x2d, 0x1b, 0x1d, 0x16,
0x13, 0x12, 0x4f, 0x7f, 0x22, 0x10, 0x12, 0x18, 0x1d, 0x1e, 0x3d, 0x16, 0x13, 0x15, 0x4f, 0x7f, 0x22, 0x11, 0x14, 0x18, 0x1e, 0x1d, 0x2b, 0x1c, 0x18, 0x16, 0x10, 0x17, 0x3f, 0x2f, 0x17, 0x11, 0x16, 0x12, 0x2f, 0x22, 0x1a, 0x1b, 0x3d, 0x1b, 0x1c, 0x18, 0x16, 0x15, 0x4f, 0x1f, 0x16, 0x17, 0x25, 0x14, 0x13, 0x12, 0x13, 0x18, 0x1c, 0x1a, 0x1d, 0x1b, 0x1a, 0x17, 0x1b, 0x1c, 0x16, 0x15, 0x4f, 0x1f, 0x16, 0x34, 0x25, 0x27, 0x2a, 0x1c, 0x1a, 0x1d, 0x1b, 0x16, 0x17, 0x26, 0x14, 0x4f, 0x17, 0x15, 0x17, 0x25, 0x36, 0x1a, 0x19, 0x18, 0x1d, 0x1e, 0x1d, 0x1e, 0x10, 0x1a, 0x14, 0x13, 0x5f, 0x1f, 0x17, 0x26, 0x14, 0x16, 0x18, 0x17, 0x19, 0x1a, 0x1d, 0x1c, 0x3e, 0x2b, 0x13, 0x22,
0x4f, 0x2f, 0x18, 0x16, 0x18, 0x16, 0x1a, 0x2b, 0x1a, 0x14, 0x2c, 0x1d, 0x19, 0x1d, 0x18, 0x16, 0x24, 0x4f, 0x2f, 0x19, 0x1b, 0x18, 0x4b, 0x1a, 0x1b, 0x1c, 0x1b, 0x1d, 0x2b, 0x18, 0x14, 0x15, 0x14, 0x4f, 0x4f, 0x24, 0x1a, 0x39, 0x1d, 0x1c, 0x1d, 0x19, 0x1a, 0x17, 0x1a, 0x11, 0x14, 0x17, 0x10, 0x3f, 0x9f, 0x14, 0x15, 0x19, 0x14, 0x17, 0x19, 0x1b, 0x15, 0x16, 0x14, 0x15, 0x17, 0x3f, 0xff, 0x9f, 0xff, 0x9f,
// Compressed size: 292 bytes original pixels: 12544 uint16_t → ~25088 bytes uncompressed)

// NEREID / Nereid Auraflow V0.3 000 S1666650103 Th0.100 24 [Folder: NEREID] - RLE compressed data (offset: 43930, size: 235)
0x6f, 0x11, 0xff, 0x2f, 0x2f, 0x21, 0x13, 0x11, 0x20, 0x11, 0x40, 0xbf, 0x21, 0x22, 0x14, 0x12, 0x11, 0x12, 0x14, 0x22, 0x1a, 0x1e, 0x13, 0xaf, 0x2f, 0x12, 0x14, 0x18, 0x14, 0x12, 0x13, 0x12, 0x1a, 0x1d, 0x1e, 0x19, 0x15, 0xaf, 0x3f, 0x22, 0x1c, 0x26, 0x1d, 0x1b, 0x1e, 0x18, 0x15, 0xbf, 0x4f, 0x14, 0x18, 0x1a, 0x13, 0x1a, 0x1b, 0x18, 0x17, 0x15, 0x12, 0xaf, 0x4f, 0x12, 0x26, 0x1c, 0x1a, 0x1c, 0x17, 0x25, 0x16, 0x11, 0x9f, 0x5f, 0x12, 0x16, 0x28, 0x10, 0x19, 0x1a, 0x3f, 0x13, 0x10, 0x7f, 0x5f, 0x22, 0x14, 0x12, 0x10, 0x19, 0x1c, 0x1f, 0x11, 0x1b, 0x17, 0x14, 0x17, 0x14, 0x5f, 0x6f, 0x11, 0x1f, 0x12, 0x14, 0x1c, 0x14, 0x1b, 0x15, 0x17, 0x19, 0x11, 0x15, 0x29, 0x13,
0x3f, 0x7f, 0x13, 0x1a, 0x1b, 0x18, 0x29, 0x2b, 0x1d, 0x1b, 0x14, 0x1e, 0x1d, 0x1e, 0x3f, 0x8f, 0x10, 0x18, 0x1d, 0x1b, 0x1d, 0x1a, 0x2d, 0x35, 0x1d, 0x17, 0x3f, 0x7f, 0x14, 0x19, 0x2d, 0x19, 0x17, 0x15, 0x18, 0x17, 0x14, 0x13, 0x14, 0x16, 0x14, 0x1d, 0x2f, 0x7f, 0x18, 0x1e, 0x1c, 0x19, 0x17, 0x19, 0x1d, 0x14, 0x18, 0x1c, 0x4f, 0x19, 0x2f, 0x6f, 0x15, 0x1d, 0x1e, 0x18, 0x17, 0x2e, 0x17, 0x1f, 0x1b, 0x1a, 0x7f, 0x6f, 0x19, 0x1e, 0x17, 0x16, 0x24, 0x16, 0x1f, 0x1b, 0x1d, 0x8f, 0x5f, 0x13, 0x2d, 0x19, 0x26, 0x2f, 0x1c, 0x18, 0x9f, 0x5f, 0x12, 0x1d, 0x19, 0x16, 0x11, 0xef, 0x5f, 0x17, 0x1a, 0xff, 0x2f, 0x1e, 0x1b, 0x2f, 0x1d, 0x19, 0x16, 0xff, 0x2f, 0x1f, 0x2d, 0x1f,
0x2c, 0xff, 0x3f, 0x2f, 0x1d, 0xff, 0x6f, 0xff, 0x9f, 0xff, 0x9f,
// Compressed size: 235 bytes original pixels: 12544 uint16_t → ~25088 bytes uncompressed)

// NIGHTGAUNT / Nightgaunt Auraflow V0.3 000 S3867167029 Th0.100 24 [Folder: NIGHTGAUNT] - RLE compressed data (offset: 44165, size: 297)
0xf0, 0x90, 0xf0, 0x90, 0x60, 0x11, 0x13, 0x80, 0x13, 0x11, 0x60, 0x50, 0x15, 0x1d, 0x17, 0x11, 0x70, 0x1d, 0x17, 0x14, 0x50, 0x40, 0x15, 0x26, 0x1a, 0x1e, 0x70, 0x1c, 0x19, 0x15, 0x11, 0x40, 0x40, 0x1b, 0x15, 0x1e, 0x14, 0x1c, 0x60, 0x3e, 0x14, 0x1c, 0x40, 0x30, 0x1b, 0x1c, 0x1e, 0x1d, 0x1a, 0x1b, 0x1d, 0x50, 0x19, 0x1e, 0x1d, 0x26, 0x13, 0x30, 0x30, 0x18, 0x13, 0x1e, 0x13, 0x15, 0x1a, 0x14, 0x19, 0x22, 0x1d, 0x12, 0x14, 0x1a, 0x16, 0x1d, 0x1c, 0x16, 0x30, 0x20, 0x14, 0x13, 0x12, 0x19, 0x1e, 0x13, 0x1a, 0x16, 0x15, 0x1c, 0x15, 0x19, 0x1d, 0x1e, 0x15, 0x1c, 0x15, 0x2b, 0x13, 0x20, 0x20, 0x16, 0x1a, 0x12, 0x17, 0x1c, 0x1d, 0x14, 0x1c, 0x14, 0x1d, 0x13, 0x1c, 0x1b,
0x1c, 0x1b, 0x1d, 0x18, 0x16, 0x1b, 0x1c, 0x20, 0x20, 0x1a, 0x10, 0x19, 0x1b, 0x15, 0x17, 0x1a, 0x4d, 0x1e, 0x1d, 0x11, 0x12, 0x10, 0x19, 0x10, 0x1b, 0x1e, 0x20, 0x20, 0x1a, 0x20, 0x12, 0x10, 0x13, 0x1a, 0x10, 0x17, 0x15, 0x1d, 0x1e, 0x1c, 0x12, 0x20, 0x1b, 0x10, 0x1b, 0x1a, 0x20, 0x10, 0x18, 0x1a, 0x40, 0x1e, 0x30, 0x1b, 0x13, 0x20, 0x19, 0x11, 0x10, 0x1a, 0x10, 0x15, 0x1a, 0x20, 0x10, 0x18, 0x17, 0x30, 0x16, 0x12, 0x23, 0x10, 0x1e, 0x12, 0x10, 0x12, 0x17, 0x12, 0x30, 0x28, 0x20, 0x10, 0x26, 0x17, 0x20, 0x11, 0x20, 0x1f, 0x10, 0x13, 0x1e, 0x10, 0x16, 0x10, 0x14, 0x30, 0x1c, 0x12, 0x20, 0x10, 0x18, 0x14, 0x13, 0x20, 0x15, 0x40, 0x1b, 0x1e, 0x30, 0x1d, 0x30, 0x1a,
0x19, 0x20, 0x20, 0x19, 0x18, 0x20, 0x12, 0x30, 0x15, 0x10, 0x17, 0x16, 0x20, 0x17, 0x30, 0x13, 0x11, 0x20, 0x20, 0x17, 0x15, 0x60, 0x1d, 0x10, 0x17, 0x40, 0x16, 0x20, 0x14, 0x30, 0x30, 0x19, 0x60, 0x1a, 0x19, 0x50, 0x12, 0x20, 0x13, 0x30, 0x30, 0x19, 0x70, 0x1e, 0x50, 0x12, 0x10, 0x17, 0x40, 0x50, 0x13, 0x40, 0x17, 0x1b, 0x50, 0x12, 0x60, 0x40, 0x1f, 0x60, 0x17, 0x60, 0x16, 0x50, 0xf0, 0x40, 0x12, 0x40, 0xb0, 0x1a, 0x70, 0x17, 0x40,
// Compressed size: 297 bytes original pixels: 12544 uint16_t → ~25088 bytes uncompressed)

// NIX / Nix Auraflow V0.3 000 S3350401488 Th0.100 24 [Folder: NIX] - RLE compressed data (offset: 44462, size: 317)
0xfe, 0x9e, 0x9e, 0x18, 0xee, 0x7e, 0x1d, 0x1e, 0x18, 0xee, 0x4e, 0x1c, 0x1e, 0x10, 0x7e, 0x1d, 0x1c, 0x3e, 0x14, 0x4e, 0x4e, 0x19, 0x14, 0x1c, 0x6e, 0x10, 0xae, 0x4e, 0x12, 0x1b, 0x10, 0x15, 0x10, 0x3e, 0x10, 0x1c, 0x21, 0x1c, 0x7e, 0x5e, 0x16, 0x13, 0x1c, 0x17, 0x1f, 0x1d, 0x1c, 0x16, 0x11, 0x12, 0x11, 0x1c, 0x1a, 0x6e, 0x6e, 0x1f, 0x17, 0x1a, 0x1c, 0x14, 0x15, 0x12, 0x19, 0x1c, 0x12, 0x2c, 0x1a, 0x1e, 0x1c, 0x3e, 0x7e, 0x14, 0x10, 0x11, 0x10, 0x16, 0x11, 0x1b, 0x19, 0x10, 0x1c, 0x18, 0x13, 0x16, 0x1a, 0x3e, 0x7e, 0x15, 0x14, 0x1b, 0x1a, 0x1c, 0x13, 0x10, 0x3e, 0x1c, 0x1a, 0x1d, 0x1f, 0x3e, 0x7e, 0x10, 0x11, 0x19, 0x15, 0x2e, 0x12, 0x10, 0x2e, 0x18, 0x1a, 0x14,
0x16, 0x3e, 0x5e, 0x11, 0x14, 0x13, 0x2e, 0x18, 0x17, 0x2e, 0x1a, 0x10, 0x2e, 0x12, 0x13, 0x17, 0x3e, 0x5e, 0x10, 0x14, 0x13, 0x2e, 0x1c, 0x4e, 0x15, 0x13, 0x15, 0x1c, 0x13, 0x16, 0x3e, 0x4e, 0x1b, 0x17, 0x1b, 0x17, 0x2e, 0x11, 0x5e, 0x16, 0x17, 0x16, 0x12, 0x13, 0x3e, 0x3e, 0x11, 0x13, 0x17, 0x14, 0x1a, 0x1c, 0x1e, 0x1f, 0x5e, 0x1b, 0x15, 0x19, 0x14, 0x1b, 0x1c, 0x2e, 0x3e, 0x10, 0x12, 0x27, 0x13, 0x16, 0x13, 0x1f, 0x17, 0x1c, 0x1a, 0x1e, 0x16, 0x1d, 0x21, 0x13, 0x18, 0x3e, 0x4e, 0x25, 0x17, 0x13, 0x14, 0x17, 0x1a, 0x17, 0x1b, 0x14, 0x11, 0x1d, 0x10, 0x13, 0x12, 0x19, 0x12, 0x3e, 0x4e, 0x2c, 0x12, 0x1f, 0x17, 0x1d, 0x28, 0x1c, 0x13, 0x14, 0x10, 0x1b, 0x16, 0x17,
0x1d, 0x4e, 0x5e, 0x11, 0x16, 0x18, 0x1a, 0x1c, 0x19, 0x14, 0x13, 0x17, 0x13, 0x1c, 0x14, 0x11, 0x1d, 0x2e, 0x12, 0x2e, 0x3e, 0x1b, 0x2e, 0x1d, 0x10, 0x1b, 0x12, 0x11, 0x12, 0x37, 0x12, 0x1c, 0x12, 0x1e, 0x12, 0x16, 0x3e, 0x2e, 0x11, 0x1a, 0x14, 0x26, 0x1c, 0x17, 0x1b, 0x17, 0x16, 0x13, 0x1a, 0x16, 0x1d, 0x1c, 0x2e, 0x23, 0x3e, 0x3e, 0x18, 0x17, 0x1c, 0x2f, 0x1b, 0x15, 0x16, 0x1c, 0x17, 0x1d, 0x13, 0x1c, 0x11, 0x17, 0x1f, 0x37, 0x2e, 0x5e, 0x1c, 0x16, 0x1d, 0x1c, 0x17, 0x1d, 0x2f, 0x11, 0x13, 0x1b, 0x1a, 0x17, 0x16, 0x1d, 0x4e, 0xbe, 0x1b, 0x2f, 0xae,
// Compressed size: 317 bytes original pixels: 12544 uint16_t → ~25088 bytes uncompressed)

// NUCKELAVEE / Nuckelavee Auraflow V0.3 000 S512441189 Th0.100 24 [Folder: NUCKELAVEE] - RLE compressed data (offset: 44779, size: 248)
0xfe, 0x9e, 0xae, 0x14, 0x10, 0xce, 0x4e, 0x1d, 0x2e, 0x13, 0x19, 0x15, 0x17, 0x12, 0x14, 0x12, 0x1e, 0x10, 0x8e, 0x5e, 0x1d, 0x17, 0x11, 0x18, 0x17, 0x12, 0x29, 0x18, 0x14, 0x11, 0x10, 0x18, 0x3e, 0x10, 0x2e, 0x5e, 0x17, 0x12, 0x1a, 0x18, 0x1c, 0x1d, 0x19, 0x2d, 0x1f, 0x19, 0x1e, 0x14, 0x2e, 0x10, 0x3e, 0x5e, 0x1a, 0x11, 0x1c, 0x1a, 0x1d, 0x1c, 0x1d, 0x15, 0x12, 0x18, 0x15, 0x8e, 0x5e, 0x18, 0x14, 0x1d, 0x14, 0x1e, 0x1c, 0x19, 0x17, 0x15, 0x1e, 0x13, 0x8e, 0x4e, 0x19, 0x12, 0x1d, 0x19, 0x18, 0x1e, 0x17, 0x14, 0x1d, 0x18, 0x13, 0x9e, 0x4e, 0x1c, 0x1f, 0x1d, 0x11, 0x2e, 0x17, 0x1d, 0x18, 0x1a, 0x12, 0x9e, 0x4e, 0x17, 0x1e, 0x18, 0x10, 0x2e, 0x1d, 0x1c, 0x1d, 0x15,
0x14, 0x32, 0x6e, 0x5e, 0x1d, 0x11, 0x2e, 0x10, 0x1d, 0x14, 0x13, 0x15, 0x19, 0x15, 0x13, 0x11, 0x12, 0x5e, 0x9e, 0x13, 0x2d, 0x15, 0x13, 0x1c, 0x3a, 0x12, 0x5e, 0x9e, 0x15, 0x1b, 0x1c, 0x1a, 0x1b, 0x18, 0x1d, 0x17, 0x1c, 0x11, 0x1c, 0x4e, 0x9e, 0x1d, 0x1c, 0x19, 0x1c, 0x1b, 0x15, 0x1b, 0x1a, 0x17, 0x1a, 0x5e, 0x9e, 0x16, 0x1c, 0x1b, 0x1c, 0x1a, 0x1c, 0x27, 0x13, 0x1c, 0x5e, 0x9e, 0x16, 0x17, 0x1e, 0x11, 0x1b, 0x17, 0x2e, 0x1b, 0x19, 0x5e, 0x9e, 0x13, 0x3e, 0x19, 0x10, 0x16, 0x2e, 0x1c, 0x5e, 0x9e, 0x10, 0x3e, 0x15, 0x11, 0x1e, 0x16, 0x2e, 0x1d, 0x4e, 0x9e, 0x1b, 0x3e, 0x17, 0x2e, 0x17, 0x2e, 0x13, 0x4e, 0xde, 0x15, 0xae, 0x8e, 0x13, 0x4e, 0x13, 0x1e, 0x17, 0x2e,
0x15, 0x5e, 0x8e, 0x17, 0x4e, 0x1b, 0x13, 0x3e, 0x1a, 0x5e, 0x6e, 0x16, 0x17, 0x16, 0x2e, 0x11, 0x16, 0x17, 0x3e, 0x17, 0x10, 0x5e, 0xfe, 0x9e,
// Compressed size: 248 bytes original pixels: 12544 uint16_t → ~25088 bytes uncompressed)

// NYMPH / Nymph Auraflow V0.3 000 S329115005 Th0.100 24 [Folder: NYMPH] - RLE compressed data (offset: 45027, size: 236)
0xfe, 0x9e, 0xbe, 0x10, 0xce, 0x7e, 0x19, 0x3e, 0x17, 0x11, 0xbe, 0x7e, 0x1a, 0x11, 0x1e, 0x13, 0x2a, 0x7e, 0x11, 0x3e, 0x7e, 0x18, 0x10, 0x1e, 0x19, 0x2a, 0x13, 0x15, 0x10, 0x1e, 0x15, 0x6e, 0x7e, 0x13, 0x1c, 0x15, 0x16, 0x19, 0x16, 0x1b, 0x16, 0x20, 0x13, 0x12, 0x1e, 0x11, 0x14, 0x2e, 0x7e, 0x13, 0x18, 0x2e, 0x1b, 0x1d, 0x1b, 0x14, 0x16, 0x1a, 0x23, 0x17, 0x14, 0x3e, 0xce, 0x1d, 0x1a, 0x12, 0x10, 0x2e, 0x16, 0x5e, 0xde, 0x1a, 0x4e, 0x12, 0x5e, 0xce, 0x1c, 0x1b, 0x5e, 0x10, 0x4e, 0x7e, 0x22, 0x13, 0x14, 0x19, 0x18, 0x1b, 0x13, 0x12, 0x19, 0x7e, 0x5e, 0x10, 0x17, 0x1a, 0x19, 0x16, 0x3b, 0x18, 0x11, 0x9e, 0x3e, 0x11, 0x14, 0x1a, 0x1c, 0x3a, 0x19, 0x1a, 0x1f, 0x1d,
0x18, 0x4e, 0x10, 0x4e, 0x3e, 0x11, 0x13, 0x14, 0x3a, 0x2f, 0x2d, 0x1a, 0x18, 0x11, 0x8e, 0x3e, 0x10, 0x13, 0x10, 0x19, 0x1a, 0x1c, 0x4d, 0x1f, 0x1a, 0x17, 0x13, 0x12, 0x1e, 0x10, 0x4e, 0x5e, 0x14, 0x11, 0x1a, 0x1e, 0x2c, 0x1f, 0x1b, 0x1d, 0x1b, 0x18, 0x25, 0x18, 0x15, 0x13, 0x3e, 0x7e, 0x1b, 0x11, 0x18, 0x19, 0x1f, 0x3d, 0x18, 0x15, 0x17, 0x1a, 0x1e, 0x19, 0x3e, 0x6e, 0x12, 0x18, 0x10, 0x1a, 0x1b, 0x1a, 0x2d, 0x1a, 0x1c, 0x14, 0x1a, 0x1b, 0x17, 0x11, 0x3e, 0x7e, 0x11, 0x1e, 0x12, 0x14, 0x19, 0x1c, 0x1a, 0x19, 0x1b, 0x1a, 0x14, 0x15, 0x12, 0x15, 0x13, 0x2e, 0x9e, 0x14, 0x12, 0x15, 0x14, 0x19, 0x13, 0x11, 0x12, 0x17, 0x1e, 0x17, 0x1e, 0x13, 0x2e, 0xde, 0x15, 0x11,
0x2e, 0x17, 0x10, 0x2e, 0x14, 0x2e, 0xfe, 0x9e, 0xfe, 0x9e, 0xfe, 0x9e,
// Compressed size: 236 bytes original pixels: 12544 uint16_t → ~25088 bytes uncompressed)

// OCHRE JELLY / Ochre Jelly Auraflow V0.3 000 S3641942555 Th0.100 24 [Folder: OCHRE_JELLY] - RLE compressed data (offset: 45263, size: 257)
0x40, 0x1c, 0x1b, 0x10, 0x1a, 0x80, 0x12, 0x70, 0x30, 0x1c, 0x1b, 0x18, 0x15, 0x10, 0x12, 0x30, 0x16, 0x13, 0x12, 0x90, 0x30, 0x1b, 0x18, 0x32, 0x11, 0x12, 0x17, 0x10, 0x13, 0x14, 0x10, 0x12, 0x80, 0x30, 0x13, 0x1c, 0x18, 0x1b, 0x14, 0x13, 0x21, 0x13, 0x12, 0x11, 0x12, 0x10, 0x13, 0x10, 0x15, 0x50, 0x30, 0x1a, 0x19, 0x1c, 0x1d, 0x18, 0x19, 0x22, 0x11, 0x13, 0x12, 0x21, 0x16, 0x10, 0x16, 0x15, 0x40, 0x40, 0x1d, 0x12, 0x16, 0x15, 0x1d, 0x19, 0x12, 0x11, 0x12, 0x11, 0x17, 0x14, 0x18, 0x10, 0x12, 0x50, 0x30, 0x1b, 0x1d, 0x1f, 0x1b, 0x14, 0x1d, 0x1e, 0x18, 0x17, 0x12, 0x13, 0x12, 0x13, 0x19, 0x28, 0x17, 0x1c, 0x30, 0x30, 0x1b, 0x1c, 0x1a, 0x1b, 0x1f, 0x1c, 0x17, 0x12,
0x19, 0x12, 0x24, 0x12, 0x19, 0x14, 0x13, 0x50, 0x40, 0x18, 0x1c, 0x1b, 0x1a, 0x2f, 0x1c, 0x1a, 0x1c, 0x37, 0x14, 0x1b, 0x60, 0x40, 0x1b, 0x10, 0x1a, 0x2f, 0x1b, 0x1f, 0x1c, 0x1d, 0x16, 0x1d, 0x14, 0x13, 0x19, 0x15, 0x13, 0x40, 0x70, 0x1c, 0x2a, 0x1c, 0x1f, 0x1c, 0x15, 0x29, 0x14, 0x1e, 0x1a, 0x50, 0x70, 0x1d, 0x1a, 0x1c, 0x1b, 0x2f, 0x1d, 0x1f, 0x1b, 0x1f, 0x1e, 0x1a, 0x50, 0x70, 0x1a, 0x1c, 0x19, 0x1c, 0x1b, 0x1f, 0x1c, 0x3f, 0x1c, 0x30, 0x11, 0x20, 0x80, 0x1a, 0x15, 0x2c, 0x5f, 0x1b, 0x10, 0x16, 0x40, 0x70, 0x1b, 0x15, 0x1d, 0x5c, 0x1f, 0x1b, 0x70, 0x50, 0x18, 0x16, 0x18, 0x15, 0x19, 0x1b, 0x18, 0x2c, 0x1d, 0x18, 0x1b, 0x16, 0x60, 0x50, 0x26, 0x25, 0x18, 0x1b,
0x18, 0x19, 0x1b, 0x1d, 0x10, 0x18, 0x70, 0x60, 0x18, 0x16, 0x15, 0x16, 0x1b, 0x18, 0x20, 0x1b, 0x10, 0x16, 0x70, 0x70, 0x18, 0x25, 0xe0, 0xf0, 0x90, 0xf0, 0x90, 0xf0, 0x90, 0xf0, 0x90, 0xf0, 0x90,
// Compressed size: 257 bytes original pixels: 12544 uint16_t → ~25088 bytes uncompressed)

// OGRE / Ogre Auraflow V0.3 000 S1960066399 Th0.100 24 [Folder: OGRE] - RLE compressed data (offset: 45520, size: 270)
0xff, 0x9f, 0xcf, 0x11, 0xbf, 0x9f, 0x21, 0x12, 0x13, 0x12, 0x11, 0x9f, 0x7f, 0x1e, 0x12, 0x17, 0x16, 0x12, 0x15, 0x12, 0x13, 0x11, 0x8f, 0x6f, 0x17, 0x14, 0x19, 0x1c, 0x1d, 0x1a, 0x19, 0x11, 0x15, 0x16, 0x12, 0x7f, 0x6f, 0x14, 0x18, 0x1b, 0x19, 0x1d, 0x14, 0x12, 0x1e, 0x19, 0x12, 0x15, 0x11, 0x6f, 0x5f, 0x17, 0x16, 0x1b, 0x16, 0x1d, 0x2e, 0x12, 0x3d, 0x13, 0x11, 0x6f, 0x5f, 0x17, 0x1a, 0x1e, 0x19, 0x2a, 0x1e, 0x49, 0x22, 0x6f, 0x4f, 0x16, 0x18, 0x1b, 0x14, 0x1d, 0x2e, 0x1d, 0x1e, 0x16, 0x2e, 0x19, 0x15, 0x11, 0x5f, 0x4f, 0x14, 0x18, 0x1c, 0x12, 0x2b, 0x1e, 0x1d, 0x19, 0x15, 0x1b, 0x17, 0x1d, 0x13, 0x12, 0x5f, 0x4f, 0x16, 0x15, 0x1c, 0x1f, 0x1d, 0x2e, 0x19, 0x1a,
0x1b, 0x18, 0x12, 0x1d, 0x15, 0x13, 0x12, 0x4f, 0x4f, 0x24, 0x17, 0x1f, 0x2e, 0x1d, 0x1a, 0x1e, 0x16, 0x13, 0x1f, 0x1c, 0x1a, 0x13, 0x12, 0x4f, 0x4f, 0x12, 0x14, 0x2f, 0x1d, 0x2e, 0x1d, 0x1a, 0x18, 0x16, 0x1f, 0x17, 0x1d, 0x15, 0x13, 0x4f, 0x3f, 0x18, 0x12, 0x16, 0x2f, 0x1d, 0x1a, 0x19, 0x1a, 0x1b, 0x1a, 0x16, 0x1f, 0x14, 0x22, 0x15, 0x4f, 0x3f, 0x18, 0x14, 0x18, 0x2f, 0x1d, 0x4e, 0x18, 0x15, 0x3f, 0x13, 0x16, 0x4f, 0x3f, 0x18, 0x14, 0x19, 0x28, 0x1a, 0x1e, 0x1b, 0x1e, 0x2d, 0x15, 0x2f, 0x14, 0x19, 0x16, 0x4f, 0x3f, 0x18, 0x24, 0x18, 0x1c, 0x1b, 0x14, 0x1e, 0x12, 0x1d, 0x1a, 0x18, 0x2f, 0x1a, 0x1f, 0x15, 0x4f, 0x3f, 0x1a, 0x28, 0x1e, 0x1c, 0x1b, 0x12, 0x17, 0x12,
0x3a, 0x2f, 0x18, 0x1f, 0x14, 0x4f, 0x4f, 0x17, 0x14, 0x1f, 0x1d, 0x1e, 0x1c, 0x1f, 0x28, 0x1c, 0x3f, 0x28, 0x5f, 0x5f, 0x14, 0x18, 0x1c, 0x18, 0x3f, 0x18, 0x17, 0x25, 0x2f, 0x1b, 0x5f, 0x5f, 0x18, 0x2c, 0x18, 0x3f, 0x28, 0x27, 0x18, 0x7f, 0xff, 0x9f, 0xff, 0x9f, 0xff, 0x9f,
// Compressed size: 270 bytes original pixels: 12544 uint16_t → ~25088 bytes uncompressed)

// ONI / Oni Auraflow V0.3 000 S3812093107 Th0.100 24 [Folder: ONI] - RLE compressed data (offset: 45790, size: 316)
0x9f, 0x20, 0x1f, 0x10, 0xbf, 0x7f, 0x11, 0x20, 0x14, 0x10, 0x27, 0x12, 0x9f, 0x7f, 0x10, 0x34, 0x11, 0x17, 0x13, 0x14, 0x9f, 0x3f, 0x10, 0x2f, 0x20, 0x1a, 0x21, 0x17, 0x11, 0x1a, 0x13, 0x1a, 0x8f, 0x3f, 0x12, 0x15, 0x10, 0x1a, 0x14, 0x10, 0x1d, 0x23, 0x1a, 0x31, 0x13, 0x7f, 0x3f, 0x12, 0x13, 0x17, 0x12, 0x11, 0x19, 0x1d, 0x2c, 0x1a, 0x1b, 0x21, 0x1a, 0x17, 0x6f, 0x3f, 0x10, 0x12, 0x2b, 0x1c, 0x1a, 0x17, 0x1c, 0x17, 0x13, 0x1d, 0x23, 0x18, 0x1a, 0x14, 0x5f, 0x2f, 0x10, 0x17, 0x1d, 0x18, 0x17, 0x18, 0x1e, 0x19, 0x2e, 0x14, 0x1c, 0x1d, 0x14, 0x1c, 0x1a, 0x1c, 0x5f, 0x2f, 0x14, 0x15, 0x19, 0x18, 0x11, 0x2c, 0x18, 0x1e, 0x1a, 0x1b, 0x13, 0x1c, 0x14, 0x1d, 0x1c, 0x17,
0x12, 0x4f, 0x2f, 0x14, 0x1c, 0x18, 0x16, 0x1e, 0x1c, 0x19, 0x1d, 0x1e, 0x1c, 0x1a, 0x1c, 0x1d, 0x14, 0x13, 0x1b, 0x1a, 0x14, 0x4f, 0x1f, 0x10, 0x17, 0x19, 0x1f, 0x12, 0x1d, 0x1e, 0x3d, 0x1a, 0x14, 0x1b, 0x1c, 0x2e, 0x1b, 0x1d, 0x14, 0x4f, 0x1f, 0x10, 0x18, 0x17, 0x2f, 0x1e, 0x1d, 0x1c, 0x2d, 0x1b, 0x27, 0x1d, 0x19, 0x1d, 0x1a, 0x17, 0x1c, 0x1b, 0x3f, 0x1f, 0x16, 0x2b, 0x2f, 0x18, 0x1b, 0x19, 0x6d, 0x1c, 0x1e, 0x1a, 0x1c, 0x13, 0x1d, 0x3f, 0x1f, 0x12, 0x17, 0x1b, 0x2f, 0x12, 0x2b, 0x19, 0x3c, 0x3d, 0x1b, 0x1d, 0x13, 0x14, 0x1d, 0x1b, 0x2f, 0x1f, 0x12, 0x19, 0x18, 0x1f, 0x13, 0x14, 0x29, 0x18, 0x7f, 0x14, 0x21, 0x1d, 0x18, 0x2f, 0x1f, 0x38, 0x12, 0x14, 0x15, 0x19,
0x16, 0x13, 0x7f, 0x1c, 0x13, 0x2d, 0x16, 0x2f, 0x1f, 0x19, 0x1f, 0x19, 0x12, 0x16, 0x18, 0x17, 0x16, 0x18, 0x7f, 0x12, 0x14, 0x1c, 0x1b, 0x3f, 0x4f, 0x25, 0x18, 0x15, 0x26, 0x8f, 0x2c, 0x1b, 0x3f, 0x5f, 0x15, 0x26, 0x15, 0x16, 0x8f, 0x1c, 0x1b, 0x4f, 0x7f, 0x26, 0x15, 0x7f, 0x13, 0x24, 0x4f, 0x7f, 0x16, 0x25, 0x7f, 0x16, 0x12, 0x18, 0x4f, 0x6f, 0x15, 0x16, 0x15, 0x8f, 0x22, 0x18, 0x12, 0x3f, 0x3f, 0x10, 0x12, 0x17, 0x16, 0x15, 0x12, 0x7f, 0x18, 0x15, 0x17, 0x19, 0x18, 0x3f, 0x3f, 0x16, 0x15, 0x16, 0x15, 0x12, 0x7f, 0x18, 0x1b, 0x18, 0x19, 0x5f,
// Compressed size: 316 bytes original pixels: 12544 uint16_t → ~25088 bytes uncompressed)

// OOZE / Ooze Auraflow V0.3 000 S224447046 Th0.100 24 [Folder: OOZE] - RLE compressed data (offset: 46106, size: 238)
0xfe, 0x9e, 0xfe, 0x9e, 0xfe, 0x9e, 0xbe, 0x10, 0x15, 0x11, 0xae, 0x9e, 0x12, 0x14, 0x20, 0x12, 0x10, 0x9e, 0x8e, 0x17, 0x14, 0x13, 0x14, 0x12, 0x30, 0x8e, 0x7e, 0x16, 0x11, 0x15, 0x12, 0x14, 0x19, 0x12, 0x13, 0x10, 0x8e, 0x6e, 0x16, 0x14, 0x17, 0x13, 0x1b, 0x1a, 0x23, 0x19, 0x22, 0x7e, 0x6e, 0x16, 0x14, 0x15, 0x16, 0x18, 0x1b, 0x1c, 0x14, 0x11, 0x19, 0x13, 0x7e, 0x6e, 0x18, 0x1a, 0x18, 0x2d, 0x17, 0x18, 0x1b, 0x11, 0x10, 0x11, 0x10, 0x6e, 0x6e, 0x18, 0x26, 0x3d, 0x10, 0x1c, 0x1b, 0x1f, 0x11, 0x13, 0x6e, 0x6e, 0x18, 0x1c, 0x18, 0x1d, 0x1b, 0x2d, 0x1c, 0x1b, 0x1a, 0x10, 0x13, 0x6e, 0x5e, 0x1c, 0x18, 0x17, 0x18, 0x1d, 0x1e, 0x2d, 0x1c, 0x2f, 0x13, 0x19, 0x6e, 0x5e,
0x1c, 0x1e, 0x1d, 0x17, 0x18, 0x1e, 0x2d, 0x1c, 0x2f, 0x19, 0x1a, 0x6e, 0x7e, 0x16, 0x17, 0x18, 0x1e, 0x18, 0x2d, 0x14, 0x1c, 0x1a, 0x7e, 0x7e, 0x15, 0x14, 0x1b, 0x2e, 0x18, 0x2d, 0x1c, 0x1a, 0x7e, 0x6e, 0x1d, 0x1b, 0x14, 0x13, 0x1e, 0x26, 0x1d, 0x1e, 0x1c, 0x19, 0x11, 0x6e, 0x6e, 0x17, 0x16, 0x17, 0x1a, 0x1e, 0x16, 0x28, 0x1e, 0x18, 0x3a, 0x18, 0x1a, 0x3e, 0x7e, 0x1d, 0x1e, 0x1c, 0x14, 0x10, 0x1a, 0x2e, 0x1d, 0x14, 0x2b, 0x11, 0x4e, 0x8e, 0x16, 0x1e, 0x17, 0x2a, 0x16, 0x2e, 0x14, 0x17, 0x1c, 0x10, 0x4e, 0x7e, 0x16, 0x2e, 0x1c, 0x1b, 0x27, 0x1e, 0x1a, 0x1b, 0x13, 0x18, 0x1a, 0x4e, 0x6e, 0x18, 0x1e, 0x16, 0x12, 0x1e, 0x17, 0x14, 0x28, 0x10, 0x11, 0x22, 0x13, 0x4e,
0x5e, 0x1d, 0x16, 0x15, 0x1a, 0x1e, 0x1a, 0x16, 0x11, 0x1e, 0x15, 0x9e, 0xfe, 0x9e,
// Compressed size: 238 bytes original pixels: 12544 uint16_t → ~25088 bytes uncompressed)

// ORACLE / Oracle Auraflow V0.3 000 S490566064 Th0.100 24 [Folder: ORACLE] - RLE compressed data (offset: 46344, size: 209)
0xbe, 0x10, 0xce, 0xfe, 0x9e, 0xae, 0x13, 0x30, 0xae, 0x9e, 0x14, 0x10, 0x13, 0x16, 0x19, 0x10, 0x11, 0x8e, 0x7e, 0x12, 0x11, 0x17, 0x1c, 0x17, 0x1a, 0x1d, 0x19, 0x16, 0x13, 0x7e, 0x7e, 0x10, 0x1b, 0x1f, 0x1b, 0x1d, 0x1c, 0x1a, 0x16, 0x17, 0x16, 0x10, 0x6e, 0x7e, 0x17, 0x15, 0x18, 0x13, 0x17, 0x2b, 0x1a, 0x17, 0x19, 0x13, 0x6e, 0x7e, 0x1a, 0x1d, 0x12, 0x10, 0x12, 0x15, 0x2b, 0x1d, 0x1a, 0x14, 0x10, 0x5e, 0x7e, 0x1b, 0x18, 0x20, 0x11, 0x1e, 0x16, 0x1d, 0x1f, 0x17, 0x26, 0x5e, 0x8e, 0x1a, 0x13, 0x3e, 0x13, 0x16, 0x1d, 0x2a, 0x17, 0x5e, 0xde, 0x12, 0x13, 0x1d, 0x1c, 0x13, 0x1c, 0x5e, 0x9e, 0x10, 0x2e, 0x22, 0x18, 0x1b, 0x1d, 0x1a, 0x1b, 0x5e, 0x9e, 0x11, 0x3e, 0x14,
0x19, 0x18, 0x14, 0x1b, 0x19, 0x5e, 0xce, 0x16, 0x15, 0x1d, 0x13, 0x15, 0x19, 0x1a, 0x5e, 0xbe, 0x12, 0x16, 0x18, 0x16, 0x10, 0x1b, 0x1a, 0x19, 0x12, 0x4e, 0xbe, 0x15, 0x16, 0x1a, 0x16, 0x27, 0x18, 0x17, 0x5e, 0xae, 0x11, 0x15, 0x1a, 0x18, 0x16, 0x14, 0x16, 0x19, 0x16, 0x5e, 0xbe, 0x12, 0x18, 0x13, 0x15, 0x17, 0x19, 0x16, 0x6e, 0xce, 0x17, 0x16, 0x1e, 0x17, 0x1a, 0x16, 0x6e, 0xce, 0x16, 0x13, 0x2e, 0x14, 0x12, 0x6e, 0x7e, 0x11, 0x5e, 0x14, 0x3e, 0x17, 0x6e, 0xce, 0x11, 0x15, 0x1e, 0x14, 0x26, 0x6e, 0x7e, 0x22, 0x13, 0x11, 0x10, 0x12, 0x11, 0x16, 0x1b, 0x24, 0x6e, 0xfe, 0x9e,
// Compressed size: 209 bytes original pixels: 12544 uint16_t → ~25088 bytes uncompressed)

// ORC / Orc Auraflow V0.3 000 S754909561 Th0.100 24 [Folder: ORC] - RLE compressed data (offset: 46553, size: 279)
0xfe, 0x9e, 0xfe, 0x9e, 0xfe, 0x9e, 0xbe, 0x11, 0x10, 0xbe, 0x4e, 0x10, 0x13, 0x11, 0x1e, 0x20, 0x16, 0x17, 0x11, 0x15, 0x10, 0x11, 0x12, 0x7e, 0x7e, 0x13, 0x11, 0x10, 0x11, 0x1d, 0x1b, 0x1c, 0x13, 0x11, 0x14, 0x10, 0x6e, 0x6e, 0x13, 0x16, 0x19, 0x16, 0x11, 0x17, 0x18, 0x1b, 0x27, 0x12, 0x14, 0x6e, 0x6e, 0x13, 0x11, 0x1b, 0x19, 0x10, 0x19, 0x11, 0x10, 0x1c, 0x1b, 0x1c, 0x14, 0x12, 0x5e, 0x5e, 0x23, 0x16, 0x2d, 0x29, 0x13, 0x14, 0x1a, 0x1c, 0x19, 0x11, 0x13, 0x5e, 0x4e, 0x1a, 0x13, 0x14, 0x2e, 0x1c, 0x2d, 0x18, 0x1c, 0x17, 0x1d, 0x1c, 0x1b, 0x17, 0x10, 0x13, 0x3e, 0x1e, 0x11, 0x2e, 0x17, 0x14, 0x11, 0x2e, 0x1d, 0x1f, 0x18, 0x1b, 0x18, 0x15, 0x1d, 0x2e, 0x18, 0x11,
0x15, 0x3e, 0x1e, 0x17, 0x11, 0x1e, 0x16, 0x17, 0x12, 0x1e, 0x13, 0x14, 0x1d, 0x1c, 0x18, 0x1b, 0x1a, 0x1c, 0x2e, 0x1b, 0x23, 0x3e, 0x1e, 0x13, 0x17, 0x19, 0x1b, 0x11, 0x1e, 0x16, 0x11, 0x12, 0x1d, 0x1f, 0x1d, 0x19, 0x1b, 0x1c, 0x14, 0x1e, 0x17, 0x12, 0x15, 0x18, 0x2e, 0x1e, 0x1c, 0x16, 0x1c, 0x29, 0x2e, 0x1c, 0x15, 0x1b, 0x1c, 0x1d, 0x18, 0x1d, 0x1c, 0x14, 0x2e, 0x17, 0x11, 0x1a, 0x2e, 0x1e, 0x27, 0x1e, 0x1d, 0x19, 0x11, 0x16, 0x15, 0x13, 0x17, 0x1d, 0x15, 0x1a, 0x1d, 0x1c, 0x19, 0x2e, 0x21, 0x12, 0x2e, 0x7e, 0x15, 0x18, 0x37, 0x1c, 0x1b, 0x15, 0x12, 0x18, 0x13, 0x18, 0x23, 0x1c, 0x2e, 0x7e, 0x1b, 0x19, 0x11, 0x1e, 0x16, 0x18, 0x1d, 0x1c, 0x18, 0x1b, 0x1e, 0x19,
0x17, 0x11, 0x3e, 0x6e, 0x1c, 0x1b, 0x18, 0x1c, 0x14, 0x2e, 0x2b, 0x13, 0x3e, 0x19, 0x1d, 0x3e, 0x6e, 0x1c, 0x1b, 0x1f, 0x1e, 0x1c, 0x19, 0x18, 0x1e, 0x17, 0x9e, 0x6e, 0x2d, 0x15, 0x1e, 0x27, 0x18, 0x17, 0x1b, 0x9e, 0x6e, 0x15, 0x1d, 0x1a, 0x4e, 0x14, 0x15, 0x9e, 0x6e, 0x1c, 0x17, 0xfe, 0x1e, 0x7e, 0x1c, 0xfe, 0x1e, 0xfe, 0x9e,
// Compressed size: 279 bytes original pixels: 12544 uint16_t → ~25088 bytes uncompressed)

// OREAD / Oread Auraflow V0.3 000 S4150736077 Th0.100 24 [Folder: OREAD] - RLE compressed data (offset: 46832, size: 347)
0xde, 0x10, 0xae, 0x9e, 0x10, 0x23, 0x11, 0x10, 0x17, 0x11, 0x8e, 0x7e, 0x16, 0x11, 0x13, 0x1b, 0x15, 0x17, 0x11, 0x12, 0x10, 0x12, 0x7e, 0x6e, 0x23, 0x16, 0x25, 0x1d, 0x16, 0x1d, 0x16, 0x15, 0x14, 0x11, 0x6e, 0x5e, 0x11, 0x12, 0x11, 0x1a, 0x17, 0x1a, 0x14, 0x1a, 0x19, 0x16, 0x12, 0x14, 0x10, 0x6e, 0x5e, 0x11, 0x10, 0x19, 0x10, 0x1c, 0x1a, 0x1d, 0x1c, 0x14, 0x19, 0x10, 0x18, 0x10, 0x6e, 0x3e, 0x17, 0x1e, 0x13, 0x19, 0x1c, 0x11, 0x18, 0x10, 0x1f, 0x1a, 0x18, 0x19, 0x18, 0x12, 0x14, 0x6e, 0x4e, 0x27, 0x1c, 0x2b, 0x1c, 0x1a, 0x1d, 0x1c, 0x21, 0x12, 0x10, 0x7e, 0x4e, 0x1b, 0x17, 0x1d, 0x14, 0x1a, 0x1c, 0x18, 0x19, 0x1f, 0x19, 0x12, 0x11, 0x14, 0x7e, 0x2e, 0x11, 0x1b,
0x1d, 0x17, 0x12, 0x1d, 0x1f, 0x1c, 0x1d, 0x2c, 0x1a, 0x14, 0x11, 0x14, 0x7e, 0x2e, 0x11, 0x16, 0x11, 0x17, 0x1c, 0x1f, 0x1d, 0x1f, 0x1d, 0x11, 0x2c, 0x24, 0x20, 0x6e, 0x1e, 0x13, 0x16, 0x11, 0x16, 0x1a, 0x2f, 0x1a, 0x2c, 0x1b, 0x28, 0x17, 0x12, 0x1e, 0x10, 0x6e, 0x2e, 0x12, 0x21, 0x1c, 0x1f, 0x1c, 0x1f, 0x1c, 0x15, 0x1b, 0x17, 0x18, 0x1c, 0x10, 0x8e, 0x4e, 0x17, 0x1f, 0x1d, 0x2b, 0x1f, 0x27, 0x28, 0x1f, 0x10, 0x11, 0x7e, 0x4e, 0x17, 0x1d, 0x1a, 0x1f, 0x18, 0x17, 0x1b, 0x15, 0x16, 0x15, 0x1a, 0x17, 0x8e, 0x3e, 0x11, 0x17, 0x1b, 0x1f, 0x1d, 0x25, 0x12, 0x1d, 0x15, 0x12, 0x18, 0x19, 0x8e, 0x2e, 0x13, 0x2e, 0x4d, 0x14, 0x11, 0x18, 0x1c, 0x19, 0x11, 0x18, 0x1b, 0x1e,
0x11, 0x5e, 0x2e, 0x13, 0x17, 0x1b, 0x1d, 0x1a, 0x19, 0x1d, 0x19, 0x10, 0x12, 0x19, 0x1a, 0x17, 0x12, 0x17, 0x12, 0x6e, 0x3e, 0x13, 0x11, 0x1f, 0x1d, 0x19, 0x1d, 0x19, 0x14, 0x12, 0x14, 0x1f, 0x15, 0x10, 0x11, 0x17, 0x6e, 0x2e, 0x15, 0x1e, 0x1b, 0x19, 0x1d, 0x19, 0x17, 0x1a, 0x14, 0x1a, 0x1d, 0x1f, 0x1d, 0x13, 0x17, 0x1d, 0x1a, 0x5e, 0x4e, 0x17, 0x2f, 0x17, 0x15, 0x13, 0x19, 0x11, 0x12, 0x1d, 0x1b, 0x1a, 0x11, 0x1f, 0x1b, 0x11, 0x4e, 0x4e, 0x13, 0x1f, 0x3d, 0x14, 0x17, 0x1b, 0x1d, 0x1c, 0x1f, 0x1c, 0x1a, 0x12, 0x27, 0x13, 0x3e, 0x3e, 0x13, 0x19, 0x17, 0x1a, 0x1d, 0x17, 0x2f, 0x19, 0x17, 0x1f, 0x1d, 0x19, 0x2d, 0x16, 0x1a, 0x17, 0x13, 0x2e, 0x5e, 0x1a, 0x1f, 0x19,
0x1c, 0x2d, 0x19, 0x2f, 0x1c, 0x1f, 0x1a, 0x1c, 0x27, 0x1a, 0x3e,
// Compressed size: 347 bytes original pixels: 12544 uint16_t → ~25088 bytes uncompressed)

// OWLBEAR / Owlbear Auraflow V0.3 000 S2802126923 Th0.100 24 [Folder: OWLBEAR] - RLE compressed data (offset: 47179, size: 329)
0xfe, 0x9e, 0x8e, 0x21, 0x20, 0xce, 0x6e, 0x12, 0x18, 0x13, 0x14, 0x22, 0x11, 0x20, 0x9e, 0x5e, 0x16, 0x19, 0x18, 0x17, 0x12, 0x18, 0x12, 0x14, 0x20, 0x9e, 0x3e, 0x13, 0x17, 0x15, 0x12, 0x14, 0x12, 0x18, 0x17, 0x14, 0x12, 0x40, 0x7e, 0x3e, 0x19, 0x18, 0x15, 0x2d, 0x1a, 0x14, 0x17, 0x19, 0x15, 0x12, 0x10, 0x14, 0x11, 0x10, 0x6e, 0x2e, 0x11, 0x10, 0x15, 0x1a, 0x14, 0x15, 0x17, 0x1d, 0x1a, 0x28, 0x15, 0x21, 0x14, 0x12, 0x11, 0x5e, 0x2e, 0x35, 0x1f, 0x18, 0x1a, 0x1d, 0x1a, 0x1d, 0x1a, 0x1c, 0x15, 0x14, 0x12, 0x11, 0x12, 0x21, 0x4e, 0x2e, 0x2c, 0x14, 0x18, 0x4a, 0x1d, 0x1a, 0x28, 0x15, 0x11, 0x14, 0x25, 0x14, 0x4e, 0x2e, 0x1a, 0x17, 0x1c, 0x1f, 0x1d, 0x1c, 0x2d, 0x1f,
0x1d, 0x19, 0x1a, 0x18, 0x14, 0x12, 0x18, 0x15, 0x12, 0x4e, 0x3e, 0x1b, 0x3f, 0x1d, 0x1f, 0x2d, 0x19, 0x1a, 0x1c, 0x19, 0x1a, 0x18, 0x14, 0x18, 0x14, 0x11, 0x3e, 0x2e, 0x13, 0x1b, 0x1f, 0x13, 0x1d, 0x1c, 0x1f, 0x2c, 0x3f, 0x1a, 0x19, 0x18, 0x12, 0x17, 0x16, 0x13, 0x3e, 0x2e, 0x1b, 0x1d, 0x1f, 0x1b, 0x17, 0x3c, 0x1d, 0x2f, 0x1d, 0x1a, 0x19, 0x1d, 0x14, 0x1a, 0x12, 0x10, 0x3e, 0x1e, 0x13, 0x1b, 0x1c, 0x1a, 0x1d, 0x17, 0x1b, 0x2c, 0x2d, 0x3f, 0x1d, 0x15, 0x1a, 0x17, 0x12, 0x11, 0x10, 0x2e, 0x2e, 0x1b, 0x2c, 0x1a, 0x1e, 0x1b, 0x17, 0x1b, 0x1d, 0x1c, 0x1f, 0x1d, 0x1a, 0x22, 0x17, 0x16, 0x19, 0x15, 0x3e, 0x2e, 0x17, 0x1a, 0x11, 0x2e, 0x1b, 0x1c, 0x17, 0x1c, 0x1d, 0x1f,
0x1d, 0x17, 0x12, 0x15, 0x16, 0x1a, 0x19, 0x17, 0x3e, 0x1e, 0x13, 0x1a, 0x19, 0x3e, 0x6b, 0x1a, 0x1f, 0x15, 0x1a, 0x17, 0x1a, 0x19, 0x18, 0x3e, 0x1e, 0x13, 0x29, 0x13, 0x2e, 0x3b, 0x3e, 0x2d, 0x1c, 0x17, 0x1b, 0x1d, 0x1b, 0x17, 0x3e, 0x2e, 0x16, 0x17, 0x19, 0x10, 0x2e, 0x36, 0x2e, 0x1a, 0x1c, 0x19, 0x13, 0x1c, 0x1d, 0x16, 0x4e, 0x7e, 0x13, 0x16, 0x17, 0x13, 0x2e, 0x1c, 0x19, 0x11, 0x1e, 0x17, 0x1a, 0x17, 0x4e, 0x6e, 0x16, 0x1a, 0x17, 0x16, 0x23, 0x1a, 0x1c, 0x19, 0x15, 0x1e, 0x16, 0x14, 0x5e, 0xbe, 0x1c, 0x17, 0x10, 0x1c, 0x19, 0x23, 0x26, 0x4e, 0xae, 0x16, 0x1e, 0x13, 0x1a, 0x16, 0x13, 0x11, 0x23, 0x14, 0x4e, 0xfe, 0x9e,
// Compressed size: 329 bytes original pixels: 12544 uint16_t → ~25088 bytes uncompressed)

// PEGASUS / Pegasus Auraflow V0.3 000 S1750141393 Th0.100 24 [Folder: PEGASUS] - RLE compressed data (offset: 47508, size: 252)
0x2e, 0x16, 0xfe, 0x6e, 0x2e, 0x11, 0xfe, 0x6e, 0x1e, 0x13, 0x1e, 0x11, 0x10, 0xfe, 0x4e, 0x2e, 0x11, 0x1e, 0x20, 0xde, 0x1c, 0x4e, 0x2e, 0x12, 0x13, 0x17, 0x12, 0x10, 0x14, 0x6e, 0x10, 0x9e, 0x3e, 0x26, 0x18, 0x21, 0x1b, 0x3e, 0x12, 0x11, 0x1c, 0x3e, 0x1b, 0x5e, 0x2e, 0x14, 0x16, 0x1a, 0x19, 0x1c, 0x15, 0x19, 0x11, 0x2e, 0x1d, 0x1f, 0x16, 0x2e, 0x20, 0x11, 0x12, 0x3e, 0x1e, 0x1d, 0x17, 0x1b, 0x2a, 0x2b, 0x19, 0x18, 0x1f, 0x1e, 0x1c, 0x1d, 0x1e, 0x17, 0x23, 0x11, 0x14, 0x11, 0x10, 0x2e, 0x3e, 0x1a, 0x19, 0x17, 0x1b, 0x1c, 0x18, 0x1a, 0x15, 0x1e, 0x1d, 0x1b, 0x1f, 0x11, 0x1b, 0x10, 0x13, 0x1e, 0x1a, 0x15, 0x2e, 0x2e, 0x1d, 0x1b, 0x1c, 0x1a, 0x19, 0x1a, 0x1b, 0x1a,
0x1b, 0x14, 0x10, 0x1f, 0x13, 0x12, 0x11, 0x14, 0x15, 0x2e, 0x14, 0x2e, 0x2e, 0x17, 0x2a, 0x18, 0x29, 0x17, 0x2c, 0x1d, 0x1a, 0x15, 0x20, 0x24, 0x6e, 0x2e, 0x14, 0x1a, 0x17, 0x1b, 0x18, 0x1a, 0x19, 0x1b, 0x1d, 0x1b, 0x1a, 0x1c, 0x17, 0x13, 0x11, 0x16, 0x6e, 0x1e, 0x16, 0x1e, 0x18, 0x16, 0x27, 0x18, 0x1e, 0x12, 0x13, 0x15, 0x2b, 0x13, 0x14, 0x10, 0x7e, 0x8e, 0x14, 0x12, 0x15, 0x16, 0x27, 0x28, 0x14, 0x7e, 0x7e, 0x15, 0x14, 0x15, 0x17, 0x1b, 0x2a, 0x18, 0x13, 0x11, 0x12, 0x15, 0x5e, 0x5e, 0x16, 0x1a, 0x1f, 0x18, 0x17, 0x1c, 0x4e, 0x1a, 0x16, 0x2e, 0x13, 0x4e, 0x5e, 0x16, 0x1c, 0x1b, 0x2e, 0x1a, 0x6e, 0x19, 0x1a, 0x1e, 0x15, 0x3e, 0x5e, 0x15, 0x19, 0x2e, 0x17, 0x8e,
0x14, 0x1e, 0x1d, 0x3e, 0x6e, 0x15, 0x2e, 0x17, 0xee, 0x6e, 0x1c, 0x1e, 0x1a, 0x19, 0x9e, 0x14, 0x4e, 0x6e, 0x19, 0x1e, 0x1c, 0xfe, 0xfe, 0x9e, 0xfe, 0x9e, 0xfe, 0x9e,
// Compressed size: 252 bytes original pixels: 12544 uint16_t → ~25088 bytes uncompressed)

// PERYTON / Peryton Auraflow V0.3 000 S887177921 Th0.100 24 [Folder: PERYTON] - RLE compressed data (offset: 47760, size: 207)
0xff, 0x4f, 0x12, 0x4f, 0x3f, 0x12, 0x1f, 0x11, 0xdf, 0x12, 0x4f, 0x3f, 0x13, 0x1f, 0x12, 0xef, 0x13, 0x14, 0x2f, 0x3f, 0x12, 0x1f, 0x14, 0x3f, 0x11, 0x4f, 0x11, 0x5f, 0x13, 0x3f, 0x4f, 0x12, 0x19, 0x18, 0x13, 0x3f, 0x19, 0x6f, 0x13, 0x18, 0x13, 0x14, 0x2f, 0x3f, 0x33, 0x28, 0x17, 0x4f, 0x19, 0x11, 0x1f, 0x16, 0x18, 0x1a, 0x1b, 0x17, 0x13, 0x2f, 0x3f, 0x13, 0x16, 0x17, 0x16, 0x38, 0x2f, 0x2a, 0x1f, 0x14, 0x18, 0x1b, 0x2d, 0x15, 0x3f, 0x3f, 0x14, 0x26, 0x17, 0x1a, 0x1b, 0x1c, 0x18, 0x1f, 0x16, 0x1a, 0x1f, 0x16, 0x1a, 0x1b, 0x19, 0x27, 0x15, 0x2f, 0x2f, 0x14, 0x16, 0x2f, 0x14, 0x19, 0x1d, 0x19, 0x1d, 0x1c, 0x28, 0x15, 0x1a, 0x1b, 0x25, 0x13, 0x14, 0x3f, 0x2f, 0x15,
0x3f, 0x11, 0x15, 0x1b, 0x4e, 0x17, 0x1e, 0x1d, 0x19, 0x13, 0x15, 0x1f, 0x13, 0x3f, 0x2f, 0x19, 0x4f, 0x23, 0x1a, 0x1d, 0x4e, 0x1c, 0x8f, 0x8f, 0x18, 0x1f, 0x1a, 0x1f, 0x1e, 0x1a, 0x1f, 0x1c, 0x8f, 0x7f, 0x11, 0x1b, 0x16, 0x11, 0x1a, 0x1c, 0x1e, 0xaf, 0x6f, 0x24, 0x11, 0x2f, 0x2d, 0x1e, 0xaf, 0x5f, 0x13, 0x4f, 0x1c, 0x1a, 0x16, 0x1d, 0xaf, 0x9f, 0x23, 0x1f, 0x11, 0x1e, 0xaf, 0x9f, 0x18, 0x3f, 0x11, 0xaf, 0x5f, 0x13, 0x3f, 0x18, 0x2f, 0x1a, 0x1d, 0xaf, 0x9f, 0x14, 0x3f, 0x14, 0xaf, 0xff, 0x9f, 0x9f, 0x19, 0xef, 0x8f, 0x12, 0x4f, 0x11, 0xaf, 0xff, 0x9f, 0xff, 0x9f,
// Compressed size: 207 bytes original pixels: 12544 uint16_t → ~25088 bytes uncompressed)

// PHANTOM / Phantom Auraflow V0.3 000 S1946645368 Th0.100 24 [Folder: PHANTOM] - RLE compressed data (offset: 47967, size: 276)
0xff, 0x9f, 0xaf, 0x12, 0x11, 0x12, 0x1f, 0x12, 0x11, 0x8f, 0xbf, 0x11, 0x24, 0x19, 0x34, 0x6f, 0x7f, 0x11, 0x1f, 0x12, 0x13, 0x27, 0x3a, 0x1e, 0x29, 0x12, 0x4f, 0x6f, 0x11, 0x12, 0x24, 0x17, 0x29, 0x1a, 0x1d, 0x1e, 0x1d, 0x19, 0x18, 0x19, 0x14, 0x3f, 0x7f, 0x13, 0x14, 0x29, 0x1a, 0x19, 0x3e, 0x1d, 0x19, 0x17, 0x18, 0x17, 0x3f, 0x5f, 0x11, 0x12, 0x14, 0x17, 0x1a, 0x19, 0x1e, 0x6d, 0x1a, 0x1b, 0x18, 0x15, 0x2f, 0x3f, 0x20, 0x1f, 0x13, 0x16, 0x1a, 0x17, 0x1d, 0x1e, 0x3d, 0x1c, 0x1d, 0x1c, 0x1d, 0x1c, 0x18, 0x15, 0x2f, 0x4f, 0x11, 0x12, 0x13, 0x18, 0x1c, 0x1b, 0x1c, 0x4d, 0x1c, 0x1a, 0x2c, 0x1d, 0x1c, 0x16, 0x2f, 0x3f, 0x10, 0x11, 0x13, 0x16, 0x18, 0x1b, 0x1c, 0x1d,
0x1c, 0x1d, 0x2c, 0x19, 0x17, 0x13, 0x12, 0x18, 0x1c, 0x18, 0x2f, 0x3f, 0x11, 0x23, 0x17, 0x18, 0x1c, 0x4d, 0x1c, 0x19, 0x16, 0x17, 0x11, 0x1f, 0x11, 0x18, 0x3f, 0x3f, 0x10, 0x12, 0x15, 0x17, 0x18, 0x2c, 0x1d, 0x1c, 0x1b, 0x1c, 0x17, 0x14, 0x4f, 0x12, 0x3f, 0x2f, 0x10, 0x11, 0x13, 0x15, 0x18, 0x1b, 0x1c, 0x1d, 0x2c, 0x1b, 0x1a, 0x13, 0x12, 0x8f, 0x3f, 0x22, 0x13, 0x18, 0x1c, 0x1d, 0x4c, 0x18, 0x13, 0x9f, 0x3f, 0x21, 0x13, 0x18, 0x1b, 0x1c, 0x2b, 0x2a, 0x17, 0x11, 0x9f, 0x2f, 0x10, 0x12, 0x13, 0x28, 0x1b, 0x48, 0x16, 0x17, 0x12, 0x9f, 0x2f, 0x12, 0x13, 0x11, 0x16, 0x18, 0x27, 0x18, 0x17, 0x15, 0x26, 0x15, 0x9f, 0x2f, 0x23, 0x15, 0x16, 0x18, 0x25, 0x16, 0x13, 0x16,
0x15, 0x16, 0xaf, 0x2f, 0x12, 0x25, 0x16, 0x15, 0x23, 0x42, 0x15, 0xaf, 0x3f, 0x13, 0x35, 0x13, 0x12, 0x10, 0x12, 0x20, 0x15, 0xaf, 0x3f, 0x11, 0x15, 0x26, 0x11, 0x50, 0x13, 0xaf, 0x3f, 0x11, 0x36, 0x15, 0x13, 0x11, 0x40, 0x12, 0x9f, 0x5f, 0x20, 0x15, 0x11, 0x12, 0x20, 0x21, 0x12, 0x13, 0x21, 0x6f, 0xff, 0x9f,
// Compressed size: 276 bytes original pixels: 12544 uint16_t → ~25088 bytes uncompressed)

// PHAYA NAK / Phaya Nak Auraflow V0.3 000 S1655614160 Th0.100 24 [Folder: PHAYA_NAK] - RLE compressed data (offset: 48243, size: 188)
0xff, 0x9f, 0xff, 0x9f, 0xcf, 0x16, 0xbf, 0x9f, 0x17, 0x24, 0x11, 0x14, 0x16, 0x9f, 0x6f, 0x16, 0x22, 0x27, 0x12, 0x16, 0x14, 0x1e, 0x16, 0x27, 0x6f, 0x5f, 0x12, 0x14, 0x38, 0x1e, 0x3a, 0x14, 0x1d, 0x17, 0x14, 0x12, 0x5f, 0x4f, 0x26, 0x17, 0x1a, 0x18, 0x2b, 0x2e, 0x18, 0x3d, 0x17, 0x19, 0x5f, 0x3f, 0x14, 0x1b, 0x1c, 0x1e, 0x1d, 0x1e, 0x1d, 0x15, 0x17, 0x3d, 0x19, 0x1c, 0x14, 0x1d, 0x19, 0x4f, 0x3f, 0x17, 0x1c, 0x1e, 0x16, 0x14, 0x16, 0x1c, 0x18, 0x1c, 0x29, 0x1d, 0x15, 0x19, 0x1d, 0x17, 0x1e, 0x17, 0x3f, 0x2f, 0x13, 0x1e, 0x1d, 0x24, 0x1f, 0x17, 0x18, 0x39, 0x1b, 0x29, 0x1d, 0x25, 0x1a, 0x12, 0x15, 0x2f, 0x2f, 0x14, 0x1c, 0x17, 0x4f, 0x14, 0x1f, 0x12, 0x1f, 0x12,
0x1a, 0x18, 0x1e, 0x29, 0x1a, 0x18, 0x17, 0x2f, 0x2f, 0x16, 0x1e, 0x18, 0x8f, 0x11, 0x17, 0x1b, 0x18, 0x17, 0x1f, 0x11, 0x12, 0x2c, 0x1f, 0x2f, 0x16, 0x1a, 0x1b, 0xbf, 0x17, 0x18, 0x11, 0x1f, 0x16, 0x3f, 0x3f, 0x18, 0x13, 0x17, 0xaf, 0x14, 0x18, 0x17, 0x5f, 0x3f, 0x12, 0x15, 0x18, 0x14, 0xaf, 0x15, 0x6f, 0x4f, 0x11, 0x16, 0x11, 0x12, 0x13, 0x11, 0xef, 0x7f, 0x21, 0xff, 0xff, 0x9f, 0xff, 0x9f, 0xff, 0x9f, 0xff, 0x9f, 0xff, 0x9f, 0xff, 0x9f, 0xff, 0x9f,
// Compressed size: 188 bytes original pixels: 12544 uint16_t → ~25088 bytes uncompressed)

// PHOENIX / Phoenix Auraflow V0.3 000 S1366984572 Th0.100 24 [Folder: PHOENIX] - RLE compressed data (offset: 48431, size: 212)
0xfe, 0x9e, 0xfe, 0x9e, 0xbe, 0x17, 0xce, 0x9e, 0x1d, 0x1e, 0x1b, 0x8e, 0x17, 0x3e, 0x9e, 0x13, 0x1e, 0x1a, 0x8e, 0x1a, 0x16, 0x2e, 0x9e, 0x19, 0x17, 0x19, 0x8e, 0x1c, 0x15, 0x2e, 0x9e, 0x26, 0x15, 0x8e, 0x1a, 0x15, 0x2e, 0x7e, 0x1a, 0x18, 0x15, 0x16, 0x14, 0x6e, 0x1b, 0x15, 0x12, 0x18, 0x2e, 0x7e, 0x1a, 0x12, 0x17, 0x24, 0x5e, 0x16, 0x42, 0x2e, 0x5e, 0x27, 0x29, 0x15, 0x11, 0x16, 0x4e, 0x15, 0x22, 0x10, 0x12, 0x3e, 0x5e, 0x23, 0x28, 0x12, 0x13, 0x16, 0x25, 0x17, 0x15, 0x10, 0x18, 0x10, 0x11, 0x1b, 0x12, 0x2e, 0x5e, 0x17, 0x1b, 0x1a, 0x16, 0x10, 0x12, 0x23, 0x15, 0x13, 0x39, 0x12, 0x14, 0x13, 0x1d, 0x2e, 0x4e, 0x2d, 0x1e, 0x1d, 0x19, 0x50, 0x1a, 0x19, 0x18, 0x12,
0x15, 0x14, 0x1d, 0x3e, 0x7e, 0x2a, 0x11, 0x30, 0x17, 0x1a, 0x19, 0x14, 0x18, 0x15, 0x1b, 0x1a, 0x3e, 0x5e, 0x1d, 0x1e, 0x17, 0x1c, 0x16, 0x1f, 0x1d, 0x1f, 0x18, 0x34, 0x12, 0x14, 0x1a, 0x4e, 0x7e, 0x11, 0x1d, 0x1b, 0x2d, 0x1c, 0x19, 0x12, 0x10, 0x16, 0x12, 0x1a, 0x5e, 0x7e, 0x3c, 0x4b, 0x37, 0x7e, 0x7e, 0x1a, 0x1d, 0x16, 0x1c, 0x16, 0x1a, 0x2d, 0x17, 0x1b, 0x17, 0x6e, 0x7e, 0x1d, 0x1a, 0x1e, 0x1c, 0x1a, 0x1e, 0x1a, 0x1b, 0x2c, 0x1b, 0x6e, 0x7e, 0x13, 0x2e, 0x1d, 0x3e, 0x2a, 0x17, 0x1b, 0x6e, 0x5e, 0x1d, 0x1f, 0x1c, 0x1e, 0x19, 0x1b, 0xde, 0x7e, 0x21, 0x1f, 0x11, 0xde, 0xfe, 0x9e, 0xfe, 0x9e,
// Compressed size: 212 bytes original pixels: 12544 uint16_t → ~25088 bytes uncompressed)

// PIT FIEND / Pit Fiend Auraflow V0.3 000 S2860728041 Th0.100 24 [Folder: PIT_FIEND] - RLE compressed data (offset: 48643, size: 369)
0x19, 0x13, 0x14, 0x1e, 0x1b, 0x16, 0xd5, 0x2f, 0x1d, 0x14, 0x1c, 0x13, 0x1a, 0x1f, 0x2e, 0x1b, 0xc5, 0x19, 0x1f, 0x2e, 0x1f, 0x1b, 0x17, 0x19, 0x4b, 0x16, 0xb5, 0x1c, 0x1e, 0x1f, 0x1b, 0x1d, 0x1f, 0x15, 0x17, 0x1e, 0x2b, 0x1e, 0x1a, 0xa5, 0x19, 0x1d, 0x1b, 0x2e, 0x15, 0x1e, 0x17, 0x2e, 0x1b, 0x1e, 0x1a, 0x1e, 0x16, 0x55, 0x19, 0x25, 0x13, 0x18, 0x2e, 0x1b, 0x1f, 0x29, 0x1b, 0x1e, 0x18, 0x1a, 0x1f, 0x3a, 0x26, 0x20, 0x16, 0x35, 0x16, 0x1e, 0x1a, 0x2b, 0x1f, 0x1d, 0x18, 0x1b, 0x1e, 0x14, 0x1b, 0x1e, 0x1a, 0x16, 0x21, 0x1f, 0x10, 0x16, 0x1c, 0x10, 0x15, 0x26, 0x1e, 0x1b, 0x1d, 0x2b, 0x1e, 0x1d, 0x1a, 0x1e, 0x17, 0x16, 0x1a, 0x1d, 0x10, 0x1f, 0x1e, 0x4f, 0x19, 0x16,
0x1b, 0x13, 0x19, 0x18, 0x2e, 0x19, 0x2d, 0x1a, 0x36, 0x1b, 0x1d, 0x11, 0x1a, 0x3f, 0x1d, 0x2f, 0x1e, 0x1b, 0x1d, 0x17, 0x1f, 0x1b, 0x2d, 0x1e, 0x17, 0x1a, 0x1b, 0x17, 0x16, 0x1a, 0x19, 0x16, 0x1c, 0x1f, 0x17, 0x1f, 0x18, 0x4f, 0x19, 0x2f, 0x29, 0x1d, 0x19, 0x17, 0x1a, 0x12, 0x14, 0x13, 0x18, 0x13, 0x16, 0x19, 0x1d, 0x14, 0x18, 0x2c, 0x1f, 0x1c, 0x1f, 0x2d, 0x1e, 0x14, 0x18, 0x29, 0x15, 0x19, 0x23, 0x14, 0x18, 0x26, 0x1c, 0x12, 0x1c, 0x12, 0x14, 0x13, 0x18, 0x2c, 0x1d, 0x1f, 0x18, 0x12, 0x1d, 0x1c, 0x12, 0x14, 0x11, 0x35, 0x12, 0x1a, 0x1d, 0x13, 0x10, 0x23, 0x18, 0x24, 0x1d, 0x14, 0x1c, 0x1d, 0x13, 0x12, 0x24, 0x25, 0x45, 0x1c, 0x1a, 0x11, 0x25, 0x18, 0x3c, 0x1d,
0x15, 0x14, 0x12, 0x1c, 0x1d, 0x15, 0x12, 0x35, 0x45, 0x19, 0x12, 0x18, 0x25, 0x2d, 0x19, 0x2f, 0x1d, 0x15, 0x12, 0x1c, 0x1a, 0x1d, 0x12, 0x35, 0x35, 0x10, 0x1a, 0x12, 0x25, 0x16, 0x1a, 0x1f, 0x1e, 0x1d, 0x1f, 0x1d, 0x25, 0x1c, 0x12, 0x1b, 0x45, 0x35, 0x1a, 0x19, 0x35, 0x16, 0x1d, 0x1f, 0x1e, 0x2f, 0x1e, 0x14, 0x25, 0x14, 0x1b, 0x45, 0x35, 0x16, 0x12, 0x25, 0x11, 0x3d, 0x18, 0x2c, 0x18, 0x19, 0x35, 0x1a, 0x45, 0x35, 0x10, 0x17, 0x11, 0x15, 0x24, 0x19, 0x14, 0x18, 0x24, 0x18, 0x19, 0x35, 0x19, 0x45, 0x25, 0x10, 0x16, 0x35, 0x11, 0x18, 0x20, 0x12, 0x25, 0x14, 0x18, 0x25, 0x19, 0x1b, 0x45, 0x25, 0x14, 0x17, 0x35, 0x12, 0x13, 0x10, 0x15, 0x11, 0x25, 0x24, 0x25, 0x18,
0x19, 0x45, 0x35, 0x1c, 0x35, 0x12, 0x14, 0x12, 0x15, 0x10, 0x25, 0x10, 0x12, 0x35, 0x1d, 0x45, 0x65, 0x10, 0x12, 0x14, 0x10, 0x45, 0x11, 0x12, 0x11, 0x75, 0x75, 0x11, 0x12, 0x11, 0x45, 0x31, 0x75,
// Compressed size: 369 bytes original pixels: 12544 uint16_t → ~25088 bytes uncompressed)

// PIXIE / Pixie Auraflow V0.3 000 S2585536494 Th0.100 24 [Folder: PIXIE] - RLE compressed data (offset: 49012, size: 169)
0xff, 0x9f, 0xff, 0x9f, 0xff, 0x9f, 0xff, 0x9f, 0xff, 0x9f, 0xff, 0x9f, 0xff, 0x1f, 0x15, 0x7f, 0x2f, 0x28, 0x3f, 0x15, 0x1d, 0x6f, 0x18, 0x3f, 0x1c, 0x17, 0x1b, 0x2f, 0x2f, 0x18, 0x21, 0x1c, 0x17, 0x1f, 0x13, 0x18, 0x4f, 0x19, 0x10, 0x1f, 0x16, 0x14, 0x10, 0x13, 0x3f, 0x2f, 0x1b, 0x18, 0x15, 0x12, 0x10, 0x14, 0x13, 0x1b, 0x11, 0x20, 0x1b, 0x15, 0x13, 0x14, 0x23, 0x10, 0x19, 0x3f, 0x3f, 0x1b, 0x18, 0x13, 0x10, 0x27, 0x14, 0x3e, 0x1d, 0x14, 0x17, 0x12, 0x20, 0x19, 0x1b, 0x3f, 0x4f, 0x18, 0x16, 0x12, 0x10, 0x27, 0x19, 0x1d, 0x1e, 0x1a, 0x17, 0x1a, 0x10, 0x12, 0x10, 0x1b, 0x4f, 0x5f, 0x1b, 0x18, 0x36, 0x3e, 0x1c, 0x17, 0x1a, 0x13, 0x1a, 0x17, 0x5f, 0x7f, 0x11, 0x17,
0x1a, 0x16, 0x2d, 0x12, 0x1a, 0x23, 0x7f, 0x6f, 0x19, 0x16, 0x14, 0x17, 0x1e, 0x3d, 0x13, 0x17, 0x13, 0x14, 0x6f, 0x4f, 0x1b, 0x29, 0x11, 0x2a, 0x1c, 0x1d, 0x1e, 0x1f, 0x1a, 0x19, 0x17, 0x29, 0x5f, 0x6f, 0x3a, 0x2f, 0x1b, 0x3f, 0x19, 0x1c, 0x1b, 0x1d, 0x5f, 0xff, 0x9f, 0xff, 0x9f, 0xff, 0x9f, 0xff, 0x9f, 0xff, 0x9f, 0xff, 0x9f, 0xff, 0x9f,
// Compressed size: 169 bytes original pixels: 12544 uint16_t → ~25088 bytes uncompressed)

// POLTERGEIST / Poltergeist Auraflow V0.3 000 S2101496351 Th0.100 24 [Folder: POLTERGEIST] - RLE compressed data (offset: 49181, size: 204)
0xfe, 0x2e, 0x12, 0x6e, 0xce, 0x10, 0x1e, 0x20, 0x8e, 0xde, 0x24, 0x25, 0x7e, 0xbe, 0x11, 0x18, 0x14, 0x19, 0x16, 0x18, 0x7e, 0x8e, 0x31, 0x15, 0x19, 0x18, 0x1d, 0x2c, 0x7e, 0x8e, 0x10, 0x14, 0x19, 0x2b, 0x28, 0x2c, 0x7e, 0x7e, 0x10, 0x16, 0x1f, 0x19, 0x4c, 0x18, 0x1b, 0x7e, 0x7e, 0x12, 0x15, 0x6c, 0x16, 0x8e, 0x8e, 0x19, 0x3c, 0x19, 0x1c, 0x18, 0x16, 0x8e, 0x7e, 0x2c, 0x19, 0x3c, 0x1d, 0x19, 0x18, 0x8e, 0x6e, 0x10, 0x1d, 0x11, 0x19, 0x1b, 0x2a, 0x10, 0x16, 0x18, 0x8e, 0x6e, 0x19, 0x1e, 0x15, 0x1b, 0x2c, 0x16, 0x11, 0x12, 0x1a, 0x8e, 0x5e, 0x12, 0x1a, 0x11, 0x15, 0x18, 0x1c, 0x1b, 0x11, 0x1e, 0x13, 0x19, 0x8e, 0x5e, 0x15, 0x1e, 0x13, 0x17, 0x1d, 0x1c, 0x19, 0x16,
0x1e, 0x12, 0x18, 0x17, 0x7e, 0x7e, 0x12, 0x1a, 0x2b, 0x19, 0x4e, 0x1a, 0x7e, 0x5e, 0x10, 0x13, 0x1e, 0x1b, 0x15, 0x17, 0x19, 0x18, 0x4e, 0x18, 0x6e, 0x5e, 0x18, 0x2e, 0x19, 0x12, 0x15, 0x11, 0x1e, 0x18, 0x3e, 0x18, 0x6e, 0x4e, 0x16, 0x13, 0x16, 0x13, 0x1f, 0x20, 0x3e, 0x16, 0x2e, 0x18, 0x6e, 0x4e, 0x16, 0x3e, 0x1a, 0x1e, 0x13, 0x2e, 0x16, 0xae, 0x4e, 0x13, 0x16, 0x1e, 0x15, 0x13, 0x3e, 0x15, 0xbe, 0x6e, 0x13, 0x3e, 0x10, 0x1e, 0x1f, 0x4e, 0x15, 0x6e, 0x5e, 0x10, 0x18, 0x5e, 0x15, 0x24, 0x16, 0x8e, 0x6e, 0x18, 0x12, 0x1e, 0x18, 0xee, 0xfe, 0x9e,
// Compressed size: 204 bytes original pixels: 12544 uint16_t → ~25088 bytes uncompressed)

// PSEUDODRAGON / Pseudodragon Auraflow V0.3 000 S2464924450 Th0.100 24 [Folder: PSEUDODRAGON] - RLE compressed data (offset: 49385, size: 281)
0xff, 0x9f, 0xff, 0x9f, 0x7f, 0x10, 0x18, 0x6f, 0x18, 0x11, 0x7f, 0x5f, 0x15, 0x17, 0x19, 0x1a, 0x12, 0x10, 0x2f, 0x11, 0x12, 0x1b, 0x1e, 0x17, 0x6f, 0x4f, 0x13, 0x16, 0x2e, 0x1a, 0x6f, 0x1e, 0x1d, 0x1a, 0x1d, 0x1a, 0x4f, 0x3f, 0x27, 0x2d, 0x18, 0x1b, 0x6f, 0x19, 0x1b, 0x1c, 0x1e, 0x18, 0x19, 0x3f, 0x2f, 0x1b, 0x17, 0x16, 0x1a, 0x1e, 0x1c, 0x1b, 0x6f, 0x1c, 0x17, 0x2b, 0x17, 0x19, 0x17, 0x2f, 0x2f, 0x17, 0x16, 0x14, 0x1c, 0x2a, 0x17, 0x2f, 0x16, 0x3f, 0x2d, 0x1a, 0x13, 0x17, 0x1b, 0x17, 0x2f, 0x1f, 0x1c, 0x16, 0x24, 0x1b, 0x2a, 0x19, 0x2f, 0x12, 0x3f, 0x1d, 0x1b, 0x18, 0x14, 0x13, 0x17, 0x14, 0x17, 0x1f, 0x3f, 0x10, 0x14, 0x1a, 0x14, 0x18, 0x1d, 0x13, 0x1f, 0x1c,
0x1a, 0x1f, 0x2e, 0x19, 0x17, 0x1a, 0x13, 0x16, 0x3f, 0x4f, 0x24, 0x12, 0x18, 0x1a, 0x2e, 0x15, 0x1d, 0x2e, 0x1d, 0x16, 0x14, 0x1a, 0x14, 0x4f, 0x1f, 0x10, 0x2f, 0x18, 0x12, 0x10, 0x12, 0x14, 0x1a, 0x1e, 0x10, 0x13, 0x1e, 0x14, 0x1d, 0x10, 0x13, 0x14, 0x10, 0x4f, 0x7f, 0x10, 0x12, 0x19, 0x1c, 0x1e, 0x15, 0x1c, 0x18, 0x15, 0x1f, 0x10, 0x18, 0x10, 0x4f, 0x9f, 0x18, 0x15, 0x13, 0x1d, 0x1a, 0x4f, 0x16, 0x5f, 0xaf, 0x15, 0x19, 0x13, 0x14, 0xaf, 0x9f, 0x13, 0x11, 0x15, 0x17, 0x13, 0x11, 0x1b, 0x2f, 0x12, 0x5f, 0x7f, 0x33, 0x11, 0x15, 0x1c, 0x23, 0x1d, 0x3f, 0x11, 0x13, 0x3f, 0x7f, 0x17, 0x19, 0x13, 0x17, 0x19, 0x1b, 0x1d, 0x1c, 0x17, 0x1f, 0x10, 0x2f, 0x12, 0x1f, 0x1b,
0x1f, 0x8f, 0x1b, 0x19, 0x17, 0x1b, 0x19, 0x1d, 0x14, 0x7f, 0x13, 0x1f, 0x9f, 0x1d, 0x1e, 0x15, 0x1e, 0x1b, 0x17, 0x10, 0x1f, 0x12, 0x3f, 0x10, 0x13, 0x1f, 0x9f, 0x1e, 0x1c, 0x1e, 0x1b, 0x3e, 0x15, 0x17, 0x1a, 0x17, 0x20, 0x1d, 0x1f, 0x9f, 0x1d, 0x1e, 0x1f, 0x1d, 0x1a, 0x3f, 0x39, 0x1a, 0x12, 0x2f, 0x8f, 0x14, 0x4f, 0x16, 0xaf, 0xff, 0x9f,
// Compressed size: 281 bytes original pixels: 12544 uint16_t → ~25088 bytes uncompressed)

// QAT / Qat Auraflow V0.3 000 S239845069 Th0.100 24 [Folder: QAT] - RLE compressed data (offset: 49666, size: 233)
0xfe, 0x9e, 0xde, 0x1d, 0x1a, 0x9e, 0xbe, 0x13, 0x11, 0x13, 0x18, 0x13, 0x8e, 0x9e, 0x13, 0x1a, 0x18, 0x2a, 0x16, 0x15, 0x13, 0x18, 0x1d, 0x5e, 0x8e, 0x13, 0x15, 0x11, 0x1c, 0x1a, 0x17, 0x1a, 0x18, 0x12, 0x10, 0x16, 0x5e, 0x8e, 0x25, 0x1a, 0x16, 0x10, 0x17, 0x1c, 0x16, 0x12, 0x17, 0x1a, 0x5e, 0x7e, 0x12, 0x16, 0x13, 0x1b, 0x18, 0x15, 0x4e, 0x11, 0x17, 0x11, 0x16, 0x3e, 0x7e, 0x10, 0x29, 0x1f, 0x16, 0x1c, 0x6e, 0x14, 0x1e, 0x1f, 0x2e, 0x7e, 0x21, 0x13, 0x1a, 0x13, 0x11, 0x6e, 0x29, 0x3e, 0x7e, 0x13, 0x14, 0x15, 0x19, 0x1a, 0x7e, 0x1a, 0x14, 0x3e, 0x7e, 0x19, 0x13, 0x14, 0x16, 0x14, 0x17, 0x6e, 0x2a, 0x3e, 0x7e, 0x21, 0x1b, 0x18, 0x1c, 0x1d, 0x18, 0x6e, 0x18, 0x3e,
0x6e, 0x1d, 0x21, 0x15, 0x11, 0x16, 0x1c, 0x17, 0x19, 0x15, 0x1b, 0x7e, 0x6e, 0x1d, 0x10, 0x18, 0x19, 0x13, 0x29, 0x1d, 0x15, 0x16, 0x1a, 0x7e, 0x7e, 0x11, 0x13, 0x16, 0x18, 0x1c, 0x14, 0x1b, 0x25, 0x13, 0x12, 0x6e, 0x7e, 0x12, 0x1b, 0x1a, 0x29, 0x14, 0x12, 0x1a, 0x1d, 0x12, 0x10, 0x6e, 0x7e, 0x16, 0x1b, 0x1d, 0x17, 0x14, 0x18, 0x1a, 0x1c, 0x15, 0x14, 0x1d, 0x13, 0x5e, 0x7e, 0x14, 0x1c, 0x2e, 0x27, 0x16, 0x19, 0x2c, 0x1a, 0x1c, 0x5e, 0x7e, 0x1c, 0x4e, 0x1d, 0x16, 0x3c, 0x19, 0x6e, 0x4e, 0x15, 0x14, 0x21, 0x2e, 0x18, 0x19, 0x12, 0x11, 0x10, 0x1b, 0x1d, 0x1f, 0x6e, 0x3e, 0x26, 0x17, 0x1e, 0x16, 0x2e, 0x10, 0x14, 0x19, 0x10, 0x14, 0x1b, 0x17, 0x1b, 0x14, 0x5e, 0x9e,
0x1b, 0x19, 0x17, 0x16, 0xbe, 0xfe, 0x9e, 0xfe, 0x9e,
// Compressed size: 233 bytes original pixels: 12544 uint16_t → ~25088 bytes uncompressed)

// QUETZALCOATL / Quetzalcoatl Auraflow V0.3 000 S3055356217 Th0.100 24 [Folder: QUETZALCOATL] - RLE compressed data (offset: 49899, size: 269)
0x3e, 0x19, 0x14, 0xfe, 0x4e, 0x1e, 0x15, 0x1e, 0x15, 0x24, 0x18, 0xfe, 0x2e, 0x2e, 0x12, 0x1e, 0x14, 0x22, 0x13, 0xfe, 0x1e, 0x3e, 0x12, 0x19, 0x12, 0x10, 0x25, 0xfe, 0x1e, 0x1b, 0x12, 0x1b, 0x29, 0x14, 0x1b, 0x1c, 0x11, 0xee, 0x3e, 0x12, 0x14, 0x12, 0x14, 0x15, 0x1a, 0x10, 0x6e, 0x16, 0x13, 0x6e, 0x3e, 0x14, 0x19, 0x18, 0x14, 0x19, 0x1d, 0x11, 0x4e, 0x16, 0x15, 0x14, 0x1c, 0x13, 0x5e, 0x5e, 0x14, 0x19, 0x1b, 0x19, 0x13, 0x4e, 0x17, 0x14, 0x1a, 0x19, 0x18, 0x19, 0x4e, 0x6e, 0x24, 0x2b, 0x3e, 0x16, 0x17, 0x25, 0x18, 0x13, 0x10, 0x19, 0x3e, 0x6e, 0x14, 0x10, 0x1b, 0x16, 0x15, 0x3e, 0x10, 0x16, 0x1d, 0x14, 0x18, 0x14, 0x10, 0x3e, 0x4e, 0x26, 0x1e, 0x1a, 0x15, 0x19,
0x1d, 0x33, 0x1b, 0x13, 0x1d, 0x1b, 0x12, 0x1b, 0x18, 0x3e, 0x1e, 0x15, 0x1e, 0x16, 0x2e, 0x29, 0x12, 0x1b, 0x18, 0x15, 0x11, 0x2c, 0x1b, 0x1e, 0x14, 0x1b, 0x1a, 0x14, 0x3e, 0x4e, 0x1d, 0x1a, 0x2e, 0x15, 0x2d, 0x1a, 0x15, 0x1d, 0x2c, 0x13, 0x2e, 0x16, 0x15, 0x3e, 0x7e, 0x13, 0x18, 0x12, 0x15, 0x16, 0x15, 0x18, 0x1d, 0x17, 0x13, 0x7e, 0x4e, 0x13, 0x11, 0x10, 0x15, 0x1a, 0x1d, 0x1a, 0x1b, 0x11, 0x2c, 0x26, 0x10, 0x6e, 0x3e, 0x13, 0x14, 0x1b, 0x3d, 0x1a, 0x1e, 0x16, 0x11, 0x1a, 0x1c, 0x13, 0x1c, 0x11, 0x6e, 0x2e, 0x1d, 0x13, 0x27, 0x5e, 0x1b, 0x19, 0x1e, 0x10, 0x17, 0x15, 0x1a, 0x6e, 0x2e, 0x17, 0x1f, 0x8e, 0x1a, 0x1e, 0x10, 0x1c, 0x1d, 0x1a, 0x6e, 0x2e, 0x1d, 0x18,
0xae, 0x13, 0x3c, 0x6e, 0x2e, 0x1a, 0x17, 0x11, 0x1e, 0x19, 0x16, 0x19, 0x15, 0x13, 0x21, 0x10, 0x1c, 0x1d, 0x1c, 0x7e, 0x3e, 0x1d, 0x1a, 0x29, 0x1c, 0x1a, 0x1d, 0x1a, 0x23, 0x1c, 0x1d, 0x1a, 0x17, 0x7e, 0x4e, 0x3c, 0x3e, 0x1a, 0x1c, 0x3d, 0x9e, 0xfe, 0x9e, 0xfe, 0x9e,
// Compressed size: 269 bytes original pixels: 12544 uint16_t → ~25088 bytes uncompressed)

// QUINOTAUR / Quinotaur Auraflow V0.3 000 S873483848 Th0.100 24 [Folder: QUINOTAUR] - RLE compressed data (offset: 50168, size: 309)
0xfe, 0x9e, 0x7e, 0x1b, 0xfe, 0x1e, 0x3e, 0x1d, 0x2e, 0x1a, 0xfe, 0x2e, 0x4e, 0x12, 0x19, 0x5e, 0x14, 0x11, 0x15, 0x22, 0x15, 0x7e, 0x4e, 0x1c, 0x4e, 0x11, 0x1e, 0x17, 0x15, 0x17, 0x1a, 0x1b, 0x27, 0x6e, 0x3e, 0x1a, 0x13, 0x4e, 0x13, 0x16, 0x12, 0x14, 0x4e, 0x12, 0x15, 0x5e, 0x2e, 0x19, 0x1c, 0x1b, 0x12, 0x3e, 0x12, 0x15, 0x10, 0x1e, 0x10, 0x4e, 0x16, 0x5e, 0x3e, 0x12, 0x3d, 0x2e, 0x17, 0x16, 0x15, 0x12, 0x11, 0x1e, 0x18, 0x12, 0x17, 0x6e, 0x3e, 0x12, 0x1c, 0x1d, 0x1a, 0x1e, 0x12, 0x17, 0x19, 0x18, 0x14, 0x10, 0xae, 0x3e, 0x1c, 0x1f, 0x1d, 0x2e, 0x16, 0x17, 0x13, 0x1b, 0x1c, 0x17, 0x10, 0x19, 0x10, 0x7e, 0x3e, 0x1b, 0x1a, 0x1c, 0x14, 0x12, 0x20, 0x13, 0x15, 0x1c,
0x11, 0x1a, 0x17, 0x13, 0x7e, 0x3e, 0x1a, 0x1b, 0x1d, 0x1c, 0x1a, 0x11, 0x18, 0x12, 0x1c, 0x1a, 0x1d, 0x1a, 0x1c, 0x18, 0x10, 0x1b, 0x5e, 0x3e, 0x10, 0x1c, 0x3d, 0x1c, 0x1b, 0x12, 0x13, 0x3c, 0x14, 0x1d, 0x1c, 0x19, 0x5e, 0x4e, 0x13, 0x19, 0x1d, 0x1c, 0x2d, 0x13, 0x2d, 0x1f, 0x1d, 0x1c, 0x17, 0x1d, 0x1c, 0x13, 0x12, 0x3e, 0x4e, 0x11, 0x18, 0x2a, 0x1f, 0x18, 0x15, 0x1d, 0x1c, 0x1a, 0x17, 0x19, 0x1a, 0x17, 0x12, 0x14, 0x16, 0x3e, 0x2e, 0x17, 0x2e, 0x19, 0x16, 0x1c, 0x18, 0x1d, 0x1c, 0x11, 0x1b, 0x14, 0x17, 0x1b, 0x1c, 0x19, 0x1e, 0x14, 0x1a, 0x3e, 0x6e, 0x14, 0x1c, 0x2e, 0x15, 0x1c, 0x1d, 0x11, 0x17, 0x1a, 0x16, 0x1d, 0x10, 0x11, 0x18, 0x16, 0x2e, 0x2e, 0x17, 0x3e,
0x10, 0x18, 0x12, 0x2e, 0x17, 0x1f, 0x15, 0x1e, 0x13, 0x16, 0x1a, 0x1c, 0x10, 0x12, 0x17, 0x2e, 0x3e, 0x15, 0x2e, 0x13, 0x17, 0x3e, 0x19, 0x1a, 0x3e, 0x16, 0x11, 0x15, 0x12, 0x15, 0x11, 0x2e, 0x6e, 0x15, 0x4e, 0x17, 0x5e, 0x13, 0x17, 0x13, 0x19, 0x3e, 0x6e, 0x16, 0x10, 0x13, 0x17, 0x12, 0x15, 0x17, 0x16, 0x27, 0x16, 0x23, 0x14, 0x13, 0x3e, 0x4e, 0x11, 0x16, 0x17, 0x3e, 0x1c, 0x18, 0x17, 0x13, 0x15, 0x12, 0x16, 0x12, 0x1c, 0x16, 0x4e, 0x9e, 0x19, 0x12, 0x11, 0x19, 0x1a, 0x19, 0x1a, 0x27, 0x6e, 0xfe, 0x9e,
// Compressed size: 309 bytes original pixels: 12544 uint16_t → ~25088 bytes uncompressed)

// RAKSHASA / Rakshasa Auraflow V0.3 000 S3312811737 Th0.100 24 [Folder: RAKSHASA] - RLE compressed data (offset: 50477, size: 317)
0xfe, 0x9e, 0x2e, 0x1a, 0x8e, 0x10, 0x1e, 0x11, 0xae, 0x2e, 0x1d, 0x13, 0x6e, 0x13, 0x1d, 0x17, 0x15, 0xae, 0x2e, 0x16, 0x1a, 0x18, 0x3e, 0x12, 0x1c, 0x1d, 0x1a, 0x1c, 0x18, 0x11, 0x10, 0x1e, 0x10, 0x6e, 0x2e, 0x17, 0x18, 0x1d, 0x4e, 0x1f, 0x10, 0x14, 0x1d, 0x17, 0x13, 0x12, 0x2e, 0x1a, 0x16, 0x4e, 0x2e, 0x13, 0x18, 0x3e, 0x10, 0x17, 0x13, 0x16, 0x1c, 0x1a, 0x1f, 0x11, 0x12, 0x1e, 0x12, 0x1a, 0x13, 0x4e, 0x2e, 0x16, 0x1c, 0x3e, 0x15, 0x1c, 0x13, 0x2f, 0x15, 0x17, 0x1c, 0x17, 0x2e, 0x17, 0x13, 0x4e, 0x2e, 0x1d, 0x13, 0x3e, 0x16, 0x1b, 0x2d, 0x18, 0x1d, 0x1c, 0x13, 0x17, 0x10, 0x1e, 0x1b, 0x1a, 0x4e, 0x2e, 0x12, 0x1b, 0x18, 0x1e, 0x23, 0x19, 0x2c, 0x17, 0x1f, 0x1a,
0x1d, 0x17, 0x15, 0x1e, 0x1b, 0x1d, 0x4e, 0x3e, 0x17, 0x11, 0x19, 0x23, 0x17, 0x12, 0x1d, 0x1c, 0x1f, 0x3c, 0x16, 0x19, 0x2c, 0x4e, 0x3e, 0x1d, 0x1c, 0x2a, 0x1c, 0x16, 0x1a, 0x1f, 0x17, 0x1a, 0x2c, 0x17, 0x19, 0x17, 0x1a, 0x5e, 0x3e, 0x14, 0x1d, 0x1c, 0x13, 0x1e, 0x17, 0x26, 0x1d, 0x1c, 0x13, 0x1e, 0x1a, 0x1c, 0x1e, 0x13, 0x5e, 0x4e, 0x13, 0x4e, 0x1c, 0x15, 0x17, 0x1c, 0x3e, 0x1c, 0x1a, 0x13, 0x5e, 0x9e, 0x1a, 0x12, 0x1a, 0x1c, 0x14, 0x1e, 0x10, 0x1a, 0x17, 0x13, 0x5e, 0x8e, 0x19, 0x17, 0x1c, 0x19, 0x1f, 0x1b, 0x3e, 0x1b, 0x14, 0x17, 0x18, 0x3e, 0x7e, 0x14, 0x1b, 0x1d, 0x12, 0x14, 0x18, 0x2f, 0x3e, 0x11, 0x17, 0x1a, 0x3e, 0x6e, 0x12, 0x1a, 0x19, 0x4b, 0x1f, 0x28,
0x2e, 0x13, 0x16, 0x13, 0x3e, 0x6e, 0x15, 0x16, 0x19, 0x1b, 0x18, 0x19, 0x2b, 0x14, 0x13, 0x3e, 0x17, 0x1c, 0x3e, 0x5e, 0x13, 0x1c, 0x19, 0x13, 0x14, 0x12, 0x19, 0x1b, 0x12, 0x1c, 0x16, 0x13, 0x2e, 0x2b, 0x3e, 0x4e, 0x11, 0x15, 0x13, 0x2e, 0x10, 0x12, 0x1b, 0x18, 0x14, 0x10, 0x1a, 0x1c, 0x4e, 0x11, 0x2e, 0x4e, 0x17, 0x16, 0x5e, 0x14, 0x10, 0x11, 0x1e, 0x1a, 0x10, 0x1e, 0x1f, 0x5e, 0x4e, 0x16, 0x1a, 0x5e, 0x10, 0x11, 0x2e, 0x17, 0x16, 0x10, 0x1a, 0x13, 0x4e, 0x5e, 0x23, 0x14, 0x11, 0x17, 0x35, 0x1e, 0x13, 0x19, 0x18, 0x1b, 0x1f, 0x1b, 0x4e, 0xfe, 0x9e,
// Compressed size: 317 bytes original pixels: 12544 uint16_t → ~25088 bytes uncompressed)

// REDCAP / Redcap Auraflow V0.3 000 S2462892008 Th0.100 24 [Folder: REDCAP] - RLE compressed data (offset: 50794, size: 196)
0xfe, 0x9e, 0xce, 0x13, 0xbe, 0xae, 0x18, 0x15, 0x18, 0x1b, 0xae, 0x2e, 0x10, 0x5e, 0x1a, 0x45, 0x1b, 0x1a, 0x9e, 0x4e, 0x11, 0x3e, 0x18, 0x25, 0x28, 0x24, 0x18, 0x8e, 0x4e, 0x14, 0x1d, 0x11, 0x19, 0x25, 0x1a, 0x19, 0x1c, 0x1f, 0x17, 0x1d, 0x2e, 0x22, 0x4e, 0x5e, 0x17, 0x1c, 0x1d, 0x21, 0x19, 0x15, 0x14, 0x4d, 0x1c, 0x19, 0x1c, 0x4e, 0x6e, 0x12, 0x1b, 0x10, 0x29, 0x1a, 0x12, 0x1a, 0x14, 0x2d, 0x16, 0x6e, 0x8e, 0x11, 0x12, 0x13, 0x1a, 0x17, 0x1d, 0x11, 0x19, 0x17, 0x7e, 0x8e, 0x11, 0x1f, 0x22, 0x13, 0x17, 0x1d, 0x1f, 0x8e, 0x9e, 0x13, 0x14, 0x1a, 0x1d, 0x1b, 0x14, 0x9e, 0x9e, 0x17, 0x2d, 0x17, 0x1e, 0x1a, 0x9e, 0x9e, 0x1d, 0x11, 0x16, 0x1b, 0x2e, 0x13, 0x8e, 0x9e,
0x1d, 0x2a, 0x14, 0x1c, 0x1e, 0x17, 0x8e, 0x9e, 0x1c, 0x24, 0x11, 0x13, 0x1e, 0x14, 0x1a, 0x7e, 0x9e, 0x10, 0x17, 0x1b, 0x1e, 0x11, 0x2e, 0x14, 0x7e, 0x8e, 0x10, 0x1d, 0x4e, 0x11, 0x1e, 0x17, 0x2b, 0x5e, 0x8e, 0x1a, 0x5e, 0x1c, 0x1e, 0x1c, 0x27, 0x5e, 0x8e, 0x1d, 0x5e, 0x1b, 0x3e, 0x13, 0x5e, 0x5e, 0x16, 0x11, 0x13, 0x16, 0x5e, 0x13, 0x1a, 0x2e, 0x14, 0x1d, 0x4e, 0x3e, 0x14, 0x1f, 0x14, 0x1b, 0x12, 0x6e, 0x1f, 0x13, 0x10, 0x1a, 0x19, 0x1d, 0x4e, 0xfe, 0x14, 0x1e, 0x13, 0x6e, 0xfe, 0x9e, 0xfe, 0x9e,
// Compressed size: 196 bytes original pixels: 12544 uint16_t → ~25088 bytes uncompressed)

// REMORHAZ / Remorhaz Auraflow V0.3 000 S2114831682 Th0.100 24 [Folder: REMORHAZ] - RLE compressed data (offset: 50990, size: 215)
0xfe, 0x9e, 0xfe, 0x9e, 0xfe, 0x9e, 0xfe, 0x9e, 0xfe, 0x9e, 0xfe, 0x9e, 0xbe, 0x16, 0x13, 0x16, 0x1d, 0x9e, 0xae, 0x1b, 0x23, 0x11, 0x16, 0x13, 0x19, 0x1d, 0x6e, 0x6e, 0x13, 0x1e, 0x13, 0x12, 0x13, 0x31, 0x19, 0x10, 0x13, 0x16, 0x13, 0x1d, 0x4e, 0x6e, 0x16, 0x10, 0x23, 0x16, 0x13, 0x1b, 0x1d, 0x15, 0x1b, 0x1d, 0x1b, 0x13, 0x16, 0x19, 0x3e, 0x5e, 0x16, 0x1c, 0x1b, 0x23, 0x1b, 0x2d, 0x2b, 0x1c, 0x2d, 0x1c, 0x15, 0x13, 0x16, 0x2e, 0x4e, 0x15, 0x1a, 0x15, 0x1a, 0x1c, 0x13, 0x1b, 0x1a, 0x2d, 0x1b, 0x1d, 0x14, 0x1c, 0x1d, 0x23, 0x16, 0x19, 0x1e, 0x4e, 0x14, 0x1f, 0x24, 0x18, 0x1d, 0x19, 0x1b, 0x11, 0x1b, 0x5e, 0x19, 0x16, 0x10, 0x15, 0x1e, 0x4e, 0x18, 0x1e, 0x1f, 0x17,
0x14, 0x1f, 0x2d, 0x15, 0x1c, 0x5e, 0x17, 0x1b, 0x10, 0x1c, 0x1e, 0x5e, 0x17, 0x12, 0x1f, 0x17, 0x14, 0x2d, 0x15, 0x7e, 0x15, 0x16, 0x1c, 0x1e, 0x2e, 0x12, 0x17, 0x14, 0x2e, 0x1a, 0x17, 0x18, 0x1c, 0x1a, 0x8e, 0x14, 0x13, 0x15, 0x1e, 0x2e, 0x17, 0x10, 0x17, 0x3e, 0x17, 0x1c, 0x9e, 0x13, 0x15, 0x2c, 0x1e, 0x3e, 0x10, 0x37, 0x11, 0x16, 0x14, 0x8e, 0x11, 0x13, 0x16, 0x1a, 0x2e, 0x4e, 0x12, 0x14, 0x12, 0x17, 0x12, 0x8e, 0x15, 0x16, 0x28, 0x12, 0x2e, 0x5e, 0x10, 0x14, 0x12, 0x15, 0x5e, 0x15, 0x16, 0x19, 0x15, 0x12, 0x14, 0x12, 0x3e, 0x6e, 0x12, 0x3e, 0x12, 0x15, 0x11, 0x35, 0x8e, 0xfe, 0x9e, 0xfe, 0x9e, 0xfe, 0x9e,
// Compressed size: 215 bytes original pixels: 12544 uint16_t → ~25088 bytes uncompressed)

// REVENANT / Revenant Auraflow V0.3 000 S3858444995 Th0.100 24 [Folder: REVENANT] - RLE compressed data (offset: 51205, size: 257)
0xf0, 0x90, 0x80, 0x12, 0xa0, 0x18, 0x40, 0x70, 0x15, 0x13, 0x80, 0x14, 0x16, 0x50, 0x70, 0x1e, 0x18, 0x11, 0x19, 0x1c, 0x18, 0x40, 0x13, 0x26, 0x10, 0x13, 0x20, 0x70, 0x14, 0x12, 0x1d, 0x16, 0x1f, 0x1c, 0x50, 0x17, 0x14, 0x15, 0x30, 0x70, 0x13, 0x11, 0x13, 0x1a, 0x16, 0x1e, 0x10, 0x18, 0x30, 0x25, 0x17, 0x30, 0x40, 0x12, 0x20, 0x29, 0x1d, 0x16, 0x1e, 0x16, 0x14, 0x11, 0x18, 0x10, 0x17, 0x14, 0x15, 0x40, 0x30, 0x16, 0x50, 0x12, 0x1f, 0x1c, 0x1f, 0x1e, 0x13, 0x17, 0x35, 0x1a, 0x40, 0x30, 0x1c, 0x11, 0x20, 0x15, 0x1e, 0x15, 0x1c, 0x2e, 0x2c, 0x1d, 0x12, 0x16, 0x15, 0x20, 0x1a, 0x20, 0x30, 0x18, 0x40, 0x1d, 0x1f, 0x18, 0x3f, 0x19, 0x13, 0x1e, 0x18, 0x15, 0x16, 0x1a,
0x17, 0x1a, 0x10, 0x40, 0x11, 0x20, 0x15, 0x1d, 0x1a, 0x14, 0x1d, 0x1c, 0x2e, 0x2a, 0x1d, 0x14, 0x25, 0x13, 0x1a, 0x10, 0x40, 0x11, 0x20, 0x15, 0x1e, 0x1f, 0x1e, 0x19, 0x1d, 0x2f, 0x19, 0x16, 0x1d, 0x15, 0x1c, 0x18, 0x19, 0x20, 0x50, 0x18, 0x1b, 0x16, 0x2f, 0x16, 0x1f, 0x1c, 0x1e, 0x1f, 0x18, 0x1a, 0x1d, 0x16, 0x13, 0x16, 0x10, 0x17, 0x10, 0x50, 0x1a, 0x10, 0x1a, 0x1b, 0x1f, 0x14, 0x1d, 0x2f, 0x1c, 0x1e, 0x18, 0x1d, 0x10, 0x13, 0x15, 0x16, 0x2a, 0x80, 0x13, 0x1f, 0x19, 0x1e, 0x1c, 0x1d, 0x19, 0x18, 0x30, 0x2c, 0x1a, 0x18, 0x10, 0x70, 0x15, 0x1d, 0x1e, 0x20, 0x1c, 0x50, 0x13, 0x1a, 0x16, 0x1c, 0x18, 0x1a, 0x70, 0x1d, 0x10, 0x13, 0x80, 0x18, 0x14, 0x26, 0x15, 0x13,
0x80, 0x1a, 0x90, 0x1a, 0x13, 0x14, 0x25, 0x1a, 0x80, 0x16, 0x90, 0x13, 0x10, 0x14, 0x15, 0x17, 0x10, 0xf0, 0x50, 0x13, 0x15, 0x1b, 0x10, 0xf0, 0x90, 0xf0, 0x20, 0x13, 0x60, 0xf0, 0x90, 0xf0, 0x90,
// Compressed size: 257 bytes original pixels: 12544 uint16_t → ~25088 bytes uncompressed)

// RIVER SERPENT / River Serpent Auraflow V0.3 000 S3461442064 Th0.100 24 [Folder: RIVER_SERPENT] - RLE compressed data (offset: 51462, size: 193)
0xfe, 0x9e, 0xfe, 0x9e, 0xfe, 0x9e, 0xfe, 0x9e, 0xfe, 0x9e, 0x6e, 0x31, 0x12, 0x11, 0xde, 0x5e, 0x13, 0x16, 0x12, 0x15, 0x17, 0x11, 0x12, 0x13, 0x11, 0x10, 0x9e, 0x3e, 0x10, 0x15, 0x16, 0x27, 0x16, 0x19, 0x13, 0x14, 0x12, 0x10, 0x11, 0x14, 0x8e, 0x3e, 0x12, 0x16, 0x18, 0x2a, 0x19, 0x18, 0x24, 0x1d, 0x22, 0x13, 0x14, 0x11, 0x6e, 0x2e, 0x12, 0x15, 0x19, 0x17, 0x1b, 0x1c, 0x1b, 0x2d, 0x1b, 0x14, 0x19, 0x1d, 0x16, 0x17, 0x21, 0x5e, 0x2e, 0x15, 0x29, 0x18, 0x1c, 0x1b, 0x2c, 0x19, 0x2d, 0x1c, 0x3d, 0x1a, 0x13, 0x5e, 0x2e, 0x15, 0x19, 0x15, 0x1c, 0x69, 0x1c, 0x1b, 0x2d, 0x1f, 0x13, 0x1a, 0x15, 0x4e, 0x1e, 0x15, 0x37, 0x19, 0x17, 0x18, 0x27, 0x18, 0x27, 0x15, 0x1b, 0x1c,
0x1a, 0x1c, 0x12, 0x11, 0x10, 0x3e, 0x1e, 0x15, 0x16, 0x17, 0x19, 0x18, 0x17, 0x16, 0x15, 0x16, 0x55, 0x17, 0x3c, 0x1a, 0x17, 0x3e, 0x1e, 0x37, 0x19, 0x17, 0x4e, 0x22, 0x11, 0x2e, 0x12, 0x1b, 0x1a, 0x14, 0x1d, 0x16, 0x12, 0x2e, 0x3e, 0x15, 0xce, 0x15, 0x1e, 0x1d, 0x1c, 0x10, 0x1a, 0x2e, 0xfe, 0x4e, 0x14, 0x11, 0x10, 0x2e, 0xfe, 0x4e, 0x15, 0x1b, 0x1a, 0x2e, 0xfe, 0x4e, 0x15, 0x11, 0x3e, 0xfe, 0x5e, 0x23, 0x2e, 0xfe, 0x4e, 0x15, 0x1e, 0x13, 0x2e, 0xfe, 0x9e, 0xfe, 0x9e, 0xfe, 0x9e,
// Compressed size: 193 bytes original pixels: 12544 uint16_t → ~25088 bytes uncompressed)

// ROC / Roc Auraflow V0.3 000 S345679048 Th0.100 24 [Folder: ROC] - RLE compressed data (offset: 51655, size: 181)
0xfe, 0x9e, 0x2e, 0x19, 0x1e, 0x1f, 0x1e, 0x1f, 0xfe, 0x2e, 0x1e, 0x15, 0x1e, 0x1f, 0x16, 0x1a, 0x1b, 0x13, 0x1a, 0xfe, 0x2e, 0x10, 0x2a, 0x1b, 0x16, 0x1d, 0x1b, 0x1d, 0x1b, 0x3e, 0x11, 0x10, 0x21, 0x6e, 0x3e, 0x55, 0x14, 0x15, 0x1b, 0x17, 0x11, 0x12, 0x11, 0x10, 0x21, 0x6e, 0x1e, 0x15, 0x19, 0x17, 0x16, 0x2a, 0x1f, 0x1d, 0x1b, 0x1d, 0x1a, 0x13, 0x30, 0x11, 0x7e, 0x3e, 0x13, 0x14, 0x2a, 0x15, 0x1a, 0x1f, 0x1b, 0x1a, 0x1d, 0x1a, 0x13, 0x10, 0x8e, 0x4e, 0x15, 0x17, 0x14, 0x15, 0x16, 0x1f, 0x2a, 0x2d, 0x2c, 0x17, 0x18, 0x12, 0x11, 0x10, 0x3e, 0x5e, 0x11, 0x17, 0x13, 0x19, 0x1b, 0x1a, 0x1f, 0x1d, 0x1b, 0x1f, 0x1b, 0x18, 0x3c, 0x11, 0x3e, 0xae, 0x1f, 0x1d, 0x1c, 0x1a,
0x1f, 0x1a, 0x3d, 0x1a, 0x18, 0x10, 0x2e, 0x8e, 0x17, 0x2d, 0x18, 0x1c, 0x1a, 0x1b, 0x11, 0x5e, 0x13, 0x2e, 0x5e, 0x16, 0x19, 0x1a, 0x1f, 0x1a, 0x2d, 0x1a, 0x11, 0xae, 0x5e, 0x19, 0x26, 0x19, 0x1a, 0x38, 0xbe, 0x4e, 0x34, 0x17, 0x26, 0x2e, 0x1c, 0xbe, 0x4e, 0x14, 0x26, 0x17, 0x14, 0xfe, 0x3e, 0x15, 0x14, 0xfe, 0x4e, 0xfe, 0x9e, 0xfe, 0x9e, 0xfe, 0x9e, 0xfe, 0x9e, 0xfe, 0x9e, 0xfe, 0x9e, 0xfe, 0x9e, 0xfe, 0x9e,
// Compressed size: 181 bytes original pixels: 12544 uint16_t → ~25088 bytes uncompressed)

// RUSALKA / Rusalka Auraflow V0.3 000 S2474434392 Th0.100 24 [Folder: RUSALKA] - RLE compressed data (offset: 51836, size: 233)
0xff, 0x9f, 0xff, 0x9f, 0x9f, 0x1d, 0x1a, 0x19, 0xcf, 0x8f, 0x21, 0x14, 0x23, 0x11, 0xaf, 0x7f, 0x17, 0x11, 0x1d, 0x1a, 0x21, 0x1c, 0xaf, 0x8f, 0x11, 0x16, 0x1d, 0x1c, 0x1a, 0x19, 0xaf, 0x8f, 0x1a, 0x29, 0x1d, 0x18, 0x1d, 0x13, 0x1f, 0x1b, 0x7f, 0x9f, 0x11, 0x1a, 0x1f, 0x16, 0x1b, 0x13, 0x11, 0x8f, 0x9f, 0x1d, 0x14, 0x1f, 0x18, 0x1d, 0x12, 0x1e, 0x15, 0x7f, 0x8f, 0x11, 0x14, 0x12, 0x1e, 0x18, 0x1e, 0x19, 0x15, 0x13, 0x1d, 0x6f, 0x8f, 0x12, 0x1b, 0x1f, 0x1e, 0x1f, 0x1d, 0x15, 0x1c, 0x1b, 0x7f, 0x8f, 0x19, 0x2f, 0x1a, 0x1f, 0x1b, 0x1d, 0x25, 0x7f, 0xbf, 0x1e, 0x1c, 0x2d, 0x11, 0x1d, 0x1f, 0x1a, 0x5f, 0x8f, 0x12, 0x1e, 0x16, 0x1b, 0x16, 0x1f, 0x1d, 0x14, 0x1a, 0x2f,
0x16, 0x4f, 0x8f, 0x11, 0x1f, 0x15, 0x18, 0x1e, 0x1f, 0x1c, 0x13, 0x14, 0x1d, 0x6f, 0x8f, 0x1e, 0x14, 0x18, 0x16, 0x1e, 0x1f, 0x1a, 0x14, 0x2d, 0x2f, 0x19, 0x3f, 0x8f, 0x14, 0x16, 0x1d, 0x16, 0x1b, 0x1e, 0x1c, 0x14, 0x12, 0x1c, 0x6f, 0x7f, 0x14, 0x1b, 0x26, 0x17, 0x1d, 0x1e, 0x18, 0x1d, 0x1c, 0x1d, 0x15, 0x1f, 0x1c, 0x18, 0x2f, 0x6f, 0x13, 0x15, 0x16, 0x17, 0x18, 0x1e, 0x16, 0x1e, 0x16, 0x14, 0x12, 0x1c, 0x2f, 0x14, 0x3f, 0x5f, 0x2e, 0x14, 0x1b, 0x17, 0x2e, 0x1a, 0x1e, 0x15, 0x16, 0x1c, 0x12, 0x13, 0x19, 0x1a, 0x3f, 0x3f, 0x15, 0x12, 0x19, 0x16, 0x19, 0x14, 0x1c, 0x2e, 0x15, 0x1e, 0x16, 0x14, 0x17, 0x2c, 0x13, 0x1a, 0x1e, 0x2f, 0x2f, 0x1e, 0x1a, 0x1d, 0x13, 0x12,
0x19, 0x1d, 0x7f, 0x1b, 0x7f, 0xff, 0x9f, 0xff, 0x9f,
// Compressed size: 233 bytes original pixels: 12544 uint16_t → ~25088 bytes uncompressed)

// SATYR / Satyr Auraflow V0.3 000 S1730257743 Th0.100 24 [Folder: SATYR] - RLE compressed data (offset: 52069, size: 190)
0xff, 0x9f, 0xff, 0x9f, 0xaf, 0x12, 0x3f, 0x20, 0x11, 0x12, 0x6f, 0x8f, 0x1c, 0x1d, 0x2c, 0x16, 0x14, 0x18, 0x2f, 0x1c, 0x1f, 0x1d, 0x14, 0x3f, 0xaf, 0x1e, 0x15, 0x20, 0x1d, 0x3f, 0x14, 0x1c, 0x4f, 0xaf, 0x1c, 0x1e, 0x1b, 0x11, 0x4f, 0x11, 0x1b, 0x4f, 0x9f, 0x1c, 0x1e, 0x1a, 0x11, 0x10, 0xaf, 0x8f, 0x13, 0x16, 0x15, 0x1e, 0x1d, 0x13, 0x10, 0x2f, 0x17, 0x6f, 0x7f, 0x14, 0x16, 0x11, 0x14, 0x17, 0x19, 0x10, 0x12, 0x11, 0x1f, 0x1c, 0x6f, 0x7f, 0x1c, 0x13, 0x1b, 0x24, 0x19, 0x12, 0x1c, 0x14, 0x11, 0x14, 0x1b, 0x5f, 0x9f, 0x1a, 0x19, 0x15, 0x18, 0x14, 0x16, 0x1d, 0x1f, 0x1b, 0x16, 0x5f, 0xaf, 0x1a, 0x1d, 0x24, 0x1e, 0x3f, 0x19, 0x5f, 0x9f, 0x1a, 0x11, 0x16, 0x13, 0x1d,
0x12, 0x2f, 0x1c, 0x17, 0x5f, 0x9f, 0x1a, 0x1d, 0x18, 0x13, 0x18, 0x12, 0x9f, 0x9f, 0x1a, 0x1b, 0x17, 0x13, 0x21, 0x9f, 0x9f, 0x1a, 0x1c, 0x1b, 0x1e, 0x11, 0x12, 0x9f, 0x9f, 0x16, 0x18, 0x1e, 0x1f, 0x1e, 0x14, 0x9f, 0x9f, 0x1a, 0x15, 0x1c, 0x1f, 0x16, 0x15, 0x16, 0x8f, 0xaf, 0x18, 0x1e, 0x2f, 0x1d, 0x9f, 0xaf, 0x1c, 0x16, 0x2f, 0x17, 0x9f, 0x9f, 0x16, 0x1b, 0x3f, 0x12, 0x9f, 0x9f, 0x15, 0x4f, 0x15, 0x9f, 0x7f, 0x1b, 0x13, 0x1e, 0x4f, 0x16, 0x11, 0x8f, 0xff, 0x9f,
// Compressed size: 190 bytes original pixels: 12544 uint16_t → ~25088 bytes uncompressed)

// SCYLLA / Scylla Auraflow V0.3 000 S1844933923 Th0.100 24 [Folder: SCYLLA] - RLE compressed data (offset: 52259, size: 322)
0x8f, 0x14, 0xff, 0x7f, 0x12, 0x11, 0x1b, 0x15, 0x1a, 0x19, 0x18, 0x1b, 0x15, 0x1f, 0x13, 0x15, 0x5f, 0x6f, 0x12, 0x1c, 0x17, 0x1c, 0x27, 0x1a, 0x1f, 0x11, 0x1d, 0x15, 0x19, 0x18, 0x15, 0x13, 0x3f, 0x5f, 0x11, 0x1c, 0x1a, 0x2e, 0x18, 0x1b, 0x1e, 0x16, 0x1b, 0x12, 0x1b, 0x18, 0x15, 0x16, 0x15, 0x14, 0x2f, 0x4f, 0x13, 0x1d, 0x1e, 0x18, 0x1d, 0x16, 0x1e, 0x1c, 0x12, 0x1e, 0x13, 0x1a, 0x19, 0x18, 0x1f, 0x1d, 0x14, 0x12, 0x16, 0x1f, 0x5f, 0x19, 0x1a, 0x13, 0x15, 0x1f, 0x1d, 0x1e, 0x1a, 0x1e, 0x15, 0x26, 0x1b, 0x1f, 0x1b, 0x1c, 0x1f, 0x14, 0x1f, 0x2f, 0x14, 0x12, 0x1f, 0x19, 0x1a, 0x16, 0x1f, 0x19, 0x1a, 0x1e, 0x1c, 0x17, 0x11, 0x19, 0x1e, 0x1b, 0x1c, 0x14, 0x1b, 0x12,
0x14, 0x1f, 0x4f, 0x16, 0x1f, 0x12, 0x1f, 0x1a, 0x1d, 0x1b, 0x1a, 0x16, 0x19, 0x15, 0x18, 0x1b, 0x1d, 0x14, 0x1f, 0x18, 0x3f, 0x4f, 0x18, 0x2f, 0x12, 0x19, 0x18, 0x11, 0x16, 0x12, 0x1d, 0x4e, 0x29, 0x1b, 0x3f, 0x4f, 0x19, 0x2f, 0x16, 0x15, 0x11, 0x15, 0x17, 0x16, 0x1b, 0x1e, 0x2b, 0x11, 0x17, 0x1d, 0x12, 0x3f, 0x1f, 0x11, 0x1f, 0x23, 0x1b, 0x19, 0x13, 0x1f, 0x14, 0x13, 0x16, 0x1b, 0x1e, 0x1b, 0x1d, 0x1b, 0x16, 0x1f, 0x11, 0x16, 0x3f, 0x3f, 0x13, 0x1f, 0x11, 0x3f, 0x1b, 0x1f, 0x13, 0x19, 0x1d, 0x2e, 0x1c, 0x19, 0x1f, 0x17, 0x1a, 0x3f, 0x2f, 0x14, 0x5f, 0x16, 0x1d, 0x1f, 0x1a, 0x18, 0x1b, 0x1c, 0x1a, 0x19, 0x1b, 0x24, 0x4f, 0x2f, 0x15, 0x5f, 0x28, 0x1f, 0x11, 0x18,
0x1b, 0x1a, 0x1d, 0x26, 0x12, 0x5f, 0x3f, 0x14, 0x3f, 0x14, 0x1b, 0x2f, 0x1c, 0x15, 0x14, 0x1e, 0x1d, 0x1c, 0x1a, 0x6f, 0x3f, 0x14, 0x15, 0x2f, 0x12, 0x2f, 0x11, 0x17, 0x1d, 0x1c, 0x1b, 0x1d, 0x14, 0x1b, 0x6f, 0x7f, 0x1c, 0x2f, 0x11, 0x1c, 0x2d, 0x1b, 0x17, 0x16, 0x18, 0x6f, 0x5f, 0x12, 0x3f, 0x18, 0x19, 0x1a, 0x1d, 0x1e, 0x17, 0x1f, 0x1d, 0x1b, 0x6f, 0x6f, 0x13, 0x1f, 0x14, 0x16, 0x1b, 0x1c, 0x1e, 0x1d, 0x18, 0x2d, 0x1e, 0x6f, 0xaf, 0x1c, 0x1a, 0x1d, 0x17, 0xaf, 0x6f, 0x12, 0x13, 0x2f, 0x18, 0x1b, 0x1e, 0xbf, 0xaf, 0x1b, 0x1c, 0x1e, 0xbf, 0xaf, 0x16, 0x1b, 0xcf, 0xaf, 0x14, 0xdf,
// Compressed size: 322 bytes original pixels: 12544 uint16_t → ~25088 bytes uncompressed)

// SEA SERPENT / Sea Serpent Auraflow V0.3 000 S24026523 Th0.100 24 [Folder: SEA_SERPENT] - RLE compressed data (offset: 52581, size: 202)
0xfe, 0x9e, 0x8e, 0x1c, 0x17, 0x14, 0x12, 0x11, 0x14, 0x18, 0x9e, 0x5e, 0x17, 0x33, 0x1c, 0x13, 0x25, 0x12, 0x19, 0x12, 0x8e, 0x4e, 0x23, 0x2a, 0x2c, 0x15, 0x2b, 0x15, 0x16, 0x1e, 0x12, 0x15, 0x6e, 0x3e, 0x10, 0x17, 0x1f, 0x3d, 0x1b, 0x2d, 0x19, 0x1b, 0x1d, 0x19, 0x22, 0x6e, 0x2e, 0x13, 0x11, 0x1a, 0x15, 0x14, 0x1b, 0x2d, 0x19, 0x1b, 0x2d, 0x15, 0x1c, 0x1d, 0x10, 0x11, 0x5e, 0x2e, 0x2c, 0x1f, 0x18, 0x1e, 0x1b, 0x2d, 0x1f, 0x15, 0x2e, 0x1d, 0x16, 0x1b, 0x16, 0x14, 0x5e, 0x3e, 0x15, 0x3e, 0x19, 0x1b, 0x18, 0x1b, 0x4e, 0x1b, 0x16, 0x1d, 0x18, 0x11, 0x4e, 0x7e, 0x15, 0x1b, 0x1f, 0x6e, 0x17, 0x1c, 0x1f, 0x19, 0x4e, 0x6e, 0x1c, 0x16, 0x10, 0x18, 0x6e, 0x13, 0x1b, 0x17,
0x14, 0x4e, 0x3e, 0x16, 0x3e, 0x1c, 0x15, 0x8e, 0x1c, 0x29, 0x18, 0x3e, 0xfe, 0x3e, 0x1a, 0x1b, 0x12, 0x3e, 0xfe, 0x3e, 0x1c, 0x1d, 0x12, 0x3e, 0xfe, 0x3e, 0x1c, 0x1a, 0x22, 0x2e, 0xfe, 0x3e, 0x1a, 0x1c, 0x15, 0x12, 0x2e, 0xfe, 0x3e, 0x11, 0x16, 0x15, 0x12, 0x2e, 0xfe, 0x3e, 0x1a, 0x16, 0x15, 0x10, 0x2e, 0xfe, 0x1e, 0x17, 0x1a, 0x15, 0x18, 0x12, 0x10, 0x2e, 0xee, 0x27, 0x13, 0x1c, 0x19, 0x18, 0x13, 0x10, 0x2e, 0xce, 0x13, 0x17, 0x1a, 0x1d, 0x29, 0x15, 0x10, 0x4e, 0xfe, 0x15, 0x17, 0x23, 0x17, 0x4e, 0xfe, 0x9e, 0xfe, 0x9e, 0xfe, 0x9e,
// Compressed size: 202 bytes original pixels: 12544 uint16_t → ~25088 bytes uncompressed)

// SELKIE / Selkie Auraflow V0.3 000 S2117030011 Th0.100 24 [Folder: SELKIE] - RLE compressed data (offset: 52783, size: 208)
0xff, 0x9f, 0x7f, 0x11, 0x13, 0x11, 0x13, 0x11, 0xcf, 0x6f, 0x12, 0x10, 0x13, 0x31, 0x10, 0x11, 0x13, 0x9f, 0x4f, 0x13, 0x11, 0x19, 0x28, 0x12, 0x13, 0x12, 0x30, 0x12, 0x14, 0x7f, 0x4f, 0x13, 0x12, 0x16, 0x14, 0x17, 0x18, 0x17, 0x13, 0x12, 0x14, 0x10, 0x12, 0x30, 0x5f, 0x3f, 0x12, 0x1c, 0x11, 0x1a, 0x18, 0x1e, 0x16, 0x18, 0x17, 0x19, 0x17, 0x14, 0x11, 0x10, 0x11, 0x1f, 0x13, 0x4f, 0x2f, 0x10, 0x16, 0x18, 0x19, 0x1d, 0x1a, 0x1e, 0x1c, 0x1d, 0x18, 0x1a, 0x11, 0x15, 0x14, 0x13, 0x2f, 0x12, 0x4f, 0x2f, 0x19, 0x2d, 0x1c, 0x15, 0x17, 0x16, 0x15, 0x2e, 0x2c, 0x18, 0x1b, 0x13, 0x3f, 0x13, 0x3f, 0x2f, 0x16, 0x1a, 0x18, 0x12, 0x13, 0x12, 0x13, 0x1a, 0x1c, 0x1d, 0x1e, 0x1a,
0x1e, 0x15, 0x1a, 0x17, 0x6f, 0x3f, 0x13, 0x3f, 0x13, 0x2f, 0x17, 0x1e, 0x1c, 0x1e, 0x1d, 0x1e, 0x16, 0x15, 0x6f, 0x9f, 0x11, 0x18, 0x1e, 0x1b, 0x1d, 0x1e, 0x1d, 0x19, 0x25, 0x5f, 0xbf, 0x15, 0x1d, 0x17, 0x2c, 0x1d, 0x1b, 0x17, 0x5f, 0xbf, 0x14, 0x19, 0x2d, 0x1c, 0x1e, 0x1d, 0x1a, 0x5f, 0xcf, 0x15, 0x17, 0x1b, 0x1a, 0x2e, 0x19, 0x5f, 0xdf, 0x15, 0x17, 0x1a, 0x2e, 0x1d, 0x16, 0x4f, 0xff, 0x1a, 0x11, 0x2c, 0x17, 0x4f, 0xff, 0x1f, 0x29, 0x1d, 0x14, 0x4f, 0xff, 0x2f, 0x1a, 0x1f, 0x14, 0x4f, 0xff, 0x4f, 0x17, 0x4f, 0xff, 0x9f, 0xff, 0x9f, 0xff, 0x9f, 0xff, 0x9f, 0xff, 0x9f,
// Compressed size: 208 bytes original pixels: 12544 uint16_t → ~25088 bytes uncompressed)

// SHADE / Shade Auraflow V0.3 000 S1868302960 Th0.100 24 [Folder: SHADE] - RLE compressed data (offset: 52991, size: 260)
0xf0, 0x90, 0xa0, 0x12, 0xd0, 0xf0, 0x10, 0x11, 0x70, 0x80, 0x12, 0x13, 0x10, 0x14, 0x11, 0x10, 0x16, 0x90, 0x70, 0x12, 0x10, 0x12, 0x11, 0x17, 0x16, 0x10, 0x14, 0x12, 0x11, 0x70, 0x50, 0x13, 0x11, 0x12, 0x13, 0x15, 0x17, 0x1a, 0x17, 0x14, 0x11, 0x16, 0x13, 0x16, 0x11, 0x12, 0x40, 0x50, 0x11, 0x12, 0x28, 0x1a, 0x1c, 0x19, 0x17, 0x1f, 0x1b, 0x1a, 0x2d, 0x14, 0x10, 0x12, 0x30, 0x30, 0x17, 0x12, 0x13, 0x1d, 0x1c, 0x1e, 0x1c, 0x1b, 0x1e, 0x2f, 0x1e, 0x19, 0x37, 0x18, 0x40, 0x30, 0x18, 0x19, 0x18, 0x1e, 0x15, 0x1f, 0x1d, 0x18, 0x1e, 0x19, 0x1f, 0x2e, 0x16, 0x17, 0x1d, 0x19, 0x12, 0x30, 0x20, 0x22, 0x15, 0x2c, 0x1e, 0x1c, 0x1d, 0x1e, 0x1a, 0x18, 0x1c, 0x1e, 0x1d, 0x1e,
0x1a, 0x18, 0x14, 0x17, 0x30, 0x20, 0x1c, 0x14, 0x2e, 0x12, 0x1b, 0x1e, 0x1d, 0x1e, 0x1d, 0x1c, 0x1d, 0x13, 0x15, 0x1b, 0x15, 0x2e, 0x18, 0x11, 0x20, 0x30, 0x11, 0x1e, 0x2c, 0x10, 0x18, 0x17, 0x19, 0x16, 0x1c, 0x20, 0x12, 0x1c, 0x2e, 0x29, 0x30, 0xf0, 0x10, 0x18, 0x14, 0x19, 0x1c, 0x1e, 0x16, 0x20, 0xf0, 0x24, 0x1d, 0x18, 0x1f, 0x1d, 0x14, 0x20, 0x80, 0x19, 0x14, 0x10, 0x18, 0x12, 0x17, 0x18, 0x19, 0x18, 0x1d, 0x1e, 0x15, 0x10, 0x16, 0x20, 0x80, 0x12, 0x1d, 0x1c, 0x1d, 0x15, 0x14, 0x1e, 0x17, 0x1a, 0x10, 0x13, 0x20, 0x12, 0x20, 0x70, 0x18, 0x1c, 0x1b, 0x19, 0x10, 0x1d, 0x10, 0x11, 0x50, 0x11, 0x1d, 0x20, 0x60, 0x12, 0x1c, 0x29, 0x90, 0x14, 0x18, 0x30, 0x60, 0x1c,
0x10, 0x18, 0x30, 0x14, 0x1c, 0x29, 0x15, 0x12, 0x60, 0x50, 0x19, 0x13, 0x40, 0x1c, 0x25, 0x20, 0x23, 0x60, 0x60, 0x13, 0x40, 0x11, 0x14, 0x13, 0xa0, 0xa0, 0x19, 0x20, 0x16, 0x12, 0x15, 0x80, 0xf0, 0x90, 0xf0, 0x90,
// Compressed size: 260 bytes original pixels: 12544 uint16_t → ~25088 bytes uncompressed)

// SHADOW / Shadow Auraflow V0.3 000 S3635474910 Th0.100 24 [Folder: SHADOW] - RLE compressed data (offset: 53251, size: 268)
0x3f, 0x18, 0x14, 0x15, 0x3f, 0x16, 0xef, 0x2f, 0x1b, 0x1a, 0x26, 0x17, 0x13, 0x17, 0x13, 0x12, 0x10, 0xcf, 0x4f, 0x1a, 0x1c, 0x18, 0x17, 0x15, 0x17, 0x18, 0x1b, 0x10, 0xbf, 0x4f, 0x1a, 0x19, 0x1b, 0x1d, 0x1c, 0x19, 0x1c, 0x16, 0x18, 0x11, 0xaf, 0x3f, 0x18, 0x14, 0x18, 0x1b, 0x19, 0x1c, 0x2e, 0x2d, 0x1e, 0x14, 0x1f, 0x16, 0x7f, 0x3f, 0x16, 0x17, 0x18, 0x16, 0x1c, 0x1d, 0x1e, 0x1d, 0x3e, 0x1b, 0x14, 0x8f, 0x7f, 0x17, 0x2d, 0x2e, 0x1c, 0x2e, 0x16, 0x2f, 0x13, 0x5f, 0x5f, 0x16, 0x1f, 0x1a, 0x2d, 0x4e, 0x16, 0x18, 0x16, 0x1f, 0x16, 0x5f, 0x6f, 0x13, 0x12, 0x18, 0x1d, 0x2e, 0x19, 0x1c, 0x2f, 0x1a, 0x14, 0x13, 0x5f, 0x6f, 0x12, 0x1b, 0x1a, 0x1b, 0x2e, 0x1b, 0x1d, 0x14,
0x1f, 0x1a, 0x1b, 0x12, 0x16, 0x4f, 0x6f, 0x1c, 0x15, 0x13, 0x1b, 0x2e, 0x1c, 0x14, 0x1a, 0x1f, 0x16, 0x1f, 0x1c, 0x10, 0x18, 0x3f, 0x3f, 0x18, 0x1a, 0x24, 0x2f, 0x1b, 0x1d, 0x1e, 0x1d, 0x1b, 0x22, 0x4f, 0x16, 0x3f, 0x3f, 0x1e, 0x18, 0x2f, 0x11, 0x1f, 0x16, 0x1c, 0x2e, 0x1b, 0x11, 0x2f, 0x12, 0x6f, 0x2f, 0x12, 0x2b, 0x3f, 0x13, 0x1a, 0x1b, 0x1e, 0x1d, 0x1b, 0x1f, 0x11, 0x8f, 0x8f, 0x10, 0x19, 0x1c, 0x16, 0x1c, 0x1a, 0x1f, 0x13, 0x8f, 0x8f, 0x17, 0x15, 0x1b, 0x1c, 0x1b, 0x1f, 0x24, 0x18, 0x7f, 0x6f, 0x11, 0x12, 0x17, 0x15, 0x16, 0x19, 0x1b, 0x1f, 0x16, 0x27, 0x7f, 0x7f, 0x13, 0x18, 0x14, 0x1f, 0x11, 0x17, 0x19, 0x17, 0x14, 0x8f, 0x7f, 0x11, 0x27, 0x11, 0x10, 0x15,
0x1a, 0x2f, 0x10, 0x7f, 0x7f, 0x12, 0x17, 0x18, 0x2f, 0x10, 0x25, 0x11, 0x8f, 0x8f, 0x13, 0x19, 0x10, 0x2f, 0x17, 0x15, 0x10, 0x8f, 0x5f, 0x20, 0x11, 0x37, 0x11, 0x15, 0x13, 0x17, 0x12, 0x8f, 0x9f, 0x12, 0x15, 0x12, 0x11, 0x15, 0x13, 0x22, 0x11, 0x6f, 0xff, 0x9f,
// Compressed size: 268 bytes original pixels: 12544 uint16_t → ~25088 bytes uncompressed)

// SIREN / Siren Auraflow V0.3 000 S4177031513 Th0.100 24 [Folder: SIREN] - RLE compressed data (offset: 53519, size: 269)
0xfe, 0x9e, 0xce, 0x18, 0x1d, 0x1b, 0x9e, 0x9e, 0x10, 0x11, 0x15, 0x18, 0x1d, 0x19, 0x9e, 0x8e, 0x10, 0x1e, 0x2b, 0x18, 0x17, 0x14, 0x9e, 0x7e, 0x12, 0x14, 0x12, 0x15, 0x39, 0x17, 0x19, 0x8e, 0x8e, 0x10, 0x24, 0x28, 0x1b, 0x1c, 0x17, 0x18, 0x7e, 0x8e, 0x14, 0x13, 0x15, 0x10, 0x13, 0x1e, 0x15, 0x11, 0x8e, 0x8e, 0x15, 0x11, 0x3e, 0x1a, 0x17, 0x13, 0x8e, 0x7e, 0x11, 0x4e, 0x1c, 0x17, 0x16, 0x18, 0x8e, 0x3e, 0x16, 0x12, 0x15, 0x4e, 0x14, 0x1b, 0x18, 0x17, 0x21, 0x8e, 0x3e, 0x1a, 0x7e, 0x17, 0x1b, 0x17, 0x1c, 0x1a, 0x8e, 0x2e, 0x14, 0x8e, 0x15, 0x16, 0x14, 0x15, 0x19, 0x8e, 0x1e, 0x18, 0x14, 0x5e, 0x11, 0x1e, 0x17, 0x1b, 0x13, 0x17, 0x19, 0x15, 0x8e, 0x1e, 0x14, 0x18,
0x6e, 0x11, 0x2a, 0x16, 0x1b, 0x1d, 0x9e, 0x1e, 0x1b, 0x12, 0x1a, 0x11, 0x3e, 0x23, 0x19, 0x10, 0x1a, 0x1d, 0x1a, 0x9e, 0x1e, 0x10, 0x12, 0x16, 0x17, 0x18, 0x13, 0x18, 0x1b, 0x1d, 0x12, 0x17, 0x18, 0x1d, 0x17, 0x9e, 0x1e, 0x10, 0x12, 0x13, 0x2a, 0x1c, 0x1b, 0x17, 0x1b, 0x17, 0x2d, 0x10, 0x15, 0x9e, 0x2e, 0x11, 0x18, 0x12, 0x17, 0x16, 0x14, 0x1d, 0x19, 0x17, 0x2b, 0x14, 0xae, 0x2e, 0x11, 0x13, 0x1a, 0x17, 0x14, 0x1d, 0x17, 0x3d, 0x14, 0x2e, 0x10, 0x11, 0x14, 0x12, 0x5e, 0x1e, 0x11, 0x13, 0x17, 0x16, 0x19, 0x1c, 0x1a, 0x1b, 0x1c, 0x1f, 0x1d, 0x1c, 0x11, 0x1e, 0x16, 0x1a, 0x19, 0x18, 0x5e, 0x1e, 0x10, 0x12, 0x2a, 0x19, 0x1d, 0x1c, 0x1d, 0x16, 0x13, 0x19, 0x1b, 0x18,
0x17, 0x13, 0x19, 0x26, 0x5e, 0x1e, 0x10, 0x13, 0x18, 0x15, 0x28, 0x1d, 0x1b, 0x14, 0x15, 0x1c, 0x14, 0x19, 0x1c, 0x1a, 0x18, 0x13, 0x12, 0x18, 0x14, 0x3e, 0x9e, 0x14, 0x2b, 0x2c, 0x18, 0x3b, 0x1c, 0x11, 0x13, 0x3e, 0xae, 0x12, 0x18, 0x1a, 0x1c, 0x1b, 0x19, 0x14, 0x7e,
// Compressed size: 269 bytes original pixels: 12544 uint16_t → ~25088 bytes uncompressed)

// SKELETON / Skeleton Auraflow V0.3 000 S614452204 Th0.100 24 [Folder: SKELETON] - RLE compressed data (offset: 53788, size: 165)
0xfe, 0x9e, 0xfe, 0x9e, 0xfe, 0x9e, 0x6e, 0x10, 0x21, 0xfe, 0x6e, 0x1d, 0x17, 0x15, 0x5e, 0x1a, 0x18, 0x8e, 0x6e, 0x10, 0x19, 0x1d, 0x3e, 0x1c, 0x18, 0x5e, 0x19, 0x4e, 0x7e, 0x16, 0x1d, 0x13, 0x1c, 0x10, 0xce, 0x9e, 0x1a, 0x15, 0x1c, 0x15, 0x1a, 0x4e, 0x1f, 0x1a, 0x4e, 0x9e, 0x1b, 0x1c, 0x16, 0x12, 0x16, 0x13, 0x19, 0x2e, 0x1c, 0x5e, 0xbe, 0x1a, 0x16, 0x1d, 0x3e, 0x14, 0x18, 0x5e, 0xbe, 0x21, 0x6e, 0x11, 0x1f, 0x3e, 0xce, 0x11, 0x18, 0x12, 0x1b, 0x3e, 0x14, 0x17, 0x3e, 0xce, 0x12, 0x11, 0x10, 0x9e, 0xce, 0x1c, 0x1f, 0x19, 0x9e, 0xbe, 0x2d, 0x1e, 0x17, 0x15, 0x8e, 0xbe, 0x1f, 0x5e, 0x12, 0x1e, 0x1d, 0x4e, 0xfe, 0x3e, 0x19, 0x1f, 0x1a, 0x3e, 0x9e, 0x11, 0x5e, 0x13,
0x4e, 0x19, 0x3e, 0x9e, 0x1c, 0x1b, 0x4e, 0x14, 0x16, 0x2e, 0x25, 0x1b, 0x2e, 0x9e, 0x2c, 0x17, 0x3e, 0x1c, 0x23, 0x1e, 0x1d, 0x17, 0x16, 0x2e, 0x7e, 0x1d, 0x1e, 0x1b, 0x1e, 0x27, 0x1e, 0x16, 0x1d, 0x1e, 0x1f, 0x1c, 0x25, 0x1b, 0x2e, 0x6e, 0x1a, 0x3e, 0x1a, 0x14, 0x5e, 0x16, 0x2e, 0x1a, 0x3e, 0xfe, 0x9e, 0xfe, 0x9e,
// Compressed size: 165 bytes original pixels: 12544 uint16_t → ~25088 bytes uncompressed)

// SPECTER / Specter Auraflow V0.3 000 S64229195 Th0.100 24 [Folder: SPECTER] - RLE compressed data (offset: 53953, size: 187)
0xfe, 0x9e, 0xce, 0x14, 0x12, 0x10, 0x9e, 0xbe, 0x1a, 0x30, 0x11, 0x8e, 0xbe, 0x10, 0x18, 0x14, 0x12, 0x10, 0x8e, 0x9e, 0x18, 0x14, 0x2a, 0x2c, 0x1b, 0x11, 0x7e, 0x9e, 0x12, 0x11, 0x18, 0x1d, 0x1c, 0x1d, 0x10, 0x13, 0x7e, 0x9e, 0x17, 0x1c, 0x38, 0x21, 0x15, 0x7e, 0x8e, 0x14, 0x4c, 0x31, 0x8e, 0x7e, 0x14, 0x16, 0x2d, 0x1f, 0x1a, 0x13, 0x10, 0x13, 0x8e, 0x7e, 0x14, 0x2d, 0x3c, 0x11, 0x10, 0x14, 0x8e, 0x6e, 0x15, 0x18, 0x1d, 0x1f, 0x2d, 0x13, 0x10, 0x11, 0x14, 0x8e, 0x6e, 0x18, 0x1d, 0x1b, 0x3c, 0x14, 0x13, 0x12, 0x13, 0x8e, 0x6e, 0x1d, 0x1e, 0x1b, 0x1d, 0x2c, 0x13, 0x12, 0x13, 0x18, 0x8e, 0x6e, 0x1c, 0x1a, 0x1e, 0x2b, 0x15, 0x12, 0x11, 0x12, 0x15, 0x8e, 0x6e, 0x1b,
0x1e, 0x18, 0x1c, 0x25, 0x14, 0x11, 0x13, 0x9e, 0x8e, 0x1a, 0x1b, 0x1a, 0x14, 0x22, 0x14, 0x9e, 0x7e, 0x1a, 0x2b, 0x17, 0x24, 0x13, 0x19, 0x9e, 0x5e, 0x18, 0x1a, 0x1b, 0x1c, 0x19, 0x18, 0x12, 0x14, 0x15, 0x19, 0x9e, 0x5e, 0x1a, 0x17, 0x39, 0x14, 0x18, 0x16, 0x17, 0xae, 0x6e, 0x1a, 0x17, 0x1a, 0x16, 0x17, 0x16, 0x19, 0x17, 0xae, 0x5e, 0x19, 0x26, 0x1b, 0x18, 0x1a, 0x16, 0x29, 0xae, 0x6e, 0x29, 0x1a, 0x29, 0x15, 0xce, 0x9e, 0x39, 0xce, 0xfe, 0x9e,
// Compressed size: 187 bytes original pixels: 12544 uint16_t → ~25088 bytes uncompressed)

// SPHYNX / Sphynx Auraflow V0.3 000 S2736143651 Th0.100 24 [Folder: SPHYNX] - RLE compressed data (offset: 54140, size: 258)
0xff, 0x9f, 0xbf, 0x21, 0x14, 0x18, 0x1b, 0x8f, 0xbf, 0x12, 0x17, 0x12, 0x27, 0x1e, 0x14, 0x6f, 0xaf, 0x17, 0x12, 0x1a, 0x14, 0x1c, 0x1d, 0x1f, 0x16, 0x1d, 0x5f, 0xbf, 0x17, 0x1e, 0x1b, 0x5f, 0x1d, 0x4f, 0xaf, 0x14, 0x1d, 0x12, 0x17, 0x16, 0x9f, 0x7f, 0x11, 0x13, 0x19, 0x21, 0x12, 0x11, 0x1c, 0x14, 0x8f, 0x1f, 0x12, 0x11, 0x15, 0x22, 0x15, 0x3e, 0x19, 0x1b, 0x18, 0x1e, 0x14, 0x1a, 0x8f, 0x3f, 0x13, 0x15, 0x1e, 0x1c, 0x2a, 0x1d, 0x15, 0x19, 0x14, 0x19, 0x1e, 0x14, 0x8f, 0x15, 0x2f, 0x14, 0x1c, 0x16, 0x4c, 0x1d, 0x12, 0x18, 0x2e, 0x1a, 0x11, 0x12, 0x6f, 0x1f, 0x11, 0x1f, 0x17, 0x14, 0x1e, 0x1a, 0x1d, 0x2c, 0x12, 0x1b, 0x13, 0x1b, 0x1c, 0x18, 0x1b, 0x15, 0x12, 0x5f,
0x1f, 0x17, 0x12, 0x16, 0x14, 0x1d, 0x17, 0x1c, 0x1b, 0x16, 0x18, 0x16, 0x15, 0x1e, 0x1b, 0x1e, 0x1b, 0x1d, 0x1a, 0x12, 0x4f, 0x1f, 0x1b, 0x1f, 0x17, 0x1a, 0x1c, 0x1a, 0x17, 0x26, 0x17, 0x1e, 0x2c, 0x19, 0x2b, 0x1d, 0x1a, 0x1d, 0x4f, 0x2f, 0x13, 0x26, 0x28, 0x15, 0x2f, 0x1d, 0x1c, 0x1d, 0x18, 0x1f, 0x18, 0x1b, 0x17, 0x1b, 0x18, 0x1d, 0x3f, 0x2f, 0x16, 0x15, 0x1f, 0x15, 0x4f, 0x1b, 0x1c, 0x1a, 0x17, 0x1f, 0x11, 0x19, 0x17, 0x1a, 0x1e, 0x16, 0x11, 0x2f, 0x1f, 0x13, 0x2f, 0x15, 0x5f, 0x1b, 0x13, 0x1f, 0x1a, 0x2f, 0x12, 0x2b, 0x1a, 0x17, 0x1e, 0x2f, 0x3f, 0x11, 0x7f, 0x16, 0x1f, 0x15, 0x3f, 0x13, 0x15, 0x18, 0x17, 0x12, 0x2f, 0xbf, 0x16, 0x2f, 0x19, 0x3f, 0x15, 0x14,
0x13, 0x1f, 0x1b, 0x1f, 0xcf, 0x18, 0x1f, 0x1a, 0x3f, 0x12, 0x13, 0x15, 0x11, 0x2f, 0xcf, 0x16, 0x7f, 0x11, 0x15, 0x2f, 0xcf, 0x11, 0xbf, 0xcf, 0x1b, 0x2f, 0x1b, 0x8f, 0xef, 0x14, 0x1b, 0x8f, 0xff, 0x9f,
// Compressed size: 258 bytes original pixels: 12544 uint16_t → ~25088 bytes uncompressed)

// SPIDER GIANT / Spider Giant Auraflow V0.3 000 S3250678728 Th0.100 24 [Folder: SPIDER_GIANT] - RLE compressed data (offset: 54398, size: 240)
0xf0, 0x90, 0x90, 0x24, 0x10, 0x14, 0xb0, 0x60, 0x31, 0x13, 0x11, 0x22, 0xb0, 0x50, 0x14, 0x11, 0x12, 0x13, 0x15, 0x1d, 0x17, 0x13, 0x1c, 0x17, 0x90, 0x40, 0x14, 0x11, 0x12, 0x13, 0x1f, 0x1e, 0x16, 0x14, 0x18, 0x11, 0x16, 0x90, 0x40, 0x11, 0x13, 0x18, 0x15, 0x3f, 0x1e, 0x19, 0x1c, 0x11, 0x1a, 0x80, 0x40, 0x12, 0x18, 0x25, 0x1f, 0x14, 0x1f, 0x15, 0x2f, 0x1b, 0x13, 0x80, 0x60, 0x14, 0x11, 0x1f, 0x1c, 0x3f, 0x11, 0x17, 0x1f, 0x12, 0x1c, 0x10, 0x19, 0x40, 0x60, 0x18, 0x14, 0x1e, 0x18, 0x1f, 0x15, 0x1f, 0x2e, 0x1c, 0x19, 0x15, 0x1e, 0x50, 0x40, 0x11, 0x10, 0x17, 0x19, 0x11, 0x28, 0x1e, 0x18, 0x1a, 0x16, 0x17, 0x10, 0x1f, 0x18, 0x1a, 0x40, 0x60, 0x14, 0x19, 0x11, 0x1b,
0x1a, 0x1e, 0x1f, 0x28, 0x19, 0x1e, 0x10, 0x17, 0x1e, 0x40, 0x60, 0x13, 0x12, 0x13, 0x19, 0x12, 0x1e, 0x1f, 0x1a, 0x10, 0x18, 0x19, 0x10, 0x13, 0x1f, 0x40, 0x60, 0x1d, 0x10, 0x1c, 0x1f, 0x14, 0x1c, 0x1a, 0x19, 0x10, 0x1f, 0x39, 0x1f, 0x40, 0x60, 0x1c, 0x17, 0x1f, 0x10, 0x1c, 0x1e, 0x19, 0x1c, 0x20, 0x13, 0x17, 0x1b, 0x19, 0x40, 0x70, 0x18, 0x20, 0x17, 0x19, 0x10, 0x1c, 0x20, 0x1f, 0x12, 0x1a, 0x50, 0x60, 0x15, 0x20, 0x2c, 0x20, 0x14, 0x20, 0x17, 0x18, 0x19, 0x50, 0x60, 0x1c, 0x20, 0x14, 0x60, 0x16, 0x19, 0x60, 0x50, 0x1e, 0x19, 0x1c, 0x10, 0x14, 0x60, 0x15, 0x19, 0x60, 0x70, 0x1e, 0x10, 0x12, 0x50, 0x16, 0x1f, 0x70, 0x80, 0x1f, 0x17, 0x40, 0x11, 0x19, 0x1e, 0x70,
0x70, 0x1f, 0x10, 0x1f, 0x20, 0x19, 0x13, 0x2b, 0x80, 0xc0, 0x13, 0xb0, 0xf0, 0x90, 0xf0, 0x90,
// Compressed size: 240 bytes original pixels: 12544 uint16_t → ~25088 bytes uncompressed)

// SPRIGGAN / Spriggan Auraflow V0.3 000 S1653189865 Th0.100 24 [Folder: SPRIGGAN] - RLE compressed data (offset: 54638, size: 281)
0xfe, 0x9e, 0x8e, 0x19, 0xfe, 0x6e, 0x11, 0x20, 0x11, 0xee, 0x5e, 0x11, 0x13, 0x11, 0x10, 0x12, 0x14, 0x13, 0x10, 0x17, 0xae, 0x4e, 0x12, 0x11, 0x30, 0x18, 0x25, 0x17, 0xbe, 0x4e, 0x33, 0x1a, 0x22, 0x1a, 0x1f, 0x10, 0x11, 0xae, 0x4e, 0x18, 0x15, 0x1a, 0x1c, 0x12, 0x14, 0x1d, 0x1b, 0x18, 0x10, 0x11, 0x9e, 0x4e, 0x1c, 0x19, 0x11, 0x13, 0x12, 0x1b, 0x1f, 0x2c, 0x16, 0x22, 0x8e, 0x5e, 0x16, 0x1a, 0x14, 0x17, 0x1b, 0x1f, 0x1d, 0x16, 0x13, 0x1a, 0x15, 0x12, 0x7e, 0x5e, 0x13, 0x12, 0x13, 0x17, 0x1e, 0x1c, 0x19, 0x16, 0x17, 0x2d, 0x1a, 0x12, 0x6e, 0x5e, 0x19, 0x16, 0x17, 0x2e, 0x17, 0x1d, 0x17, 0x2c, 0x1f, 0x15, 0x13, 0x18, 0x5e, 0x6e, 0x1a, 0x1b, 0x2e, 0x19, 0x1d, 0x1c,
0x18, 0x17, 0x2d, 0x19, 0x17, 0x5e, 0x8e, 0x1f, 0x1e, 0x1a, 0x1d, 0x19, 0x1a, 0x18, 0x1d, 0x1b, 0x16, 0x6e, 0xbe, 0x1d, 0x2b, 0x1d, 0x39, 0x6e, 0x9e, 0x17, 0x13, 0x16, 0x1d, 0x16, 0x1b, 0x13, 0x26, 0x6e, 0x9e, 0x16, 0x18, 0x17, 0x1e, 0x19, 0x1d, 0x11, 0x1d, 0x10, 0x14, 0x5e, 0x8e, 0x26, 0x14, 0x2e, 0x1d, 0x13, 0x12, 0x1d, 0x11, 0x16, 0x5e, 0x9e, 0x1b, 0x1e, 0x1d, 0x1e, 0x1a, 0x17, 0x1d, 0x8e, 0x5e, 0x18, 0x1e, 0x12, 0x14, 0x17, 0x1e, 0x2d, 0x19, 0x1c, 0x2d, 0x16, 0x19, 0x5e, 0x3e, 0x14, 0x11, 0x1d, 0x1c, 0x1d, 0x26, 0x12, 0x14, 0x1a, 0x16, 0x1a, 0x2d, 0x11, 0x18, 0x10, 0x4e, 0x2e, 0x16, 0x13, 0x2c, 0x11, 0x18, 0x20, 0x12, 0x14, 0x17, 0x11, 0x1c, 0x1a, 0x15, 0x1f,
0x12, 0x1d, 0x12, 0x3e, 0x2e, 0x29, 0x13, 0x1a, 0x11, 0x10, 0x14, 0x10, 0x18, 0x21, 0x13, 0x14, 0x1a, 0x14, 0x15, 0x1d, 0x2e, 0x19, 0x2e, 0x1e, 0x19, 0x15, 0x1b, 0x12, 0x15, 0x1c, 0x18, 0x12, 0x10, 0x1a, 0x18, 0x13, 0x11, 0x14, 0x17, 0x14, 0x1a, 0x15, 0x5e, 0x1d, 0x49, 0x2d, 0x35, 0x12, 0x16, 0x15, 0x11, 0x15, 0x11, 0x1c, 0x15, 0x16, 0x5e,
// Compressed size: 281 bytes original pixels: 12544 uint16_t → ~25088 bytes uncompressed)

// STRIGA / Striga Auraflow V0.3 000 S2976102964 Th0.100 24 [Folder: STRIGA] - RLE compressed data (offset: 54919, size: 314)
0xfe, 0x5e, 0x11, 0x3e, 0x9e, 0x10, 0x7e, 0x10, 0x11, 0x1e, 0x11, 0x10, 0x2e, 0x7e, 0x10, 0x12, 0x7e, 0x14, 0x13, 0x17, 0x15, 0x4e, 0x5e, 0x10, 0x11, 0x12, 0x20, 0x5e, 0x11, 0x1b, 0x1a, 0x17, 0x1c, 0x11, 0x10, 0x2e, 0x3e, 0x12, 0x31, 0x19, 0x1a, 0x19, 0x18, 0x5e, 0x2c, 0x1b, 0x15, 0x28, 0x2e, 0x2e, 0x21, 0x14, 0x1f, 0x17, 0x15, 0x16, 0x12, 0x11, 0x24, 0x11, 0x1e, 0x13, 0x14, 0x1b, 0x1d, 0x1a, 0x29, 0x2e, 0x1e, 0x10, 0x18, 0x12, 0x15, 0x1d, 0x27, 0x1a, 0x12, 0x10, 0x13, 0x12, 0x1a, 0x19, 0x1c, 0x13, 0x19, 0x2a, 0x1b, 0x19, 0x2e, 0x1e, 0x20, 0x2d, 0x13, 0x1d, 0x1c, 0x1b, 0x13, 0x15, 0x21, 0x1d, 0x1a, 0x1d, 0x2c, 0x1a, 0x19, 0x1d, 0x29, 0x1e, 0x1e, 0x20, 0x1e, 0x1d,
0x15, 0x4d, 0x1a, 0x1d, 0x2b, 0x1a, 0x2d, 0x18, 0x1f, 0x1a, 0x1c, 0x1a, 0x18, 0x1e, 0x3e, 0x10, 0x12, 0x1f, 0x1b, 0x2c, 0x1a, 0x16, 0x1a, 0x1b, 0x1c, 0x1a, 0x14, 0x1c, 0x1f, 0x19, 0x1f, 0x19, 0x2a, 0x1e, 0x3e, 0x1a, 0x19, 0x13, 0x3b, 0x2c, 0x19, 0x17, 0x18, 0x1a, 0x15, 0x11, 0x29, 0x18, 0x14, 0x29, 0x15, 0x2e, 0x14, 0x1b, 0x18, 0x37, 0x16, 0x1b, 0x1d, 0x1c, 0x1a, 0x25, 0x19, 0x1d, 0x12, 0x1e, 0x18, 0x14, 0x18, 0x17, 0x16, 0x1e, 0x17, 0x10, 0x14, 0x13, 0x15, 0x4e, 0x2b, 0x1c, 0x3e, 0x14, 0x1c, 0x2e, 0x14, 0x19, 0x15, 0x1e, 0x2e, 0x16, 0x15, 0x1e, 0x10, 0x2e, 0x10, 0x1e, 0x19, 0x1a, 0x19, 0x1f, 0x4e, 0x14, 0x2e, 0x14, 0x17, 0x10, 0x2e, 0x13, 0x5e, 0x14, 0x1e, 0x17,
0x1c, 0x1d, 0x19, 0x4e, 0x18, 0x2e, 0x12, 0x17, 0x16, 0x9e, 0x1a, 0x1b, 0x1c, 0x1b, 0x18, 0x13, 0x3e, 0x19, 0x3e, 0x15, 0x16, 0x3e, 0x10, 0x5e, 0x13, 0x20, 0x1c, 0x1b, 0x3e, 0x13, 0x21, 0x2e, 0x13, 0x16, 0x8e, 0x14, 0x3e, 0x15, 0x4e, 0x13, 0x17, 0x3e, 0x11, 0x13, 0x3e, 0x10, 0x11, 0x2e, 0x13, 0x1b, 0x3e, 0x16, 0x17, 0x5e, 0x16, 0x4e, 0x8e, 0x1b, 0x17, 0x3e, 0x10, 0x16, 0x9e, 0x9e, 0x13, 0x5e, 0x17, 0x15, 0x2e, 0x16, 0x4e, 0xae, 0x16, 0x5e, 0x16, 0x7e, 0x3e, 0x12, 0x2e, 0x13, 0x16, 0x13, 0x15, 0x3e, 0x11, 0x2e, 0x17, 0x7e, 0xfe, 0x9e,
// Compressed size: 314 bytes original pixels: 12544 uint16_t → ~25088 bytes uncompressed)

// SUCCUBUS / Succubus Auraflow V0.3 000 S888981179 Th0.100 24 [Folder: SUCCUBUS] - RLE compressed data (offset: 55233, size: 266)
0xb0, 0x11, 0x12, 0x11, 0x1c, 0x13, 0x11, 0x70, 0xb0, 0x11, 0x12, 0x13, 0x21, 0x10, 0x1c, 0x60, 0xa0, 0x11, 0x15, 0x13, 0x15, 0x13, 0x21, 0x13, 0x60, 0x90, 0x11, 0x12, 0x19, 0x12, 0x18, 0x15, 0x1c, 0x11, 0x1c, 0x1d, 0x50, 0x80, 0x12, 0x14, 0x19, 0x2b, 0x1f, 0x1c, 0x33, 0x60, 0x80, 0x14, 0x1c, 0x28, 0x1f, 0x16, 0x1b, 0x21, 0x13, 0x60, 0x80, 0x16, 0x15, 0x13, 0x2f, 0x1b, 0x12, 0x1c, 0x11, 0x12, 0x60, 0x80, 0x17, 0x1f, 0x18, 0x1f, 0x18, 0x2e, 0x1c, 0x80, 0x60, 0x14, 0x12, 0x2f, 0x2b, 0x1f, 0x15, 0x13, 0x90, 0x70, 0x12, 0x3b, 0x14, 0x19, 0x1b, 0x1d, 0x20, 0x12, 0x60, 0x70, 0x15, 0x10, 0x11, 0x1a, 0x10, 0x1e, 0x1b, 0x19, 0x18, 0x15, 0x70, 0x70, 0x18, 0x20, 0x1b, 0x12,
0x1e, 0x1b, 0x16, 0x18, 0x1d, 0x70, 0x60, 0x15, 0x18, 0x20, 0x1b, 0x19, 0x16, 0x19, 0x1a, 0x17, 0x1d, 0x1c, 0x60, 0x70, 0x14, 0x20, 0x1b, 0x28, 0x16, 0x19, 0x1a, 0x2e, 0x23, 0x40, 0xa0, 0x15, 0x4b, 0x1d, 0x18, 0x1c, 0x21, 0x13, 0x30, 0xb0, 0x18, 0x19, 0x15, 0x19, 0x1a, 0x19, 0x18, 0x11, 0x23, 0x30, 0x80, 0x14, 0x22, 0x29, 0x16, 0x1e, 0x1b, 0x1d, 0x14, 0x12, 0x13, 0x1c, 0x30, 0x60, 0x11, 0x29, 0x28, 0x19, 0x1d, 0x1a, 0x17, 0x16, 0x1a, 0x10, 0x13, 0x15, 0x2d, 0x20, 0x60, 0x12, 0x1b, 0x17, 0x14, 0x17, 0x2b, 0x1e, 0x29, 0x16, 0x1c, 0x1e, 0x1c, 0x1d, 0x30, 0x50, 0x16, 0x14, 0x17, 0x1b, 0x17, 0x1f, 0x17, 0x19, 0x17, 0x1a, 0x1b, 0x25, 0x18, 0x1e, 0x40, 0x60, 0x14, 0x10,
0x2f, 0x17, 0x1b, 0x17, 0x18, 0x12, 0x1b, 0x1f, 0x1b, 0x28, 0x40, 0x60, 0x16, 0x24, 0x16, 0x17, 0x18, 0x12, 0x18, 0x16, 0x1f, 0x1a, 0x18, 0x1d, 0x50, 0x70, 0x16, 0x1a, 0x18, 0x15, 0x1a, 0x27, 0x1a, 0x2e, 0x16, 0x1a, 0x50, 0xc0, 0x17, 0x1b, 0x1a, 0x90,
// Compressed size: 266 bytes original pixels: 12544 uint16_t → ~25088 bytes uncompressed)

// TARASQUE / Tarasque Auraflow V0.3 000 S3095836552 Th0.100 24 [Folder: TARASQUE] - RLE compressed data (offset: 55499, size: 305)
0xfe, 0x9e, 0xfe, 0x9e, 0xfe, 0x9e, 0x3e, 0x10, 0x2e, 0x12, 0x1e, 0x16, 0x12, 0x2e, 0x14, 0xbe, 0x3e, 0x16, 0x1e, 0x10, 0x11, 0x12, 0x15, 0x17, 0x14, 0x25, 0xbe, 0x3e, 0x10, 0x15, 0x11, 0x10, 0x12, 0x14, 0x12, 0x18, 0x11, 0x17, 0x1a, 0x11, 0x5e, 0x17, 0x3e, 0x4e, 0x19, 0x18, 0x14, 0x28, 0x14, 0x19, 0x1f, 0x21, 0x18, 0x5e, 0x1a, 0x3e, 0x3e, 0x30, 0x1a, 0x12, 0x28, 0x12, 0x14, 0x1a, 0x1d, 0x1a, 0x4e, 0x2b, 0x3e, 0x2e, 0x11, 0x1f, 0x24, 0x15, 0x1a, 0x1c, 0x1a, 0x15, 0x1f, 0x1d, 0x14, 0x15, 0x18, 0x14, 0x18, 0x1c, 0x15, 0x17, 0x3e, 0x2e, 0x30, 0x17, 0x19, 0x1a, 0x13, 0x1a, 0x12, 0x13, 0x1b, 0x15, 0x17, 0x12, 0x14, 0x18, 0x19, 0x18, 0x16, 0x1a, 0x2e, 0x2e, 0x1f, 0x13,
0x18, 0x15, 0x19, 0x17, 0x1c, 0x1b, 0x12, 0x13, 0x15, 0x1b, 0x1d, 0x15, 0x14, 0x1a, 0x17, 0x13, 0x14, 0x17, 0x2e, 0x1e, 0x10, 0x1d, 0x11, 0x27, 0x1f, 0x1c, 0x1b, 0x1a, 0x1c, 0x2d, 0x1c, 0x14, 0x18, 0x1c, 0x1d, 0x11, 0x13, 0x1e, 0x14, 0x2e, 0x3e, 0x18, 0x1d, 0x2e, 0x2d, 0x18, 0x13, 0x1f, 0x1c, 0x1a, 0x17, 0x14, 0x19, 0x28, 0x1d, 0x18, 0x1e, 0x16, 0x1e, 0x3e, 0x17, 0x13, 0x1e, 0x17, 0x1c, 0x19, 0x1d, 0x10, 0x26, 0x1d, 0x1c, 0x1d, 0x1c, 0x1d, 0x24, 0x19, 0x1e, 0x11, 0x1e, 0x7e, 0x19, 0x1b, 0x1d, 0x21, 0x1c, 0x19, 0x2d, 0x1f, 0x1d, 0x17, 0x1d, 0x1f, 0x3e, 0x6e, 0x3b, 0x1a, 0x1d, 0x12, 0x1d, 0x2c, 0x19, 0x17, 0x19, 0x1f, 0x1c, 0x11, 0x3e, 0x6e, 0x16, 0x17, 0x1a, 0x1e,
0x1a, 0x17, 0x13, 0x1e, 0x1b, 0x1a, 0x17, 0x19, 0x14, 0x2c, 0x1e, 0x15, 0x1e, 0x6e, 0x11, 0x17, 0x13, 0x19, 0x15, 0x1a, 0x2e, 0x11, 0x16, 0x15, 0x1e, 0x1c, 0x19, 0x17, 0x1a, 0x2e, 0x5e, 0x10, 0x19, 0x10, 0x1e, 0x25, 0x13, 0x3e, 0x17, 0x1a, 0x2e, 0x17, 0x1b, 0x3e, 0x5e, 0x25, 0x2e, 0x19, 0x1c, 0x4e, 0x17, 0x3e, 0x1b, 0x1a, 0x3e, 0x3e, 0x26, 0x23, 0x1e, 0x17, 0x16, 0x19, 0x2e, 0x13, 0x17, 0x13, 0x2e, 0x1d, 0x1f, 0x1a, 0x3e, 0x8e, 0x11, 0x17, 0x8e, 0x13, 0x5e, 0xfe, 0x9e, 0xfe, 0x9e,
// Compressed size: 305 bytes original pixels: 12544 uint16_t → ~25088 bytes uncompressed)

// THUNDERBIRD / Thunderbird Auraflow V0.3 000 S774638122 Th0.100 24 [Folder: THUNDERBIRD] - RLE compressed data (offset: 55804, size: 209)
0xf0, 0x90, 0xf0, 0x90, 0x60, 0x11, 0x12, 0xf0, 0x10, 0x80, 0x11, 0xf0, 0x40, 0x1a, 0x14, 0x1d, 0x1e, 0x14, 0x60, 0x16, 0x1d, 0x17, 0x60, 0x30, 0x1d, 0x10, 0x2a, 0x13, 0x17, 0x15, 0x10, 0x11, 0x19, 0x10, 0x14, 0x17, 0x1b, 0x16, 0x27, 0x40, 0x30, 0x14, 0x19, 0x13, 0x19, 0x2b, 0x14, 0x17, 0x23, 0x1a, 0x1e, 0x1a, 0x1b, 0x24, 0x10, 0x1a, 0x30, 0x10, 0x14, 0x10, 0x16, 0x2e, 0x18, 0x1d, 0x3e, 0x1d, 0x17, 0x6e, 0x28, 0x30, 0x10, 0x14, 0x12, 0x1a, 0x14, 0x1d, 0x16, 0x1a, 0x1c, 0x1a, 0x1d, 0x2e, 0x1f, 0x1b, 0x13, 0x16, 0x17, 0x1e, 0x1c, 0x18, 0x14, 0x20, 0x10, 0x13, 0x12, 0x24, 0x16, 0x1d, 0x19, 0x1a, 0x15, 0x13, 0x2e, 0x19, 0x12, 0x15, 0x13, 0x16, 0x1d, 0x12, 0x23, 0x20,
0x20, 0x2a, 0x1d, 0x1a, 0x10, 0x22, 0x15, 0x13, 0x19, 0x1a, 0x1d, 0x22, 0x15, 0x14, 0x1e, 0x1d, 0x13, 0x11, 0x12, 0x10, 0x10, 0x12, 0x1a, 0x1c, 0x12, 0x40, 0x11, 0x16, 0x10, 0x14, 0x29, 0x20, 0x1a, 0x1e, 0x1a, 0x14, 0x16, 0x20, 0x10, 0x18, 0x1d, 0x1a, 0x11, 0x60, 0x14, 0x10, 0x18, 0x19, 0x30, 0x16, 0x1b, 0x17, 0x1a, 0x12, 0x10, 0x20, 0x1e, 0x13, 0x50, 0x14, 0x1c, 0x30, 0x11, 0x40, 0x17, 0x1a, 0x30, 0x10, 0x1d, 0x1c, 0xf0, 0x10, 0x1a, 0x18, 0x1b, 0x20, 0xf0, 0x50, 0x1a, 0x1d, 0x20, 0xf0, 0x90, 0xf0, 0x90, 0xf0, 0x90, 0xf0, 0x90, 0xf0, 0x90, 0xf0, 0x90, 0xf0, 0x90, 0xf0, 0x90,
// Compressed size: 209 bytes original pixels: 12544 uint16_t → ~25088 bytes uncompressed)

// TITAN / Titan Auraflow V0.3 000 S814637056 Th0.100 24 [Folder: TITAN] - RLE compressed data (offset: 56013, size: 258)
0xfe, 0x9e, 0xbe, 0x11, 0x1e, 0x11, 0xae, 0x8e, 0x20, 0x1e, 0x11, 0x12, 0x1e, 0x12, 0x2e, 0x25, 0x5e, 0x7e, 0x11, 0x12, 0x1e, 0x13, 0x16, 0x13, 0x15, 0x1e, 0x14, 0x3e, 0x13, 0x4e, 0x6e, 0x11, 0x14, 0x1f, 0x16, 0x17, 0x1f, 0x2d, 0x18, 0x14, 0x1e, 0x11, 0x1e, 0x17, 0x4e, 0x6e, 0x10, 0x1a, 0x15, 0x2d, 0x1f, 0x1d, 0x2c, 0x18, 0x36, 0x13, 0x4e, 0x6e, 0x14, 0x18, 0x1b, 0x36, 0x1b, 0x1d, 0x19, 0x1f, 0x1b, 0x15, 0x6e, 0x6e, 0x1a, 0x1c, 0x19, 0x18, 0x14, 0x2b, 0x1f, 0x19, 0x1b, 0x1e, 0x18, 0x10, 0x5e, 0x7e, 0x19, 0x12, 0x1b, 0x1a, 0x2b, 0x1d, 0x18, 0x1b, 0x1d, 0x18, 0x13, 0x5e, 0x7e, 0x19, 0x1e, 0x14, 0x19, 0x1d, 0x1a, 0x17, 0x12, 0x1e, 0x17, 0x14, 0x1f, 0x10, 0x4e, 0x6e,
0x19, 0x14, 0x1e, 0x10, 0x1a, 0x1d, 0x19, 0x18, 0x3e, 0x19, 0x1a, 0x15, 0x13, 0x3e, 0x5e, 0x1c, 0x1d, 0x3e, 0x16, 0x1b, 0x1d, 0x1b, 0x12, 0x3e, 0x16, 0x12, 0x4e, 0x4e, 0x19, 0x5e, 0x13, 0x1a, 0x2d, 0x4e, 0x19, 0x12, 0x4e, 0x4e, 0x1b, 0x3e, 0x17, 0x29, 0x3d, 0x19, 0x2e, 0x13, 0x1a, 0x12, 0x4e, 0x7e, 0x28, 0x2d, 0x1b, 0x1d, 0x1a, 0x19, 0x2e, 0x1b, 0x19, 0x5e, 0x7e, 0x12, 0x15, 0x19, 0x18, 0x1a, 0x15, 0x29, 0x11, 0x1e, 0x19, 0x6e, 0x5e, 0x11, 0x1c, 0x18, 0x1d, 0x28, 0x11, 0x2e, 0x19, 0x11, 0x13, 0x7e, 0x6e, 0x1d, 0x1c, 0x1e, 0x19, 0x1e, 0x10, 0x1e, 0x1a, 0x19, 0x15, 0x17, 0x7e, 0x6e, 0x19, 0x17, 0x7e, 0x28, 0x16, 0x6e, 0x6e, 0x28, 0x9e, 0x18, 0x6e, 0x6e, 0x18, 0x15,
0x9e, 0x17, 0x15, 0x5e, 0x3e, 0x12, 0x19, 0x13, 0x17, 0x11, 0x13, 0x11, 0x10, 0x13, 0x11, 0x10, 0x21, 0x38, 0x15, 0x4e, 0x1e, 0x23, 0x12, 0x13, 0x12, 0x13, 0x11, 0x33, 0x11, 0x33, 0x12, 0x8e, 0xfe, 0x9e,
// Compressed size: 258 bytes original pixels: 12544 uint16_t → ~25088 bytes uncompressed)

// TOMB WRAITH / Tomb Wraith Auraflow V0.3 000 S705803019 Th0.100 24 [Folder: TOMB_WRAITH] - RLE compressed data (offset: 56271, size: 219)
0xf0, 0x90, 0xa0, 0x23, 0xc0, 0xa0, 0x1c, 0x11, 0x14, 0xb0, 0x90, 0x18, 0x14, 0x2e, 0xb0, 0x90, 0x1b, 0x1c, 0x1e, 0x1a, 0x13, 0xa0, 0x90, 0x11, 0x1e, 0x17, 0x2a, 0xa0, 0x90, 0x14, 0x3e, 0x18, 0x1b, 0x90, 0x90, 0x15, 0x1a, 0x4e, 0x11, 0x80, 0x90, 0x18, 0x1d, 0x3e, 0x18, 0x17, 0x80, 0x90, 0x15, 0x1f, 0x1d, 0x1e, 0x2d, 0x1c, 0x1b, 0x11, 0x60, 0x80, 0x11, 0x15, 0x2d, 0x2f, 0x1e, 0x18, 0x1e, 0x70, 0x80, 0x19, 0x1a, 0x2e, 0x1f, 0x2e, 0x1a, 0x18, 0x11, 0x60, 0x80, 0x18, 0x3a, 0x1d, 0x4e, 0x16, 0x1b, 0x50, 0x70, 0x1a, 0x19, 0x18, 0x1f, 0x1a, 0x2f, 0x19, 0x1b, 0x11, 0x14, 0x11, 0x50, 0x60, 0x1c, 0x1e, 0x19, 0x1a, 0x1e, 0x1a, 0x1e, 0x1d, 0x1b, 0x17, 0x11, 0x1e, 0x60, 0x50,
0x1c, 0x18, 0x14, 0x15, 0x1a, 0x18, 0x1a, 0x1e, 0x1d, 0x1b, 0x17, 0x11, 0x14, 0x19, 0x50, 0x50, 0x14, 0x11, 0x13, 0x15, 0x1d, 0x15, 0x1a, 0x1d, 0x1a, 0x16, 0x17, 0x14, 0x11, 0x1c, 0x50, 0x40, 0x11, 0x1c, 0x20, 0x15, 0x1f, 0x3d, 0x1c, 0x18, 0x17, 0x21, 0x1e, 0x50, 0x40, 0x11, 0x17, 0x20, 0x16, 0x1a, 0x16, 0x1f, 0x1d, 0x18, 0x25, 0x10, 0x14, 0x1e, 0x1b, 0x40, 0x60, 0x12, 0x18, 0x16, 0x28, 0x2a, 0x16, 0x25, 0x13, 0x11, 0x60, 0x30, 0x1b, 0x20, 0x12, 0x16, 0x25, 0x16, 0x15, 0x18, 0x45, 0x12, 0x13, 0x50, 0x70, 0x12, 0x13, 0x12, 0x25, 0x18, 0x15, 0x13, 0x15, 0x12, 0x24, 0x50, 0x50, 0x18, 0x25, 0x32, 0x15, 0x32, 0x90, 0x70, 0x18, 0x22, 0xe0,
// Compressed size: 219 bytes original pixels: 12544 uint16_t → ~25088 bytes uncompressed)

// TREANT / Treant Auraflow V0.3 000 S1469708245 Th0.100 24 [Folder: TREANT] - RLE compressed data (offset: 56490, size: 304)
0xf0, 0x90, 0x60, 0x18, 0x70, 0x16, 0x10, 0x18, 0x70, 0x60, 0x1d, 0x18, 0x20, 0x22, 0x1a, 0x16, 0x19, 0x18, 0x80, 0x70, 0x1d, 0x15, 0x22, 0x14, 0x12, 0x14, 0x1a, 0x17, 0x19, 0x20, 0x1d, 0x40, 0x60, 0x14, 0x17, 0x18, 0x11, 0x16, 0x17, 0x12, 0x13, 0x17, 0x1a, 0x16, 0x1b, 0x12, 0x1d, 0x17, 0x30, 0x70, 0x19, 0x17, 0x1e, 0x1c, 0x1e, 0x12, 0x16, 0x18, 0x1b, 0x1e, 0x18, 0x19, 0x50, 0x60, 0x17, 0x1a, 0x18, 0x1e, 0x1c, 0x15, 0x16, 0x13, 0x19, 0x1b, 0x1d, 0x1e, 0x1d, 0x50, 0x50, 0x24, 0x18, 0x1d, 0x1e, 0x15, 0x12, 0x14, 0x2c, 0x1e, 0x15, 0x19, 0x1d, 0x17, 0x40, 0x40, 0x12, 0x10, 0x14, 0x18, 0x1d, 0x2e, 0x1c, 0x16, 0x1c, 0x1f, 0x1e, 0x10, 0x1c, 0x1e, 0x2d, 0x30, 0x40, 0x1b,
0x18, 0x1d, 0x1b, 0x1e, 0x1c, 0x1d, 0x1e, 0x17, 0x18, 0x29, 0x20, 0x1c, 0x19, 0x1d, 0x30, 0x40, 0x12, 0x17, 0x1e, 0x1a, 0x26, 0x18, 0x1d, 0x2e, 0x19, 0x14, 0x10, 0x24, 0x1d, 0x1e, 0x1d, 0x20, 0x30, 0x1b, 0x14, 0x1d, 0x18, 0x10, 0x18, 0x10, 0x14, 0x1c, 0x1d, 0x1f, 0x18, 0x1c, 0x20, 0x16, 0x1e, 0x1d, 0x1e, 0x20, 0x30, 0x18, 0x1b, 0x1a, 0x10, 0x18, 0x16, 0x10, 0x16, 0x3e, 0x1d, 0x12, 0x20, 0x14, 0x18, 0x1e, 0x14, 0x20, 0x20, 0x14, 0x1e, 0x18, 0x13, 0x10, 0x17, 0x18, 0x10, 0x1d, 0x1e, 0x1a, 0x3c, 0x30, 0x17, 0x14, 0x30, 0x30, 0x14, 0x1b, 0x12, 0x20, 0x16, 0x14, 0x18, 0x19, 0x20, 0x23, 0x20, 0x13, 0x18, 0x40, 0x30, 0x17, 0x14, 0x1c, 0x30, 0x1a, 0x19, 0x30, 0x19, 0x13,
0x20, 0x14, 0x1b, 0x40, 0x40, 0x1e, 0x17, 0x15, 0x30, 0x1a, 0x13, 0x20, 0x13, 0x11, 0x10, 0x1a, 0x1c, 0x18, 0x1c, 0x30, 0x40, 0x1e, 0x17, 0x1a, 0x30, 0x15, 0x12, 0x20, 0x12, 0x11, 0x10, 0x1b, 0x14, 0x1a, 0x19, 0x30, 0x50, 0x2d, 0x1a, 0x30, 0x23, 0x10, 0x22, 0x11, 0x10, 0x18, 0x13, 0x19, 0x30, 0x50, 0x1d, 0x10, 0x19, 0x1c, 0x11, 0x23, 0x61, 0x10, 0x1c, 0x40, 0x60, 0x16, 0x1c, 0x10, 0x12, 0x15, 0x22, 0x31, 0x12, 0x11, 0x60, 0x70, 0x1d, 0x10, 0x1d, 0xe0, 0xf0, 0x90, 0xf0, 0x90,
// Compressed size: 304 bytes original pixels: 12544 uint16_t → ~25088 bytes uncompressed)

// TROLL / Troll Auraflow V0.3 000 S572147071 Th0.100 24 [Folder: TROLL] - RLE compressed data (offset: 56794, size: 311)
0xbe, 0x10, 0xce, 0xfe, 0x9e, 0x6e, 0x11, 0x10, 0x11, 0x14, 0x11, 0x13, 0x21, 0x10, 0x9e, 0x5e, 0x20, 0x15, 0x11, 0x15, 0x1c, 0x15, 0x12, 0x10, 0x11, 0x12, 0x1f, 0x7e, 0x5e, 0x21, 0x15, 0x1d, 0x1f, 0x16, 0x1c, 0x13, 0x11, 0x14, 0x11, 0x15, 0x7e, 0x5e, 0x12, 0x1e, 0x15, 0x14, 0x13, 0x19, 0x1b, 0x1d, 0x13, 0x11, 0x18, 0x12, 0x18, 0x6e, 0x7e, 0x2c, 0x15, 0x1c, 0x1a, 0x1d, 0x18, 0x11, 0x13, 0x12, 0x1a, 0x17, 0x5e, 0x7e, 0x18, 0x11, 0x2d, 0x14, 0x1b, 0x1c, 0x1d, 0x17, 0x15, 0x13, 0x1a, 0x17, 0x4e, 0x7e, 0x18, 0x13, 0x17, 0x19, 0x1d, 0x1a, 0x1d, 0x1c, 0x1a, 0x2c, 0x13, 0x16, 0x4e, 0x6e, 0x10, 0x14, 0x2c, 0x1e, 0x1c, 0x1d, 0x1c, 0x1d, 0x1c, 0x2d, 0x11, 0x17, 0x12, 0x3e,
0x5e, 0x13, 0x15, 0x1a, 0x1d, 0x1e, 0x14, 0x2b, 0x1a, 0x1b, 0x1c, 0x1a, 0x29, 0x1a, 0x13, 0x15, 0x2e, 0x5e, 0x12, 0x13, 0x1c, 0x1b, 0x3e, 0x1b, 0x19, 0x1d, 0x1c, 0x17, 0x1b, 0x12, 0x1d, 0x12, 0x18, 0x19, 0x1e, 0x4e, 0x12, 0x11, 0x15, 0x1c, 0x1b, 0x3e, 0x14, 0x1c, 0x19, 0x1b, 0x29, 0x1e, 0x1c, 0x15, 0x1a, 0x2e, 0x4e, 0x1b, 0x3c, 0x3e, 0x12, 0x1c, 0x17, 0x24, 0x17, 0x16, 0x14, 0x12, 0x1b, 0x19, 0x2e, 0x3e, 0x10, 0x13, 0x17, 0x4e, 0x15, 0x1a, 0x1c, 0x14, 0x1c, 0x29, 0x14, 0x17, 0x18, 0x1d, 0x16, 0x2e, 0x3e, 0x11, 0x16, 0x5e, 0x13, 0x1a, 0x18, 0x15, 0x17, 0x29, 0x16, 0x11, 0x29, 0x3e, 0x2e, 0x19, 0x27, 0x10, 0x3e, 0x15, 0x1a, 0x1b, 0x2c, 0x17, 0x16, 0x14, 0x1a, 0x10,
0x19, 0x4e, 0x2e, 0x14, 0x1a, 0x19, 0x17, 0x15, 0x2e, 0x14, 0x16, 0x1e, 0x19, 0x28, 0x23, 0x12, 0x13, 0x1a, 0x4e, 0x2e, 0x19, 0x17, 0x2e, 0x10, 0x2e, 0x19, 0x17, 0x23, 0x18, 0x14, 0x1e, 0x18, 0x17, 0x14, 0x19, 0x4e, 0x2e, 0x16, 0x13, 0x6e, 0x16, 0x14, 0x4e, 0x1b, 0x1c, 0x1a, 0x1b, 0x4e, 0x2e, 0x17, 0x19, 0x16, 0x5e, 0x26, 0x14, 0x16, 0x1e, 0x13, 0x2e, 0x15, 0x10, 0x19, 0x3e, 0x3e, 0x29, 0x2e, 0x26, 0x14, 0x26, 0x24, 0x11, 0x13, 0x11, 0x14, 0x1a, 0x1e, 0x15, 0x3e, 0xae, 0x10, 0x2e, 0x10, 0x12, 0x21, 0x7e, 0xfe, 0x9e,
// Compressed size: 311 bytes original pixels: 12544 uint16_t → ~25088 bytes uncompressed)

// UMBER HULK / Umber Hulk Auraflow V0.3 000 S3260948214 Th0.100 24 [Folder: UMBER_HULK] - RLE compressed data (offset: 57105, size: 259)
0xfe, 0x9e, 0xfe, 0x9e, 0xae, 0x12, 0xde, 0x9e, 0x1b, 0x10, 0x12, 0x10, 0x14, 0xae, 0x8e, 0x18, 0x12, 0x14, 0x21, 0x16, 0x11, 0x9e, 0x7e, 0x14, 0x28, 0x20, 0x21, 0x1d, 0x11, 0x8e, 0x7e, 0x1b, 0x13, 0x19, 0x1a, 0x18, 0x29, 0x11, 0x1c, 0x8e, 0x5e, 0x11, 0x27, 0x16, 0x1a, 0x19, 0x1c, 0x1b, 0x12, 0x17, 0x19, 0x8e, 0x4e, 0x11, 0x22, 0x18, 0x19, 0x18, 0x19, 0x1a, 0x16, 0x24, 0x1d, 0x18, 0x10, 0x19, 0x5e, 0x4e, 0x15, 0x12, 0x1e, 0x2c, 0x18, 0x1d, 0x19, 0x1f, 0x1d, 0x1b, 0x1c, 0x19, 0x27, 0x5e, 0x3e, 0x19, 0x1e, 0x15, 0x19, 0x1d, 0x12, 0x2d, 0x1b, 0x2d, 0x15, 0x10, 0x1d, 0x19, 0x6e, 0x3e, 0x1c, 0x1e, 0x10, 0x1b, 0x1d, 0x14, 0x1d, 0x1b, 0x1d, 0x19, 0x3d, 0x29, 0x13, 0x5e,
0x4e, 0x1c, 0x19, 0x1e, 0x1d, 0x14, 0x1d, 0x12, 0x2c, 0x2d, 0x19, 0x16, 0x19, 0x17, 0x1c, 0x4e, 0x3e, 0x11, 0x19, 0x18, 0x2e, 0x19, 0x18, 0x19, 0x17, 0x10, 0x1d, 0x18, 0x16, 0x10, 0x11, 0x1c, 0x15, 0x4e, 0x2e, 0x13, 0x19, 0x1e, 0x18, 0x15, 0x1e, 0x13, 0x15, 0x19, 0x1d, 0x14, 0x18, 0x1a, 0x1c, 0x16, 0x1e, 0x19, 0x14, 0x4e, 0x1e, 0x16, 0x15, 0x19, 0x1e, 0x1b, 0x12, 0x28, 0x2e, 0x15, 0x14, 0x19, 0x2e, 0x1d, 0x1e, 0x18, 0x19, 0x16, 0x3e, 0x7e, 0x1b, 0x2e, 0x13, 0x1d, 0x18, 0x13, 0x2e, 0x19, 0x4e, 0x16, 0x2e, 0x4e, 0x1b, 0x2e, 0x1a, 0x1e, 0x15, 0x1e, 0x19, 0x1c, 0x1e, 0x11, 0x9e, 0x4e, 0x17, 0x2e, 0x16, 0x3e, 0x12, 0x2e, 0x18, 0x4e, 0x18, 0x2e, 0x12, 0x1e, 0x4e, 0x11,
0x1e, 0x12, 0x17, 0x12, 0x6e, 0x14, 0x1e, 0x10, 0x1e, 0x10, 0x4e, 0x4e, 0x17, 0x1e, 0x13, 0x15, 0x6e, 0x22, 0x21, 0x1e, 0x19, 0x11, 0x3e, 0x1e, 0x19, 0x11, 0x4e, 0x17, 0xee, 0x13, 0x1d, 0xfe, 0x9e, 0xfe, 0x9e,
// Compressed size: 259 bytes original pixels: 12544 uint16_t → ~25088 bytes uncompressed)

// UNDINE / Undine Auraflow V0.3 000 S2494677510 Th0.100 24 [Folder: UNDINE] - RLE compressed data (offset: 57364, size: 204)
0xff, 0x9f, 0xff, 0x9f, 0xef, 0x1e, 0x9f, 0xaf, 0x2e, 0x17, 0x12, 0x1b, 0x2d, 0x7f, 0x9f, 0x15, 0x1d, 0x15, 0x17, 0x1b, 0x1a, 0x12, 0x15, 0x1b, 0x6f, 0x8f, 0x1d, 0x12, 0x18, 0x14, 0x1e, 0x1f, 0x1e, 0x17, 0x12, 0x16, 0x6f, 0x7f, 0x1e, 0x18, 0x13, 0x11, 0x1d, 0x3f, 0x12, 0x11, 0x1a, 0x6f, 0x7f, 0x1d, 0x1b, 0x12, 0x14, 0x17, 0x15, 0x11, 0x14, 0x1a, 0x14, 0x1a, 0x13, 0x5f, 0x7f, 0x1b, 0x15, 0x18, 0x15, 0x13, 0x18, 0x17, 0x18, 0x24, 0x1e, 0x6f, 0x6f, 0x1d, 0x19, 0x18, 0x14, 0x38, 0x2f, 0x1d, 0x1f, 0x12, 0x6f, 0x8f, 0x16, 0x2c, 0x17, 0x13, 0xbf, 0x5f, 0x16, 0x1d, 0x2f, 0x28, 0x1c, 0x18, 0x13, 0xaf, 0x9f, 0x1a, 0x1e, 0x1c, 0x1e, 0x1a, 0xaf, 0x4f, 0x1d, 0x16, 0x4f, 0x1e,
0x2a, 0x18, 0xaf, 0x5f, 0x1a, 0x29, 0x1f, 0x14, 0x1c, 0x17, 0x18, 0x14, 0xaf, 0x4f, 0x15, 0x1b, 0x17, 0x13, 0x14, 0x1a, 0x17, 0x18, 0x14, 0x28, 0x13, 0x8f, 0x6f, 0x18, 0x1b, 0x18, 0x1b, 0x18, 0x13, 0x1b, 0x1f, 0x18, 0x1a, 0x8f, 0x8f, 0x17, 0x2d, 0x3f, 0x25, 0x8f, 0xaf, 0x1b, 0x19, 0x17, 0x16, 0x13, 0x9f, 0x4f, 0x12, 0x18, 0x1d, 0x23, 0x12, 0x19, 0x12, 0x23, 0x14, 0x9f, 0x6f, 0x11, 0x28, 0x13, 0x18, 0x15, 0x12, 0x13, 0x21, 0x26, 0x18, 0x5f, 0x7f, 0x1b, 0x1e, 0x1f, 0x12, 0x17, 0x1f, 0x13, 0x11, 0x13, 0x12, 0x25, 0x18, 0x4f, 0xff, 0x9f, 0xff, 0x9f,
// Compressed size: 204 bytes original pixels: 12544 uint16_t → ~25088 bytes uncompressed)

// UNICORN / Unicorn Auraflow V0.3 000 S3752081565 Th0.100 24 [Folder: UNICORN] - RLE compressed data (offset: 57568, size: 241)
0xff, 0x9f, 0xff, 0x9f, 0xff, 0x9f, 0x4f, 0x14, 0x1f, 0x13, 0x12, 0x10, 0x11, 0x13, 0x11, 0xcf, 0x6f, 0x10, 0x17, 0x10, 0x13, 0x15, 0x13, 0x1c, 0xbf, 0x3f, 0x18, 0x2f, 0x19, 0x14, 0x23, 0x14, 0x11, 0x19, 0x1c, 0xaf, 0x4f, 0x1d, 0x13, 0x17, 0x15, 0x19, 0x11, 0x24, 0x1d, 0x1f, 0x15, 0x1b, 0x8f, 0x4f, 0x1d, 0x3f, 0x14, 0x12, 0x13, 0x14, 0x1d, 0x13, 0xaf, 0x7f, 0x13, 0x12, 0x11, 0x12, 0x15, 0x19, 0xbf, 0x7f, 0x14, 0x12, 0x14, 0x12, 0x14, 0x11, 0x15, 0x1f, 0x1b, 0x15, 0x11, 0x1a, 0x1f, 0x1b, 0x3f, 0x6f, 0x17, 0x26, 0x14, 0x12, 0x11, 0x12, 0x30, 0x21, 0x10, 0x21, 0x1e, 0x2f, 0x6f, 0x1b, 0x19, 0x1a, 0x14, 0x12, 0x21, 0x10, 0x22, 0x15, 0x23, 0x14, 0x23, 0x2f, 0x6f, 0x1a,
0x1b, 0x18, 0x14, 0x15, 0x22, 0x11, 0x14, 0x16, 0x1a, 0x18, 0x17, 0x15, 0x18, 0x1f, 0x19, 0x1f, 0x6f, 0x1b, 0x1c, 0x1a, 0x14, 0x25, 0x17, 0x26, 0x18, 0x1c, 0x19, 0x15, 0x17, 0x1a, 0x15, 0x1f, 0x1e, 0x7f, 0x2c, 0x18, 0x15, 0x1b, 0x19, 0x1a, 0x1c, 0x1b, 0x1d, 0x1c, 0x15, 0x13, 0x1b, 0x1e, 0x1f, 0x1e, 0x8f, 0x1c, 0x1b, 0x18, 0x17, 0x2d, 0x1c, 0x1a, 0x1c, 0x2b, 0x12, 0x13, 0x2d, 0x1f, 0x9f, 0x1a, 0x1d, 0x1e, 0x1d, 0x3f, 0x2d, 0x1e, 0x1c, 0x18, 0x1e, 0x2f, 0x9f, 0x18, 0x1a, 0x5f, 0x1a, 0x1d, 0x2f, 0x1b, 0x16, 0x1e, 0x1f, 0x9f, 0x1c, 0x6f, 0x2a, 0x6f, 0x9f, 0x19, 0x6f, 0x1a, 0x1f, 0x1a, 0x1f, 0x18, 0x1e, 0x2f, 0x9f, 0x19, 0x6f, 0x18, 0x1f, 0x1c, 0x1e, 0x16, 0x3f, 0x9f,
0x15, 0x5f, 0x15, 0x2f, 0x1e, 0x27, 0x1c, 0x2f, 0x7f, 0x19, 0x16, 0x3f, 0x1a, 0x1c, 0xaf, 0xff, 0x9f,
// Compressed size: 241 bytes original pixels: 12544 uint16_t → ~25088 bytes uncompressed)

// URIAS / Urias Auraflow V0.3 000 S1198307105 Th0.100 24 [Folder: URIAS] - RLE compressed data (offset: 57809, size: 370)
0xfd, 0x9d, 0xbd, 0x10, 0x11, 0xbd, 0x7d, 0x32, 0x14, 0x18, 0x12, 0x11, 0x10, 0x9d, 0x5d, 0x12, 0x13, 0x14, 0x1a, 0x14, 0x1a, 0x1e, 0x18, 0x15, 0x12, 0x20, 0x7d, 0x2d, 0x21, 0x12, 0x15, 0x13, 0x14, 0x19, 0x1a, 0x1e, 0x1f, 0x1e, 0x28, 0x21, 0x13, 0x6d, 0x3d, 0x16, 0x17, 0x15, 0x1b, 0x18, 0x17, 0x1a, 0x1f, 0x1a, 0x1e, 0x2f, 0x17, 0x11, 0x14, 0x11, 0x5d, 0x3d, 0x19, 0x1a, 0x1b, 0x1c, 0x2e, 0x1c, 0x1f, 0x1e, 0x1f, 0x1b, 0x1c, 0x20, 0x18, 0x12, 0x11, 0x4d, 0x3d, 0x17, 0x19, 0x1a, 0x1e, 0x29, 0x1c, 0x3f, 0x1c, 0x15, 0x10, 0x13, 0x11, 0x1e, 0x14, 0x4d, 0x3d, 0x28, 0x1f, 0x13, 0x1c, 0x1e, 0x1c, 0x2f, 0x1e, 0x16, 0x1a, 0x12, 0x2c, 0x1e, 0x12, 0x4d, 0x1d, 0x12, 0x14, 0x17,
0x12, 0x19, 0x1a, 0x1f, 0x1b, 0x1f, 0x1a, 0x1f, 0x1e, 0x1a, 0x14, 0x15, 0x1b, 0x1f, 0x1c, 0x12, 0x4d, 0x2d, 0x19, 0x35, 0x12, 0x16, 0x1e, 0x17, 0x3f, 0x19, 0x1a, 0x12, 0x1a, 0x19, 0x1e, 0x16, 0x10, 0x3d, 0x1d, 0x14, 0x18, 0x14, 0x18, 0x15, 0x18, 0x1d, 0x1b, 0x3c, 0x1f, 0x1c, 0x17, 0x15, 0x3b, 0x18, 0x13, 0x3d, 0x1d, 0x13, 0x1f, 0x1b, 0x15, 0x18, 0x15, 0x12, 0x19, 0x3c, 0x2f, 0x14, 0x11, 0x16, 0x19, 0x1b, 0x28, 0x10, 0x2d, 0x1d, 0x13, 0x18, 0x1a, 0x1e, 0x17, 0x16, 0x13, 0x16, 0x2c, 0x1e, 0x1a, 0x1f, 0x12, 0x2b, 0x16, 0x1b, 0x1a, 0x15, 0x12, 0x2d, 0x1d, 0x21, 0x2c, 0x1a, 0x1f, 0x17, 0x13, 0x1a, 0x1f, 0x1e, 0x1c, 0x1f, 0x1b, 0x19, 0x18, 0x12, 0x19, 0x1c, 0x17, 0x15,
0x2d, 0x3d, 0x13, 0x2c, 0x14, 0x15, 0x14, 0x3c, 0x2b, 0x19, 0x1a, 0x16, 0x15, 0x22, 0x17, 0x12, 0x10, 0x1d, 0x3d, 0x11, 0x24, 0x1c, 0x17, 0x21, 0x1d, 0x19, 0x1a, 0x12, 0x2b, 0x17, 0x14, 0x2d, 0x16, 0x14, 0x10, 0x1d, 0x2d, 0x13, 0x2d, 0x16, 0x1c, 0x1f, 0x12, 0x15, 0x1d, 0x24, 0x1d, 0x11, 0x29, 0x14, 0x2d, 0x17, 0x23, 0x1d, 0x4d, 0x14, 0x1a, 0x18, 0x1a, 0x1b, 0x1e, 0x10, 0x12, 0x2d, 0x16, 0x19, 0x16, 0x14, 0x2d, 0x13, 0x1b, 0x11, 0x1d, 0x1d, 0x19, 0x14, 0x1d, 0x22, 0x1b, 0x1e, 0x19, 0x28, 0x11, 0x1d, 0x11, 0x36, 0x13, 0x1d, 0x14, 0x13, 0x18, 0x17, 0x1d, 0x1d, 0x1b, 0x19, 0x18, 0x16, 0x24, 0x17, 0x18, 0x34, 0x13, 0x50, 0x12, 0x13, 0x25, 0x1b, 0x1d, 0x1d, 0x1b, 0x16,
0x2b, 0x1c, 0x16, 0x1e, 0x25, 0x2f, 0x2e, 0x13, 0x1f, 0x23, 0x12, 0x21, 0x10, 0x2d, 0x1d, 0x14, 0x11, 0x12, 0x13, 0x15, 0x18, 0x12, 0x30, 0x14, 0x10, 0x11, 0x10, 0x1f, 0x12, 0x11, 0x10, 0x5d, 0xfd, 0x9d,
// Compressed size: 370 bytes original pixels: 12544 uint16_t → ~25088 bytes uncompressed)

// URUK / Uruk Auraflow V0.3 000 S2946065046 Th0.100 24 [Folder: URUK] - RLE compressed data (offset: 58179, size: 146)
0xfe, 0x9e, 0xce, 0x11, 0x1b, 0xae, 0xce, 0x1d, 0x11, 0x1b, 0x9e, 0xce, 0x10, 0xbe, 0xce, 0x15, 0xbe, 0xae, 0x1d, 0x14, 0x11, 0xbe, 0xae, 0x1c, 0x11, 0x1b, 0x1d, 0xae, 0xae, 0x18, 0x12, 0x1d, 0x10, 0xae, 0x8e, 0x19, 0x1e, 0x14, 0x17, 0x1c, 0x15, 0xae, 0x7e, 0x13, 0x2e, 0x16, 0x1c, 0x1a, 0x1b, 0x2e, 0x1c, 0x7e, 0x7e, 0x17, 0x4e, 0x11, 0x4e, 0x12, 0x6e, 0x6e, 0x12, 0x4e, 0x14, 0x11, 0x19, 0x4e, 0x10, 0x5e, 0xae, 0x17, 0x1d, 0x17, 0x12, 0x5e, 0x11, 0x4e, 0x5e, 0x1d, 0x4e, 0x18, 0x1e, 0x28, 0xae, 0x4e, 0x14, 0x4e, 0x11, 0x4e, 0x11, 0x5e, 0x12, 0x3e, 0x3e, 0x19, 0x1d, 0xfe, 0x1e, 0x12, 0x2e, 0x4e, 0x15, 0xae, 0x12, 0x4e, 0x12, 0x10, 0x2e, 0x3e, 0x18, 0x3e, 0x2b, 0x6e,
0x13, 0x4e, 0x16, 0x12, 0x2e, 0x8e, 0x1b, 0xce, 0x15, 0x2e, 0x8e, 0x12, 0x4e, 0x14, 0xae, 0x8e, 0x18, 0x4e, 0x16, 0xae, 0x8e, 0x1f, 0x5e, 0x19, 0x9e, 0x5e, 0x1a, 0x12, 0x11, 0x7e, 0x11, 0x8e, 0xfe, 0x9e,
// Compressed size: 146 bytes original pixels: 12544 uint16_t → ~25088 bytes uncompressed)

// VALKYRIE / Valkyrie Auraflow V0.3 000 S4104624875 Th0.100 24 [Folder: VALKYRIE] - RLE compressed data (offset: 58325, size: 332)
0x1f, 0x12, 0xff, 0x7f, 0x1f, 0x11, 0x10, 0xff, 0x3f, 0x11, 0x2f, 0x2f, 0x14, 0x8f, 0x10, 0x1d, 0x13, 0x7f, 0x18, 0x2f, 0x2f, 0x24, 0x6f, 0x13, 0x17, 0x16, 0x12, 0x6f, 0x25, 0x14, 0x1f, 0x1f, 0x15, 0x14, 0x19, 0x12, 0x3f, 0x16, 0x1e, 0x1c, 0x16, 0x13, 0x15, 0x5f, 0x12, 0x1b, 0x14, 0x2f, 0x2f, 0x18, 0x13, 0x18, 0x12, 0x2f, 0x11, 0x17, 0x1a, 0x12, 0x13, 0x1c, 0x4f, 0x18, 0x1a, 0x15, 0x1a, 0x12, 0x1f, 0x1f, 0x12, 0x14, 0x1c, 0x1a, 0x18, 0x12, 0x10, 0x1f, 0x1a, 0x1d, 0x13, 0x11, 0x1d, 0x3f, 0x18, 0x1b, 0x1c, 0x19, 0x16, 0x14, 0x1f, 0x1f, 0x16, 0x17, 0x26, 0x29, 0x14, 0x10, 0x13, 0x11, 0x1a, 0x2d, 0x2f, 0x28, 0x1a, 0x17, 0x14, 0x15, 0x10, 0x1f, 0x1f, 0x13, 0x15, 0x17,
0x1c, 0x1d, 0x1b, 0x1d, 0x19, 0x2f, 0x16, 0x1d, 0x1c, 0x24, 0x19, 0x2d, 0x2a, 0x15, 0x12, 0x1f, 0x2f, 0x15, 0x17, 0x1c, 0x1d, 0x1c, 0x1d, 0x19, 0x17, 0x1f, 0x1a, 0x13, 0x1c, 0x17, 0x1b, 0x1e, 0x1b, 0x16, 0x17, 0x25, 0x2f, 0x2f, 0x13, 0x1a, 0x15, 0x1c, 0x2d, 0x1e, 0x1c, 0x12, 0x1d, 0x15, 0x23, 0x1a, 0x1c, 0x19, 0x17, 0x16, 0x13, 0x14, 0x2f, 0x2f, 0x25, 0x1a, 0x19, 0x12, 0x1b, 0x18, 0x1a, 0x19, 0x1b, 0x1e, 0x16, 0x1d, 0x25, 0x14, 0x17, 0x15, 0x19, 0x12, 0x2f, 0x3f, 0x15, 0x1b, 0x17, 0x19, 0x12, 0x21, 0x2b, 0x16, 0x1d, 0x11, 0x1d, 0x12, 0x14, 0x27, 0x14, 0x3f, 0x4f, 0x11, 0x1f, 0x15, 0x21, 0x1e, 0x1d, 0x29, 0x1c, 0x12, 0x17, 0x22, 0x1f, 0x12, 0x14, 0x3f, 0x5f, 0x31,
0x19, 0x1b, 0x1d, 0x1e, 0x19, 0x1c, 0x1f, 0x17, 0x11, 0x7f, 0x7f, 0x16, 0x19, 0x3b, 0x2d, 0x2f, 0x20, 0x6f, 0x6f, 0x15, 0x2b, 0x19, 0x2b, 0x1a, 0x16, 0x13, 0x1f, 0x11, 0x7f, 0x5f, 0x17, 0x18, 0x1b, 0x15, 0x19, 0x1a, 0x1d, 0x16, 0x1f, 0x1c, 0x9f, 0x4f, 0x13, 0x18, 0x29, 0x15, 0x3d, 0x1c, 0x1f, 0x1c, 0x9f, 0x4f, 0x15, 0x19, 0x16, 0x18, 0x1d, 0x1a, 0x15, 0x2a, 0x1f, 0x1c, 0x9f, 0x3f, 0x15, 0x2b, 0x29, 0x1a, 0x1d, 0x15, 0x13, 0x17, 0x1f, 0x16, 0x9f, 0x1f, 0x13, 0x15, 0x1a, 0x29, 0x11, 0x1a, 0x1d, 0x16, 0x1c, 0x10, 0x16, 0x2f, 0x16, 0x8f, 0x10, 0x11, 0x10, 0x1a, 0x16, 0x29, 0x15, 0x13, 0x1d, 0x2f, 0x10, 0x16, 0x1f, 0x1c, 0x8f, 0x8f, 0x13, 0xff,
// Compressed size: 332 bytes original pixels: 12544 uint16_t → ~25088 bytes uncompressed)

// VAMPIRE / Vampire Auraflow V0.3 000 S2037652676 Th0.100 24 [Folder: VAMPIRE] - RLE compressed data (offset: 58657, size: 241)
0xfe, 0x9e, 0x7e, 0x12, 0xfe, 0x1e, 0x6e, 0x20, 0x21, 0x10, 0x11, 0xce, 0x5e, 0x11, 0x18, 0x19, 0x18, 0x14, 0x18, 0x14, 0x20, 0x13, 0x9e, 0x4e, 0x10, 0x18, 0x14, 0x1a, 0x1c, 0x1d, 0x1b, 0x19, 0x18, 0x14, 0x12, 0x21, 0x16, 0x6e, 0x4e, 0x18, 0x14, 0x2c, 0x2b, 0x19, 0x17, 0x18, 0x1a, 0x18, 0x11, 0x15, 0x12, 0x11, 0x5e, 0x4e, 0x12, 0x1e, 0x19, 0x1d, 0x15, 0x2d, 0x1c, 0x13, 0x1d, 0x1f, 0x19, 0x12, 0x11, 0x14, 0x5e, 0x7e, 0x1a, 0x1b, 0x1d, 0x19, 0x1d, 0x19, 0x1a, 0x2c, 0x1f, 0x18, 0x11, 0x16, 0x17, 0x3e, 0x6e, 0x19, 0x1f, 0x17, 0x12, 0x1b, 0x13, 0x2d, 0x1b, 0x1d, 0x1a, 0x1f, 0x19, 0x1a, 0x11, 0x3e, 0x8e, 0x1b, 0x1e, 0x13, 0x11, 0x1a, 0x1d, 0x1c, 0x2d, 0x25, 0x1b, 0x16,
0x3e, 0x8e, 0x17, 0x3e, 0x26, 0x17, 0x2d, 0x19, 0x1a, 0x2b, 0x11, 0x2e, 0x8e, 0x23, 0x4e, 0x13, 0x2c, 0x14, 0x3b, 0x17, 0x2e, 0x7e, 0x12, 0x15, 0x4e, 0x13, 0x19, 0x1c, 0x1b, 0x12, 0x3e, 0x15, 0x2e, 0x7e, 0x17, 0x1a, 0x3e, 0x11, 0x17, 0x1b, 0x1e, 0x18, 0x17, 0x3e, 0x14, 0x2e, 0x5e, 0x10, 0x27, 0x3e, 0x11, 0x19, 0x1d, 0x2e, 0x19, 0x11, 0x3e, 0x12, 0x2e, 0x4e, 0x10, 0x17, 0x4e, 0x10, 0x1e, 0x17, 0x16, 0x1e, 0x1c, 0x1a, 0x14, 0x3e, 0x13, 0x2e, 0x3e, 0x20, 0x7e, 0x27, 0x13, 0x1e, 0x16, 0x1a, 0x3e, 0x13, 0x2e, 0x2e, 0x10, 0xde, 0x17, 0x16, 0x13, 0x2e, 0x13, 0x2e, 0x2e, 0x13, 0xbe, 0x15, 0x3e, 0x15, 0x5e, 0xde, 0x11, 0x16, 0x3e, 0x16, 0x5e, 0xce, 0x23, 0x4e, 0x13, 0x15,
0x4e, 0xfe, 0x2e, 0x19, 0x13, 0x5e, 0xfe, 0x1e, 0x2b, 0x1a, 0x1b, 0x4e, 0xfe, 0x2e, 0x2b, 0x13, 0x4e,
// Compressed size: 241 bytes original pixels: 12544 uint16_t → ~25088 bytes uncompressed)

// VETALA / Vetala Auraflow V0.3 000 S1161787288 Th0.100 24 [Folder: VETALA] - RLE compressed data (offset: 58898, size: 200)
0xfe, 0x9e, 0xfe, 0x9e, 0xfe, 0x9e, 0xfe, 0x1e, 0x10, 0x7e, 0xfe, 0x20, 0x13, 0x6e, 0xfe, 0x12, 0x1f, 0x1c, 0x15, 0x5e, 0xde, 0x18, 0x17, 0x12, 0x1d, 0x1c, 0x6e, 0xde, 0x2c, 0x10, 0x19, 0x1c, 0x6e, 0xce, 0x13, 0x1e, 0x12, 0x16, 0x1a, 0x2d, 0x16, 0x4e, 0xde, 0x13, 0x1e, 0x1b, 0x1d, 0x16, 0x14, 0x5e, 0x8e, 0x10, 0x17, 0x3e, 0x18, 0x13, 0x15, 0x19, 0x18, 0x6e, 0x6e, 0x19, 0x12, 0x6e, 0x1c, 0x10, 0x16, 0x1b, 0x6e, 0x4e, 0x25, 0x7e, 0x1c, 0x15, 0x1b, 0x16, 0x1e, 0x1a, 0x5e, 0x3e, 0x11, 0x19, 0x7e, 0x17, 0x1f, 0x1d, 0x3e, 0x11, 0x5e, 0x2e, 0x1d, 0x11, 0x6e, 0x12, 0x13, 0x14, 0x1c, 0x18, 0x1a, 0x2e, 0x13, 0x5e, 0x1e, 0x14, 0x1c, 0x10, 0x4e, 0x1d, 0x15, 0x1b, 0x1e, 0x2d,
0x1a, 0x1e, 0x10, 0x1e, 0x13, 0x5e, 0x3e, 0x13, 0x4e, 0x13, 0x1e, 0x12, 0x1e, 0x17, 0x15, 0x1a, 0x2e, 0x18, 0x17, 0x14, 0x4e, 0x1e, 0x11, 0x1e, 0x12, 0x3e, 0x12, 0x13, 0x17, 0x1e, 0x18, 0x1d, 0x18, 0x13, 0x3e, 0x12, 0x10, 0x4e, 0x8e, 0x16, 0x15, 0x1b, 0x15, 0x1f, 0x1d, 0x1f, 0x2e, 0x13, 0x6e, 0x6e, 0x18, 0x2e, 0x18, 0x16, 0x1d, 0x1a, 0x2e, 0x18, 0x1e, 0x14, 0x2e, 0x1a, 0x3e, 0x6e, 0x14, 0x11, 0x15, 0x14, 0x1c, 0x1e, 0x1d, 0x3e, 0x1a, 0x1c, 0x1f, 0x2e, 0x11, 0x1c, 0x1e, 0xfe, 0x2e, 0x1d, 0x1c, 0x5e, 0xfe, 0x9e, 0xfe, 0x9e,
// Compressed size: 200 bytes original pixels: 12544 uint16_t → ~25088 bytes uncompressed)

// VODYANOI / Vodyanoi Auraflow V0.3 000 S2387171512 Th0.100 24 [Folder: VODYANOI] - RLE compressed data (offset: 59098, size: 203)
0xff, 0x9f, 0xff, 0x9f, 0xaf, 0x11, 0x10, 0x13, 0x11, 0xaf, 0x8f, 0x11, 0x13, 0x10, 0x1e, 0x14, 0x12, 0x11, 0x9f, 0x7f, 0x1a, 0x11, 0x10, 0x2e, 0x24, 0x12, 0x11, 0x8f, 0x7f, 0x12, 0x1e, 0x18, 0x4e, 0x18, 0x12, 0x8f, 0x7f, 0x17, 0x14, 0x1e, 0x14, 0x1c, 0x1e, 0x29, 0x12, 0x10, 0x7f, 0x7f, 0x10, 0x18, 0x1d, 0x14, 0x3c, 0x1e, 0x19, 0x1d, 0x11, 0x6f, 0x7f, 0x11, 0x1e, 0x22, 0x3e, 0x1c, 0x17, 0x19, 0x17, 0x11, 0x5f, 0x7f, 0x1a, 0x2f, 0x15, 0x12, 0x1e, 0x29, 0x11, 0x18, 0x1e, 0x11, 0x5f, 0xaf, 0x11, 0x13, 0x1c, 0x18, 0x19, 0x11, 0x12, 0x1e, 0x13, 0x5f, 0xaf, 0x11, 0x1c, 0x1a, 0x1c, 0x19, 0x2f, 0x1e, 0x1c, 0x5f, 0xaf, 0x2a, 0x17, 0x1a, 0x18, 0x17, 0x15, 0x1e, 0x1d, 0x5f,
0x9f, 0x16, 0x15, 0x13, 0x15, 0x29, 0x17, 0x12, 0x1c, 0x13, 0x5f, 0x9f, 0x18, 0x16, 0x13, 0x18, 0x17, 0x19, 0x13, 0x16, 0x1a, 0x6f, 0x8f, 0x17, 0x1c, 0x15, 0x2f, 0x17, 0x15, 0x1f, 0x12, 0x15, 0x6f, 0x6f, 0x13, 0x14, 0x19, 0x3f, 0x35, 0x1f, 0x18, 0x1d, 0x6f, 0x5f, 0x11, 0x17, 0x9f, 0x1b, 0x16, 0x14, 0x5f, 0x3f, 0x13, 0x1a, 0x15, 0x1f, 0x13, 0x12, 0x7f, 0x14, 0x1e, 0x17, 0x5f, 0x3f, 0x17, 0x1f, 0x16, 0x1f, 0x13, 0x8f, 0x1c, 0x1e, 0x18, 0x5f, 0x2f, 0x12, 0x23, 0x11, 0xaf, 0x10, 0x14, 0x15, 0x5f, 0xff, 0x1f, 0x17, 0x7f, 0xff, 0x9f, 0xff, 0x9f,
// Compressed size: 203 bytes original pixels: 12544 uint16_t → ~25088 bytes uncompressed)

// VOID WRAITH / Void Wraith Auraflow V0.3 000 S1499055962 Th0.100 24 [Folder: VOID_WRAITH] - RLE compressed data (offset: 59301, size: 244)
0xfe, 0x9e, 0xae, 0x18, 0x14, 0x12, 0x14, 0x22, 0x8e, 0x8e, 0x18, 0x13, 0x12, 0x14, 0x21, 0x10, 0x11, 0x1e, 0x13, 0x6e, 0x8e, 0x27, 0x14, 0x16, 0x11, 0x12, 0x40, 0x14, 0x5e, 0x8e, 0x16, 0x13, 0x15, 0x14, 0x1a, 0x12, 0x14, 0x11, 0x12, 0x20, 0x12, 0x4e, 0x7e, 0x15, 0x13, 0x18, 0x14, 0x39, 0x1a, 0x19, 0x11, 0x12, 0x11, 0x10, 0x4e, 0x9e, 0x27, 0x1d, 0x1a, 0x17, 0x1a, 0x15, 0x1a, 0x13, 0x10, 0x11, 0x4e, 0x7e, 0x14, 0x1b, 0x2c, 0x3a, 0x1d, 0x1c, 0x1d, 0x12, 0x18, 0x11, 0x4e, 0x7e, 0x15, 0x1b, 0x1d, 0x2c, 0x1d, 0x1c, 0x2d, 0x1c, 0x2d, 0x12, 0x11, 0x3e, 0x5e, 0x12, 0x15, 0x1c, 0x1a, 0x12, 0x1a, 0x1c, 0x1b, 0x1d, 0x1c, 0x2d, 0x1c, 0x1a, 0x1d, 0x12, 0x3e, 0x5e, 0x19, 0x1a,
0x19, 0x11, 0x18, 0x19, 0x1b, 0x1d, 0x2b, 0x1c, 0x1b, 0x1a, 0x1b, 0x13, 0x11, 0x3e, 0x4e, 0x2a, 0x1b, 0x2e, 0x1f, 0x2b, 0x1a, 0x1b, 0x1a, 0x15, 0x2a, 0x1b, 0x1c, 0x1a, 0x3e, 0x4e, 0x1a, 0x16, 0x2e, 0x12, 0x16, 0x1c, 0x3b, 0x14, 0x3e, 0x2a, 0x15, 0x3e, 0x4e, 0x15, 0x1a, 0x1e, 0x14, 0x18, 0x19, 0x1a, 0x2b, 0x19, 0x14, 0x3e, 0x13, 0x15, 0x12, 0x3e, 0x3e, 0x1a, 0x19, 0x2e, 0x14, 0x15, 0x1a, 0x19, 0x2a, 0x17, 0x1e, 0x11, 0x3e, 0x13, 0x17, 0x11, 0x2e, 0x3e, 0x1b, 0x1a, 0x2e, 0x14, 0x17, 0x1b, 0x16, 0x11, 0x1a, 0x19, 0x15, 0x9e, 0x2e, 0x3a, 0x2e, 0x18, 0x16, 0x1a, 0x1e, 0x13, 0x35, 0x6e, 0x17, 0x2e, 0x3e, 0x1a, 0x16, 0x1e, 0x14, 0x15, 0x18, 0x16, 0x2e, 0x14, 0x15, 0x16,
0x9e, 0x7e, 0x13, 0x14, 0x4e, 0x13, 0xae, 0xfe, 0x9e, 0xfe, 0x9e, 0xce, 0x16, 0x15, 0x12, 0x9e, 0xfe, 0x9e, 0xfe, 0x9e,
// Compressed size: 244 bytes original pixels: 12544 uint16_t → ~25088 bytes uncompressed)

// WARG / Warg Auraflow V0.3 000 S2109044693 Th0.100 24 [Folder: WARG] - RLE compressed data (offset: 59545, size: 323)
0xff, 0x9f, 0xcf, 0x10, 0x15, 0x31, 0x7f, 0x9f, 0x10, 0x11, 0x13, 0x14, 0x17, 0x13, 0x12, 0x11, 0x13, 0x6f, 0x8f, 0x10, 0x42, 0x15, 0x12, 0x16, 0x12, 0x13, 0x12, 0x5f, 0x7f, 0x11, 0x12, 0x11, 0x15, 0x12, 0x16, 0x12, 0x13, 0x14, 0x12, 0x16, 0x22, 0x4f, 0x6f, 0x10, 0x12, 0x16, 0x15, 0x1a, 0x1b, 0x19, 0x16, 0x19, 0x16, 0x23, 0x1a, 0x14, 0x11, 0x3f, 0x5f, 0x12, 0x25, 0x11, 0x16, 0x11, 0x13, 0x1a, 0x14, 0x2b, 0x17, 0x13, 0x27, 0x13, 0x3f, 0x5f, 0x17, 0x31, 0x1a, 0x1e, 0x17, 0x1c, 0x16, 0x19, 0x15, 0x19, 0x14, 0x17, 0x14, 0x13, 0x3f, 0x5f, 0x10, 0x13, 0x14, 0x1b, 0x19, 0x1d, 0x14, 0x1c, 0x27, 0x2a, 0x1b, 0x1a, 0x15, 0x17, 0x11, 0x2f, 0x4f, 0x12, 0x10, 0x2c, 0x1d, 0x2a,
0x1e, 0x1c, 0x1b, 0x2c, 0x1b, 0x1c, 0x16, 0x17, 0x14, 0x11, 0x2f, 0x4f, 0x1d, 0x18, 0x1a, 0x1b, 0x1a, 0x1d, 0x1e, 0x1d, 0x2c, 0x2d, 0x19, 0x1b, 0x19, 0x1b, 0x16, 0x13, 0x2f, 0x4f, 0x3e, 0x16, 0x1d, 0x1c, 0x2e, 0x4d, 0x3c, 0x18, 0x15, 0x13, 0x2f, 0x4f, 0x11, 0x3e, 0x18, 0x1d, 0x1c, 0x1d, 0x1e, 0x1d, 0x2e, 0x1d, 0x2a, 0x1d, 0x1a, 0x14, 0x2f, 0x6f, 0x1c, 0x1e, 0x1a, 0x18, 0x3d, 0x1e, 0x1c, 0x1d, 0x1b, 0x1d, 0x18, 0x19, 0x16, 0x17, 0x2f, 0x5f, 0x11, 0x19, 0x1d, 0x1e, 0x1c, 0x1d, 0x1a, 0x18, 0x20, 0x2d, 0x1b, 0x1d, 0x1a, 0x19, 0x1c, 0x11, 0x1f, 0x4f, 0x1a, 0x24, 0x1e, 0x2a, 0x1e, 0x1b, 0x29, 0x11, 0x1b, 0x2c, 0x2a, 0x18, 0x1c, 0x14, 0x1f, 0x5f, 0x15, 0x1b, 0x1d, 0x13,
0x1b, 0x1f, 0x29, 0x2f, 0x1a, 0x15, 0x19, 0x1f, 0x19, 0x16, 0x17, 0x2f, 0x4f, 0x10, 0x12, 0x19, 0x16, 0x1d, 0x1b, 0x1f, 0x11, 0x1a, 0x1f, 0x10, 0x13, 0x1f, 0x17, 0x1c, 0x29, 0x12, 0x2f, 0x5f, 0x13, 0x1a, 0x14, 0x4f, 0x19, 0x17, 0x1f, 0x13, 0x2f, 0x1b, 0x17, 0x18, 0x13, 0x2f, 0x4f, 0x11, 0x1a, 0x1b, 0x11, 0x4f, 0x14, 0x17, 0x4f, 0x19, 0x2a, 0x22, 0x1f, 0x4f, 0x15, 0x17, 0x14, 0x16, 0x2f, 0x13, 0x16, 0x18, 0x15, 0x3f, 0x2a, 0x18, 0x17, 0x14, 0x2f, 0x4f, 0x12, 0x1e, 0x1d, 0x1f, 0x1e, 0x6f, 0x17, 0x18, 0x1e, 0x1b, 0x1c, 0x1b, 0x13, 0x15, 0x1f, 0xff, 0x1f, 0x1d, 0x3f, 0x27, 0x2f, 0xff, 0x9f,
// Compressed size: 323 bytes original pixels: 12544 uint16_t → ~25088 bytes uncompressed)

// WENDIGO / Wendigo Auraflow V0.3 000 S1540042344 Th0.100 24 [Folder: WENDIGO] - RLE compressed data (offset: 59868, size: 250)
0xfe, 0x9e, 0x7e, 0x13, 0x5e, 0x18, 0xae, 0xae, 0x13, 0x5e, 0x17, 0x10, 0x17, 0x5e, 0x9e, 0x16, 0x10, 0x18, 0x12, 0x10, 0x13, 0x2e, 0x12, 0x2e, 0x17, 0x3e, 0x8e, 0x12, 0x11, 0x1f, 0x12, 0x1c, 0x14, 0x1b, 0x10, 0x13, 0x11, 0x2e, 0x1a, 0x3e, 0x7e, 0x14, 0x1d, 0x1b, 0x19, 0x17, 0x12, 0x17, 0x14, 0x1b, 0x11, 0x1d, 0x10, 0x16, 0x17, 0x3e, 0x6e, 0x17, 0x2e, 0x15, 0x1f, 0x12, 0x18, 0x14, 0x2b, 0x11, 0x1f, 0x17, 0x10, 0x4e, 0x4e, 0x10, 0x11, 0x3e, 0x14, 0x1d, 0x1a, 0x18, 0x15, 0x13, 0x1b, 0x1a, 0x1f, 0x14, 0x10, 0x4e, 0x3e, 0x14, 0x17, 0x4e, 0x16, 0x19, 0x1d, 0x16, 0x19, 0x2e, 0x2b, 0x6e, 0x3e, 0x1b, 0x6e, 0x2d, 0x1a, 0x15, 0x3e, 0x1c, 0x17, 0x5e, 0x3e, 0x1d, 0x4e, 0x15,
0x1a, 0x15, 0x1c, 0x18, 0x15, 0x4e, 0x15, 0x5e, 0x2e, 0x16, 0x11, 0x4e, 0x1b, 0x1a, 0x1b, 0x1d, 0x1a, 0x1c, 0x5e, 0x12, 0x4e, 0x2e, 0x15, 0x14, 0x5e, 0x14, 0x1c, 0x16, 0x1b, 0x1a, 0x15, 0x1e, 0x1d, 0x2e, 0x19, 0x1a, 0x3e, 0x3e, 0x1d, 0x5e, 0x10, 0x1e, 0x1d, 0x15, 0x2e, 0x11, 0x1a, 0x2e, 0x16, 0x17, 0x3e, 0x3e, 0x12, 0x10, 0x13, 0x3e, 0x11, 0x1e, 0x1a, 0x4e, 0x14, 0x17, 0x3e, 0x17, 0x2e, 0x3e, 0x1a, 0x10, 0x14, 0x3e, 0x10, 0x5e, 0x1a, 0x3e, 0x15, 0x1e, 0x16, 0x1f, 0x1e, 0x3e, 0x14, 0x4e, 0x13, 0x16, 0x1e, 0x15, 0x3e, 0x19, 0x6e, 0x1c, 0x15, 0x3e, 0x1c, 0x4e, 0x17, 0x12, 0xce, 0x16, 0x1c, 0x3e, 0x18, 0x3e, 0x14, 0x19, 0x5e, 0x15, 0x8e, 0x13, 0x6e, 0x1a, 0x7e, 0x15,
0x9e, 0x6e, 0x17, 0x7e, 0x15, 0x14, 0x8e, 0x5e, 0x15, 0x17, 0x8e, 0x13, 0x1e, 0x15, 0x11, 0x5e, 0x5e, 0x14, 0xae, 0x17, 0x11, 0x27, 0x13, 0x3e, 0xfe, 0x9e,
// Compressed size: 250 bytes original pixels: 12544 uint16_t → ~25088 bytes uncompressed)

// WEREWOLF / Werewolf Auraflow V0.3 000 S134603756 Th0.100 24 [Folder: WEREWOLF] - RLE compressed data (offset: 60118, size: 285)
0xf1, 0x91, 0xf1, 0x91, 0xa1, 0x13, 0x12, 0x18, 0x13, 0x11, 0x13, 0x81, 0x91, 0x13, 0x19, 0x17, 0x15, 0x17, 0x14, 0x18, 0x13, 0x71, 0x71, 0x18, 0x1c, 0x19, 0x16, 0x17, 0x1a, 0x19, 0x16, 0x1c, 0x14, 0x13, 0x61, 0x71, 0x18, 0x26, 0x1a, 0x1f, 0x24, 0x2d, 0x1c, 0x12, 0x61, 0x61, 0x1f, 0x17, 0x1a, 0x1d, 0x1b, 0x1d, 0x1b, 0x19, 0x14, 0x16, 0x1d, 0x1a, 0x61, 0x61, 0x1c, 0x1a, 0x19, 0x1b, 0x1d, 0x14, 0x1a, 0x24, 0x12, 0x17, 0x28, 0x51, 0x51, 0x12, 0x2b, 0x1a, 0x1e, 0x1a, 0x1b, 0x18, 0x14, 0x16, 0x19, 0x1d, 0x19, 0x61, 0x41, 0x13, 0x1c, 0x14, 0x4e, 0x29, 0x14, 0x1f, 0x29, 0x1e, 0x61, 0x31, 0x19, 0x1b, 0x1a, 0x1d, 0x1a, 0x11, 0x2e, 0x1a, 0x19, 0x16, 0x1a, 0x29, 0x18, 0x61,
0x21, 0x12, 0x19, 0x1c, 0x1a, 0x18, 0x21, 0x2a, 0x2b, 0x1d, 0x13, 0x17, 0x1e, 0x16, 0x13, 0x51, 0x21, 0x1a, 0x1d, 0x1e, 0x19, 0x12, 0x11, 0x1c, 0x2b, 0x16, 0x1b, 0x21, 0x12, 0x1a, 0x17, 0x18, 0x51, 0x21, 0x17, 0x19, 0x1d, 0x14, 0x11, 0x15, 0x2b, 0x19, 0x1a, 0x1e, 0x13, 0x11, 0x13, 0x19, 0x1c, 0x1a, 0x13, 0x41, 0x21, 0x1a, 0x1d, 0x1f, 0x15, 0x1b, 0x4c, 0x1b, 0x1e, 0x1b, 0x13, 0x11, 0x2b, 0x19, 0x1c, 0x41, 0x21, 0x1c, 0x1d, 0x21, 0x17, 0x4c, 0x16, 0x1d, 0x2b, 0x21, 0x14, 0x1c, 0x18, 0x41, 0x21, 0x17, 0x1b, 0x21, 0x38, 0x17, 0x12, 0x1c, 0x2a, 0x19, 0x12, 0x21, 0x15, 0x16, 0x41, 0x21, 0x14, 0x1d, 0x12, 0x11, 0x48, 0x15, 0x12, 0x11, 0x1d, 0x1b, 0x13, 0x31, 0x19, 0x13,
0x31, 0x21, 0x1f, 0x1a, 0x19, 0x1b, 0x11, 0x28, 0x13, 0x31, 0x1c, 0x1a, 0x18, 0x13, 0x1b, 0x16, 0x1d, 0x41, 0x11, 0x13, 0x18, 0x1b, 0x11, 0x1a, 0x15, 0x28, 0x31, 0x12, 0x15, 0x16, 0x21, 0x17, 0x1b, 0x51, 0x11, 0x13, 0x15, 0x19, 0x21, 0x18, 0x25, 0x31, 0x35, 0x21, 0x1b, 0x19, 0x51, 0x41, 0x33, 0x17, 0x12, 0x16, 0x11, 0x15, 0x33, 0x91, 0xb1, 0x15, 0xc1, 0xf1, 0x91,
// Compressed size: 285 bytes original pixels: 12544 uint16_t → ~25088 bytes uncompressed)

// WIGHT / Wight Auraflow V0.3 000 S2355254022 Th0.100 24 [Folder: WIGHT] - RLE compressed data (offset: 60403, size: 216)
0xff, 0x9f, 0xff, 0x9f, 0xbf, 0x11, 0xcf, 0xbf, 0x25, 0xbf, 0xaf, 0x10, 0x15, 0x22, 0xaf, 0x9f, 0x13, 0x11, 0x14, 0x13, 0x12, 0xaf, 0x5f, 0x13, 0x11, 0x23, 0x38, 0x12, 0x18, 0x16, 0x9f, 0x4f, 0x15, 0x1c, 0x23, 0x15, 0x3c, 0x14, 0x15, 0x17, 0x9f, 0x3f, 0x1a, 0x14, 0x13, 0x11, 0x10, 0x18, 0x1c, 0x28, 0x1c, 0x1a, 0x11, 0x9f, 0x3f, 0x16, 0x14, 0x18, 0x23, 0x18, 0x1c, 0x1d, 0x14, 0x2d, 0x15, 0x9f, 0x3f, 0x24, 0x16, 0x18, 0x17, 0x19, 0x1c, 0x16, 0x1d, 0x1b, 0x16, 0x1c, 0x12, 0x8f, 0x3f, 0x1b, 0x17, 0x14, 0x19, 0x16, 0x19, 0x1b, 0x1c, 0x1e, 0x1d, 0x14, 0x15, 0x1e, 0x8f, 0x3f, 0x14, 0x1b, 0x17, 0x19, 0x17, 0x1b, 0x1a, 0x1e, 0x1d, 0x14, 0x18, 0x1f, 0x10, 0x8f, 0x3f, 0x12,
0x19, 0x1b, 0x16, 0x29, 0x1d, 0x2a, 0x2d, 0x2f, 0x11, 0x7f, 0x3f, 0x15, 0x39, 0x16, 0x1b, 0x2d, 0x18, 0x19, 0x15, 0x14, 0x1f, 0x14, 0x7f, 0x3f, 0x13, 0x18, 0x10, 0x1e, 0x1b, 0x14, 0x18, 0x2b, 0x13, 0x12, 0x1b, 0x9f, 0x3f, 0x14, 0x2f, 0x29, 0x16, 0x17, 0x1f, 0x17, 0x1f, 0x18, 0x1c, 0x9f, 0x3f, 0x10, 0x1f, 0x10, 0x16, 0x14, 0x1f, 0x19, 0x1f, 0x14, 0x1f, 0x14, 0x1f, 0x18, 0x8f, 0x5f, 0x12, 0x1f, 0x12, 0x1f, 0x17, 0x1f, 0x12, 0x1f, 0x12, 0x1f, 0x13, 0x8f, 0x5f, 0x10, 0x3f, 0x13, 0x1f, 0x10, 0x1f, 0x12, 0x1f, 0x13, 0x8f, 0x5f, 0x12, 0x7f, 0x10, 0x1f, 0x13, 0x8f, 0x9f, 0x15, 0x10, 0x4f, 0x11, 0x8f, 0xff, 0x9f, 0xff, 0x9f,
// Compressed size: 216 bytes original pixels: 12544 uint16_t → ~25088 bytes uncompressed)

// WILL O WISP / Will O Wisp Auraflow V0.3 000 S2072003328 Th0.100 24 [Folder: WILL_O_WISP] - RLE compressed data (offset: 60619, size: 145)
0xff, 0x9f, 0xff, 0x9f, 0xff, 0x9f, 0xff, 0x9f, 0xcf, 0x1d, 0x14, 0xaf, 0x6f, 0x1d, 0x1a, 0x1f, 0x1d, 0x1f, 0x1d, 0x1f, 0x18, 0x3f, 0x1d, 0x6f, 0x3f, 0x2e, 0x17, 0x1a, 0x23, 0x11, 0x15, 0x14, 0x10, 0x12, 0x1c, 0x9f, 0x2f, 0x1e, 0x1b, 0x1f, 0x28, 0x35, 0x40, 0x22, 0x8f, 0x2f, 0x3e, 0x1d, 0x19, 0x15, 0x11, 0x12, 0x10, 0x11, 0x10, 0x11, 0x20, 0x12, 0x17, 0x6f, 0x3f, 0x19, 0x1f, 0x1a, 0x27, 0x14, 0x15, 0x24, 0x13, 0x21, 0x22, 0x10, 0x6f, 0x4f, 0x1b, 0x1f, 0x1d, 0x19, 0x1c, 0x1a, 0x19, 0x14, 0x1c, 0x14, 0x15, 0x9f, 0x4f, 0x1a, 0x1f, 0x1d, 0x18, 0x2d, 0x2f, 0x13, 0x14, 0xaf, 0xdf, 0x15, 0xaf, 0xdf, 0x19, 0x12, 0x9f, 0xdf, 0x19, 0x17, 0x9f, 0xdf, 0x19, 0x16, 0x9f, 0xbf,
0x1d, 0x3f, 0x16, 0x8f, 0xbf, 0x19, 0x3f, 0x19, 0x8f, 0xbf, 0x17, 0xcf, 0xff, 0x9f, 0xaf, 0x17, 0x5f, 0x1b, 0x7f, 0xaf, 0x1a, 0x5f, 0x1a, 0x7f, 0x7f, 0x2a, 0x1c, 0x1e, 0x5f, 0x1a, 0x7f, 0xff, 0x9f,
// Compressed size: 145 bytes original pixels: 12544 uint16_t → ~25088 bytes uncompressed)

// WITCH / Witch Auraflow V0.3 000 S2059153908 Th0.100 24 [Folder: WITCH] - RLE compressed data (offset: 60764, size: 263)
0xfe, 0x6e, 0x11, 0x2e, 0x2e, 0x1b, 0x2e, 0x14, 0xfe, 0x10, 0x2e, 0x3e, 0x12, 0xfe, 0x2e, 0x10, 0x2e, 0x3e, 0x10, 0x11, 0x6e, 0x10, 0x21, 0xae, 0x4e, 0x16, 0x13, 0x10, 0x2e, 0x10, 0x12, 0x2d, 0x14, 0xae, 0x2e, 0x15, 0x2e, 0x26, 0x11, 0x10, 0x1d, 0x1c, 0x1d, 0x1c, 0xbe, 0x3e, 0x10, 0x2e, 0x10, 0x22, 0x1a, 0x17, 0x1d, 0x1b, 0x10, 0x5e, 0x11, 0x4e, 0x1e, 0x13, 0x12, 0x2e, 0x12, 0x13, 0x16, 0x1b, 0x15, 0x1a, 0x1d, 0x19, 0x11, 0x2e, 0x1c, 0x2e, 0x19, 0x4e, 0x4e, 0x12, 0x1e, 0x11, 0x17, 0x15, 0x1d, 0x2c, 0x17, 0x16, 0x18, 0x3e, 0x14, 0x10, 0x4e, 0x6e, 0x15, 0x1a, 0x1b, 0x23, 0x19, 0x2d, 0x18, 0x9e, 0x4e, 0x13, 0x11, 0x16, 0x39, 0x2c, 0x1d, 0x1c, 0x1d, 0x16, 0x8e, 0x5e,
0x11, 0x23, 0x15, 0x1c, 0x1d, 0x1b, 0x1a, 0x1b, 0x1c, 0x19, 0x11, 0x7e, 0x4e, 0x11, 0x13, 0x16, 0x15, 0x1a, 0x1c, 0x16, 0x2d, 0x1c, 0x1e, 0x11, 0x1c, 0x13, 0x1d, 0x5e, 0x2e, 0x1c, 0x17, 0x13, 0x15, 0x13, 0x17, 0x19, 0x16, 0x19, 0x1d, 0x1c, 0x1f, 0x3e, 0x1d, 0x13, 0x5e, 0x6e, 0x15, 0x16, 0x15, 0x17, 0x1c, 0x1d, 0x1b, 0x14, 0xae, 0x6e, 0x2a, 0x16, 0x1b, 0x1c, 0x29, 0x12, 0x11, 0x4e, 0x10, 0x4e, 0x5e, 0x26, 0x1d, 0x1c, 0x17, 0x2b, 0x13, 0x1c, 0x11, 0x4e, 0x19, 0x4e, 0x7e, 0x14, 0x16, 0x19, 0x1d, 0x13, 0x16, 0x18, 0x21, 0x10, 0x2e, 0x19, 0x4e, 0x7e, 0x1a, 0x13, 0x3c, 0x16, 0x12, 0x18, 0x17, 0x18, 0x17, 0x2e, 0x1d, 0x3e, 0x8e, 0x12, 0x18, 0x1c, 0x16, 0x17, 0x18, 0x1d,
0x21, 0x14, 0x2e, 0x13, 0x11, 0x2e, 0x8e, 0x14, 0x1c, 0x18, 0x12, 0x13, 0x1c, 0x11, 0x22, 0x13, 0x1c, 0x2e, 0x1f, 0x2e, 0xce, 0x11, 0x12, 0x19, 0x1d, 0x11, 0x1f, 0x3e, 0x19, 0x2e, 0xee, 0x19, 0x1e, 0x19, 0x5e, 0x11, 0x1e, 0xfe, 0x9e,
// Compressed size: 263 bytes original pixels: 12544 uint16_t → ~25088 bytes uncompressed)

// WOOD WOSE / Wood Wose Auraflow V0.3 000 S3618680500 Th0.100 24 [Folder: WOOD_WOSE] - RLE compressed data (offset: 61027, size: 272)
0xfe, 0x9e, 0x5e, 0x10, 0x2e, 0x15, 0x1e, 0x16, 0x3e, 0x15, 0x9e, 0x7e, 0x18, 0x15, 0x19, 0x13, 0x1f, 0x15, 0x20, 0x17, 0x10, 0x7e, 0x5e, 0x14, 0x11, 0x10, 0x14, 0x1b, 0x13, 0x12, 0x19, 0x14, 0x13, 0x15, 0x14, 0x11, 0x6e, 0x5e, 0x13, 0x10, 0x13, 0x14, 0x13, 0x1b, 0x13, 0x1d, 0x14, 0x1a, 0x1c, 0x18, 0x1c, 0x18, 0x5e, 0x6e, 0x18, 0x1b, 0x1c, 0x17, 0x1d, 0x18, 0x3d, 0x18, 0x1c, 0x7e, 0x4e, 0x11, 0x14, 0x29, 0x2d, 0x17, 0x18, 0x1b, 0x2e, 0x14, 0x1e, 0x15, 0x6e, 0x4e, 0x18, 0x1a, 0x1e, 0x19, 0x1d, 0x1a, 0x1b, 0x27, 0x7e, 0x19, 0x3e, 0x3e, 0x15, 0x1b, 0x13, 0x1e, 0x17, 0x1c, 0x28, 0x15, 0x8e, 0x1d, 0x3e, 0x3e, 0x12, 0x17, 0x2e, 0x14, 0x1d, 0x1f, 0x1b, 0x18, 0x1e, 0x19,
0x12, 0x4e, 0x12, 0x1c, 0x3e, 0x4e, 0x17, 0x1e, 0x10, 0x3c, 0x11, 0x4e, 0x1c, 0x13, 0x14, 0x29, 0x13, 0x3e, 0x4e, 0x14, 0x10, 0x1a, 0x1d, 0x1c, 0x14, 0x15, 0x6e, 0x10, 0x2e, 0x15, 0x3e, 0x3e, 0x13, 0x1e, 0x15, 0x1e, 0x2b, 0x1a, 0x18, 0xde, 0x5e, 0x1a, 0x18, 0x1c, 0x1a, 0x1c, 0x1b, 0x1c, 0x7e, 0x10, 0x4e, 0x4e, 0x10, 0x19, 0x1e, 0x1c, 0x13, 0x10, 0x1e, 0x1a, 0x16, 0x1b, 0x6e, 0x17, 0x3e, 0x4e, 0x1a, 0x17, 0x1e, 0x1b, 0x18, 0x10, 0x2e, 0x17, 0x1c, 0x1e, 0x14, 0x3e, 0x10, 0x4e, 0x4e, 0x14, 0x2e, 0x17, 0x16, 0x19, 0x2e, 0x1c, 0xbe, 0x5e, 0x1b, 0x1e, 0x19, 0x14, 0x1d, 0x2e, 0x19, 0xbe, 0x3e, 0x15, 0x2e, 0x19, 0x14, 0x16, 0x1b, 0x2e, 0x12, 0x7e, 0x1c, 0x3e, 0x2e, 0x17,
0x3e, 0x1a, 0x16, 0x10, 0x3e, 0x14, 0x10, 0x5e, 0x11, 0x4e, 0x2e, 0x12, 0x1e, 0x10, 0x1c, 0x15, 0x2e, 0x16, 0x1e, 0x16, 0x2b, 0x5e, 0x19, 0x11, 0x3e, 0x4e, 0x15, 0x11, 0x16, 0x1b, 0x5e, 0x18, 0x10, 0x27, 0x2e, 0x19, 0x4e, 0x6e, 0x15, 0x18, 0x25, 0x9e, 0x18, 0x12, 0x3e, 0x9e, 0x13, 0xee,
// Compressed size: 272 bytes original pixels: 12544 uint16_t → ~25088 bytes uncompressed)

// WRAITH / Wraith Auraflow V0.3 000 S4008473326 Th0.100 24 [Folder: WRAITH] - RLE compressed data (offset: 61299, size: 230)
0xff, 0x9f, 0xbf, 0x23, 0x11, 0xaf, 0xbf, 0x1b, 0x16, 0x15, 0xaf, 0xaf, 0x16, 0x1c, 0x2b, 0x16, 0x11, 0x8f, 0x8f, 0x14, 0x18, 0x2e, 0x1a, 0x17, 0x1a, 0x14, 0x13, 0x7f, 0x7f, 0x15, 0x26, 0x18, 0x1c, 0x1e, 0x1c, 0x16, 0x15, 0x19, 0x10, 0x6f, 0x7f, 0x14, 0x2b, 0x1a, 0x18, 0x1b, 0x1e, 0x1c, 0x1a, 0x1c, 0x16, 0x17, 0x5f, 0x7f, 0x15, 0x1a, 0x2d, 0x2e, 0x4d, 0x14, 0x15, 0x5f, 0x7f, 0x19, 0x18, 0x1d, 0x2e, 0x1c, 0x1e, 0x1b, 0x2c, 0x16, 0x14, 0x12, 0x4f, 0x7f, 0x1b, 0x1a, 0x1b, 0x1e, 0x1d, 0x1e, 0x3c, 0x1d, 0x16, 0x1f, 0x11, 0x4f, 0x7f, 0x16, 0x2d, 0x1e, 0x2d, 0x1b, 0x1c, 0x17, 0x2c, 0x2f, 0x13, 0x3f, 0x7f, 0x1a, 0x1d, 0x1b, 0x1c, 0x2e, 0x1b, 0x19, 0x14, 0x15, 0x19, 0x6f,
0x6f, 0x16, 0x2c, 0x1b, 0x1a, 0x1d, 0x1b, 0x17, 0x18, 0x24, 0x18, 0x15, 0x5f, 0x6f, 0x19, 0x1c, 0x12, 0x17, 0x2b, 0x17, 0x19, 0x25, 0x11, 0x14, 0x1b, 0x5f, 0x6f, 0x19, 0x18, 0x13, 0x28, 0x17, 0x25, 0x11, 0x13, 0x12, 0x10, 0x19, 0x5f, 0x4f, 0x14, 0x1f, 0x18, 0x10, 0x12, 0x18, 0x26, 0x13, 0x11, 0x22, 0x11, 0x1f, 0x26, 0x4f, 0x5f, 0x10, 0x17, 0x1f, 0x14, 0x27, 0x15, 0x11, 0x20, 0x12, 0x1f, 0x14, 0x1f, 0x19, 0x11, 0x3f, 0x5f, 0x1b, 0x2f, 0x14, 0x15, 0x13, 0x12, 0x10, 0x2f, 0x10, 0x3f, 0x19, 0x1a, 0x3f, 0x5f, 0x17, 0x1f, 0x11, 0x1f, 0x32, 0x7f, 0x10, 0x4f, 0x4f, 0x12, 0x17, 0x3f, 0x13, 0x12, 0x4f, 0x10, 0x8f, 0x4f, 0x15, 0x3f, 0x31, 0xdf, 0x4f, 0x18, 0x3f, 0x11, 0x10,
0xef, 0x8f, 0x10, 0xff, 0xff, 0x9f,
// Compressed size: 230 bytes original pixels: 12544 uint16_t → ~25088 bytes uncompressed)

// WYRM / Wyrm Auraflow V0.3 000 S3992249003 Th0.100 24 [Folder: WYRM] - RLE compressed data (offset: 61529, size: 261)
0xfe, 0x9e, 0xfe, 0x9e, 0xfe, 0x9e, 0xce, 0x12, 0x1c, 0x10, 0x19, 0x15, 0x13, 0x6e, 0xbe, 0x23, 0x10, 0x23, 0x16, 0x1b, 0x13, 0x5e, 0x9e, 0x21, 0x20, 0x19, 0x36, 0x1b, 0x13, 0x1b, 0x4e, 0x6e, 0x20, 0x11, 0x10, 0x15, 0x13, 0x1c, 0x19, 0x13, 0x18, 0x1a, 0x15, 0x1b, 0x21, 0x3e, 0x4e, 0x16, 0x10, 0x26, 0x1a, 0x18, 0x13, 0x15, 0x1d, 0x3e, 0x1a, 0x18, 0x15, 0x19, 0x1b, 0x3e, 0x4e, 0x24, 0x11, 0x13, 0x15, 0x13, 0x16, 0x12, 0x15, 0x4e, 0x1d, 0x15, 0x16, 0x1d, 0x1b, 0x2e, 0x7e, 0x1c, 0x12, 0x11, 0x13, 0x16, 0x6e, 0x1b, 0x1c, 0x16, 0x15, 0x2e, 0x7e, 0x21, 0x1a, 0x14, 0x3e, 0x1d, 0x28, 0x1a, 0x15, 0x1a, 0x13, 0x16, 0x1b, 0x1e, 0x6e, 0x14, 0x12, 0x15, 0x3e, 0x1d, 0x18, 0x2a,
0x2c, 0x19, 0x18, 0x13, 0x2b, 0x1e, 0x4e, 0x1b, 0x1d, 0x12, 0x14, 0x2e, 0x1f, 0x2d, 0x1f, 0x1a, 0x1d, 0x1f, 0x16, 0x17, 0x13, 0x29, 0x1c, 0x1e, 0x3e, 0x31, 0x12, 0x2e, 0x1a, 0x1f, 0x1d, 0x1c, 0x1f, 0x2c, 0x1d, 0x33, 0x16, 0x19, 0x1c, 0x1e, 0x2e, 0x11, 0x17, 0x1e, 0x19, 0x2b, 0x19, 0x1c, 0x1d, 0x1f, 0x1d, 0x1c, 0x26, 0x15, 0x17, 0x1a, 0x15, 0x19, 0x1d, 0x2e, 0x1e, 0x12, 0x14, 0x18, 0x1e, 0x1c, 0x16, 0x19, 0x1d, 0x19, 0x16, 0x13, 0x15, 0x16, 0x35, 0x1a, 0x18, 0x19, 0x1f, 0x3e, 0x1e, 0x1a, 0x35, 0x1c, 0x17, 0x35, 0x26, 0x14, 0x18, 0x1a, 0x27, 0x12, 0x18, 0x1d, 0x4e, 0x1e, 0x19, 0x14, 0x13, 0x18, 0x15, 0x18, 0x14, 0x15, 0x28, 0x1a, 0x1c, 0x17, 0x16, 0x15, 0x18, 0x1c,
0x1a, 0x5e, 0x3e, 0x32, 0x1e, 0x12, 0x14, 0x17, 0x14, 0x18, 0x11, 0x1a, 0x17, 0x18, 0x1f, 0x7e, 0x8e, 0x11, 0x10, 0x11, 0x10, 0x22, 0xae, 0x7e, 0x11, 0x1e, 0x11, 0x1e, 0x10, 0xce, 0xbe, 0x14, 0xce, 0xfe, 0x9e, 0xfe, 0x9e,
// Compressed size: 261 bytes original pixels: 12544 uint16_t → ~25088 bytes uncompressed)

// WYVERN / Wyvern Auraflow V0.3 000 S167688758 Th0.100 24 [Folder: WYVERN] - RLE compressed data (offset: 61790, size: 297)
0xfe, 0x9e, 0x7e, 0x13, 0xfe, 0x1e, 0x6e, 0x18, 0x1f, 0x8e, 0x1d, 0x7e, 0x5e, 0x11, 0x1d, 0x9e, 0x2b, 0x16, 0x5e, 0x4e, 0x11, 0x1d, 0x1a, 0x2e, 0x23, 0x20, 0x3e, 0x19, 0x1d, 0x1a, 0x15, 0x4e, 0x3e, 0x11, 0x1d, 0x1c, 0x1a, 0x3e, 0x2c, 0x17, 0x16, 0x2e, 0x15, 0x27, 0x1b, 0x18, 0x3e, 0x2e, 0x12, 0x14, 0x1d, 0x29, 0x10, 0x2e, 0x1c, 0x1b, 0x17, 0x3e, 0x1f, 0x17, 0x1a, 0x1b, 0x15, 0x11, 0x2e, 0x2e, 0x11, 0x13, 0x19, 0x1a, 0x23, 0x1e, 0x15, 0x2b, 0x3e, 0x11, 0x17, 0x2a, 0x19, 0x1b, 0x18, 0x2e, 0x1e, 0x10, 0x14, 0x39, 0x1b, 0x23, 0x11, 0x27, 0x33, 0x17, 0x1c, 0x13, 0x16, 0x12, 0x19, 0x22, 0x1e, 0x1e, 0x10, 0x1d, 0x18, 0x19, 0x13, 0x2d, 0x3b, 0x17, 0x1d, 0x1b, 0x3d, 0x1f,
0x1a, 0x19, 0x14, 0x16, 0x2e, 0x1e, 0x12, 0x13, 0x15, 0x14, 0x12, 0x11, 0x10, 0x1a, 0x1d, 0x16, 0x1a, 0x1c, 0x1d, 0x16, 0x14, 0x11, 0x12, 0x11, 0x14, 0x15, 0x14, 0x2e, 0x1e, 0x1f, 0x12, 0x14, 0x22, 0x11, 0x14, 0x16, 0x1a, 0x1f, 0x1a, 0x1c, 0x16, 0x1d, 0x14, 0x11, 0x10, 0x12, 0x15, 0x19, 0x12, 0x14, 0x1e, 0x1e, 0x15, 0x1e, 0x14, 0x3e, 0x18, 0x15, 0x11, 0x1d, 0x1b, 0x1d, 0x11, 0x18, 0x16, 0x12, 0x3e, 0x18, 0x1e, 0x1c, 0x1e, 0x1e, 0x12, 0x1e, 0x18, 0x3e, 0x1f, 0x18, 0x11, 0x1b, 0x1a, 0x1d, 0x2e, 0x11, 0x4e, 0x13, 0x1e, 0x1f, 0x1e, 0x1e, 0x14, 0x1e, 0x1a, 0x4e, 0x19, 0x11, 0x17, 0x1a, 0x17, 0x2e, 0x1c, 0x2e, 0x18, 0x1e, 0x11, 0x1e, 0x11, 0x1e, 0x1e, 0x18, 0x13, 0x5e,
0x14, 0x13, 0x1c, 0x1a, 0x13, 0x15, 0x3e, 0x10, 0x4e, 0x1a, 0x1e, 0x8e, 0x17, 0x13, 0x1b, 0x2a, 0x19, 0x3e, 0x10, 0x6e, 0x2e, 0x18, 0x5e, 0x2a, 0x1b, 0x1c, 0x26, 0x2e, 0x19, 0x18, 0x10, 0x5e, 0xae, 0x1b, 0x17, 0x1c, 0x1a, 0x1e, 0x12, 0x3e, 0x15, 0x4e, 0x3e, 0x14, 0x4e, 0x1f, 0x1e, 0x2b, 0x14, 0x10, 0x4e, 0x10, 0x15, 0x19, 0x3e, 0x7e, 0x13, 0x19, 0x2e, 0x1b, 0x1a, 0x15, 0x31, 0x19, 0x1a, 0x5e, 0xde, 0x37, 0x8e, 0xfe, 0x9e, 0xfe, 0x9e,
// Compressed size: 297 bytes original pixels: 12544 uint16_t → ~25088 bytes uncompressed)

// XANA / Xana Auraflow V0.3 000 S3655383995 Th0.100 24 [Folder: XANA] - RLE compressed data (offset: 62087, size: 265)
0xfe, 0x9e, 0xde, 0x1b, 0xae, 0xbe, 0x1b, 0x19, 0x1b, 0x1f, 0x9e, 0xee, 0x15, 0x1f, 0x1d, 0x7e, 0xee, 0x14, 0x1f, 0x1b, 0x7e, 0x4e, 0x12, 0x7e, 0x19, 0x3d, 0x8e, 0x5e, 0x12, 0x1e, 0x15, 0x1e, 0x4b, 0x1e, 0x2d, 0x8e, 0x3e, 0x12, 0x2e, 0x10, 0x13, 0x12, 0x15, 0x4e, 0x1f, 0x17, 0x1b, 0x7e, 0x4e, 0x18, 0x15, 0x12, 0x18, 0x1c, 0x18, 0x14, 0x11, 0x12, 0x19, 0x1f, 0x1e, 0x1b, 0x1d, 0x6e, 0x4e, 0x14, 0x16, 0x1c, 0x1a, 0x14, 0x1c, 0x15, 0x1f, 0x1c, 0x2d, 0x3e, 0x1b, 0x5e, 0x3e, 0x14, 0x1c, 0x1a, 0x14, 0x19, 0x1c, 0x1d, 0x1f, 0x1b, 0x1d, 0x2f, 0x9e, 0x2e, 0x15, 0x1a, 0x16, 0x23, 0x14, 0x1a, 0x19, 0x1c, 0x1f, 0x29, 0x1c, 0x16, 0x8e, 0x1e, 0x11, 0x10, 0x1d, 0x14, 0x12, 0x1e,
0x12, 0x11, 0x12, 0x2b, 0x1f, 0x1b, 0x13, 0x18, 0x1a, 0x15, 0x6e, 0x2e, 0x16, 0x1b, 0x14, 0x11, 0x10, 0x17, 0x14, 0x12, 0x4c, 0x1b, 0x1a, 0x1c, 0x16, 0x15, 0x5e, 0x2e, 0x13, 0x1c, 0x11, 0x13, 0x30, 0x24, 0x18, 0x1a, 0x1d, 0x1c, 0x19, 0x1d, 0x1a, 0x15, 0x5e, 0x3e, 0x12, 0x14, 0x16, 0x50, 0x1d, 0x1f, 0x19, 0x2b, 0x11, 0x12, 0x6e, 0x3e, 0x19, 0x16, 0x13, 0x16, 0x12, 0x10, 0x12, 0x1d, 0x17, 0x13, 0x12, 0x11, 0x14, 0x8e, 0x3e, 0x1a, 0x18, 0x14, 0x16, 0x28, 0x1a, 0x2c, 0x11, 0x10, 0xae, 0x4e, 0x17, 0x11, 0x38, 0x1a, 0x26, 0x11, 0x12, 0xae, 0x6e, 0x12, 0x16, 0x1a, 0x18, 0x16, 0x23, 0x18, 0xae, 0x4e, 0x14, 0x1e, 0x12, 0x14, 0x18, 0x17, 0x16, 0x11, 0x10, 0x17, 0xae, 0x3e,
0x10, 0x11, 0x15, 0x18, 0x15, 0x1a, 0x16, 0x14, 0x13, 0x16, 0x18, 0x16, 0x14, 0x16, 0x13, 0x18, 0x5e, 0x4e, 0x13, 0x11, 0x28, 0x16, 0x11, 0x20, 0x11, 0x20, 0x11, 0x13, 0x12, 0x17, 0x16, 0x4e, 0x6e, 0x12, 0x21, 0x15, 0x1c, 0x12, 0x3e, 0x16, 0x8e,
// Compressed size: 265 bytes original pixels: 12544 uint16_t → ~25088 bytes uncompressed)

// XANTHUS / Xanthus Auraflow V0.3 000 S538708199 Th0.100 24 [Folder: XANTHUS] - RLE compressed data (offset: 62352, size: 235)
0xfe, 0x9e, 0xfe, 0x9e, 0x9e, 0x1a, 0x14, 0x15, 0x16, 0xbe, 0x7e, 0x17, 0x15, 0x13, 0x16, 0x24, 0xbe, 0x7e, 0x1b, 0x19, 0x1b, 0x27, 0x13, 0x16, 0xae, 0x6e, 0x16, 0x12, 0x2d, 0x1b, 0x1d, 0x20, 0x1b, 0x9e, 0x5e, 0x10, 0x1a, 0x1d, 0x19, 0x1b, 0x1a, 0x16, 0x15, 0x1e, 0x11, 0x17, 0x8e, 0x4e, 0x1a, 0x18, 0x12, 0x1a, 0x2e, 0x13, 0x12, 0x19, 0x3e, 0x1c, 0x7e, 0x4e, 0x14, 0x18, 0x11, 0x17, 0x2e, 0x12, 0x16, 0x18, 0x11, 0x2e, 0x19, 0x7e, 0x5e, 0x10, 0x2e, 0x14, 0x11, 0x16, 0x1a, 0x14, 0x16, 0x19, 0x10, 0x8e, 0x7e, 0x27, 0x15, 0x16, 0x3b, 0x10, 0x4e, 0x14, 0x15, 0x3e, 0x7e, 0x14, 0x17, 0x16, 0x1d, 0x15, 0x2b, 0x1a, 0x17, 0x2e, 0x1a, 0x23, 0x3e, 0x7e, 0x1a, 0x17, 0x1d, 0x15,
0x1c, 0x17, 0x1b, 0x1c, 0x1d, 0x12, 0x10, 0x16, 0x5e, 0x6e, 0x14, 0x19, 0x1d, 0x1a, 0x2d, 0x14, 0x17, 0x3d, 0x17, 0x6e, 0x6e, 0x14, 0x39, 0x2a, 0x1d, 0x17, 0x1a, 0x1d, 0x2c, 0x19, 0x5e, 0x5e, 0x18, 0x12, 0x13, 0x10, 0x17, 0x1d, 0x11, 0x19, 0x15, 0x1d, 0x19, 0x1c, 0x1b, 0x29, 0x10, 0x3e, 0x3e, 0x1a, 0x15, 0x3e, 0x12, 0x18, 0x12, 0x18, 0x1a, 0x16, 0x1f, 0x23, 0x1b, 0x11, 0x12, 0x11, 0x3e, 0x3e, 0x1a, 0x4e, 0x1a, 0x1e, 0x13, 0x16, 0x21, 0x17, 0x1e, 0x14, 0x15, 0x1e, 0x11, 0x4e, 0x3e, 0x13, 0x10, 0x2e, 0x12, 0x2e, 0x15, 0x13, 0x2e, 0x17, 0x2e, 0x12, 0x6e, 0x2e, 0x11, 0x13, 0x3e, 0x13, 0x2e, 0x1a, 0x3e, 0x15, 0x2e, 0x12, 0x6e, 0x7e, 0x18, 0x2e, 0x18, 0x19, 0x1e, 0x19,
0x2e, 0x19, 0x7e, 0x6e, 0x12, 0xfe, 0x2e, 0xfe, 0x9e, 0xfe, 0x9e,
// Compressed size: 235 bytes original pixels: 12544 uint16_t → ~25088 bytes uncompressed)

// XORN / Xorn Auraflow V0.3 000 S119882935 Th0.100 24 [Folder: XORN] - RLE compressed data (offset: 62587, size: 322)
0xfe, 0x9e, 0xfe, 0x9e, 0x9e, 0x14, 0x3e, 0x13, 0xae, 0x7e, 0x14, 0x3e, 0x10, 0x1b, 0x1a, 0x15, 0x14, 0x8e, 0x3e, 0x24, 0x15, 0x18, 0x13, 0x24, 0x18, 0x14, 0x15, 0x17, 0x14, 0x18, 0x14, 0x1e, 0x18, 0x14, 0x4e, 0x1e, 0x10, 0x1e, 0x19, 0x16, 0x48, 0x17, 0x18, 0x12, 0x14, 0x17, 0x1d, 0x3a, 0x3e, 0x11, 0x2e, 0x1e, 0x11, 0x18, 0x14, 0x17, 0x20, 0x13, 0x1c, 0x1d, 0x15, 0x10, 0x14, 0x1a, 0x2c, 0x1d, 0x18, 0x17, 0x5e, 0x1e, 0x18, 0x11, 0x30, 0x11, 0x15, 0x1a, 0x1f, 0x18, 0x14, 0x18, 0x1a, 0x19, 0x2d, 0x1c, 0x17, 0x1e, 0x14, 0x3e, 0x12, 0x14, 0x1a, 0x30, 0x17, 0x1a, 0x1b, 0x15, 0x2d, 0x1a, 0x3d, 0x1a, 0x2b, 0x17, 0x4e, 0x18, 0x10, 0x18, 0x21, 0x1e, 0x24, 0x10, 0x15, 0x18,
0x1c, 0x19, 0x5d, 0x18, 0x1c, 0x4e, 0x15, 0x1a, 0x21, 0x1e, 0x28, 0x11, 0x12, 0x1a, 0x16, 0x19, 0x1d, 0x2a, 0x1c, 0x4d, 0x16, 0x3e, 0x15, 0x1e, 0x19, 0x11, 0x22, 0x15, 0x11, 0x12, 0x1c, 0x1d, 0x19, 0x1d, 0x1b, 0x19, 0x2c, 0x18, 0x1a, 0x1c, 0x1b, 0x3e, 0x1e, 0x31, 0x12, 0x16, 0x22, 0x17, 0x1c, 0x1d, 0x1c, 0x4d, 0x18, 0x16, 0x1e, 0x1c, 0x1d, 0x1b, 0x2e, 0x1e, 0x31, 0x1e, 0x16, 0x12, 0x17, 0x1b, 0x1a, 0x1c, 0x2d, 0x1c, 0x1d, 0x1c, 0x1f, 0x18, 0x14, 0x1e, 0x16, 0x2b, 0x1e, 0x3e, 0x22, 0x14, 0x12, 0x1a, 0x1b, 0x1d, 0x2c, 0x1a, 0x1b, 0x1a, 0x2b, 0x16, 0x2e, 0x18, 0x1d, 0x17, 0x1e, 0x3e, 0x12, 0x15, 0x10, 0x3a, 0x18, 0x1a, 0x1e, 0x13, 0x12, 0x18, 0x1a, 0x29, 0x2e, 0x16,
0x1b, 0x18, 0x1e, 0x3e, 0x16, 0x1e, 0x18, 0x1a, 0x18, 0x1e, 0x12, 0x18, 0x14, 0x3e, 0x15, 0x1d, 0x1a, 0x2e, 0x14, 0x18, 0x2e, 0x2e, 0x25, 0x2e, 0x16, 0x14, 0x2e, 0x27, 0x3e, 0x18, 0x1a, 0x18, 0x2e, 0x19, 0x12, 0x2e, 0x2e, 0x25, 0x2e, 0x15, 0x4e, 0x15, 0x2e, 0x25, 0x28, 0x1e, 0x18, 0x19, 0x3e, 0x2e, 0x15, 0x3e, 0x16, 0x4e, 0x15, 0x12, 0x3e, 0x1a, 0x12, 0x14, 0x18, 0x19, 0x12, 0x2e, 0x4e, 0x1a, 0x16, 0x19, 0x2e, 0x15, 0x13, 0x15, 0x23, 0x2e, 0x19, 0x13, 0x2e, 0x19, 0x10, 0x15, 0x1e, 0x4e, 0x13, 0x1e, 0x10, 0x8e, 0x16, 0x19, 0x15, 0x1e, 0x15, 0x1e, 0x19, 0x2e, 0xfe, 0x9e, 0xfe, 0x9e,
// Compressed size: 322 bytes original pixels: 12544 uint16_t → ~25088 bytes uncompressed)

// YALE / Yale Auraflow V0.3 000 S712941508 Th0.100 24 [Folder: YALE] - RLE compressed data (offset: 62909, size: 268)
0xfe, 0x9e, 0xfe, 0x9e, 0xfe, 0x9e, 0xce, 0x10, 0x12, 0x10, 0x11, 0x13, 0x15, 0x6e, 0xae, 0x10, 0x11, 0x16, 0x15, 0x10, 0x11, 0x30, 0x1e, 0x14, 0x3e, 0x7e, 0x11, 0x20, 0x11, 0x22, 0x13, 0x14, 0x21, 0x22, 0x1e, 0x11, 0x3e, 0x6e, 0x11, 0x13, 0x21, 0x22, 0x14, 0x16, 0x15, 0x14, 0x10, 0x15, 0x14, 0x10, 0x14, 0x3e, 0x5e, 0x13, 0x15, 0x24, 0x13, 0x16, 0x13, 0x14, 0x15, 0x16, 0x17, 0x18, 0x2a, 0x22, 0x3e, 0x5e, 0x14, 0x16, 0x14, 0x16, 0x14, 0x18, 0x19, 0x15, 0x19, 0x14, 0x1b, 0x16, 0x17, 0x14, 0x15, 0x14, 0x3e, 0x4e, 0x13, 0x16, 0x14, 0x16, 0x1a, 0x19, 0x18, 0x29, 0x28, 0x2a, 0x19, 0x17, 0x12, 0x13, 0x3e, 0x4e, 0x12, 0x14, 0x18, 0x1c, 0x1a, 0x18, 0x19, 0x2a, 0x1b, 0x1d,
0x1a, 0x12, 0x1b, 0x15, 0x21, 0x3e, 0x4e, 0x1a, 0x27, 0x1a, 0x1b, 0x3a, 0x19, 0x1d, 0x1c, 0x1d, 0x17, 0x18, 0x15, 0x17, 0x14, 0x3e, 0x3e, 0x18, 0x16, 0x2a, 0x1d, 0x1c, 0x5b, 0x2d, 0x19, 0x1a, 0x19, 0x17, 0x12, 0x3e, 0x5e, 0x2a, 0x2c, 0x1a, 0x2b, 0x18, 0x1c, 0x1d, 0x1c, 0x1f, 0x19, 0x14, 0x15, 0x4e, 0x4e, 0x1d, 0x1b, 0x1d, 0x1b, 0x1e, 0x16, 0x1b, 0x18, 0x19, 0x1b, 0x2d, 0x1a, 0x19, 0x14, 0x5e, 0x4e, 0x10, 0x13, 0x1a, 0x3e, 0x1b, 0x1a, 0x17, 0x14, 0x2a, 0x1d, 0x1c, 0x12, 0x5e, 0x4e, 0x13, 0x1a, 0x1e, 0x12, 0x2e, 0x2a, 0x17, 0x12, 0x1e, 0x12, 0x1a, 0x1b, 0x1a, 0x5e, 0x5e, 0x18, 0x3e, 0x29, 0x1a, 0x1b, 0x12, 0x3e, 0x14, 0x16, 0x5e, 0x5e, 0x19, 0x3e, 0x1a, 0x1e, 0x12,
0x25, 0x4e, 0x19, 0x5e, 0x5e, 0x18, 0x3e, 0x14, 0x3e, 0x17, 0x3e, 0x19, 0x6e, 0x5e, 0x19, 0x3e, 0x12, 0x11, 0x3e, 0x16, 0x19, 0x14, 0x1b, 0x6e, 0x5e, 0x19, 0x1a, 0x2e, 0x1d, 0x18, 0x16, 0x1e, 0x1f, 0x12, 0x2e, 0x16, 0x17, 0x5e, 0xee, 0x19, 0x15, 0x8e, 0xfe, 0x9e,
// Compressed size: 268 bytes original pixels: 12544 uint16_t → ~25088 bytes uncompressed)

// YETH / Yeth Auraflow V0.3 000 S2800266604 Th0.100 24 [Folder: YETH] - RLE compressed data (offset: 63177, size: 258)
0xfe, 0x9e, 0xfe, 0x9e, 0x7e, 0x13, 0x10, 0x9e, 0x10, 0x5e, 0x9e, 0x1c, 0x7e, 0x17, 0x11, 0x5e, 0x8e, 0x16, 0x1a, 0x11, 0x3e, 0x1b, 0x2e, 0x12, 0x13, 0x2d, 0x3e, 0x7e, 0x13, 0x1c, 0x2d, 0x2e, 0x10, 0x1e, 0x2d, 0x1c, 0x11, 0x1d, 0x1f, 0x3e, 0x6e, 0x17, 0x4a, 0x1f, 0x12, 0x1b, 0x1a, 0x1c, 0x1d, 0x1e, 0x1a, 0x1f, 0x1c, 0x1d, 0x2e, 0x5e, 0x1d, 0x1c, 0x14, 0x18, 0x19, 0x18, 0x1a, 0x2f, 0x4d, 0x1a, 0x1d, 0x1f, 0x1c, 0x2e, 0x4e, 0x16, 0x1b, 0x29, 0x28, 0x19, 0x14, 0x1e, 0x1c, 0x2d, 0x1a, 0x17, 0x14, 0x39, 0x2e, 0x3e, 0x13, 0x1b, 0x19, 0x28, 0x10, 0x28, 0x2e, 0x12, 0x2d, 0x13, 0x1a, 0x18, 0x19, 0x1a, 0x15, 0x2e, 0x2e, 0x16, 0x13, 0x17, 0x24, 0x5e, 0x11, 0x22, 0x16, 0x1e,
0x1c, 0x19, 0x18, 0x19, 0x1c, 0x2e, 0x2e, 0x13, 0x17, 0x1b, 0x14, 0x5e, 0x13, 0x1b, 0x1c, 0x3e, 0x10, 0x11, 0x14, 0x19, 0x1a, 0x10, 0x1e, 0x1e, 0x10, 0x13, 0x16, 0x14, 0x3e, 0x1c, 0x13, 0x1d, 0x1c, 0x17, 0x4e, 0x16, 0x28, 0x19, 0x1a, 0x12, 0x1e, 0x2e, 0x1c, 0x1b, 0x19, 0x3e, 0x1c, 0x1e, 0x1c, 0x16, 0x1b, 0x10, 0x3e, 0x12, 0x1e, 0x1a, 0x18, 0x1a, 0x13, 0x1e, 0x1e, 0x16, 0x13, 0x15, 0x2e, 0x10, 0x13, 0x1e, 0x17, 0x2c, 0x1b, 0x17, 0x3e, 0x10, 0x1e, 0x10, 0x14, 0x15, 0x13, 0x1e, 0x2e, 0x16, 0x13, 0x5e, 0x11, 0x2e, 0x10, 0x8e, 0x15, 0x12, 0x1e, 0x2e, 0x16, 0x5e, 0x16, 0x2e, 0x23, 0x8e, 0x22, 0x1e, 0x2e, 0x16, 0x4e, 0x13, 0x16, 0x2e, 0x10, 0x9e, 0x15, 0x10, 0x1e, 0x2e,
0x17, 0x3e, 0x16, 0x4e, 0x13, 0x9e, 0x11, 0x12, 0x1e, 0x1e, 0x1b, 0x8e, 0x21, 0xce, 0x5e, 0x13, 0x3e, 0x11, 0xae, 0x13, 0x3e, 0x5e, 0x2b, 0x2e, 0x11, 0x9e, 0x12, 0x4e, 0x3e, 0x17, 0xfe, 0x5e, 0xfe, 0x9e,
// Compressed size: 258 bytes original pixels: 12544 uint16_t → ~25088 bytes uncompressed)

// YETI / Yeti Auraflow V0.3 000 S1784889893 Th0.100 24 [Folder: YETI] - RLE compressed data (offset: 63435, size: 253)
0xff, 0x9f, 0x9f, 0x12, 0x11, 0x13, 0xcf, 0x8f, 0x40, 0xcf, 0x6f, 0x12, 0x10, 0x13, 0x10, 0x14, 0x11, 0x10, 0x11, 0x13, 0x9f, 0x5f, 0x12, 0x10, 0x22, 0x1e, 0x27, 0x13, 0x11, 0x10, 0x9f, 0x5f, 0x10, 0x13, 0x12, 0x16, 0x18, 0x1e, 0x27, 0x14, 0x11, 0x10, 0x8f, 0x5f, 0x14, 0x1a, 0x25, 0x2d, 0x16, 0x1e, 0x17, 0x15, 0x13, 0x10, 0x7f, 0x4f, 0x13, 0x14, 0x1a, 0x1b, 0x17, 0x2b, 0x1e, 0x1d, 0x1e, 0x19, 0x17, 0x10, 0x7f, 0x4f, 0x13, 0x18, 0x1a, 0x1c, 0x16, 0x18, 0x1b, 0x2e, 0x1d, 0x1e, 0x1d, 0x12, 0x7f, 0x3f, 0x10, 0x12, 0x16, 0x18, 0x1c, 0x1b, 0x5e, 0x1d, 0x1c, 0x19, 0x11, 0x6f, 0x2f, 0x11, 0x12, 0x17, 0x18, 0x16, 0x19, 0x1c, 0x1d, 0x1e, 0x1b, 0x1e, 0x19, 0x1a, 0x1d, 0x1e,
0x13, 0x6f, 0x2f, 0x13, 0x12, 0x17, 0x1d, 0x13, 0x1f, 0x1e, 0x3d, 0x1e, 0x1b, 0x1f, 0x1c, 0x1d, 0x16, 0x11, 0x5f, 0x2f, 0x12, 0x15, 0x1b, 0x19, 0x1f, 0x16, 0x1c, 0x1d, 0x3e, 0x19, 0x12, 0x39, 0x14, 0x10, 0x4f, 0x2f, 0x12, 0x16, 0x18, 0x1c, 0x2f, 0x17, 0x3d, 0x1e, 0x1b, 0x14, 0x13, 0x19, 0x1c, 0x16, 0x12, 0x4f, 0x3f, 0x15, 0x1b, 0x1a, 0x2f, 0x16, 0x19, 0x1b, 0x1a, 0x1d, 0x1a, 0x18, 0x1f, 0x17, 0x1c, 0x1b, 0x14, 0x4f, 0x3f, 0x14, 0x1d, 0x14, 0x2f, 0x19, 0x1a, 0x17, 0x23, 0x1c, 0x1a, 0x12, 0x1f, 0x17, 0x1b, 0x14, 0x4f, 0x3f, 0x13, 0x1b, 0x3f, 0x17, 0x19, 0x17, 0x1f, 0x14, 0x1a, 0x19, 0x2f, 0x2b, 0x5f, 0x7f, 0x12, 0x15, 0x17, 0x14, 0x1f, 0x15, 0x18, 0x1a, 0x1f, 0x18,
0x1f, 0x1b, 0x5f, 0x7f, 0x11, 0x14, 0x16, 0x2f, 0x12, 0x16, 0x19, 0x1f, 0x10, 0x7f, 0xdf, 0x14, 0x17, 0x1a, 0x8f, 0xff, 0x1f, 0x16, 0x7f, 0xff, 0x9f, 0xff, 0x9f, 0xff, 0x9f,
// Compressed size: 253 bytes original pixels: 12544 uint16_t → ~25088 bytes uncompressed)

// ZARATAN / Zaratan Auraflow V0.3 000 S3664654493 Th0.100 24 [Folder: ZARATAN] - RLE compressed data (offset: 63688, size: 266)
0xff, 0x9f, 0xff, 0x9f, 0xff, 0x9f, 0xbf, 0x16, 0x13, 0x15, 0x13, 0x9f, 0x8f, 0x16, 0x41, 0x22, 0x13, 0x8f, 0x7f, 0x51, 0x19, 0x13, 0x12, 0x19, 0x17, 0x12, 0x19, 0x5f, 0x6f, 0x19, 0x12, 0x23, 0x15, 0x33, 0x15, 0x19, 0x13, 0x14, 0x1d, 0x14, 0x4f, 0x4f, 0x11, 0x12, 0x13, 0x12, 0x13, 0x17, 0x25, 0x17, 0x19, 0x1b, 0x1d, 0x1b, 0x19, 0x13, 0x1a, 0x16, 0x3f, 0x3f, 0x11, 0x12, 0x19, 0x15, 0x13, 0x14, 0x13, 0x1b, 0x1d, 0x19, 0x12, 0x1a, 0x1b, 0x1d, 0x19, 0x2b, 0x17, 0x3f, 0x2f, 0x11, 0x13, 0x1e, 0x19, 0x25, 0x18, 0x1a, 0x27, 0x1e, 0x22, 0x17, 0x13, 0x1b, 0x1d, 0x15, 0x2a, 0x2f, 0x1f, 0x14, 0x18, 0x14, 0x17, 0x1a, 0x1d, 0x16, 0x2a, 0x1b, 0x17, 0x19, 0x1a, 0x2e, 0x1b, 0x12,
0x3b, 0x14, 0x2f, 0x1f, 0x16, 0x1c, 0x16, 0x1e, 0x28, 0x1d, 0x1a, 0x18, 0x1d, 0x13, 0x1e, 0x1b, 0x1a, 0x1b, 0x2c, 0x17, 0x1b, 0x2a, 0x2f, 0x3f, 0x1a, 0x1b, 0x2d, 0x2e, 0x2d, 0x3e, 0x1c, 0x12, 0x26, 0x1d, 0x1e, 0x2a, 0x2f, 0x4f, 0x14, 0x1b, 0x2d, 0x3e, 0x2b, 0x1e, 0x19, 0x1b, 0x1d, 0x14, 0x1e, 0x1b, 0x18, 0x1c, 0x16, 0x1f, 0x3f, 0x12, 0x16, 0x2a, 0x3e, 0x1d, 0x2e, 0x1d, 0x11, 0x12, 0x17, 0x1a, 0x2e, 0x18, 0x1b, 0x1a, 0x1f, 0x3f, 0x11, 0x16, 0x18, 0x1d, 0x1f, 0x16, 0x1a, 0x1b, 0x3d, 0x17, 0x12, 0x2b, 0x1c, 0x1e, 0x1d, 0x1a, 0x18, 0x1f, 0x2f, 0x24, 0x18, 0x1b, 0x2f, 0x14, 0x36, 0x1f, 0x12, 0x19, 0x17, 0x1d, 0x1b, 0x1f, 0x2a, 0x1b, 0x18, 0x1f, 0x1f, 0x12, 0x14, 0x26,
0x14, 0x1f, 0x14, 0x26, 0x2f, 0x12, 0x27, 0x1b, 0x1a, 0x18, 0x2f, 0x16, 0x18, 0x24, 0x1f, 0x22, 0x16, 0x14, 0x6f, 0x12, 0x16, 0x12, 0x1a, 0x2d, 0x1a, 0x6f, 0xaf, 0x14, 0x16, 0x14, 0x12, 0x26, 0x24, 0x6f, 0xff, 0x9f, 0xff, 0x9f, 0xff, 0x9f, 0xff, 0x9f,
// Compressed size: 266 bytes original pixels: 12544 uint16_t → ~25088 bytes uncompressed)

// ZIBURINIS / Ziburinis Auraflow V0.3 000 S995487089 Th0.100 24 [Folder: ZIBURINIS] - RLE compressed data (offset: 63954, size: 201)
0xf0, 0x90, 0xf0, 0x90, 0xf0, 0x90, 0xf0, 0x90, 0xf0, 0x20, 0x12, 0x60, 0xb0, 0x12, 0x24, 0x22, 0x17, 0x1f, 0x11, 0x14, 0x12, 0x30, 0x90, 0x14, 0x17, 0x18, 0x1c, 0x18, 0x14, 0x2b, 0x1d, 0x13, 0x15, 0x40, 0x80, 0x22, 0x1e, 0x1f, 0x1e, 0x18, 0x1f, 0x12, 0x1c, 0x1a, 0x19, 0x13, 0x40, 0x70, 0x14, 0x17, 0x16, 0x1c, 0x1b, 0x12, 0x18, 0x1b, 0x1f, 0x1d, 0x13, 0x15, 0x13, 0x40, 0x50, 0x1d, 0x10, 0x18, 0x1f, 0x2d, 0x28, 0x1f, 0x1d, 0x2c, 0x14, 0x1b, 0x13, 0x40, 0x50, 0x1c, 0x14, 0x1f, 0x1d, 0x1c, 0x1f, 0x16, 0x14, 0x1c, 0x1b, 0x12, 0x19, 0x12, 0x10, 0x12, 0x14, 0x30, 0x40, 0x14, 0x10, 0x18, 0x19, 0x3d, 0x1c, 0x18, 0x1c, 0x25, 0x80, 0x40, 0x1f, 0x20, 0x1e, 0x1b, 0x10, 0x1f,
0x10, 0x16, 0x1c, 0x10, 0x1b, 0x80, 0x40, 0x18, 0x10, 0x17, 0x20, 0x1c, 0x1b, 0x10, 0x1f, 0x20, 0x1d, 0x80, 0x40, 0x1d, 0x2e, 0x10, 0x1b, 0x17, 0x1d, 0x10, 0x1d, 0x20, 0x17, 0x80, 0x40, 0x16, 0x14, 0x20, 0x1c, 0x1d, 0x1f, 0x20, 0x18, 0x10, 0x17, 0x80, 0x50, 0x1f, 0x40, 0x1d, 0x20, 0x18, 0x20, 0x11, 0x70, 0xb0, 0x17, 0x20, 0x1b, 0x10, 0x17, 0x70, 0x60, 0x14, 0x20, 0x11, 0x20, 0x14, 0x16, 0x10, 0x11, 0x10, 0x13, 0x60, 0xf0, 0x10, 0x19, 0x10, 0x16, 0x50, 0xf0, 0x10, 0x14, 0x1b, 0x10, 0x15, 0x40, 0xf0, 0x90, 0xf0, 0x90, 0xf0, 0x90,
// Compressed size: 201 bytes original pixels: 12544 uint16_t → ~25088 bytes uncompressed)

// ZIZ / Ziz Auraflow V0.3 000 S910600723 Th0.100 24 [Folder: ZIZ] - RLE compressed data (offset: 64155, size: 246)
0xff, 0x9f, 0x4f, 0x14, 0xff, 0x4f, 0x1f, 0x17, 0x2f, 0x14, 0xff, 0x4f, 0x1f, 0x16, 0x14, 0x1f, 0x1a, 0x14, 0xff, 0x1f, 0x12, 0x1f, 0x1a, 0x16, 0x1a, 0x12, 0x16, 0x17, 0xdf, 0x12, 0x1f, 0x13, 0x2f, 0x1f, 0x16, 0x27, 0x16, 0x1a, 0x13, 0xbf, 0x13, 0x17, 0x16, 0x3f, 0x1f, 0x14, 0x1c, 0x27, 0x1a, 0x16, 0x11, 0x7f, 0x11, 0x17, 0x16, 0x27, 0x11, 0x3f, 0x1f, 0x14, 0x29, 0x1d, 0x1e, 0x1b, 0x26, 0x21, 0x3f, 0x12, 0x1a, 0x13, 0x16, 0x17, 0x5f, 0x1f, 0x12, 0x14, 0x19, 0x27, 0x1c, 0x19, 0x16, 0x15, 0x32, 0x18, 0x16, 0x1a, 0x17, 0x1d, 0x11, 0x5f, 0x2f, 0x14, 0x16, 0x19, 0x1c, 0x3b, 0x1d, 0x2b, 0x1e, 0x1a, 0x17, 0x16, 0x18, 0x13, 0x6f, 0x1f, 0x13, 0x26, 0x19, 0x1c, 0x1e, 0x17,
0x19, 0x17, 0x2c, 0x19, 0x16, 0x19, 0x1b, 0x11, 0x7f, 0x3f, 0x18, 0x3d, 0x1b, 0x3e, 0x19, 0x2d, 0x19, 0x1a, 0x8f, 0x3f, 0x14, 0x17, 0x16, 0x18, 0x2e, 0x19, 0x1e, 0x1d, 0x2c, 0x17, 0x14, 0x8f, 0x4f, 0x33, 0x1a, 0x1e, 0x1d, 0x1b, 0x1e, 0x1d, 0x1e, 0x1d, 0x22, 0x1b, 0x6f, 0x5f, 0x12, 0x2f, 0x1a, 0x17, 0x1b, 0x2e, 0x1b, 0x1d, 0x1b, 0x15, 0x12, 0x1a, 0x14, 0x4f, 0x6f, 0x14, 0x16, 0x1e, 0x18, 0x1c, 0x1e, 0x16, 0x1d, 0x3e, 0x13, 0x19, 0x1c, 0x4f, 0x4f, 0x23, 0x27, 0x1c, 0x12, 0x14, 0x15, 0x14, 0x19, 0x1f, 0x2c, 0x1f, 0x1e, 0x1b, 0x4f, 0x4f, 0x12, 0x15, 0x16, 0x15, 0x6f, 0x1d, 0x14, 0x3f, 0x11, 0x4f, 0x1f, 0x22, 0x13, 0x15, 0x1f, 0x12, 0x5f, 0x16, 0x18, 0x1d, 0x19, 0x8f,
0x1f, 0x21, 0x32, 0x8f, 0x1d, 0x9f, 0x4f, 0x11, 0x7f, 0x1e, 0x1f, 0x18, 0x17, 0x8f, 0xff, 0x9f, 0xff, 0x1f, 0x1c, 0x7f, 0xff, 0x9f,
// Compressed size: 246 bytes original pixels: 12544 uint16_t → ~25088 bytes uncompressed)

// ZMEY / Zmey Auraflow V0.3 000 S57399729 Th0.100 24 [Folder: ZMEY] - RLE compressed data (offset: 64401, size: 352)
0xff, 0x1c, 0x8f, 0x4f, 0x14, 0x3f, 0x18, 0x1f, 0x11, 0x1b, 0x13, 0x10, 0x1f, 0x1b, 0x8f, 0x8f, 0x1a, 0x17, 0x10, 0x17, 0x16, 0x17, 0x10, 0x1c, 0x8f, 0x4f, 0x19, 0x3f, 0x1a, 0x1b, 0x15, 0x10, 0x11, 0x12, 0x1c, 0x1a, 0x8f, 0x3f, 0x14, 0x12, 0x10, 0x2f, 0x14, 0x18, 0x24, 0x1a, 0x1b, 0x1c, 0x14, 0x8f, 0x4f, 0x10, 0x3f, 0x1d, 0x1b, 0x1a, 0x12, 0x14, 0x12, 0x1b, 0x18, 0x8f, 0x3f, 0x1e, 0x18, 0x3f, 0x1d, 0x10, 0x17, 0x18, 0x1c, 0x10, 0x22, 0x8f, 0x3f, 0x1e, 0x19, 0x2f, 0x10, 0x1e, 0x11, 0x12, 0x15, 0x11, 0x20, 0x13, 0x10, 0x7f, 0x4f, 0x12, 0x2f, 0x2d, 0x1c, 0x17, 0x16, 0x21, 0x14, 0x1e, 0x18, 0x7f, 0x4f, 0x12, 0x17, 0x13, 0x18, 0x1e, 0x1d, 0x1b, 0x10, 0x13, 0x17, 0x29,
0x31, 0x10, 0x4f, 0x4f, 0x10, 0x1b, 0x1a, 0x1f, 0x1d, 0x18, 0x2c, 0x17, 0x1a, 0x2d, 0x14, 0x18, 0x10, 0x1a, 0x12, 0x3f, 0x4f, 0x12, 0x16, 0x1a, 0x1f, 0x2c, 0x19, 0x18, 0x10, 0x19, 0x1c, 0x17, 0x1c, 0x13, 0x1a, 0x14, 0x12, 0x3f, 0x4f, 0x14, 0x1c, 0x1a, 0x1f, 0x12, 0x18, 0x13, 0x1e, 0x11, 0x23, 0x18, 0x15, 0x2a, 0x1f, 0x19, 0x3f, 0x4f, 0x10, 0x1b, 0x2c, 0x20, 0x1b, 0x14, 0x11, 0x1b, 0x16, 0x10, 0x1a, 0x17, 0x2f, 0x18, 0x3f, 0x4f, 0x10, 0x12, 0x17, 0x18, 0x16, 0x17, 0x18, 0x14, 0x16, 0x1d, 0x1a, 0x11, 0x19, 0x1a, 0x14, 0x5f, 0x4f, 0x14, 0x1c, 0x17, 0x16, 0x15, 0x1c, 0x1e, 0x1d, 0x11, 0x1d, 0x16, 0x14, 0x1c, 0x16, 0x1b, 0x1a, 0x4f, 0x4f, 0x1d, 0x1a, 0x1e, 0x1c, 0x13,
0x1c, 0x1b, 0x17, 0x16, 0x17, 0x12, 0x18, 0x1d, 0x1e, 0x1a, 0x16, 0x4f, 0x4f, 0x19, 0x17, 0x1a, 0x18, 0x17, 0x1d, 0x1b, 0x17, 0x13, 0x1b, 0x14, 0x18, 0x2e, 0x13, 0x15, 0x16, 0x3f, 0x4f, 0x1d, 0x2e, 0x14, 0x13, 0x1e, 0x1b, 0x36, 0x19, 0x14, 0x1d, 0x4e, 0x3f, 0x4f, 0x15, 0x18, 0x1e, 0x17, 0x18, 0x1d, 0x36, 0x2d, 0x12, 0x2e, 0x1d, 0x17, 0x4f, 0x4f, 0x12, 0x1d, 0x1e, 0x14, 0x12, 0x1d, 0x1b, 0x16, 0x1b, 0x17, 0x1e, 0x12, 0x1a, 0x1e, 0x1b, 0x1d, 0x4f, 0x3f, 0x17, 0x1c, 0x15, 0x18, 0x1a, 0x1c, 0x1d, 0x17, 0x1b, 0x17, 0x16, 0x1e, 0x19, 0x1d, 0x1e, 0x13, 0x15, 0x4f, 0x3f, 0x14, 0x1c, 0x18, 0x1e, 0x13, 0x17, 0x1b, 0x1c, 0x15, 0x17, 0x2d, 0x12, 0x1c, 0x1e, 0x1d, 0x19, 0x15,
0x3f, 0x4f, 0x2e, 0x18, 0x14, 0x19, 0x18, 0x1a, 0x16, 0x1d, 0x2e, 0x24, 0x1e, 0x19, 0x1a, 0x4f,
// Compressed size: 352 bytes original pixels: 12544 uint16_t → ~25088 bytes uncompressed)

// ZOMBIE / Zombie Auraflow V0.3 000 S1567886369 Th0.100 24 [Folder: ZOMBIE] - RLE compressed data (offset: 64753, size: 266)
0x8e, 0x11, 0x15, 0xee, 0x8e, 0x15, 0x27, 0x3e, 0x20, 0x8e, 0x7e, 0x18, 0x15, 0x1e, 0x1b, 0x14, 0x2e, 0x11, 0x10, 0x11, 0x7e, 0x5e, 0x15, 0x23, 0x5e, 0x19, 0x1a, 0x14, 0x12, 0x7e, 0x4e, 0x19, 0x1c, 0x1d, 0x3e, 0x11, 0x18, 0x17, 0x1f, 0x12, 0x1d, 0x13, 0x10, 0x12, 0x5e, 0x4e, 0x19, 0x1c, 0x11, 0x3e, 0x14, 0x1b, 0x1d, 0x1a, 0x1f, 0x1d, 0x19, 0x21, 0x5e, 0x3e, 0x14, 0x1c, 0x19, 0x3e, 0x15, 0x1d, 0x1c, 0x1f, 0x1a, 0x1f, 0x2c, 0x1a, 0x14, 0x5e, 0x3e, 0x19, 0x1e, 0x17, 0x10, 0x2e, 0x16, 0x1c, 0x1f, 0x1d, 0x29, 0x1f, 0x1d, 0x29, 0x5e, 0x6e, 0x18, 0x2e, 0x1c, 0x1e, 0x2d, 0x1a, 0x2d, 0x1f, 0x15, 0x13, 0x15, 0x4e, 0x6e, 0x16, 0x1d, 0x19, 0x2e, 0x1b, 0x1c, 0x1a, 0x18, 0x1d,
0x16, 0x1b, 0x11, 0x19, 0x4e, 0x7e, 0x18, 0x19, 0x3e, 0x12, 0x19, 0x1a, 0x18, 0x16, 0x2e, 0x1c, 0x13, 0x3e, 0x7e, 0x1c, 0x14, 0x1e, 0x19, 0x1b, 0x3c, 0x19, 0x15, 0x2e, 0x12, 0x19, 0x10, 0x2e, 0x7e, 0x16, 0x2e, 0x17, 0x1c, 0x1d, 0x1b, 0x19, 0x17, 0x10, 0x2e, 0x1b, 0x17, 0x12, 0x2e, 0x9e, 0x16, 0x19, 0x16, 0x2b, 0x18, 0x15, 0x2e, 0x16, 0x12, 0x1c, 0x15, 0x2e, 0x9e, 0x13, 0x2b, 0x19, 0x1c, 0x19, 0x1d, 0x3e, 0x1f, 0x18, 0x3e, 0x9e, 0x14, 0x17, 0x1b, 0x1c, 0x1b, 0x29, 0x13, 0x1e, 0x15, 0x13, 0x4e, 0x8e, 0x24, 0x15, 0x17, 0x2b, 0x11, 0x17, 0x19, 0x11, 0x13, 0x5e, 0x7e, 0x14, 0x18, 0x2e, 0x15, 0x17, 0x19, 0x2e, 0x19, 0x12, 0x1a, 0x5e, 0x7e, 0x17, 0x1a, 0x2e, 0x16, 0x1e,
0x16, 0x2e, 0x11, 0x16, 0x18, 0x5e, 0x7e, 0x12, 0x3e, 0x15, 0x5e, 0x1b, 0x14, 0x5e, 0x7e, 0x14, 0x3e, 0x13, 0x5e, 0x22, 0x5e, 0x4e, 0x10, 0x16, 0x13, 0x9e, 0x18, 0x17, 0x6e, 0x3e, 0x11, 0x12, 0x15, 0x12, 0x15, 0x9e, 0x13, 0x15, 0x17, 0x4e, 0xfe, 0x9e,
// Compressed size: 266 bytes original pixels: 12544 uint16_t → ~25088 bytes uncompressed)

// Total data size: 65024 bytes
