// RLE data generated from ../assets_processed/trainers/deployable (recursive scan)
// Data is concatenated sequentially

// Adalheid / Adalheid Auraflow V0.3 010 S1070723317 Th0.100 24 [Folder: Adalheid] - RLE compressed data (offset: 0, size: 213)
0xc0, 0x1b, 0xb0, 0xb0, 0x15, 0x12, 0x1d, 0xa0, 0xa0, 0x24, 0x18, 0x14, 0x17, 0x90, 0xa0, 0x14, 0x19, 0x14, 0x12, 0x15, 0x90, 0x90, 0x1b, 0x12, 0x1a, 0x1d, 0x19, 0x17, 0x90, 0x90, 0x1a, 0x11, 0x12, 0x11, 0x15, 0x1e, 0x17, 0x80, 0x90, 0x14, 0x17, 0x1e, 0x11, 0x1e, 0x1a, 0x1b, 0x80, 0x90, 0x2a, 0x11, 0x1d, 0x11, 0x1a, 0x90, 0x90, 0x1c, 0x16, 0x12, 0x11, 0x28, 0x12, 0x80, 0x90, 0x15, 0x16, 0x11, 0x1a, 0x15, 0x16, 0x17, 0x80, 0x80, 0x11, 0x18, 0x17, 0x23, 0x1e, 0x16, 0x1b, 0x80, 0x80, 0x1e, 0x15, 0x1e, 0x11, 0x15, 0x14, 0x1c, 0x1b, 0x80, 0x80, 0x1c, 0x16, 0x2c, 0x15, 0x12, 0x1a, 0x15, 0x18, 0x70, 0x70, 0x1c, 0x12, 0x16, 0x17, 0x25, 0x17, 0x1c, 0x11, 0x80, 0x70, 0x14,
0x18, 0x1a, 0x1d, 0x11, 0x13, 0x14, 0x15, 0x16, 0x80, 0x70, 0x1c, 0x10, 0x19, 0x11, 0x12, 0x13, 0x14, 0x12, 0x1a, 0x80, 0x70, 0x18, 0x10, 0x19, 0x1b, 0x12, 0x13, 0x18, 0x1b, 0x13, 0x80, 0x70, 0x1d, 0x10, 0x13, 0x11, 0x12, 0x13, 0x19, 0x12, 0x16, 0x80, 0x60, 0x14, 0x20, 0x13, 0x22, 0x16, 0x19, 0x12, 0x13, 0x10, 0x1d, 0x60, 0x60, 0x1d, 0x20, 0x19, 0x11, 0x18, 0x16, 0x19, 0x18, 0x13, 0x1b, 0x70, 0x90, 0x13, 0x21, 0x23, 0x11, 0x19, 0x17, 0x70, 0x50, 0x1d, 0x30, 0x1c, 0x11, 0x17, 0x23, 0x12, 0x13, 0x1b, 0x70, 0x50, 0x1e, 0x30, 0x14, 0x19, 0x26, 0x14, 0x18, 0x13, 0x19, 0x17, 0x60, 0xd0, 0x12, 0x1f, 0x90,
// Compressed size: 213 bytes original pixels: 12544 uint16_t → ~25088 bytes uncompressed)

// Adaltrud / Adaltrud Auraflow V0.3 029 S1300131846 Th0.100 24 [Folder: Adaltrud] - RLE compressed data (offset: 213, size: 390)
0x20, 0x11, 0xf0, 0x60, 0x11, 0x16, 0x1a, 0x11, 0x1a, 0x90, 0x17, 0x11, 0x80, 0x16, 0x12, 0x2a, 0x11, 0x1a, 0x10, 0x14, 0x60, 0x14, 0x11, 0x13, 0x14, 0x1e, 0x50, 0x17, 0x15, 0x1d, 0x11, 0x1e, 0x2a, 0x16, 0x1e, 0x1a, 0x40, 0x14, 0x15, 0x11, 0x1b, 0x12, 0x1e, 0x40, 0x1f, 0x15, 0x1d, 0x16, 0x12, 0x11, 0x1a, 0x12, 0x1a, 0x1e, 0x11, 0x20, 0x12, 0x14, 0x1b, 0x16, 0x11, 0x1e, 0x12, 0x1c, 0x30, 0x15, 0x1f, 0x1d, 0x16, 0x1b, 0x14, 0x12, 0x13, 0x1a, 0x1e, 0x1a, 0x1e, 0x20, 0x13, 0x21, 0x12, 0x16, 0x13, 0x40, 0x1f, 0x25, 0x19, 0x15, 0x19, 0x15, 0x19, 0x1c, 0x13, 0x1a, 0x11, 0x1e, 0x1b, 0x16, 0x12, 0x21, 0x12, 0x11, 0x40, 0x1d, 0x35, 0x27, 0x1c, 0x13, 0x14, 0x1f, 0x18, 0x1c,
0x20, 0x1b, 0x13, 0x12, 0x16, 0x13, 0x1e, 0x40, 0x1f, 0x1d, 0x15, 0x1f, 0x1d, 0x19, 0x1c, 0x14, 0x23, 0x19, 0x1c, 0x1a, 0x10, 0x24, 0x1b, 0x11, 0x13, 0x1e, 0x1c, 0x30, 0x15, 0x18, 0x17, 0x18, 0x15, 0x19, 0x3c, 0x13, 0x18, 0x13, 0x16, 0x11, 0x12, 0x14, 0x13, 0x11, 0x13, 0x12, 0x1e, 0x30, 0x15, 0x2f, 0x19, 0x1f, 0x17, 0x19, 0x13, 0x12, 0x1b, 0x13, 0x30, 0x12, 0x17, 0x16, 0x21, 0x16, 0x1e, 0x30, 0x25, 0x1f, 0x18, 0x1f, 0x14, 0x16, 0x13, 0x12, 0x50, 0x1b, 0x1c, 0x13, 0x1b, 0x22, 0x1e, 0x30, 0x19, 0x28, 0x1f, 0x18, 0x16, 0x15, 0x16, 0x14, 0x40, 0x2c, 0x14, 0x17, 0x1b, 0x1e, 0x11, 0x1e, 0x12, 0x20, 0x19, 0x18, 0x17, 0x18, 0x1f, 0x22, 0x14, 0x13, 0x11, 0x30, 0x12, 0x17,
0x14, 0x17, 0x16, 0x11, 0x1a, 0x11, 0x18, 0x20, 0x25, 0x19, 0x1d, 0x17, 0x14, 0x10, 0x17, 0x14, 0x13, 0x1a, 0x10, 0x12, 0x13, 0x25, 0x2b, 0x11, 0x16, 0x22, 0x20, 0x17, 0x15, 0x28, 0x15, 0x11, 0x30, 0x19, 0x1b, 0x11, 0x13, 0x14, 0x28, 0x13, 0x16, 0x1a, 0x1d, 0x22, 0x20, 0x37, 0x13, 0x12, 0x50, 0x17, 0x18, 0x1c, 0x17, 0x1f, 0x19, 0x14, 0x18, 0x11, 0x19, 0x11, 0x30, 0x19, 0x15, 0x19, 0x1b, 0x1a, 0x60, 0x1c, 0x14, 0x11, 0x15, 0x14, 0x1d, 0x11, 0x12, 0x15, 0x1e, 0x11, 0x20, 0x15, 0x1b, 0x18, 0x1a, 0x80, 0x17, 0x16, 0x13, 0x1b, 0x19, 0x16, 0x1d, 0x14, 0x23, 0x20, 0x1c, 0x14, 0x17, 0x11, 0x80, 0x19, 0x17, 0x23, 0x16, 0x12, 0x24, 0x12, 0x30, 0x1c, 0x14, 0x17, 0x13, 0x80,
0x1c, 0x19, 0x14, 0x26, 0x1d, 0x15, 0x13, 0x16, 0x12, 0x20, 0x14, 0x20, 0x1b, 0x80, 0x17, 0x18, 0x19, 0x1b, 0x1d, 0x16, 0x1d, 0x16, 0x12, 0x30, 0x18, 0x20, 0x18, 0x80, 0x17, 0x28, 0x17, 0x16, 0x2d, 0x1b, 0x16, 0x11, 0x20, 0x1c, 0x10, 0x18, 0x15, 0x17, 0x70, 0x17, 0x18, 0x15, 0x1d, 0x14, 0x1d, 0x12, 0x1d, 0x14, 0x13, 0x20,
// Compressed size: 390 bytes original pixels: 12544 uint16_t → ~25088 bytes uncompressed)

// Adele / Adele Auraflow V0.3 029 S228189054 Th0.100 24 [Folder: Adele] - RLE compressed data (offset: 603, size: 212)
0xf0, 0x90, 0xa0, 0x1a, 0x25, 0xb0, 0x90, 0x15, 0x1b, 0x19, 0x11, 0xb0, 0x90, 0x15, 0x1a, 0x19, 0x18, 0xb0, 0x80, 0x15, 0x1a, 0x15, 0x19, 0x1a, 0x40, 0x15, 0x11, 0x50, 0x80, 0x17, 0x15, 0x29, 0x1c, 0x11, 0x20, 0x19, 0x70, 0x70, 0x17, 0x16, 0x1a, 0x1b, 0x19, 0x1a, 0x11, 0x10, 0x19, 0x80, 0x70, 0x14, 0x17, 0x11, 0x14, 0x13, 0x12, 0x13, 0x19, 0x16, 0x80, 0x70, 0x12, 0x1b, 0x1c, 0x17, 0x13, 0x1c, 0x12, 0x15, 0x11, 0x1b, 0x70, 0x70, 0x1a, 0x15, 0x14, 0x16, 0x13, 0x18, 0x12, 0x14, 0x90, 0x60, 0x25, 0x12, 0x10, 0x13, 0x17, 0x11, 0x18, 0xa0, 0x60, 0x12, 0x1d, 0x13, 0x11, 0x1d, 0x12, 0x1a, 0x1e, 0x1a, 0x90, 0x60, 0x19, 0x16, 0x22, 0x18, 0x17, 0x13, 0x11, 0x17, 0x11, 0x80,
0x60, 0x15, 0x20, 0x1d, 0x18, 0x1a, 0x16, 0x17, 0x14, 0x16, 0x80, 0x80, 0x1c, 0x13, 0x14, 0x18, 0x1b, 0x1d, 0x11, 0x16, 0x80, 0x80, 0x13, 0x17, 0x13, 0x1c, 0x11, 0x14, 0x11, 0x1e, 0x80, 0x80, 0x17, 0x18, 0x14, 0x1b, 0x11, 0x16, 0x14, 0x16, 0x80, 0x80, 0x12, 0x17, 0x1d, 0x1f, 0x11, 0x14, 0x17, 0x12, 0x1c, 0x70, 0x70, 0x13, 0x14, 0x18, 0x13, 0x1e, 0x13, 0x14, 0x12, 0x1c, 0x1b, 0x70, 0x70, 0x1b, 0x12, 0x13, 0x12, 0x1b, 0x1e, 0x18, 0x1e, 0x12, 0x80, 0x70, 0x1c, 0x12, 0x1d, 0x1e, 0x2f, 0x16, 0x1d, 0x1f, 0x80, 0x70, 0x1b, 0x16, 0x14, 0x18, 0x16, 0x18, 0x11, 0x14, 0x90, 0xc0, 0x16, 0xb0, 0xf0, 0x90,
// Compressed size: 212 bytes original pixels: 12544 uint16_t → ~25088 bytes uncompressed)

// Adeline / Adeline Auraflow V0.3 028 S2917032694 Th0.100 24 [Folder: Adeline] - RLE compressed data (offset: 815, size: 185)
0xf0, 0x90, 0xa0, 0x12, 0x16, 0x14, 0xb0, 0xa0, 0x18, 0x14, 0x12, 0xb0, 0xa0, 0x1c, 0x35, 0xa0, 0xb0, 0x18, 0x25, 0xa0, 0xa0, 0x16, 0x1a, 0x14, 0x19, 0x1d, 0x90, 0xa0, 0x13, 0x1f, 0x12, 0x17, 0xa0, 0xa0, 0x1b, 0x31, 0xa0, 0x90, 0x12, 0x1e, 0x11, 0x17, 0x10, 0x13, 0x90, 0x80, 0x1d, 0x12, 0x10, 0x1a, 0x13, 0x1a, 0x15, 0x90, 0x90, 0x13, 0x1a, 0x16, 0x13, 0x1e, 0x1a, 0x90, 0x90, 0x18, 0x1a, 0x19, 0x1c, 0x1a, 0xa0, 0x90, 0x21, 0x16, 0x13, 0x16, 0x15, 0x90, 0x90, 0x11, 0x1c, 0x12, 0x1e, 0x17, 0x11, 0x14, 0x80, 0x90, 0x11, 0x13, 0x1e, 0x11, 0x17, 0x11, 0x1c, 0x15, 0x70, 0x70, 0x14, 0x1c, 0x17, 0x14, 0x18, 0x15, 0x17, 0x13, 0x19, 0x12, 0x70, 0x70, 0x12, 0x16, 0x19, 0x1b,
0x18, 0x19, 0x18, 0x1e, 0x18, 0x19, 0x70, 0x60, 0x2b, 0x18, 0x16, 0x12, 0x17, 0x1c, 0x2a, 0x16, 0x13, 0x70, 0x60, 0x15, 0x13, 0x16, 0x24, 0x11, 0x13, 0x17, 0x1b, 0x19, 0x18, 0x70, 0x50, 0x1b, 0x10, 0x14, 0x12, 0x2d, 0x11, 0x15, 0x1c, 0x19, 0x15, 0x80, 0x60, 0x1b, 0x30, 0x1d, 0x13, 0x11, 0x1c, 0x19, 0x1d, 0x80, 0xa0, 0x12, 0x11, 0x17, 0x16, 0x12, 0x14, 0x80, 0x90, 0x1b, 0x13, 0x1e, 0x17, 0x12, 0x10, 0x14, 0x80, 0xa0, 0x14, 0x1d, 0xc0,
// Compressed size: 185 bytes original pixels: 12544 uint16_t → ~25088 bytes uncompressed)

// Aelfwyn / Aelfwyn Auraflow V0.3 030 S1360054354 Th0.100 24 [Folder: Aelfwyn] - RLE compressed data (offset: 1000, size: 269)
0x90, 0x1b, 0x90, 0x18, 0x40, 0x90, 0x1b, 0x27, 0x2b, 0x50, 0x1b, 0x40, 0x90, 0x1b, 0x17, 0x18, 0x27, 0x1b, 0x30, 0x17, 0x50, 0xa0, 0x1e, 0x13, 0x17, 0x40, 0x19, 0x18, 0x50, 0x90, 0x14, 0x12, 0x16, 0x11, 0x15, 0xa0, 0x90, 0x14, 0x1c, 0x13, 0x19, 0x27, 0x90, 0x80, 0x2d, 0x22, 0x11, 0x18, 0x14, 0x90, 0x80, 0x16, 0x15, 0x13, 0x24, 0x15, 0x17, 0x30, 0x17, 0x50, 0x80, 0x12, 0x14, 0x12, 0x11, 0x15, 0x14, 0x1a, 0x90, 0x70, 0x14, 0x11, 0x13, 0x11, 0x19, 0x12, 0x26, 0x1c, 0x80, 0x50, 0x18, 0x31, 0x1a, 0x11, 0x1a, 0x11, 0x1a, 0x11, 0x14, 0x1b, 0x1d, 0x60, 0x40, 0x13, 0x11, 0x14, 0x31, 0x16, 0x13, 0x1d, 0x18, 0x11, 0x12, 0x80, 0x40, 0x1a, 0x11, 0x1a, 0x21, 0x19, 0x13, 0x12,
0x18, 0x19, 0x11, 0x14, 0x80, 0x30, 0x1c, 0x1a, 0x11, 0x1c, 0x31, 0x26, 0x18, 0x1c, 0x21, 0x80, 0x30, 0x1c, 0x23, 0x19, 0x1a, 0x1c, 0x1a, 0x32, 0x14, 0x11, 0x15, 0x80, 0x40, 0x13, 0x16, 0x15, 0x1e, 0x11, 0x15, 0x14, 0x15, 0x12, 0x18, 0x1c, 0x13, 0x20, 0x1e, 0x50, 0x30, 0x14, 0x12, 0x16, 0x15, 0x13, 0x1a, 0x19, 0x14, 0x12, 0x16, 0x15, 0x18, 0x12, 0x1d, 0x70, 0x30, 0x12, 0x15, 0x12, 0x15, 0x19, 0x16, 0x12, 0x15, 0x12, 0x13, 0x16, 0x19, 0x15, 0x18, 0x10, 0x1b, 0x50, 0x20, 0x14, 0x12, 0x15, 0x26, 0x13, 0x15, 0x14, 0x15, 0x14, 0x13, 0x14, 0x19, 0x1c, 0x1d, 0x10, 0x1e, 0x50, 0x20, 0x12, 0x14, 0x20, 0x13, 0x19, 0x13, 0x32, 0x16, 0x1a, 0x10, 0x16, 0x1a, 0x10, 0x17, 0x50,
0x30, 0x18, 0x20, 0x12, 0x16, 0x13, 0x17, 0x1e, 0x12, 0x15, 0x1c, 0x10, 0x1d, 0x10, 0x18, 0x1b, 0x50, 0x50, 0x17, 0x10, 0x23, 0x20, 0x12, 0x10, 0x11, 0x10, 0x1b, 0x10, 0x19, 0x1e, 0x50, 0x80, 0x18, 0x40, 0x1c, 0x17, 0x20, 0x13, 0x1d, 0x50, 0x40, 0x18, 0x30, 0x1e, 0xf0,
// Compressed size: 269 bytes original pixels: 12544 uint16_t → ~25088 bytes uncompressed)

// Aethelburg / Aethelburg Auraflow V0.3 002 S1993196699 Th0.100 24 [Folder: Aethelburg] - RLE compressed data (offset: 1269, size: 185)
0xf0, 0x90, 0xa0, 0x14, 0x12, 0x16, 0xb0, 0xa0, 0x13, 0x1a, 0xc0, 0xa0, 0x12, 0x13, 0x10, 0x1a, 0x1f, 0x90, 0x90, 0x2a, 0x11, 0x1c, 0x1d, 0x14, 0x18, 0x80, 0x90, 0x25, 0x13, 0x1d, 0x14, 0x11, 0x27, 0x70, 0x80, 0x14, 0x28, 0x14, 0x17, 0x26, 0x19, 0x13, 0x70, 0x80, 0x14, 0x11, 0x19, 0x12, 0x17, 0x24, 0x13, 0x18, 0x70, 0x90, 0x18, 0x12, 0x13, 0x1b, 0x16, 0x17, 0x16, 0x11, 0x70, 0xa0, 0x17, 0x39, 0x15, 0x18, 0x19, 0x70, 0x90, 0x11, 0x1e, 0x15, 0x1b, 0x12, 0x17, 0x12, 0x11, 0x70, 0x90, 0x11, 0x27, 0x15, 0x1e, 0x19, 0x12, 0x13, 0x70, 0x90, 0x11, 0x13, 0x25, 0x19, 0x16, 0x13, 0x80, 0x80, 0x1a, 0x12, 0x11, 0x1b, 0x12, 0x2b, 0x18, 0x80, 0x80, 0x13, 0x1c, 0x16, 0x11, 0x18,
0x12, 0x1e, 0x90, 0x90, 0x16, 0x1c, 0x1d, 0x18, 0x14, 0xa0, 0x70, 0x11, 0x10, 0x1b, 0x20, 0x1a, 0xb0, 0x70, 0x12, 0x10, 0x1c, 0x20, 0x1c, 0x15, 0xa0, 0x80, 0x1c, 0x15, 0x20, 0x15, 0x13, 0xa0, 0x60, 0x12, 0x10, 0x12, 0x19, 0x20, 0x11, 0x12, 0xa0, 0x60, 0x11, 0x10, 0x1e, 0x30, 0x13, 0x15, 0xa0, 0x50, 0x1d, 0x20, 0x17, 0x30, 0x16, 0x11, 0xa0, 0x50, 0x18, 0x20, 0x11, 0x12, 0x14, 0x1a, 0x14, 0x13, 0x1b, 0x90, 0xa0, 0x1d, 0x16, 0x1a, 0xb0,
// Compressed size: 185 bytes original pixels: 12544 uint16_t → ~25088 bytes uncompressed)

// Aki / Aki Auraflow V0.3 007 S1471180183 Th0.100 24 [Folder: Aki] - RLE compressed data (offset: 1454, size: 192)
0xf0, 0x90, 0x70, 0x13, 0x70, 0x17, 0x1f, 0x70, 0xe0, 0x17, 0x23, 0x12, 0x60, 0xc0, 0x2b, 0x1d, 0x19, 0x1a, 0x1b, 0x60, 0xb0, 0x1c, 0x30, 0x1f, 0x13, 0x18, 0x60, 0xc0, 0x17, 0x20, 0x18, 0x16, 0x1d, 0x60, 0x20, 0x19, 0x50, 0x14, 0x12, 0x14, 0x26, 0x1a, 0x13, 0x14, 0x11, 0x70, 0x60, 0x26, 0x24, 0x1c, 0x1a, 0x11, 0x1c, 0x18, 0x13, 0x21, 0x60, 0x90, 0x25, 0x1c, 0x1e, 0x1a, 0x15, 0x16, 0x15, 0x18, 0x17, 0x50, 0xd0, 0x1a, 0x15, 0x18, 0x16, 0x15, 0x12, 0x50, 0xc0, 0x16, 0x1f, 0x1a, 0x13, 0x12, 0x20, 0x12, 0x17, 0x30, 0xc0, 0x11, 0x2a, 0x15, 0x50, 0x16, 0x20, 0x70, 0x1b, 0x1d, 0x17, 0x13, 0x11, 0x1a, 0x1c, 0x14, 0x1b, 0x80, 0x70, 0x16, 0x14, 0x22, 0x13, 0x1f, 0x19, 0x14,
0x90, 0x80, 0x1c, 0x1e, 0x14, 0x18, 0x29, 0x17, 0x14, 0x1b, 0x70, 0x80, 0x11, 0x25, 0x1e, 0x15, 0x11, 0x19, 0x12, 0x14, 0x17, 0x60, 0x80, 0x11, 0x14, 0x20, 0x11, 0x13, 0x15, 0x1e, 0x17, 0x19, 0x14, 0x50, 0x80, 0x12, 0x30, 0x11, 0x12, 0x15, 0x28, 0x1d, 0x19, 0x50, 0x70, 0x11, 0x40, 0x12, 0x10, 0x12, 0x18, 0x19, 0x13, 0x15, 0x50, 0x60, 0x17, 0x1d, 0x70, 0x12, 0x13, 0x18, 0x1e, 0x50, 0xf0, 0x30, 0x13, 0x50, 0xf0, 0x40, 0x16, 0x40, 0xf0, 0x40, 0x11, 0x40, 0xf0, 0x40, 0x1b, 0x40,
// Compressed size: 192 bytes original pixels: 12544 uint16_t → ~25088 bytes uncompressed)

// Alette / Alette Auraflow V0.3 030 S684776834 Th0.100 24 [Folder: Alette] - RLE compressed data (offset: 1646, size: 237)
0xf0, 0x90, 0xb0, 0x13, 0x1c, 0x1e, 0xa0, 0xa0, 0x16, 0x13, 0x14, 0x1c, 0xa0, 0x90, 0x17, 0x1f, 0x1d, 0x11, 0x18, 0x1e, 0x90, 0x90, 0x1c, 0x13, 0x17, 0x11, 0x1a, 0x1c, 0x90, 0x90, 0x1f, 0x15, 0x1b, 0x11, 0x1a, 0x16, 0x90, 0x80, 0x17, 0x11, 0x1a, 0x11, 0x2b, 0x1a, 0x90, 0x70, 0x1e, 0x14, 0x13, 0x15, 0x11, 0x15, 0x1f, 0x18, 0x13, 0x80, 0x50, 0x17, 0x20, 0x17, 0x12, 0x31, 0x12, 0x19, 0x13, 0x1c, 0x70, 0x70, 0x18, 0x1b, 0x12, 0x31, 0x1a, 0x18, 0x13, 0x1a, 0x1d, 0x1c, 0x10, 0x12, 0x1f, 0x20, 0x40, 0x2c, 0x12, 0x17, 0x14, 0x51, 0x16, 0x18, 0x11, 0x1a, 0x26, 0x40, 0x30, 0x32, 0x18, 0x1b, 0x14, 0x15, 0x21, 0x15, 0x11, 0x12, 0x18, 0x13, 0x11, 0x18, 0x1d, 0x1f, 0x30, 0x20,
0x12, 0x2d, 0x18, 0x24, 0x19, 0x15, 0x4b, 0x13, 0x24, 0x1e, 0x12, 0x1a, 0x13, 0x30, 0x10, 0x1e, 0x1f, 0x1d, 0x1a, 0x18, 0x1d, 0x19, 0x1d, 0x2b, 0x11, 0x15, 0x11, 0x15, 0x17, 0x14, 0x23, 0x10, 0x14, 0x10, 0x1f, 0x10, 0x10, 0x1e, 0x12, 0x19, 0x24, 0x39, 0x1d, 0x1a, 0x11, 0x15, 0x11, 0x1b, 0x28, 0x13, 0x16, 0x19, 0x10, 0x29, 0x10, 0x10, 0x16, 0x1e, 0x12, 0x17, 0x1d, 0x32, 0x16, 0x18, 0x25, 0x3a, 0x13, 0x1d, 0x19, 0x26, 0x30, 0x20, 0x1e, 0x1f, 0x1e, 0x12, 0x19, 0x26, 0x10, 0x25, 0x27, 0x13, 0x17, 0x13, 0x14, 0x12, 0x50, 0x30, 0x26, 0x12, 0x16, 0x1c, 0x20, 0x35, 0x14, 0x16, 0x14, 0x17, 0x18, 0x60, 0xa0, 0x17, 0x14, 0x13, 0xb0, 0xa0, 0x1b, 0x1c, 0x14, 0xb0, 0xa0, 0x17,
0x1c, 0x17, 0xb0, 0xa0, 0x15, 0x19, 0x13, 0xb0, 0xa0, 0x11, 0xd0, 0xf0, 0x90,
// Compressed size: 237 bytes original pixels: 12544 uint16_t → ~25088 bytes uncompressed)

// Alfrun / Alfrun Auraflow V0.3 000 S756483706 Th0.100 24 [Folder: Alfrun] - RLE compressed data (offset: 1883, size: 235)
0x50, 0x1e, 0x10, 0x17, 0x12, 0x20, 0x17, 0x13, 0xb0, 0x50, 0x14, 0x20, 0x18, 0x10, 0x14, 0x1d, 0x17, 0x13, 0xa0, 0x70, 0x11, 0x18, 0x10, 0x14, 0x13, 0x1c, 0x17, 0x14, 0x90, 0x50, 0x14, 0x10, 0x12, 0x14, 0x10, 0x11, 0x17, 0x15, 0x17, 0x13, 0x14, 0x10, 0x14, 0x60, 0x50, 0x13, 0x10, 0x18, 0x20, 0x13, 0x11, 0x28, 0x14, 0x23, 0x70, 0x50, 0x1d, 0x10, 0x1c, 0x20, 0x1f, 0x22, 0x19, 0x13, 0x14, 0x80, 0x50, 0x13, 0x10, 0x19, 0x20, 0x15, 0x14, 0x16, 0x11, 0x27, 0x80, 0x50, 0x14, 0x10, 0x11, 0x20, 0x18, 0x21, 0x16, 0x14, 0x90, 0x70, 0x11, 0x15, 0x14, 0x26, 0x1b, 0x1c, 0xa0, 0x80, 0x1e, 0x1f, 0x1a, 0x15, 0x12, 0x15, 0x17, 0x90, 0x80, 0x13, 0x2f, 0x1a, 0x18, 0x15, 0xa0, 0x90,
0x16, 0x29, 0x12, 0x15, 0x1b, 0x90, 0x80, 0x16, 0x1e, 0x16, 0x1d, 0x22, 0x13, 0x90, 0x80, 0x15, 0x10, 0x15, 0x29, 0x1c, 0x18, 0x90, 0x80, 0x12, 0x11, 0x15, 0x12, 0x11, 0x1a, 0x16, 0x11, 0x1c, 0x10, 0x1d, 0x50, 0x80, 0x12, 0x1a, 0x16, 0x13, 0x16, 0x1a, 0x16, 0x19, 0x1c, 0x70, 0x80, 0x16, 0x15, 0x12, 0x10, 0x18, 0x1c, 0x19, 0x1b, 0x80, 0x80, 0x11, 0x22, 0x10, 0x12, 0x1e, 0x1a, 0x11, 0x1b, 0x70, 0x80, 0x18, 0x1f, 0x12, 0x10, 0x25, 0x1a, 0x21, 0x1b, 0x60, 0x80, 0x11, 0x1e, 0x11, 0x10, 0x12, 0x18, 0x10, 0x14, 0x11, 0x2b, 0x50, 0x80, 0x12, 0x27, 0x10, 0x2a, 0x10, 0x1d, 0x10, 0x1e, 0x1b, 0x50, 0x80, 0x19, 0x1a, 0x20, 0x15, 0x19, 0x30, 0x23, 0x1d, 0x40, 0x80, 0x12, 0x11,
0x20, 0x11, 0x16, 0x60, 0x1b, 0x13, 0x20, 0xc0, 0x12, 0x15, 0xa0,
// Compressed size: 235 bytes original pixels: 12544 uint16_t → ~25088 bytes uncompressed)

// Amelia / Amelia Auraflow V0.3 003 S557292514 Th0.100 24 [Folder: Amelia] - RLE compressed data (offset: 2118, size: 172)
0xf0, 0x90, 0xb0, 0x1b, 0x11, 0x17, 0xa0, 0xa0, 0x15, 0x1f, 0x12, 0x11, 0xa0, 0xa0, 0x15, 0x1f, 0x15, 0x12, 0xa0, 0xa0, 0x1f, 0x11, 0x1f, 0x12, 0xa0, 0x90, 0x11, 0x15, 0x17, 0x19, 0x1c, 0x14, 0x90, 0x90, 0x22, 0x1d, 0x14, 0x15, 0x29, 0x80, 0x90, 0x15, 0x12, 0x23, 0x18, 0x1c, 0x90, 0x80, 0x1e, 0x15, 0x18, 0x1a, 0x13, 0x19, 0x1d, 0x90, 0x80, 0x1b, 0x16, 0x10, 0x12, 0x1e, 0x15, 0xa0, 0x90, 0x12, 0x1f, 0x12, 0x13, 0x18, 0x13, 0x90, 0xa0, 0x11, 0x24, 0x1a, 0x12, 0x90, 0xa0, 0x1b, 0x14, 0x1d, 0x1a, 0x12, 0x90, 0x90, 0x19, 0x1b, 0x24, 0x11, 0x17, 0x90, 0x90, 0x11, 0x1a, 0x24, 0x11, 0xa0, 0x80, 0x13, 0x1a, 0x24, 0x1c, 0x13, 0xa0, 0x80, 0x13, 0x1d, 0x11, 0x1d, 0x23, 0xa0,
0x70, 0x2b, 0x1d, 0x1a, 0x1c, 0x17, 0x16, 0x19, 0x90, 0x70, 0x11, 0x1b, 0x11, 0x2c, 0x17, 0x11, 0xa0, 0x50, 0x27, 0x1a, 0x16, 0x28, 0x12, 0x18, 0x11, 0xa0, 0x40, 0x16, 0x11, 0x36, 0x21, 0x12, 0x15, 0x17, 0xa0, 0x40, 0x16, 0x10, 0x13, 0x15, 0x1e, 0x18, 0x1e, 0x11, 0x10, 0x11, 0xa0, 0xa0, 0x1e, 0x16, 0x10, 0x16, 0xa0, 0x90, 0x19, 0x17, 0x18, 0x10, 0x13, 0xa0,
// Compressed size: 172 bytes original pixels: 12544 uint16_t → ~25088 bytes uncompressed)

// Anlaf / Anlaf Auraflow V0.3 033 S889144974 Th0.100 24 [Folder: Anlaf] - RLE compressed data (offset: 2290, size: 272)
0xf0, 0x90, 0xb0, 0x11, 0x16, 0x70, 0x13, 0x30, 0xa0, 0x17, 0x18, 0x16, 0x70, 0x17, 0x30, 0xa0, 0x19, 0x26, 0x19, 0x60, 0x16, 0x30, 0x80, 0x1d, 0x16, 0x14, 0x21, 0x12, 0x15, 0x40, 0x17, 0x40, 0x80, 0x11, 0x19, 0x21, 0x13, 0x12, 0x1b, 0x40, 0x1b, 0x40, 0x70, 0x17, 0x13, 0x19, 0x15, 0x1e, 0x11, 0x16, 0x12, 0x1d, 0x20, 0x1b, 0x13, 0x40, 0x70, 0x13, 0x1b, 0x16, 0x11, 0x1a, 0x1e, 0x15, 0x19, 0x17, 0x30, 0x13, 0x40, 0x70, 0x19, 0x11, 0x1a, 0x15, 0x18, 0x15, 0x1e, 0x14, 0x11, 0x20, 0x17, 0x50, 0x70, 0x16, 0x1e, 0x13, 0x1a, 0x12, 0x13, 0x17, 0x11, 0x19, 0x11, 0x10, 0x15, 0x50, 0x70, 0x18, 0x11, 0x19, 0x18, 0x1e, 0x14, 0x1f, 0x19, 0x12, 0x11, 0x15, 0x13, 0x50, 0x60, 0x1b,
0x21, 0x1a, 0x13, 0x19, 0x12, 0x1f, 0x22, 0x10, 0x27, 0x50, 0x60, 0x1d, 0x15, 0x11, 0x1a, 0x16, 0x21, 0x1f, 0x14, 0x19, 0x10, 0x17, 0x60, 0x60, 0x17, 0x12, 0x16, 0x1b, 0x17, 0x11, 0x1a, 0x18, 0x14, 0x12, 0x10, 0x11, 0x60, 0x60, 0x24, 0x2a, 0x28, 0x17, 0x12, 0x11, 0x12, 0x10, 0x1d, 0x60, 0x60, 0x14, 0x1b, 0x17, 0x1a, 0x13, 0x18, 0x16, 0x18, 0x11, 0x19, 0x14, 0x70, 0x60, 0x3b, 0x13, 0x18, 0x1f, 0x16, 0x1b, 0x11, 0x1c, 0x15, 0x70, 0x50, 0x15, 0x1c, 0x13, 0x12, 0x14, 0x1c, 0x19, 0x17, 0x1f, 0x1e, 0x13, 0x15, 0x70, 0x40, 0x18, 0x15, 0x1a, 0x2c, 0x24, 0x12, 0x15, 0x12, 0x13, 0x12, 0x80, 0x40, 0x13, 0x14, 0x3c, 0x14, 0x18, 0x12, 0x19, 0x12, 0x1c, 0x14, 0x80, 0x30, 0x11,
0x1b, 0x14, 0x12, 0x2c, 0x13, 0x14, 0x12, 0x14, 0x12, 0x18, 0x1a, 0x80, 0x20, 0x1d, 0x11, 0x1a, 0x1d, 0x15, 0x1e, 0x1c, 0x13, 0x1c, 0x18, 0x1e, 0x12, 0x15, 0x1e, 0x80, 0x30, 0x1d, 0x16, 0x1b, 0x1a, 0x1b, 0x13, 0x1e, 0x15, 0x11, 0x1a, 0x1d, 0x13, 0x19, 0x18, 0x2d, 0x16, 0x40, 0xf0, 0x90,
// Compressed size: 272 bytes original pixels: 12544 uint16_t → ~25088 bytes uncompressed)

// Annabel / Annabel Auraflow V0.3 029 S396334667 Th0.100 24 [Folder: Annabel] - RLE compressed data (offset: 2562, size: 188)
0xf0, 0x90, 0xa0, 0x29, 0xc0, 0xa0, 0x26, 0x19, 0xb0, 0xa0, 0x19, 0x26, 0x19, 0xa0, 0xb0, 0x1b, 0x26, 0x19, 0x1c, 0x80, 0xa0, 0x1f, 0x1d, 0x26, 0x1b, 0x1c, 0x80, 0xa0, 0x11, 0x15, 0x16, 0x4b, 0x1c, 0x60, 0xa0, 0x1a, 0x17, 0x16, 0x1b, 0x1c, 0x10, 0x19, 0x16, 0x60, 0x70, 0x1c, 0x10, 0x19, 0x12, 0x15, 0x18, 0x13, 0x11, 0x10, 0x1c, 0x70, 0x70, 0x1f, 0x18, 0x11, 0x1a, 0x1e, 0x18, 0x10, 0x1c, 0x11, 0x80, 0xa0, 0x21, 0x12, 0x13, 0x20, 0x1b, 0x70, 0xa0, 0x28, 0x17, 0x18, 0xa0, 0x90, 0x13, 0x11, 0x12, 0x17, 0x23, 0x90, 0x80, 0x11, 0x17, 0x14, 0x17, 0x1e, 0x1a, 0x11, 0x90, 0x30, 0x2f, 0x13, 0x15, 0x1a, 0x1e, 0x18, 0x25, 0x28, 0x17, 0x30, 0x31, 0x30, 0x30, 0x18, 0x13, 0x11,
0x12, 0x25, 0x14, 0x1e, 0x23, 0x1d, 0x1a, 0x17, 0x1a, 0x31, 0x13, 0x11, 0x20, 0x40, 0x12, 0x3d, 0x12, 0x15, 0x14, 0x13, 0x25, 0x17, 0x12, 0x1a, 0x13, 0x11, 0x50, 0x50, 0x11, 0x17, 0x54, 0x1f, 0x14, 0x1e, 0x1a, 0x17, 0x12, 0x60, 0x60, 0x15, 0x1e, 0x14, 0x1f, 0x1a, 0x14, 0x19, 0x12, 0x14, 0x12, 0x17, 0x70, 0x60, 0x12, 0x1d, 0x30, 0x14, 0x20, 0x1d, 0x90, 0xb0, 0x12, 0x20, 0x15, 0x90, 0xb0, 0x22, 0x20, 0x1e, 0x80, 0xa0, 0x23, 0x30, 0x12, 0x80, 0xf0, 0x90,
// Compressed size: 188 bytes original pixels: 12544 uint16_t → ~25088 bytes uncompressed)

// Antonio / Antonio Auraflow V0.3 034 S1994850378 Th0.100 24 [Folder: Antonio] - RLE compressed data (offset: 2750, size: 200)
0xf0, 0x90, 0xa0, 0x14, 0x13, 0xc0, 0xa0, 0x1e, 0x1f, 0x17, 0xb0, 0xa0, 0x1b, 0x19, 0x16, 0x1d, 0xa0, 0xa0, 0x1b, 0x19, 0x15, 0x1b, 0x15, 0x90, 0x60, 0x16, 0x15, 0x10, 0x11, 0x19, 0x1d, 0x1b, 0x25, 0x17, 0x80, 0x60, 0x15, 0x20, 0x11, 0x18, 0x16, 0x15, 0x1a, 0x12, 0x1d, 0x80, 0x70, 0x1e, 0x15, 0x1c, 0x13, 0x16, 0x1b, 0x1d, 0x13, 0x16, 0x17, 0x70, 0x70, 0x19, 0x16, 0x14, 0x17, 0x16, 0x17, 0x1d, 0x18, 0x10, 0x17, 0x70, 0x70, 0x43, 0x12, 0x2a, 0x18, 0x10, 0x16, 0x17, 0x60, 0x70, 0x1a, 0x18, 0x15, 0x17, 0x14, 0x19, 0x17, 0x11, 0x10, 0x21, 0x60, 0x70, 0x15, 0x12, 0x11, 0x19, 0x18, 0x14, 0x1a, 0x12, 0x10, 0x16, 0x17, 0x60, 0x70, 0x13, 0x1a, 0x12, 0x1c, 0x11, 0x1e, 0x28,
0x20, 0x15, 0x60, 0x70, 0x18, 0x10, 0x2e, 0x1d, 0x12, 0x11, 0x1c, 0x20, 0x14, 0x60, 0x80, 0x19, 0x17, 0x14, 0x12, 0x11, 0x2c, 0x20, 0x14, 0x60, 0x80, 0x12, 0x11, 0x19, 0x18, 0x12, 0x1a, 0x1d, 0x90, 0x80, 0x11, 0x24, 0x13, 0x11, 0x1c, 0x18, 0x90, 0x80, 0x24, 0x1e, 0x16, 0x13, 0x12, 0x1a, 0x16, 0x80, 0x70, 0x1f, 0x1c, 0x13, 0x1c, 0x10, 0x13, 0x12, 0x18, 0x1a, 0x10, 0x12, 0x60, 0x80, 0x19, 0x11, 0x40, 0x14, 0x1d, 0x80, 0x80, 0x1e, 0x50, 0x29, 0x80, 0x60, 0x2b, 0x1e, 0x50, 0x12, 0x11, 0x80, 0xe0, 0x12, 0x1b, 0x80, 0xf0, 0x90,
// Compressed size: 200 bytes original pixels: 12544 uint16_t → ~25088 bytes uncompressed)

// Arabella / Arabella Auraflow V0.3 035 S1664133666 Th0.100 24 [Folder: Arabella] - RLE compressed data (offset: 2950, size: 221)
0xf0, 0x90, 0xa0, 0x17, 0x28, 0xb0, 0x90, 0x17, 0x2f, 0x14, 0x18, 0xa0, 0x90, 0x17, 0x1f, 0x17, 0x14, 0x12, 0xa0, 0x90, 0x1f, 0x19, 0x15, 0x24, 0xa0, 0x80, 0x27, 0x13, 0x22, 0xb0, 0x80, 0x27, 0x1f, 0x1e, 0xc0, 0x80, 0x19, 0x17, 0x1f, 0x38, 0xa0, 0x70, 0x17, 0x19, 0x1f, 0x19, 0x3e, 0x10, 0x18, 0x80, 0x70, 0x17, 0x11, 0x13, 0x17, 0x18, 0x1e, 0x17, 0x14, 0x12, 0x80, 0x70, 0x2c, 0x19, 0x1b, 0x1f, 0x12, 0x24, 0x12, 0x80, 0x70, 0x1c, 0x19, 0x13, 0x2a, 0x15, 0x14, 0x12, 0x90, 0x70, 0x1c, 0x19, 0x1b, 0x13, 0x16, 0x14, 0x12, 0x14, 0x12, 0x80, 0x70, 0x16, 0x19, 0x11, 0x13, 0x1d, 0x14, 0x15, 0x14, 0x12, 0x80, 0x70, 0x1b, 0x21, 0x1c, 0x1d, 0x16, 0x15, 0x1b, 0x12, 0x80, 0x60,
0x15, 0x19, 0x21, 0x13, 0x26, 0x1b, 0x16, 0x90, 0x60, 0x12, 0x1c, 0x16, 0x13, 0x11, 0x13, 0x16, 0x1b, 0x1a, 0x90, 0x60, 0x15, 0x1b, 0x21, 0x13, 0x21, 0x12, 0x18, 0x1e, 0x28, 0x1e, 0x50, 0x60, 0x1a, 0x16, 0x13, 0x11, 0x29, 0x2a, 0x25, 0x18, 0x12, 0x15, 0x12, 0x18, 0x30, 0x60, 0x1c, 0x13, 0x16, 0x13, 0x1c, 0x11, 0x1c, 0x1b, 0x1d, 0x25, 0x12, 0x25, 0x14, 0x30, 0x50, 0x1a, 0x21, 0x13, 0x1c, 0x19, 0x16, 0x1b, 0x1a, 0x1b, 0x1a, 0x2d, 0x25, 0x14, 0x30, 0x10, 0x12, 0x1e, 0x17, 0x2a, 0x21, 0x1f, 0x16, 0x19, 0x11, 0x1b, 0x16, 0x2d, 0x16, 0x1d, 0x1e, 0x1d, 0x14, 0x30, 0x40, 0x16, 0x13, 0x2c, 0x1a, 0x1b, 0x11, 0x23, 0x11, 0x13, 0x2d, 0x14, 0x60, 0xf0, 0x90,
// Compressed size: 221 bytes original pixels: 12544 uint16_t → ~25088 bytes uncompressed)

// Arild / Arild Auraflow V0.3 001 S1007485810 Th0.100 24 [Folder: Arild] - RLE compressed data (offset: 3171, size: 252)
0xf0, 0x90, 0xf0, 0x90, 0xb0, 0x18, 0xc0, 0xa0, 0x1c, 0x16, 0xc0, 0xa0, 0x11, 0x17, 0x16, 0xb0, 0x80, 0x1b, 0x13, 0x17, 0x16, 0x1d, 0x16, 0x1b, 0x90, 0x70, 0x18, 0x16, 0x11, 0x33, 0x12, 0x1a, 0x13, 0x80, 0x70, 0x13, 0x18, 0x17, 0x18, 0x14, 0x1f, 0x1b, 0x11, 0x1e, 0x80, 0x70, 0x13, 0x14, 0x13, 0x2d, 0x13, 0x14, 0x1e, 0x11, 0x80, 0x60, 0x12, 0x15, 0x24, 0x12, 0x36, 0x14, 0x16, 0x13, 0x70, 0x60, 0x12, 0x11, 0x14, 0x15, 0x17, 0x2d, 0x16, 0x1d, 0x16, 0x17, 0x70, 0x50, 0x1c, 0x12, 0x11, 0x14, 0x13, 0x1f, 0x12, 0x26, 0x15, 0x11, 0x1f, 0x70, 0x40, 0x1b, 0x11, 0x2c, 0x14, 0x13, 0x14, 0x17, 0x15, 0x17, 0x14, 0x12, 0x11, 0x70, 0x40, 0x13, 0x1e, 0x1a, 0x15, 0x1a, 0x15, 0x1f,
0x11, 0x1f, 0x1d, 0x15, 0x1d, 0x12, 0x70, 0x20, 0x1b, 0x16, 0x18, 0x2a, 0x14, 0x11, 0x1c, 0x15, 0x16, 0x14, 0x1f, 0x1d, 0x1c, 0x17, 0x70, 0x30, 0x17, 0x1a, 0x18, 0x1e, 0x12, 0x14, 0x15, 0x14, 0x17, 0x13, 0x1f, 0x16, 0x18, 0x10, 0x17, 0x60, 0x20, 0x13, 0x17, 0x11, 0x1e, 0x22, 0x15, 0x19, 0x24, 0x25, 0x17, 0x15, 0x20, 0x17, 0x30, 0x1b, 0x10, 0x10, 0x13, 0x17, 0x18, 0x17, 0x11, 0x1e, 0x12, 0x11, 0x12, 0x11, 0x15, 0x1f, 0x15, 0x12, 0x1a, 0x30, 0x16, 0x20, 0x19, 0x10, 0x10, 0x11, 0x18, 0x1c, 0x10, 0x18, 0x11, 0x19, 0x22, 0x18, 0x15, 0x1a, 0x22, 0x1a, 0x40, 0x18, 0x29, 0x1b, 0x10, 0x23, 0x20, 0x13, 0x18, 0x11, 0x24, 0x10, 0x1b, 0x12, 0x11, 0x14, 0x15, 0x40, 0x11, 0x29,
0x10, 0x80, 0x1c, 0x12, 0x20, 0x19, 0x1b, 0x12, 0x11, 0x20, 0x1c, 0x2e, 0x19, 0x13, 0x10, 0x80, 0x17, 0x1a, 0x40, 0x1a, 0x15, 0x30, 0x29, 0x30, 0xf0, 0x90, 0xf0, 0x90,
// Compressed size: 252 bytes original pixels: 12544 uint16_t → ~25088 bytes uncompressed)

// Arnhildur / Arnhildur Auraflow V0.3 027 S1320555054 Th0.100 24 [Folder: Arnhildur] - RLE compressed data (offset: 3423, size: 228)
0xf0, 0x90, 0xa0, 0x1e, 0x1b, 0x25, 0x17, 0x15, 0x20, 0x17, 0x50, 0xa0, 0x19, 0x1a, 0x16, 0x15, 0x17, 0x15, 0x17, 0x70, 0xa0, 0x3a, 0x16, 0x1b, 0x1c, 0x15, 0x17, 0x15, 0x50, 0xb0, 0x16, 0x1d, 0x11, 0x36, 0x25, 0x50, 0x90, 0x1c, 0x18, 0x1b, 0x11, 0x12, 0x19, 0x1b, 0x1e, 0x1a, 0x27, 0x15, 0x30, 0x90, 0x16, 0x18, 0x1f, 0x18, 0x14, 0x11, 0x1b, 0x1a, 0x1c, 0x15, 0x17, 0x15, 0x30, 0x90, 0x1a, 0x13, 0x12, 0x13, 0x11, 0x16, 0x10, 0x3c, 0x15, 0x40, 0x90, 0x1e, 0x19, 0x11, 0x1f, 0x10, 0x14, 0x30, 0x17, 0x1b, 0x40, 0x80, 0x17, 0x1e, 0x16, 0x13, 0x11, 0x14, 0x13, 0x90, 0x80, 0x18, 0x10, 0x1d, 0x14, 0x18, 0x11, 0x1f, 0x90, 0x80, 0x13, 0x1d, 0x19, 0x22, 0x11, 0x10, 0x18, 0x80,
0x80, 0x16, 0x10, 0x1d, 0x11, 0x22, 0x1a, 0x11, 0x80, 0x70, 0x16, 0x12, 0x13, 0x12, 0x13, 0x19, 0x14, 0x12, 0x19, 0x80, 0x50, 0x13, 0x16, 0x20, 0x19, 0x12, 0x24, 0x12, 0x24, 0x18, 0x70, 0x40, 0x11, 0x40, 0x1a, 0x1d, 0x14, 0x19, 0x12, 0x19, 0x14, 0x13, 0x18, 0x17, 0x50, 0x30, 0x18, 0x50, 0x11, 0x19, 0x2e, 0x22, 0x13, 0x21, 0x1a, 0x50, 0x10, 0x1a, 0x18, 0x50, 0x12, 0x1f, 0x12, 0x10, 0x1b, 0x1e, 0x12, 0x1b, 0x1d, 0x14, 0x1f, 0x1c, 0x40, 0x80, 0x1b, 0x1f, 0x30, 0x14, 0x13, 0x18, 0x10, 0x21, 0x1b, 0x40, 0x80, 0x13, 0x11, 0x40, 0x14, 0x13, 0x20, 0x11, 0x18, 0x40, 0x80, 0x1c, 0x19, 0x50, 0x1d, 0x40, 0x17, 0x30, 0x80, 0x13, 0x60, 0x19, 0x80, 0x70, 0x16, 0x1d, 0x1c, 0x50,
0x11, 0x80, 0xf0, 0x90,
// Compressed size: 228 bytes original pixels: 12544 uint16_t → ~25088 bytes uncompressed)

// Athelric / Athelric Auraflow V0.3 009 S175210750 Th0.100 24 [Folder: Athelric] - RLE compressed data (offset: 3651, size: 273)
0xb0, 0x3a, 0xa0, 0xa0, 0x2a, 0x13, 0x15, 0xa0, 0xa0, 0x2a, 0x12, 0x13, 0xa0, 0xa0, 0x15, 0x11, 0x25, 0x18, 0x90, 0x90, 0x14, 0x25, 0x1c, 0x25, 0x1c, 0x80, 0x90, 0x24, 0x16, 0x11, 0x14, 0x19, 0x11, 0x80, 0x80, 0x14, 0x26, 0x14, 0x16, 0x12, 0x1b, 0x12, 0x80, 0x80, 0x16, 0x11, 0x15, 0x16, 0x22, 0x15, 0x18, 0x80, 0x70, 0x1c, 0x24, 0x11, 0x18, 0x1f, 0x12, 0x19, 0x12, 0x15, 0x70, 0x50, 0x15, 0x11, 0x17, 0x2c, 0x22, 0x1e, 0x19, 0x12, 0x19, 0x13, 0x70, 0x20, 0x15, 0x1a, 0x15, 0x16, 0x17, 0x11, 0x17, 0x2f, 0x15, 0x14, 0x1d, 0x11, 0x19, 0x18, 0x70, 0x20, 0x16, 0x14, 0x16, 0x11, 0x16, 0x11, 0x12, 0x1f, 0x18, 0x22, 0x11, 0x13, 0x19, 0x12, 0x70, 0x20, 0x14, 0x1c, 0x14, 0x16,
0x11, 0x1b, 0x1f, 0x19, 0x11, 0x19, 0x13, 0x11, 0x1c, 0x12, 0x13, 0x70, 0x20, 0x11, 0x1b, 0x16, 0x24, 0x17, 0x18, 0x1c, 0x16, 0x19, 0x1b, 0x13, 0x17, 0x18, 0x80, 0x10, 0x16, 0x14, 0x1d, 0x11, 0x14, 0x17, 0x12, 0x17, 0x1b, 0x16, 0x1c, 0x19, 0x18, 0x1b, 0x12, 0x80, 0x20, 0x26, 0x1e, 0x1c, 0x1e, 0x12, 0x18, 0x21, 0x1e, 0x12, 0x18, 0x1b, 0x13, 0x80, 0x20, 0x1d, 0x1e, 0x11, 0x1c, 0x17, 0x19, 0x11, 0x14, 0x1b, 0x29, 0x1b, 0x13, 0x17, 0x1a, 0x70, 0x10, 0x15, 0x14, 0x11, 0x24, 0x17, 0x16, 0x11, 0x13, 0x1f, 0x28, 0x12, 0x17, 0x19, 0x17, 0x70, 0x10, 0x1a, 0x1d, 0x1a, 0x11, 0x1b, 0x11, 0x1c, 0x17, 0x19, 0x28, 0x22, 0x19, 0x12, 0x13, 0x70, 0x30, 0x11, 0x1d, 0x11, 0x10, 0x1d,
0x1a, 0x12, 0x1d, 0x17, 0x12, 0x13, 0x18, 0x23, 0x70, 0x40, 0x15, 0x11, 0x20, 0x18, 0x17, 0x1d, 0x13, 0x2b, 0x17, 0x1b, 0x80, 0x80, 0x12, 0x23, 0x1d, 0x13, 0x10, 0x1b, 0x13, 0x80, 0x80, 0x1b, 0x10, 0x15, 0x1a, 0x1d, 0x10, 0x13, 0x1e, 0x13, 0x10, 0x1a, 0x50, 0x80, 0x16, 0x15, 0x50, 0x1a, 0x80,
// Compressed size: 273 bytes original pixels: 12544 uint16_t → ~25088 bytes uncompressed)

// Audrey / Audrey Auraflow V0.3 008 S287678065 Th0.100 24 [Folder: Audrey] - RLE compressed data (offset: 3924, size: 159)
0xa0, 0x17, 0x21, 0xb0, 0xa0, 0x18, 0x17, 0x11, 0x12, 0xa0, 0xa0, 0x13, 0x14, 0x17, 0x1e, 0xa0, 0xa0, 0x13, 0x14, 0x1a, 0x19, 0xa0, 0x90, 0x18, 0x11, 0x15, 0x21, 0xa0, 0x90, 0x14, 0x26, 0x12, 0x1c, 0xa0, 0x80, 0x11, 0x10, 0x1a, 0x1c, 0x16, 0x10, 0x11, 0x90, 0x60, 0x1e, 0x13, 0x19, 0x10, 0x1c, 0x11, 0x18, 0x20, 0x1b, 0x80, 0x50, 0x12, 0x14, 0x30, 0x21, 0x1d, 0x13, 0x18, 0x10, 0x11, 0x70, 0x50, 0x15, 0x30, 0x1d, 0x37, 0x12, 0x19, 0x20, 0x12, 0x60, 0x90, 0x13, 0x16, 0x13, 0x16, 0x17, 0x12, 0x90, 0x90, 0x16, 0x13, 0x17, 0x22, 0x1a, 0x1d, 0x80, 0x90, 0x26, 0x11, 0x14, 0x13, 0x12, 0x90, 0x90, 0x23, 0x20, 0x22, 0x90, 0x90, 0x13, 0x14, 0x20, 0x16, 0x14, 0x90, 0x90, 0x1b,
0x30, 0x24, 0x90, 0x90, 0x1a, 0x30, 0x15, 0x1b, 0x90, 0x80, 0x1a, 0x15, 0x30, 0x1a, 0x14, 0x90, 0x80, 0x17, 0x18, 0x30, 0x25, 0x90, 0x80, 0x12, 0x50, 0x1a, 0x90, 0x80, 0x15, 0x50, 0x15, 0x90, 0x80, 0x19, 0x30, 0x39, 0x90, 0x70, 0x1b, 0x19, 0x30, 0x18, 0x15, 0x28, 0x80, 0xf0, 0x90,
// Compressed size: 159 bytes original pixels: 12544 uint16_t → ~25088 bytes uncompressed)

// Aukje / Aukje Auraflow V0.3 008 S714090705 Th0.100 24 [Folder: Aukje] - RLE compressed data (offset: 4083, size: 177)
0xf0, 0x90, 0xa0, 0x19, 0x16, 0x18, 0x17, 0xa0, 0xb0, 0x27, 0x15, 0x1b, 0x19, 0x20, 0x19, 0x50, 0xb0, 0x16, 0x37, 0x15, 0x1a, 0x19, 0x60, 0xb0, 0x1c, 0x1f, 0x26, 0x17, 0x15, 0x2a, 0x50, 0xb0, 0x13, 0x12, 0x14, 0x15, 0x1b, 0x15, 0x1b, 0x30, 0x1a, 0x20, 0xb0, 0x13, 0x14, 0x11, 0x27, 0x25, 0x60, 0xb0, 0x14, 0x12, 0x10, 0x1e, 0x15, 0x1b, 0x15, 0x19, 0x20, 0x1a, 0x20, 0xa0, 0x16, 0x14, 0x12, 0x10, 0x12, 0x1b, 0x1a, 0x15, 0x1b, 0x50, 0xa0, 0x1c, 0x12, 0x13, 0x24, 0x19, 0x15, 0x1b, 0x19, 0x1a, 0x40, 0xa0, 0x23, 0x1e, 0x11, 0xa0, 0xa0, 0x12, 0x11, 0x12, 0x13, 0xa0, 0xa0, 0x16, 0x14, 0x31, 0x90, 0xb0, 0x42, 0x90, 0xb0, 0x12, 0x11, 0x12, 0x11, 0x1f, 0x40, 0x28, 0x20, 0xb0,
0x11, 0x32, 0x14, 0x12, 0x1d, 0x10, 0x1d, 0x16, 0x30, 0xb0, 0x11, 0x13, 0x21, 0x12, 0x1c, 0x13, 0x1c, 0x16, 0x40, 0xb0, 0x18, 0x11, 0x13, 0x1c, 0x21, 0x1d, 0x16, 0x50, 0xb0, 0x11, 0x12, 0x21, 0x13, 0x16, 0x18, 0x60, 0xb0, 0x18, 0x14, 0x13, 0x1c, 0x11, 0x18, 0x70, 0xa0, 0x12, 0x14, 0x11, 0x18, 0x14, 0x90, 0xa0, 0x11, 0x13, 0x14, 0x11, 0xa0, 0xa0, 0x13, 0x1c, 0x18, 0xb0, 0xb0, 0x12, 0xc0,
// Compressed size: 177 bytes original pixels: 12544 uint16_t → ~25088 bytes uncompressed)

// Aylward / Aylward Auraflow V0.3 007 S949648177 Th0.100 24 [Folder: Aylward] - RLE compressed data (offset: 4260, size: 199)
0xf0, 0x90, 0xb0, 0x1c, 0xc0, 0xb0, 0x15, 0x13, 0xb0, 0xb0, 0x14, 0x12, 0xb0, 0xb0, 0x18, 0x25, 0x1a, 0x90, 0xa0, 0x1c, 0x25, 0x1c, 0x24, 0x80, 0x90, 0x1c, 0x19, 0x12, 0x11, 0x18, 0x22, 0x80, 0xa0, 0x11, 0x12, 0x34, 0x12, 0x17, 0x14, 0x60, 0x90, 0x1e, 0x16, 0x22, 0x1b, 0x24, 0x12, 0x1c, 0x60, 0x90, 0x19, 0x1c, 0x18, 0x15, 0x16, 0x15, 0x14, 0x21, 0x60, 0x90, 0x11, 0x1f, 0x13, 0x32, 0x16, 0x27, 0x60, 0x80, 0x1a, 0x1d, 0x13, 0x16, 0x17, 0x12, 0x1c, 0x27, 0x11, 0x60, 0x70, 0x15, 0x1a, 0x16, 0x11, 0x23, 0x11, 0x17, 0x12, 0x13, 0x19, 0x60, 0x70, 0x15, 0x1a, 0x1d, 0x1c, 0x18, 0x13, 0x11, 0x18, 0x17, 0x18, 0x15, 0x60, 0x70, 0x16, 0x11, 0x16, 0x11, 0x18, 0x12, 0x13, 0x17,
0x90, 0x60, 0x16, 0x20, 0x13, 0x19, 0x17, 0x33, 0x19, 0x80, 0x50, 0x1e, 0x20, 0x1a, 0x13, 0x18, 0x13, 0x19, 0x1e, 0x18, 0x13, 0x80, 0x40, 0x17, 0x20, 0x14, 0x11, 0x19, 0x17, 0x16, 0x1d, 0x17, 0x11, 0x18, 0x11, 0x70, 0x30, 0x13, 0x30, 0x2a, 0x1d, 0x19, 0x16, 0x1a, 0x1e, 0x12, 0x18, 0x14, 0x1a, 0x60, 0x60, 0x1b, 0x2d, 0x15, 0x16, 0x3b, 0x11, 0x19, 0x10, 0x1d, 0x1b, 0x50, 0x60, 0x14, 0x1b, 0x14, 0x10, 0x16, 0x10, 0x25, 0x19, 0x11, 0x80, 0xa0, 0x11, 0x40, 0x11, 0x80, 0x80, 0x1b, 0x11, 0x16, 0x40, 0x12, 0x80, 0xf0, 0x90,
// Compressed size: 199 bytes original pixels: 12544 uint16_t → ~25088 bytes uncompressed)

// Bernard / Bernard Auraflow V0.3 005 S3727069302 Th0.100 24 [Folder: Bernard] - RLE compressed data (offset: 4459, size: 255)
0xf0, 0x90, 0xf0, 0x90, 0x90, 0x17, 0x1a, 0xd0, 0x90, 0x1e, 0x11, 0x14, 0xc0, 0x80, 0x1a, 0x21, 0x14, 0x18, 0x10, 0x1a, 0x90, 0x70, 0x1a, 0x16, 0x1e, 0x16, 0x1f, 0x18, 0x1b, 0x10, 0x1a, 0x14, 0x10, 0x14, 0x50, 0x70, 0x18, 0x12, 0x2d, 0x1f, 0x17, 0x14, 0x17, 0x24, 0x1a, 0x14, 0x50, 0x70, 0x12, 0x19, 0x1e, 0x13, 0x15, 0x18, 0x13, 0x17, 0x12, 0x18, 0x1a, 0x60, 0x70, 0x1e, 0x13, 0x1b, 0x11, 0x13, 0x15, 0x1d, 0x1b, 0x19, 0x18, 0x17, 0x14, 0x50, 0x60, 0x18, 0x12, 0x18, 0x1f, 0x11, 0x1b, 0x1f, 0x17, 0x1b, 0x17, 0x13, 0x19, 0x1a, 0x27, 0x30, 0x60, 0x1c, 0x16, 0x19, 0x22, 0x11, 0x16, 0x25, 0x11, 0x1b, 0x19, 0x16, 0x17, 0x40, 0x60, 0x12, 0x1d, 0x12, 0x1b, 0x1d, 0x31, 0x15,
0x1d, 0x1f, 0x1c, 0x1b, 0x17, 0x40, 0x60, 0x1b, 0x1d, 0x1c, 0x13, 0x19, 0x1d, 0x11, 0x13, 0x25, 0x13, 0x15, 0x19, 0x50, 0x60, 0x1a, 0x13, 0x19, 0x12, 0x1e, 0x15, 0x11, 0x14, 0x11, 0x12, 0x16, 0x18, 0x17, 0x19, 0x40, 0x60, 0x16, 0x12, 0x13, 0x1c, 0x1d, 0x12, 0x13, 0x2e, 0x12, 0x1c, 0x1f, 0x24, 0x18, 0x30, 0x60, 0x1b, 0x15, 0x1d, 0x16, 0x11, 0x12, 0x11, 0x1e, 0x11, 0x13, 0x18, 0x1c, 0x14, 0x50, 0x40, 0x1a, 0x15, 0x19, 0x25, 0x31, 0x1e, 0x19, 0x16, 0x13, 0x18, 0x14, 0x60, 0x40, 0x1a, 0x1f, 0x11, 0x19, 0x16, 0x15, 0x1e, 0x12, 0x11, 0x12, 0x13, 0x1c, 0x1b, 0x10, 0x14, 0x50, 0x40, 0x1a, 0x12, 0x13, 0x1b, 0x16, 0x1d, 0x11, 0x32, 0x1d, 0x1c, 0x17, 0x70, 0x50, 0x14, 0x15,
0x16, 0x19, 0x14, 0x13, 0x12, 0x13, 0x16, 0x1f, 0x90, 0x70, 0x13, 0x1f, 0x14, 0x13, 0x1c, 0x10, 0x16, 0xa0, 0x70, 0x16, 0x20, 0x2c, 0xc0, 0x70, 0x15, 0x20, 0x1c, 0x18, 0xc0, 0xf0, 0x90,
// Compressed size: 255 bytes original pixels: 12544 uint16_t → ~25088 bytes uncompressed)

// Bertrade / Bertrade Auraflow V0.3 002 S352484074 Th0.100 24 [Folder: Bertrade] - RLE compressed data (offset: 4714, size: 174)
0xf0, 0x90, 0xb0, 0x11, 0x1b, 0xb0, 0xb0, 0x18, 0x1f, 0xb0, 0xa0, 0x18, 0x1b, 0x16, 0xb0, 0x90, 0x1e, 0x1c, 0x13, 0x1f, 0xb0, 0x80, 0x14, 0x1e, 0x1c, 0x14, 0x19, 0xb0, 0x80, 0x24, 0x1d, 0x16, 0x1f, 0x14, 0x10, 0x1f, 0x80, 0x80, 0x24, 0x17, 0x12, 0x1b, 0xb0, 0x90, 0x19, 0x16, 0x1c, 0x19, 0x1a, 0x2c, 0x80, 0xa0, 0x1b, 0x1d, 0x1c, 0x16, 0x19, 0x90, 0x90, 0x12, 0x1a, 0x11, 0x16, 0x11, 0x13, 0x90, 0x90, 0x11, 0x1b, 0x1d, 0x1a, 0x1e, 0x19, 0x90, 0x90, 0x12, 0x18, 0x1d, 0x14, 0x18, 0x19, 0x90, 0x90, 0x11, 0x28, 0x13, 0x1c, 0xa0, 0x90, 0x11, 0x16, 0x18, 0x23, 0xa0, 0x80, 0x11, 0x15, 0x16, 0x18, 0x23, 0xa0, 0x80, 0x15, 0x12, 0x17, 0x1f, 0x1a, 0x13, 0xa0, 0x70, 0x1b, 0x15,
0x17, 0x22, 0x1c, 0x14, 0xa0, 0x70, 0x1a, 0x16, 0x17, 0x16, 0x21, 0x14, 0xa0, 0x60, 0x15, 0x12, 0x15, 0x17, 0x11, 0x15, 0x1e, 0x19, 0xa0, 0x60, 0x13, 0x22, 0x17, 0x12, 0x15, 0x1e, 0x13, 0xa0, 0x30, 0x1a, 0x15, 0x1b, 0x12, 0x1a, 0x1d, 0x12, 0x11, 0x1d, 0x1a, 0x13, 0x1d, 0x90, 0x10, 0x1e, 0x15, 0x19, 0x11, 0x37, 0x1d, 0x16, 0x18, 0x17, 0x15, 0x1b, 0x18, 0x90, 0xf0, 0x90,
// Compressed size: 174 bytes original pixels: 12544 uint16_t → ~25088 bytes uncompressed)

// Bonnie / Bonnie Auraflow V0.3 004 S2890166714 Th0.100 24 [Folder: Bonnie] - RLE compressed data (offset: 4888, size: 309)
0xf0, 0x90, 0x90, 0x15, 0x2c, 0x18, 0x14, 0x1d, 0x90, 0x90, 0x19, 0x14, 0x18, 0x14, 0x18, 0x14, 0x90, 0x70, 0x13, 0x1d, 0x19, 0x11, 0x16, 0x1c, 0x19, 0x1e, 0x14, 0x1d, 0x70, 0x70, 0x16, 0x21, 0x16, 0x15, 0x1e, 0x15, 0x14, 0x2e, 0x13, 0x60, 0x70, 0x21, 0x1d, 0x11, 0x24, 0x15, 0x19, 0x28, 0x70, 0x70, 0x31, 0x15, 0x13, 0x14, 0x15, 0x11, 0x1c, 0x24, 0x60, 0x70, 0x17, 0x26, 0x15, 0x14, 0x1e, 0x14, 0x13, 0x1d, 0x2e, 0x60, 0x70, 0x11, 0x16, 0x21, 0x1e, 0x14, 0x1e, 0x27, 0x18, 0x19, 0x1e, 0x13, 0x40, 0x70, 0x16, 0x11, 0x17, 0x1f, 0x15, 0x13, 0x15, 0x17, 0x16, 0x19, 0x1c, 0x14, 0x50, 0x50, 0x19, 0x15, 0x26, 0x11, 0x17, 0x1b, 0x17, 0x21, 0x1f, 0x18, 0x1c, 0x14, 0x50, 0x40,
0x15, 0x10, 0x16, 0x21, 0x12, 0x1f, 0x17, 0x13, 0x21, 0x16, 0x19, 0x28, 0x50, 0x40, 0x18, 0x16, 0x19, 0x1f, 0x11, 0x17, 0x12, 0x1f, 0x13, 0x31, 0x19, 0x18, 0x13, 0x50, 0x30, 0x13, 0x16, 0x15, 0x17, 0x11, 0x12, 0x1b, 0x13, 0x15, 0x17, 0x13, 0x17, 0x11, 0x19, 0x18, 0x15, 0x1d, 0x40, 0x30, 0x41, 0x12, 0x17, 0x1f, 0x13, 0x2a, 0x19, 0x14, 0x11, 0x19, 0x14, 0x18, 0x13, 0x40, 0x20, 0x13, 0x10, 0x13, 0x21, 0x1f, 0x11, 0x3a, 0x17, 0x15, 0x16, 0x1e, 0x11, 0x1c, 0x14, 0x13, 0x40, 0x30, 0x26, 0x19, 0x21, 0x1b, 0x1a, 0x12, 0x1a, 0x12, 0x2a, 0x1c, 0x1e, 0x15, 0x18, 0x1d, 0x40, 0x30, 0x1d, 0x19, 0x1d, 0x17, 0x11, 0x22, 0x3b, 0x22, 0x1a, 0x1d, 0x14, 0x18, 0x13, 0x40, 0x30, 0x15,
0x1c, 0x1d, 0x15, 0x11, 0x32, 0x1b, 0x12, 0x1a, 0x1f, 0x1a, 0x15, 0x19, 0x1c, 0x15, 0x40, 0x30, 0x3d, 0x19, 0x11, 0x17, 0x22, 0x1b, 0x22, 0x11, 0x2b, 0x13, 0x16, 0x19, 0x15, 0x30, 0x30, 0x1c, 0x16, 0x1c, 0x15, 0x27, 0x22, 0x1a, 0x52, 0x16, 0x1c, 0x50, 0x30, 0x13, 0x16, 0x24, 0x17, 0x16, 0x12, 0x1a, 0x1b, 0x12, 0x2b, 0x12, 0x1b, 0x19, 0x14, 0x50, 0x60, 0x1c, 0x11, 0x1f, 0x1b, 0x1a, 0x52, 0x1b, 0x18, 0x13, 0x18, 0x13, 0x30, 0x50, 0x18, 0x1e, 0x27, 0x13, 0x1f, 0x1a, 0x32, 0x1b, 0x1a, 0x18, 0x15, 0x13, 0x40,
// Compressed size: 309 bytes original pixels: 12544 uint16_t → ~25088 bytes uncompressed)

// Caitlin / Caitlin Auraflow V0.3 024 S2453536874 Th0.100 24 [Folder: Caitlin] - RLE compressed data (offset: 5197, size: 229)
0xf0, 0x90, 0xf0, 0x90, 0xb0, 0x18, 0x1b, 0xb0, 0x80, 0x13, 0x1c, 0x1a, 0x28, 0xb0, 0x70, 0x19, 0x1c, 0x1a, 0x11, 0x18, 0x1c, 0x1b, 0xa0, 0x70, 0x2c, 0x1a, 0x13, 0x19, 0x1d, 0x1b, 0x20, 0x1c, 0x1b, 0x11, 0x50, 0x60, 0x1c, 0x1a, 0x1d, 0x1a, 0x15, 0x14, 0x19, 0x10, 0x1b, 0x1a, 0x18, 0x17, 0x11, 0x1d, 0x40, 0x60, 0x19, 0x1a, 0x1d, 0x1c, 0x13, 0x17, 0x1b, 0x10, 0x21, 0x14, 0x13, 0x15, 0x50, 0x80, 0x13, 0x10, 0x15, 0x11, 0x1d, 0x21, 0x15, 0x13, 0x15, 0x14, 0x13, 0x40, 0x50, 0x13, 0x18, 0x30, 0x13, 0x1b, 0x12, 0x25, 0x13, 0x14, 0x17, 0x11, 0x1f, 0x40, 0x40, 0x19, 0x21, 0x1b, 0x13, 0x12, 0x13, 0x16, 0x13, 0x16, 0x1d, 0x14, 0x12, 0x70, 0x30, 0x18, 0x1c, 0x11, 0x1d, 0x15,
0x17, 0x15, 0x36, 0x14, 0x13, 0x14, 0x11, 0x70, 0x30, 0x18, 0x1a, 0x11, 0x14, 0x1e, 0x14, 0x12, 0x14, 0x17, 0x16, 0x14, 0x13, 0x15, 0x14, 0x17, 0x60, 0x20, 0x18, 0x21, 0x19, 0x14, 0x15, 0x1e, 0x27, 0x12, 0x16, 0x13, 0x1e, 0x22, 0x70, 0x10, 0x15, 0x2a, 0x1d, 0x20, 0x1e, 0x22, 0x1e, 0x15, 0x26, 0x1e, 0x26, 0x11, 0x60, 0x10, 0x29, 0x18, 0x30, 0x12, 0x10, 0x12, 0x30, 0x14, 0x11, 0x20, 0x17, 0x12, 0x50, 0x30, 0x18, 0x19, 0x10, 0x12, 0x10, 0x12, 0x40, 0x1e, 0xa0, 0x40, 0x19, 0x10, 0x16, 0x10, 0x16, 0x40, 0x12, 0x30, 0x1b, 0x60, 0x60, 0x17, 0x20, 0x14, 0x30, 0x16, 0x20, 0x17, 0x1f, 0x60, 0x60, 0x12, 0x20, 0x17, 0x20, 0x11, 0x12, 0xa0, 0x60, 0x15, 0x50, 0x17, 0xb0, 0xf0,
0x90, 0xf0, 0x90, 0xf0, 0x90,
// Compressed size: 229 bytes original pixels: 12544 uint16_t → ~25088 bytes uncompressed)

// Cara / Cara Auraflow V0.3 004 S2248723671 Th0.100 24 [Folder: Cara] - RLE compressed data (offset: 5426, size: 367)
0x90, 0x13, 0x12, 0x1b, 0x32, 0x13, 0x80, 0x80, 0x22, 0x17, 0x11, 0x1e, 0x17, 0x29, 0x1d, 0x70, 0x70, 0x12, 0x19, 0x27, 0x21, 0x2e, 0x17, 0x12, 0x1d, 0x60, 0x70, 0x19, 0x24, 0x19, 0x11, 0x2e, 0x11, 0x14, 0x22, 0x18, 0x50, 0x60, 0x13, 0x27, 0x11, 0x17, 0x11, 0x1e, 0x21, 0x17, 0x22, 0x13, 0x50, 0x60, 0x19, 0x17, 0x21, 0x1e, 0x51, 0x1b, 0x14, 0x13, 0x50, 0x60, 0x1d, 0x24, 0x11, 0x2f, 0x15, 0x1e, 0x21, 0x2d, 0x18, 0x50, 0x60, 0x27, 0x11, 0x15, 0x3f, 0x15, 0x21, 0x14, 0x1c, 0x12, 0x50, 0x50, 0x13, 0x11, 0x1d, 0x19, 0x15, 0x2f, 0x26, 0x14, 0x1b, 0x12, 0x14, 0x19, 0x18, 0x40, 0x50, 0x14, 0x1d, 0x16, 0x1b, 0x13, 0x15, 0x1a, 0x2e, 0x16, 0x19, 0x17, 0x12, 0x1c, 0x13, 0x40,
0x40, 0x14, 0x17, 0x19, 0x12, 0x16, 0x15, 0x1e, 0x2f, 0x1a, 0x14, 0x11, 0x1b, 0x14, 0x1c, 0x18, 0x40, 0x40, 0x19, 0x27, 0x12, 0x1b, 0x25, 0x1a, 0x1f, 0x1a, 0x16, 0x11, 0x22, 0x19, 0x18, 0x13, 0x30, 0x40, 0x1c, 0x11, 0x14, 0x18, 0x1b, 0x26, 0x1e, 0x17, 0x1a, 0x1c, 0x1b, 0x19, 0x2d, 0x14, 0x40, 0x40, 0x13, 0x14, 0x17, 0x11, 0x2b, 0x26, 0x1a, 0x15, 0x14, 0x19, 0x22, 0x21, 0x10, 0x1c, 0x20, 0x30, 0x23, 0x19, 0x17, 0x1d, 0x1c, 0x12, 0x1c, 0x14, 0x16, 0x15, 0x16, 0x11, 0x16, 0x1b, 0x1d, 0x11, 0x13, 0x1c, 0x20, 0x30, 0x13, 0x1c, 0x11, 0x24, 0x19, 0x2b, 0x26, 0x15, 0x21, 0x1b, 0x22, 0x21, 0x1c, 0x20, 0x40, 0x13, 0x14, 0x11, 0x14, 0x19, 0x12, 0x1b, 0x25, 0x1e, 0x16, 0x11,
0x1c, 0x18, 0x12, 0x19, 0x17, 0x14, 0x20, 0x20, 0x1c, 0x12, 0x13, 0x19, 0x1d, 0x11, 0x12, 0x17, 0x13, 0x1a, 0x15, 0x1e, 0x15, 0x11, 0x16, 0x14, 0x19, 0x12, 0x14, 0x1d, 0x20, 0x20, 0x13, 0x10, 0x17, 0x11, 0x12, 0x1d, 0x19, 0x12, 0x16, 0x1f, 0x16, 0x1a, 0x2e, 0x1a, 0x15, 0x16, 0x12, 0x19, 0x12, 0x20, 0x30, 0x1c, 0x1d, 0x27, 0x19, 0x18, 0x16, 0x1a, 0x15, 0x13, 0x16, 0x15, 0x3a, 0x18, 0x12, 0x1d, 0x28, 0x10, 0x30, 0x1c, 0x17, 0x14, 0x19, 0x17, 0x23, 0x12, 0x16, 0x15, 0x1a, 0x1f, 0x1a, 0x33, 0x28, 0x12, 0x20, 0x10, 0x14, 0x18, 0x13, 0x1d, 0x14, 0x1b, 0x16, 0x15, 0x1f, 0x25, 0x1a, 0x1f, 0x1a, 0x13, 0x1b, 0x13, 0x15, 0x28, 0x1b, 0x18, 0x10, 0x10, 0x1c, 0x10, 0x1c, 0x11,
0x1c, 0x16, 0x14, 0x1a, 0x25, 0x3a, 0x15, 0x1b, 0x28, 0x13, 0x28, 0x1b, 0x13, 0x10, 0x30, 0x1c, 0x1d, 0x13, 0x14, 0x11, 0x1a, 0x16, 0x35, 0x1f, 0x16, 0x1b, 0x28, 0x13, 0x28, 0x1b, 0x20,
// Compressed size: 367 bytes original pixels: 12544 uint16_t → ~25088 bytes uncompressed)

// Charlotte / Charlotte Auraflow V0.3 034 S1708120671 Th0.100 24 [Folder: Charlotte] - RLE compressed data (offset: 5793, size: 183)
0x70, 0x19, 0xf0, 0x10, 0xb0, 0x15, 0x1c, 0x1b, 0xa0, 0x70, 0x1a, 0x11, 0x20, 0x11, 0x1c, 0x17, 0xa0, 0x70, 0x11, 0x30, 0x11, 0x14, 0x17, 0xa0, 0x60, 0x11, 0x19, 0x11, 0x30, 0x14, 0x11, 0xa0, 0x70, 0x19, 0x11, 0x20, 0x14, 0x11, 0x1d, 0x16, 0x90, 0x70, 0x19, 0x30, 0x19, 0x1e, 0x15, 0x16, 0x90, 0x70, 0x11, 0x30, 0x11, 0x1e, 0x1b, 0x1c, 0x90, 0x70, 0x14, 0x1a, 0x20, 0x19, 0x32, 0x90, 0x80, 0x1a, 0x10, 0x1a, 0x14, 0x1b, 0x17, 0x16, 0x90, 0x80, 0x1e, 0x10, 0x14, 0x23, 0x1d, 0xa0, 0x70, 0x15, 0x10, 0x1e, 0x13, 0x11, 0x16, 0x12, 0x16, 0x90, 0x70, 0x1a, 0x11, 0x13, 0x14, 0x1d, 0x17, 0x12, 0x16, 0x90, 0x80, 0x18, 0x1f, 0x1d, 0x13, 0x1b, 0x15, 0x12, 0x90, 0xa0, 0x28, 0x17,
0x1f, 0x1c, 0x90, 0xa0, 0x1a, 0x13, 0x17, 0x18, 0x17, 0x14, 0x80, 0xa0, 0x14, 0x13, 0x12, 0x17, 0x12, 0x13, 0x80, 0xa0, 0x13, 0x12, 0x10, 0x17, 0x11, 0x12, 0x80, 0xa0, 0x18, 0x1d, 0x15, 0x1f, 0x12, 0x1c, 0x15, 0x70, 0xb0, 0x16, 0x1f, 0x1e, 0x1f, 0x15, 0x13, 0x70, 0xb0, 0x16, 0x12, 0x10, 0x16, 0x1b, 0x15, 0x70, 0xb0, 0x1b, 0x20, 0x12, 0x20, 0x15, 0x60, 0xb0, 0x18, 0x20, 0x1d, 0x90, 0xa0, 0x13, 0x10, 0x1c, 0x18, 0x12, 0x90,
// Compressed size: 183 bytes original pixels: 12544 uint16_t → ~25088 bytes uncompressed)

// Chiyo / Chiyo Auraflow V0.3 003 S2265979770 Th0.100 24 [Folder: Chiyo] - RLE compressed data (offset: 5976, size: 272)
0xa0, 0x1d, 0x27, 0xb0, 0x70, 0x29, 0x18, 0x1a, 0x12, 0x17, 0x11, 0x2a, 0x14, 0x70, 0xa0, 0x16, 0x1a, 0x14, 0x11, 0xa0, 0xa0, 0x13, 0x17, 0x1b, 0x13, 0xa0, 0xa0, 0x1c, 0x14, 0x1d, 0x16, 0xa0, 0xa0, 0x1f, 0x1a, 0x1d, 0x16, 0xa0, 0x90, 0x13, 0x12, 0x11, 0x14, 0x13, 0x1a, 0x90, 0x80, 0x21, 0x16, 0x15, 0x13, 0x11, 0x14, 0x90, 0x70, 0x1c, 0x1a, 0x15, 0x12, 0x15, 0x13, 0x12, 0x1c, 0x90, 0x60, 0x14, 0x10, 0x1a, 0x17, 0x12, 0x11, 0x13, 0x1e, 0x11, 0x1d, 0x80, 0x50, 0x1a, 0x10, 0x14, 0x29, 0x21, 0x15, 0x1e, 0x12, 0x11, 0x80, 0x80, 0x1b, 0x16, 0x12, 0x13, 0x1a, 0x17, 0x11, 0x15, 0x80, 0x50, 0x14, 0x10, 0x18, 0x1e, 0x15, 0x32, 0x17, 0x13, 0x1b, 0x18, 0x21, 0x14, 0x40, 0x70,
0x1c, 0x26, 0x11, 0x29, 0x17, 0x15, 0x28, 0x15, 0x10, 0x17, 0x11, 0x30, 0x40, 0x24, 0x10, 0x11, 0x1c, 0x11, 0x1b, 0x16, 0x18, 0x16, 0x21, 0x12, 0x30, 0x15, 0x12, 0x20, 0x60, 0x15, 0x28, 0x1c, 0x28, 0x19, 0x13, 0x17, 0x19, 0x1c, 0x12, 0x30, 0x13, 0x20, 0x60, 0x18, 0x15, 0x19, 0x17, 0x12, 0x11, 0x12, 0x17, 0x11, 0x14, 0x16, 0x1e, 0x20, 0x14, 0x30, 0x60, 0x11, 0x1b, 0x18, 0x1c, 0x12, 0x18, 0x1a, 0x1b, 0x1c, 0x2b, 0x1e, 0x13, 0x20, 0x14, 0x20, 0x60, 0x14, 0x10, 0x13, 0x17, 0x19, 0x16, 0x12, 0x15, 0x17, 0x1b, 0x11, 0x1b, 0x60, 0x70, 0x14, 0x19, 0x12, 0x16, 0x1c, 0x11, 0x19, 0x16, 0x17, 0x10, 0x1d, 0x60, 0x20, 0x13, 0x1a, 0x23, 0x15, 0x16, 0x19, 0x12, 0x1c, 0x13, 0x18,
0x1c, 0x12, 0x19, 0x11, 0x14, 0x60, 0x10, 0x13, 0x11, 0x15, 0x12, 0x17, 0x1e, 0x15, 0x26, 0x17, 0x18, 0x19, 0x1f, 0x26, 0x17, 0x21, 0x15, 0x13, 0x2d, 0x10, 0x60, 0x11, 0x15, 0x16, 0x1e, 0x17, 0x15, 0x13, 0x12, 0x16, 0x1b, 0x14, 0x1b, 0x13, 0x1d, 0x25, 0x14, 0x10, 0xb0, 0x1a, 0x14, 0xb0,
// Compressed size: 272 bytes original pixels: 12544 uint16_t → ~25088 bytes uncompressed)

// Chunho / Chunho Auraflow V0.3 029 S104851830 Th0.100 24 [Folder: Chunho] - RLE compressed data (offset: 6248, size: 194)
0xb0, 0x1c, 0xc0, 0xa0, 0x15, 0x19, 0x1a, 0xb0, 0xa0, 0x1e, 0x1d, 0x19, 0xb0, 0xa0, 0x14, 0x15, 0x14, 0x1b, 0xa0, 0x90, 0x15, 0x14, 0x1e, 0x12, 0x19, 0x1a, 0x90, 0x90, 0x1e, 0x13, 0x1c, 0x16, 0x19, 0x1a, 0x90, 0x90, 0x18, 0x1c, 0x17, 0x13, 0x12, 0x1c, 0x90, 0x90, 0x12, 0x13, 0x16, 0x17, 0x1b, 0x14, 0x90, 0x80, 0x15, 0x1c, 0x13, 0x12, 0x18, 0x14, 0x17, 0x12, 0x80, 0x80, 0x1a, 0x13, 0x19, 0x22, 0x11, 0x16, 0x14, 0x80, 0x80, 0x1a, 0x1d, 0x18, 0x11, 0x27, 0x16, 0x12, 0x80, 0x80, 0x15, 0x10, 0x14, 0x17, 0x18, 0x13, 0x11, 0x15, 0x80, 0x80, 0x1a, 0x1d, 0x12, 0x18, 0x19, 0x14, 0x13, 0x18, 0x80, 0x80, 0x1d, 0x14, 0x1d, 0x1a, 0x12, 0x14, 0x13, 0x11, 0x80, 0x60, 0x1e, 0x18,
0x12, 0x1b, 0x1c, 0x15, 0x14, 0x11, 0x17, 0x90, 0x80, 0x16, 0x15, 0x1b, 0x11, 0x16, 0x11, 0x13, 0x90, 0x70, 0x13, 0x10, 0x15, 0x1b, 0x18, 0x1d, 0x11, 0x13, 0x1b, 0x80, 0x60, 0x1e, 0x1f, 0x10, 0x18, 0x11, 0x16, 0x21, 0x17, 0x12, 0x80, 0x60, 0x12, 0x20, 0x26, 0x21, 0x14, 0x17, 0x16, 0x80, 0x60, 0x1b, 0x20, 0x11, 0x14, 0x11, 0x17, 0x19, 0x13, 0x19, 0x80, 0x80, 0x1a, 0x14, 0x13, 0x25, 0x19, 0x20, 0x13, 0x70, 0x90, 0x17, 0x30, 0x12, 0xa0, 0x80, 0x15, 0x19, 0x30, 0x18, 0x16, 0x90, 0xf0, 0x90,
// Compressed size: 194 bytes original pixels: 12544 uint16_t → ~25088 bytes uncompressed)

// Coenwulf / Coenwulf Auraflow V0.3 008 S430347125 Th0.100 24 [Folder: Coenwulf] - RLE compressed data (offset: 6442, size: 290)
0xf0, 0x90, 0x90, 0x11, 0x16, 0x1e, 0xc0, 0x90, 0x19, 0x14, 0x11, 0x1b, 0xb0, 0x80, 0x16, 0x1a, 0x23, 0x22, 0xa0, 0x70, 0x12, 0x14, 0x13, 0x18, 0x16, 0x14, 0x22, 0x90, 0x60, 0x12, 0x19, 0x14, 0x17, 0x14, 0x13, 0x36, 0x90, 0x60, 0x18, 0x16, 0x1a, 0x1f, 0x15, 0x14, 0x1d, 0x15, 0x1f, 0x19, 0x80, 0x60, 0x18, 0x13, 0x16, 0x2c, 0x1d, 0x2e, 0x17, 0x11, 0x80, 0x50, 0x1b, 0x16, 0x11, 0x1a, 0x15, 0x28, 0x11, 0x2a, 0x12, 0x1e, 0x70, 0x40, 0x14, 0x1a, 0x18, 0x13, 0x19, 0x18, 0x1c, 0x18, 0x1d, 0x13, 0x11, 0x12, 0x1a, 0x16, 0x60, 0x40, 0x1c, 0x13, 0x1b, 0x17, 0x14, 0x12, 0x18, 0x1b, 0x17, 0x21, 0x15, 0x11, 0x1d, 0x60, 0x40, 0x23, 0x1c, 0x11, 0x23, 0x1e, 0x23, 0x17, 0x11, 0x15,
0x1b, 0x19, 0x60, 0x30, 0x12, 0x15, 0x10, 0x16, 0x11, 0x19, 0x14, 0x21, 0x14, 0x11, 0x13, 0x11, 0x1d, 0x15, 0x60, 0x30, 0x1c, 0x15, 0x20, 0x15, 0x13, 0x18, 0x19, 0x17, 0x14, 0x15, 0x17, 0x12, 0x17, 0x16, 0x60, 0x70, 0x1d, 0x1e, 0x1c, 0x1a, 0x1e, 0x13, 0x17, 0x16, 0x24, 0x1a, 0x12, 0x50, 0x70, 0x15, 0x11, 0x19, 0x1e, 0x19, 0x17, 0x13, 0x12, 0x11, 0x14, 0x1d, 0x12, 0x50, 0x30, 0x16, 0x30, 0x18, 0x17, 0x1a, 0x13, 0x11, 0x17, 0x13, 0x14, 0x11, 0x1d, 0x14, 0x1c, 0x22, 0x30, 0x30, 0x18, 0x20, 0x12, 0x19, 0x17, 0x13, 0x27, 0x13, 0x11, 0x17, 0x19, 0x1d, 0x1a, 0x1e, 0x14, 0x1c, 0x12, 0x20, 0x30, 0x18, 0x20, 0x12, 0x14, 0x1a, 0x14, 0x21, 0x13, 0x15, 0x11, 0x13, 0x15, 0x2d,
0x25, 0x16, 0x12, 0x10, 0x30, 0x19, 0x20, 0x1b, 0x14, 0x11, 0x1a, 0x14, 0x17, 0x14, 0x13, 0x2c, 0x10, 0x1b, 0x15, 0x18, 0x12, 0x1b, 0x20, 0x10, 0x1a, 0x10, 0x15, 0x30, 0x2c, 0x10, 0x18, 0x19, 0x1e, 0x14, 0x11, 0x10, 0x3b, 0x15, 0x12, 0x30, 0x10, 0x1d, 0x2e, 0x16, 0x20, 0x1a, 0x19, 0x30, 0x22, 0x1d, 0x90, 0x10, 0x12, 0x19, 0x1b, 0x15, 0x10, 0x16, 0x15, 0x18, 0x50, 0x16, 0x1b, 0x80, 0xf0, 0x90,
// Compressed size: 290 bytes original pixels: 12544 uint16_t → ~25088 bytes uncompressed)

// Daphne / Daphne Auraflow V0.3 024 S670260349 Th0.100 24 [Folder: Daphne] - RLE compressed data (offset: 6732, size: 187)
0xf0, 0x90, 0xf0, 0x90, 0x90, 0x14, 0x20, 0x18, 0x13, 0x1f, 0x90, 0xb0, 0x12, 0x1d, 0x18, 0xa0, 0xa0, 0x17, 0x10, 0x19, 0xb0, 0xb0, 0x1a, 0x11, 0x1d, 0xa0, 0xa0, 0x12, 0x11, 0x28, 0xa0, 0xa0, 0x1c, 0x11, 0x15, 0x1a, 0xa0, 0xa0, 0x18, 0x11, 0x20, 0x13, 0x90, 0xa0, 0x21, 0x40, 0x13, 0x70, 0x90, 0x1c, 0x21, 0x1d, 0x10, 0x1b, 0x20, 0x15, 0x60, 0x70, 0x16, 0x1f, 0x1a, 0x21, 0x14, 0x15, 0x1f, 0x90, 0x50, 0x1b, 0x12, 0x1b, 0x15, 0x18, 0x41, 0x1e, 0x12, 0x26, 0x1e, 0x50, 0x50, 0x26, 0x19, 0x13, 0x21, 0x18, 0x1c, 0x13, 0x17, 0x16, 0x1c, 0x15, 0x60, 0x70, 0x12, 0x13, 0x14, 0x18, 0x24, 0x1d, 0x17, 0x1b, 0x19, 0x16, 0x12, 0x16, 0x1b, 0x30, 0x60, 0x16, 0x1a, 0x23, 0x11, 0x28,
0x17, 0x14, 0x17, 0x12, 0x15, 0x60, 0x70, 0x16, 0x13, 0x14, 0x1c, 0x14, 0x12, 0x1e, 0x14, 0x13, 0x1b, 0x15, 0x1a, 0x50, 0x60, 0x12, 0x19, 0x17, 0x15, 0x17, 0x13, 0x2d, 0x13, 0x19, 0x15, 0x12, 0x60, 0x70, 0x12, 0x27, 0x19, 0x1c, 0x12, 0x24, 0x10, 0x1a, 0x70, 0x70, 0x16, 0x1a, 0x10, 0x19, 0x15, 0x1e, 0x13, 0x17, 0x90, 0x60, 0x12, 0x10, 0x15, 0x10, 0x19, 0x10, 0x15, 0x12, 0x10, 0x14, 0x80, 0xa0, 0x14, 0x40, 0x17, 0x13, 0x70, 0xf0, 0x90, 0xf0, 0x90,
// Compressed size: 187 bytes original pixels: 12544 uint16_t → ~25088 bytes uncompressed)

// Daria / Daria Auraflow V0.3 002 S1562242478 Th0.100 24 [Folder: Daria] - RLE compressed data (offset: 6919, size: 237)
0xf0, 0x90, 0x90, 0x17, 0x12, 0x19, 0xc0, 0x90, 0x11, 0x12, 0x16, 0xc0, 0x90, 0x15, 0x16, 0x1b, 0x1c, 0xb0, 0x80, 0x1c, 0x1e, 0x1d, 0x15, 0x16, 0xb0, 0x80, 0x13, 0x1a, 0x15, 0x21, 0xb0, 0x80, 0x14, 0x25, 0x18, 0x1e, 0x17, 0x1c, 0x90, 0x80, 0x14, 0x15, 0x1e, 0x18, 0x1c, 0x17, 0x19, 0x1c, 0x80, 0x80, 0x15, 0x21, 0x1e, 0x11, 0x19, 0x14, 0x1c, 0x10, 0x13, 0x60, 0x80, 0x13, 0x1e, 0x1b, 0x11, 0x15, 0x1a, 0x13, 0x10, 0x13, 0x70, 0x80, 0x1a, 0x1e, 0x17, 0x16, 0x11, 0x15, 0x19, 0x13, 0x80, 0x80, 0x25, 0x16, 0x21, 0x1e, 0x1a, 0x1c, 0x80, 0x80, 0x14, 0x15, 0x16, 0x18, 0x11, 0x1f, 0x11, 0x23, 0x70, 0x80, 0x1c, 0x15, 0x12, 0x16, 0x1b, 0x18, 0x1a, 0x29, 0x70, 0x80, 0x14, 0x1f,
0x12, 0x18, 0x25, 0x19, 0x1a, 0x14, 0x1d, 0x60, 0x80, 0x1c, 0x14, 0x22, 0x18, 0x19, 0x1e, 0x17, 0x1f, 0x13, 0x60, 0x80, 0x13, 0x17, 0x22, 0x18, 0x11, 0x15, 0x19, 0x14, 0x1d, 0x17, 0x50, 0x80, 0x13, 0x14, 0x12, 0x1b, 0x18, 0x11, 0x2a, 0x27, 0x16, 0x50, 0x80, 0x13, 0x26, 0x12, 0x1b, 0x11, 0x1f, 0x19, 0x14, 0x16, 0x60, 0x70, 0x13, 0x17, 0x11, 0x22, 0x1b, 0x18, 0x1a, 0x19, 0x1a, 0x1c, 0x1d, 0x50, 0x70, 0x1d, 0x14, 0x11, 0x16, 0x18, 0x11, 0x18, 0x1f, 0x1a, 0x1c, 0x19, 0x13, 0x14, 0x40, 0x50, 0x1d, 0x14, 0x13, 0x11, 0x28, 0x12, 0x1b, 0x18, 0x1e, 0x11, 0x1a, 0x13, 0x19, 0x1a, 0x13, 0x17, 0x20, 0x40, 0x14, 0x17, 0x13, 0x14, 0x12, 0x3b, 0x16, 0x12, 0x1b, 0x1f, 0x27, 0x1b,
0x2f, 0x11, 0x20, 0xa0, 0x16, 0x22, 0x14, 0x3d, 0x12, 0x16, 0x12, 0x1b, 0x30,
// Compressed size: 237 bytes original pixels: 12544 uint16_t → ~25088 bytes uncompressed)

// Eadgyth / Eadgyth Auraflow V0.3 034 S3813406781 Th0.100 24 [Folder: Eadgyth] - RLE compressed data (offset: 7156, size: 185)
0xf0, 0x90, 0xa0, 0x16, 0x15, 0x1e, 0x30, 0x11, 0x14, 0x12, 0x14, 0x40, 0xa0, 0x15, 0x1a, 0x1e, 0x12, 0x20, 0x15, 0x12, 0x13, 0x14, 0x40, 0xa0, 0x18, 0x13, 0x17, 0x30, 0x14, 0x10, 0x1c, 0x50, 0x90, 0x12, 0x11, 0x17, 0x15, 0x30, 0x14, 0x10, 0x1c, 0x50, 0x90, 0x11, 0x12, 0x14, 0x12, 0x14, 0x30, 0x1a, 0x60, 0x90, 0x1d, 0x16, 0x11, 0x17, 0x14, 0xa0, 0x80, 0x1d, 0x11, 0x16, 0x11, 0x1c, 0x12, 0x10, 0x18, 0x14, 0x70, 0x70, 0x12, 0x1d, 0x10, 0x1d, 0x11, 0x14, 0x1c, 0x10, 0x13, 0x80, 0x70, 0x12, 0x19, 0x10, 0x12, 0x13, 0x15, 0x12, 0x19, 0x13, 0x80, 0x80, 0x1b, 0x11, 0x25, 0x17, 0x18, 0x10, 0x13, 0x80, 0x80, 0x1b, 0x10, 0x1b, 0x19, 0x11, 0x1c, 0x10, 0x18, 0x80, 0xa0, 0x21,
0x13, 0x17, 0x10, 0x14, 0x80, 0xa0, 0x11, 0x1b, 0x11, 0x17, 0x11, 0x15, 0x80, 0xa0, 0x16, 0x19, 0x18, 0x15, 0xa0, 0xa0, 0x1a, 0x11, 0x15, 0x13, 0xa0, 0xa0, 0x1a, 0x23, 0x12, 0xa0, 0x90, 0x1a, 0x13, 0x10, 0x19, 0x13, 0xa0, 0x90, 0x11, 0x18, 0x1e, 0x15, 0x17, 0xa0, 0x90, 0x11, 0x19, 0x10, 0x1b, 0x12, 0xa0, 0xa0, 0x1a, 0x10, 0x16, 0x18, 0xa0, 0xa0, 0x16, 0x10, 0x16, 0x13, 0xa0, 0xa0, 0x1d, 0x10, 0x26, 0x1b, 0x90, 0xa0, 0x19, 0x1e, 0xc0,
// Compressed size: 185 bytes original pixels: 12544 uint16_t → ~25088 bytes uncompressed)

// Edith / Edith Auraflow V0.3 010 S1173902871 Th0.100 24 [Folder: Edith] - RLE compressed data (offset: 7341, size: 216)
0xf0, 0x90, 0xa0, 0x11, 0x1e, 0x13, 0xb0, 0xa0, 0x13, 0x1a, 0x22, 0xa0, 0xb0, 0x13, 0x11, 0x12, 0xa0, 0xb0, 0x13, 0x1c, 0x12, 0xa0, 0xb0, 0x23, 0x15, 0xa0, 0xa0, 0x1a, 0x13, 0x14, 0x11, 0x13, 0x90, 0xa0, 0x1a, 0x25, 0x11, 0x18, 0x90, 0x90, 0x13, 0x1a, 0x12, 0x1f, 0x11, 0x1b, 0x90, 0x90, 0x1d, 0x14, 0x19, 0x1d, 0x15, 0x1b, 0x90, 0x60, 0x2a, 0x10, 0x24, 0x1d, 0x27, 0x1b, 0x2a, 0x70, 0x70, 0x18, 0x13, 0x1e, 0x14, 0x19, 0x17, 0x12, 0x14, 0x13, 0x1a, 0x18, 0x60, 0x80, 0x18, 0x1e, 0x14, 0x11, 0x15, 0x17, 0x1e, 0x18, 0x80, 0x80, 0x18, 0x1f, 0x13, 0x19, 0x1c, 0x11, 0x14, 0x1b, 0x80, 0x80, 0x1a, 0x15, 0x19, 0x11, 0x14, 0x16, 0x11, 0x13, 0x80, 0x80, 0x13, 0x15, 0x12, 0x11,
0x16, 0x14, 0x27, 0x80, 0x80, 0x1c, 0x1e, 0x1f, 0x17, 0x13, 0x22, 0x11, 0x18, 0x70, 0x80, 0x25, 0x12, 0x11, 0x1b, 0x1d, 0x19, 0x11, 0x18, 0x70, 0x70, 0x11, 0x1f, 0x1c, 0x12, 0x17, 0x1b, 0x1d, 0x14, 0x15, 0x14, 0x70, 0x70, 0x15, 0x1c, 0x15, 0x12, 0x17, 0x19, 0x16, 0x1e, 0x19, 0x1e, 0x16, 0x60, 0x70, 0x1f, 0x12, 0x1f, 0x12, 0x19, 0x1b, 0x11, 0x1e, 0x1d, 0x14, 0x16, 0x60, 0x60, 0x14, 0x1f, 0x12, 0x17, 0x36, 0x1b, 0x16, 0x1d, 0x14, 0x16, 0x60, 0x50, 0x11, 0x2c, 0x12, 0x18, 0x1d, 0x1b, 0x18, 0x19, 0x16, 0x1d, 0x15, 0x16, 0x11, 0x50, 0x50, 0x15, 0x19, 0x2c, 0x13, 0x12, 0x19, 0x14, 0x11, 0x15, 0x11, 0x17, 0x18, 0x17, 0x50,
// Compressed size: 216 bytes original pixels: 12544 uint16_t → ~25088 bytes uncompressed)

// Edwin / Edwin Auraflow V0.3 009 S1027019353 Th0.100 24 [Folder: Edwin] - RLE compressed data (offset: 7557, size: 232)
0xf0, 0x90, 0x60, 0x1c, 0x40, 0x1c, 0x1e, 0x18, 0xa0, 0x70, 0x1c, 0x30, 0x17, 0x14, 0x13, 0xa0, 0x70, 0x1c, 0x40, 0x19, 0x14, 0x11, 0x90, 0x50, 0x3c, 0x40, 0x18, 0x13, 0x11, 0x18, 0x80, 0x60, 0x17, 0x1c, 0x30, 0x1c, 0x12, 0x17, 0x11, 0x18, 0x11, 0x12, 0x60, 0x60, 0x1c, 0x30, 0x27, 0x19, 0x14, 0x18, 0x13, 0x15, 0x13, 0x60, 0x60, 0x17, 0x30, 0x17, 0x1e, 0x17, 0x1a, 0x25, 0x14, 0x16, 0x60, 0xa0, 0x19, 0x18, 0x23, 0x11, 0x15, 0x1b, 0x11, 0x60, 0x70, 0x1a, 0x27, 0x14, 0x13, 0x1d, 0x11, 0x16, 0x1d, 0x18, 0x15, 0x60, 0x70, 0x1a, 0x12, 0x1e, 0x11, 0x17, 0x18, 0x14, 0x26, 0x13, 0x15, 0x19, 0x50, 0x70, 0x17, 0x1e, 0x1d, 0x18, 0x19, 0x11, 0x18, 0x15, 0x2d, 0x15, 0x12, 0x50,
0x70, 0x1c, 0x13, 0x14, 0x29, 0x1e, 0x25, 0x1d, 0x21, 0x13, 0x50, 0x70, 0x18, 0x19, 0x1d, 0x39, 0x11, 0x26, 0x14, 0x15, 0x12, 0x50, 0x70, 0x19, 0x12, 0x1d, 0x13, 0x12, 0x17, 0x13, 0x11, 0x24, 0x11, 0x1d, 0x50, 0x70, 0x1f, 0x20, 0x2a, 0x16, 0x11, 0x15, 0x1a, 0x1b, 0x11, 0x1d, 0x50, 0x70, 0x14, 0x10, 0x2a, 0x12, 0x18, 0x25, 0x16, 0x13, 0x16, 0x1b, 0x50, 0x70, 0x1b, 0x20, 0x1e, 0x13, 0x1b, 0x15, 0x11, 0x16, 0x1b, 0x1d, 0x1b, 0x12, 0x40, 0x70, 0x1a, 0x20, 0x1a, 0x2b, 0x21, 0x15, 0x12, 0x18, 0x12, 0x1b, 0x40, 0xa0, 0x2a, 0x13, 0x31, 0x12, 0x15, 0x14, 0x50, 0xa0, 0x19, 0x14, 0x46, 0x14, 0x18, 0x14, 0x50, 0xa0, 0x22, 0x14, 0x1b, 0x14, 0x16, 0x23, 0x14, 0x50, 0xa0, 0x17,
0x12, 0x1b, 0x12, 0x23, 0x32, 0x50, 0xf0, 0x90,
// Compressed size: 232 bytes original pixels: 12544 uint16_t → ~25088 bytes uncompressed)

// Eira / Eira Auraflow V0.3 010 S3012859125 Th0.100 24 [Folder: Eira] - RLE compressed data (offset: 7789, size: 181)
0xf0, 0x90, 0xc0, 0x17, 0xb0, 0xb0, 0x15, 0x1e, 0x12, 0xa0, 0xa0, 0x16, 0x1b, 0x16, 0x18, 0xa0, 0x90, 0x16, 0x12, 0x2d, 0xb0, 0x80, 0x14, 0x12, 0x11, 0x12, 0x11, 0x17, 0xa0, 0x70, 0x18, 0x17, 0x26, 0x1e, 0x18, 0x16, 0xa0, 0x70, 0x15, 0x17, 0x18, 0x11, 0x12, 0x1f, 0x12, 0xa0, 0x70, 0x1a, 0x14, 0x1b, 0x11, 0x15, 0x14, 0x1e, 0xa0, 0x70, 0x1d, 0x14, 0x11, 0x17, 0x18, 0x1a, 0x14, 0xa0, 0x80, 0x13, 0x19, 0x15, 0x14, 0x1f, 0x17, 0x18, 0x90, 0xa0, 0x1c, 0x24, 0x1a, 0x18, 0x90, 0xa0, 0x14, 0x12, 0x2a, 0x15, 0x12, 0x80, 0xa0, 0x16, 0x17, 0x15, 0x1b, 0x15, 0x90, 0xa0, 0x16, 0x11, 0x12, 0x14, 0x11, 0x1d, 0x80, 0x90, 0x16, 0x17, 0x11, 0x12, 0x11, 0x1e, 0x1c, 0x16, 0x70, 0x90,
0x1e, 0x1b, 0x22, 0x11, 0x18, 0x23, 0x19, 0x60, 0x90, 0x25, 0x10, 0x1e, 0x21, 0x19, 0x1d, 0x19, 0x23, 0x40, 0x80, 0x11, 0x1b, 0x10, 0x1c, 0x15, 0x1a, 0x11, 0x33, 0x60, 0x90, 0x11, 0x10, 0x1d, 0x12, 0x1b, 0x30, 0x19, 0x60, 0x90, 0x1b, 0x10, 0x13, 0x10, 0x15, 0x20, 0x1c, 0x10, 0x1c, 0x50, 0x80, 0x13, 0x11, 0x30, 0x14, 0xa0, 0x80, 0x14, 0x15, 0x20, 0x19, 0x1a, 0x12, 0x90, 0x70, 0x19, 0x23, 0x1c, 0x10, 0x16, 0xb0,
// Compressed size: 181 bytes original pixels: 12544 uint16_t → ~25088 bytes uncompressed)

// Eleanor / Eleanor Auraflow V0.3 011 S1911104805 Th0.100 24 [Folder: Eleanor] - RLE compressed data (offset: 7970, size: 164)
0xf0, 0x90, 0xf0, 0x90, 0xf0, 0x90, 0xa0, 0x12, 0x23, 0xb0, 0x90, 0x1e, 0x14, 0x18, 0x16, 0x20, 0x1e, 0x80, 0x80, 0x26, 0x1b, 0x12, 0x11, 0x20, 0x1e, 0x80, 0x90, 0x16, 0x18, 0x13, 0x30, 0x11, 0x80, 0xa0, 0x18, 0x1c, 0x16, 0x20, 0x11, 0x80, 0x90, 0x11, 0x13, 0x15, 0x18, 0x20, 0x16, 0x80, 0xa0, 0x1d, 0x17, 0x12, 0x10, 0x11, 0x1b, 0x80, 0xb0, 0x19, 0x24, 0xa0, 0xa0, 0x13, 0x11, 0x19, 0x20, 0x13, 0x80, 0x90, 0x16, 0x17, 0x14, 0x18, 0x20, 0x1a, 0x80, 0x90, 0x1c, 0x14, 0x1f, 0x18, 0x20, 0x17, 0x80, 0x90, 0x13, 0x15, 0x14, 0x19, 0x12, 0x10, 0x17, 0x80, 0x90, 0x1c, 0x19, 0x15, 0x1b, 0x12, 0x10, 0x15, 0x80, 0xa0, 0x1a, 0x19, 0x1b, 0x13, 0x10, 0x12, 0x80, 0x80, 0x21, 0x15,
0x14, 0x12, 0x17, 0xa0, 0x90, 0x13, 0x14, 0x15, 0x18, 0x1a, 0xa0, 0x90, 0x1a, 0x1c, 0x19, 0x12, 0x1d, 0xa0, 0x90, 0x18, 0x14, 0x15, 0x17, 0x1b, 0x10, 0x11, 0x80, 0x90, 0x19, 0x15, 0x14, 0x19, 0x16, 0x10, 0x16, 0x80, 0x80, 0x12, 0x13, 0x25, 0x1d, 0x20, 0x11, 0x80, 0x80, 0x1a, 0x17, 0x1a, 0x1d, 0x17, 0x12, 0xa0,
// Compressed size: 164 bytes original pixels: 12544 uint16_t → ~25088 bytes uncompressed)

// Elvina / Elvina Auraflow V0.3 028 S1671827084 Th0.100 24 [Folder: Elvina] - RLE compressed data (offset: 8134, size: 189)
0xf0, 0x90, 0xa0, 0x18, 0x1c, 0x18, 0x19, 0xa0, 0xa0, 0x16, 0x1d, 0x16, 0x19, 0xa0, 0x90, 0x18, 0x16, 0x1d, 0x16, 0x10, 0x15, 0x90, 0x90, 0x1d, 0x14, 0x29, 0x10, 0x18, 0x90, 0x90, 0x16, 0x12, 0x14, 0x29, 0x1e, 0x90, 0x90, 0x23, 0x12, 0x16, 0x14, 0x10, 0x12, 0x80, 0x90, 0x15, 0x1a, 0x11, 0x1c, 0x12, 0x1a, 0x90, 0x90, 0x14, 0x10, 0x15, 0x13, 0x16, 0x11, 0x90, 0x90, 0x1b, 0x18, 0x1e, 0x13, 0x16, 0x18, 0x90, 0x90, 0x15, 0x1b, 0x21, 0x16, 0x19, 0x90, 0x90, 0x1e, 0x21, 0x15, 0x12, 0xa0, 0x90, 0x11, 0x1b, 0x11, 0x17, 0x16, 0x19, 0x90, 0x80, 0x1a, 0x18, 0x1b, 0x17, 0x1e, 0x1a, 0x18, 0x90, 0x70, 0x12, 0x10, 0x14, 0x17, 0x11, 0x14, 0x1b, 0x11, 0x90, 0x90, 0x11, 0x13, 0x11,
0x1c, 0x1e, 0x15, 0x90, 0x90, 0x17, 0x11, 0x23, 0x14, 0x12, 0x90, 0x90, 0x17, 0x13, 0x11, 0x27, 0x13, 0x90, 0x80, 0x1d, 0x15, 0x11, 0x15, 0x12, 0x17, 0xa0, 0x70, 0x16, 0x14, 0x17, 0x13, 0x11, 0x14, 0x15, 0xa0, 0x70, 0x11, 0x1a, 0x1b, 0x11, 0x17, 0x1b, 0x12, 0xa0, 0x50, 0x12, 0x14, 0x11, 0x2a, 0x11, 0x22, 0x19, 0xa0, 0x40, 0x17, 0x14, 0x1c, 0x15, 0x11, 0x23, 0x22, 0x18, 0xa0, 0x20, 0x19, 0x1c, 0x1d, 0x13, 0x15, 0x1a, 0x21, 0x14, 0x15, 0x13, 0x1c, 0x18, 0x90,
// Compressed size: 189 bytes original pixels: 12544 uint16_t → ~25088 bytes uncompressed)

// Equitia / Equitia Auraflow V0.3 011 S1927335074 Th0.100 24 [Folder: Equitia] - RLE compressed data (offset: 8323, size: 265)
0xf0, 0x90, 0xb0, 0x18, 0x16, 0xb0, 0xa0, 0x1c, 0x18, 0x15, 0xb0, 0x50, 0x16, 0x13, 0x30, 0x16, 0x1c, 0x19, 0x18, 0xa0, 0x50, 0x16, 0x1b, 0x30, 0x26, 0x28, 0x16, 0x90, 0x50, 0x1a, 0x29, 0x16, 0x10, 0x14, 0x1e, 0x21, 0xa0, 0x50, 0x29, 0x13, 0x1b, 0x16, 0x24, 0x11, 0x44, 0x70, 0x40, 0x1b, 0x19, 0x15, 0x12, 0x13, 0x18, 0x16, 0x1e, 0x1c, 0x20, 0x16, 0x80, 0x30, 0x16, 0x25, 0x10, 0x15, 0x13, 0x19, 0x14, 0x16, 0x14, 0x1e, 0xa0, 0x30, 0x1b, 0x15, 0x11, 0x10, 0x13, 0x25, 0x1a, 0x16, 0x12, 0x1c, 0xa0, 0x70, 0x13, 0x22, 0x1b, 0x21, 0x12, 0x14, 0x1c, 0x80, 0x60, 0x16, 0x13, 0x12, 0x1b, 0x12, 0x17, 0x11, 0x19, 0x1e, 0x14, 0x80, 0x60, 0x12, 0x15, 0x12, 0x19, 0x13, 0x1f, 0x11,
0x1d, 0x11, 0x14, 0x16, 0x70, 0x60, 0x33, 0x22, 0x1d, 0x11, 0x1c, 0x1d, 0x17, 0x14, 0x1b, 0x60, 0x60, 0x18, 0x19, 0x23, 0x15, 0x13, 0x17, 0x11, 0x13, 0x17, 0x16, 0x14, 0x28, 0x10, 0x1a, 0x20, 0x60, 0x13, 0x12, 0x13, 0x15, 0x33, 0x17, 0x1d, 0x11, 0x2e, 0x14, 0x18, 0x11, 0x1c, 0x20, 0x60, 0x15, 0x12, 0x10, 0x12, 0x17, 0x19, 0x13, 0x1d, 0x17, 0x1d, 0x11, 0x1a, 0x11, 0x14, 0x27, 0x20, 0x50, 0x19, 0x12, 0x20, 0x15, 0x1a, 0x27, 0x11, 0x17, 0x1d, 0x11, 0x1c, 0x21, 0x17, 0x30, 0x40, 0x22, 0x30, 0x15, 0x14, 0x1a, 0x17, 0x1d, 0x21, 0x19, 0x1a, 0x17, 0x14, 0x1c, 0x30, 0x40, 0x12, 0x40, 0x13, 0x14, 0x1a, 0x17, 0x31, 0x1c, 0x11, 0x1a, 0x28, 0x30, 0x40, 0x12, 0x40, 0x12, 0x18,
0x1c, 0x17, 0x2a, 0x21, 0x18, 0x10, 0x16, 0x40, 0x40, 0x15, 0x40, 0x15, 0x20, 0x19, 0x1a, 0x1b, 0x1a, 0x1b, 0x70, 0x40, 0x19, 0x18, 0x30, 0x12, 0x10, 0x18, 0x15, 0x10, 0x17, 0x12, 0x80, 0x40, 0x15, 0x40, 0x15, 0x10, 0x1a, 0x1b, 0x10, 0x1b, 0x90,
// Compressed size: 265 bytes original pixels: 12544 uint16_t → ~25088 bytes uncompressed)

// Erna / Erna Auraflow V0.3 031 S3273977514 Th0.100 24 [Folder: Erna] - RLE compressed data (offset: 8588, size: 283)
0xf0, 0x90, 0xe0, 0x17, 0x16, 0x80, 0xe0, 0x14, 0x1a, 0x80, 0xc0, 0x15, 0x1d, 0x14, 0x1a, 0x1e, 0x70, 0xa0, 0x1a, 0x1b, 0x14, 0x17, 0x11, 0x17, 0x12, 0x1a, 0x60, 0x60, 0x22, 0x1b, 0x12, 0x11, 0x12, 0x17, 0x21, 0x12, 0x15, 0x17, 0x60, 0x60, 0x13, 0x12, 0x16, 0x19, 0x1d, 0x23, 0x14, 0x22, 0x17, 0x13, 0x60, 0x50, 0x1b, 0x18, 0x16, 0x14, 0x1c, 0x12, 0x11, 0x1e, 0x1d, 0x11, 0x16, 0x14, 0x1c, 0x60, 0x40, 0x1e, 0x1a, 0x11, 0x18, 0x12, 0x16, 0x1d, 0x11, 0x10, 0x12, 0x16, 0x14, 0x15, 0x16, 0x60, 0x40, 0x1b, 0x1a, 0x19, 0x12, 0x1e, 0x15, 0x12, 0x11, 0x1e, 0x14, 0x16, 0x21, 0x12, 0x15, 0x50, 0x30, 0x1b, 0x12, 0x19, 0x16, 0x18, 0x21, 0x19, 0x1c, 0x10, 0x11, 0x29, 0x16, 0x17,
0x12, 0x50, 0x30, 0x1a, 0x16, 0x12, 0x11, 0x18, 0x11, 0x19, 0x18, 0x21, 0x15, 0x34, 0x11, 0x15, 0x50, 0x30, 0x19, 0x1d, 0x13, 0x21, 0x19, 0x18, 0x21, 0x15, 0x22, 0x16, 0x27, 0x15, 0x50, 0x20, 0x1b, 0x19, 0x1d, 0x1b, 0x12, 0x19, 0x1d, 0x11, 0x1d, 0x16, 0x17, 0x19, 0x15, 0x13, 0x17, 0x14, 0x1c, 0x50, 0x20, 0x1e, 0x16, 0x19, 0x1a, 0x12, 0x13, 0x19, 0x18, 0x12, 0x18, 0x12, 0x14, 0x13, 0x11, 0x1c, 0x15, 0x14, 0x50, 0x20, 0x1a, 0x18, 0x19, 0x14, 0x18, 0x10, 0x13, 0x15, 0x1d, 0x12, 0x10, 0x15, 0x14, 0x17, 0x25, 0x60, 0x20, 0x12, 0x26, 0x23, 0x10, 0x12, 0x1b, 0x13, 0x1d, 0x30, 0x17, 0x10, 0x11, 0x60, 0x20, 0x1c, 0x16, 0x2c, 0x1e, 0x10, 0x13, 0x20, 0x15, 0x30, 0x17, 0x31,
0x50, 0x20, 0x23, 0x10, 0x18, 0x10, 0x13, 0x1b, 0x20, 0x13, 0x1b, 0x20, 0x18, 0x14, 0x1d, 0x16, 0x50, 0x20, 0x1b, 0x1a, 0x10, 0x1c, 0x15, 0x10, 0x1a, 0x20, 0x1e, 0x1c, 0x30, 0x18, 0x10, 0x14, 0x50, 0x50, 0x1a, 0x13, 0x10, 0x1b, 0x1e, 0x20, 0x15, 0x30, 0x14, 0x1a, 0x60, 0x50, 0x11, 0x18, 0x50, 0x1c, 0x18, 0x13, 0x12, 0x17, 0x70, 0xf0, 0x90, 0xf0, 0x90,
// Compressed size: 283 bytes original pixels: 12544 uint16_t → ~25088 bytes uncompressed)

// Evelyn / Evelyn Auraflow V0.3 001 S978094367 Th0.100 24 [Folder: Evelyn] - RLE compressed data (offset: 8871, size: 173)
0xf0, 0x90, 0x80, 0x1e, 0x32, 0x11, 0xb0, 0x80, 0x16, 0x12, 0x1b, 0x15, 0x13, 0xb0, 0x90, 0x12, 0x1b, 0x15, 0x13, 0xb0, 0x90, 0x1e, 0x12, 0x17, 0xc0, 0x80, 0x15, 0x14, 0x1a, 0x1b, 0x17, 0xb0, 0x80, 0x1d, 0x1c, 0x17, 0x14, 0x17, 0xb0, 0x80, 0x19, 0x14, 0x15, 0x1b, 0x1c, 0x19, 0xa0, 0x80, 0x1a, 0x1d, 0x22, 0x1b, 0xb0, 0x80, 0x11, 0x10, 0x22, 0x1b, 0x1c, 0xa0, 0xa0, 0x14, 0x12, 0x16, 0x1b, 0xa0, 0xa0, 0x18, 0x11, 0x1a, 0x12, 0xa0, 0x90, 0x1c, 0x1e, 0x11, 0x17, 0x14, 0x13, 0x90, 0x90, 0x1c, 0x17, 0x1c, 0x15, 0x19, 0x1e, 0x90, 0x90, 0x1a, 0x38, 0x11, 0x1e, 0x90, 0x80, 0x1d, 0x11, 0x1b, 0x18, 0x11, 0x1a, 0xa0, 0x90, 0x19, 0x15, 0x14, 0x19, 0x16, 0x19, 0x90, 0x80, 0x13,
0x18, 0x1c, 0x21, 0x15, 0xa0, 0x70, 0x13, 0x1d, 0x14, 0x17, 0x14, 0x25, 0x19, 0x90, 0x70, 0x1d, 0x11, 0x18, 0x12, 0x28, 0x1a, 0x13, 0x90, 0x60, 0x19, 0x1a, 0x17, 0x12, 0x14, 0x11, 0x12, 0x16, 0xa0, 0x40, 0x1a, 0x16, 0x14, 0x26, 0x1e, 0x11, 0x17, 0x15, 0x26, 0x90, 0x40, 0x13, 0x16, 0x11, 0x15, 0x13, 0x24, 0x17, 0x11, 0x23, 0x90, 0x60, 0x1d, 0x23, 0x11, 0x13, 0xd0,
// Compressed size: 173 bytes original pixels: 12544 uint16_t → ~25088 bytes uncompressed)

// Falon / Falon Auraflow V0.3 024 S974999518 Th0.100 24 [Folder: Falon] - RLE compressed data (offset: 9044, size: 172)
0xf0, 0x90, 0xf0, 0x90, 0xa0, 0x13, 0x15, 0xc0, 0xa0, 0x1d, 0x13, 0x1c, 0xb0, 0xa0, 0x14, 0x1c, 0x27, 0x16, 0x13, 0x80, 0xb0, 0x13, 0x15, 0x2c, 0x13, 0x80, 0xa0, 0x1a, 0x11, 0x16, 0x14, 0x23, 0x16, 0x19, 0x60, 0xa0, 0x18, 0x11, 0x15, 0x17, 0x20, 0x1a, 0x19, 0x60, 0xa0, 0x11, 0x1a, 0x10, 0x17, 0x40, 0x19, 0x50, 0x90, 0x14, 0x18, 0x11, 0x16, 0x11, 0xa0, 0x80, 0x17, 0x1a, 0x25, 0x11, 0x1f, 0x12, 0x90, 0x80, 0x11, 0x10, 0x1a, 0x17, 0x19, 0x15, 0x12, 0x90, 0x80, 0x19, 0x10, 0x15, 0x17, 0x15, 0x32, 0x80, 0x90, 0x16, 0x11, 0x15, 0x11, 0x18, 0x12, 0x1b, 0x80, 0x90, 0x14, 0x1c, 0x11, 0x1a, 0x11, 0x1e, 0x1b, 0x12, 0x70, 0x90, 0x1f, 0x28, 0x11, 0x15, 0x1b, 0x12, 0x1b, 0x70,
0x90, 0x16, 0x18, 0x14, 0x11, 0x2e, 0x16, 0x13, 0x70, 0xa0, 0x1a, 0x14, 0x1a, 0x11, 0x12, 0x13, 0x80, 0xa0, 0x18, 0x1d, 0x1b, 0x18, 0x12, 0x1b, 0x80, 0xa0, 0x1c, 0x10, 0x1d, 0x14, 0x1e, 0x1b, 0x14, 0x70, 0x90, 0x17, 0x19, 0x20, 0x16, 0x18, 0x24, 0x70, 0x90, 0x1d, 0x30, 0x16, 0x1e, 0x29, 0x70, 0x80, 0x12, 0x1f, 0x1d, 0x30, 0x17, 0x30, 0x13, 0x50, 0xf0, 0x90,
// Compressed size: 172 bytes original pixels: 12544 uint16_t → ~25088 bytes uncompressed)

// Fenja / Fenja Auraflow V0.3 024 S1310596206 Th0.100 24 [Folder: Fenja] - RLE compressed data (offset: 9216, size: 230)
0xf0, 0x90, 0xa0, 0x1d, 0x13, 0x10, 0x17, 0xa0, 0xa0, 0x1e, 0x14, 0x1d, 0x18, 0x17, 0x90, 0xa0, 0x19, 0x15, 0x1b, 0x13, 0x1c, 0x90, 0xb0, 0x15, 0x16, 0x1b, 0x11, 0x1c, 0x1e, 0x17, 0x60, 0xa0, 0x15, 0x16, 0x15, 0x14, 0x13, 0x2c, 0x70, 0x60, 0x1b, 0x20, 0x14, 0x13, 0x17, 0x14, 0x1b, 0x1e, 0x18, 0x1c, 0x11, 0x60, 0x70, 0x14, 0x11, 0x18, 0x24, 0x26, 0x1b, 0x13, 0x11, 0x1c, 0x60, 0x80, 0x16, 0x19, 0x10, 0x15, 0x16, 0x1b, 0x14, 0x11, 0x1d, 0x1c, 0x11, 0x1e, 0x40, 0xa0, 0x29, 0x1a, 0x14, 0x18, 0x13, 0x18, 0x11, 0x1c, 0x50, 0xa0, 0x2a, 0x19, 0x1b, 0x18, 0x1d, 0x11, 0x1d, 0x11, 0x1c, 0x40, 0x80, 0x1c, 0x18, 0x12, 0x14, 0x12, 0x16, 0x28, 0x1c, 0x10, 0x21, 0x40, 0x70, 0x11,
0x1d, 0x13, 0x16, 0x19, 0x22, 0x13, 0x1d, 0x13, 0x21, 0x50, 0x80, 0x11, 0x1d, 0x12, 0x15, 0x2a, 0x17, 0x18, 0x11, 0x2e, 0x17, 0x40, 0x80, 0x11, 0x10, 0x12, 0x19, 0x1a, 0x16, 0x18, 0x1d, 0x11, 0x13, 0x1e, 0x50, 0xa0, 0x26, 0x19, 0x15, 0x11, 0x27, 0x70, 0x90, 0x14, 0x15, 0x1a, 0x15, 0x19, 0x11, 0x18, 0x11, 0x17, 0x60, 0x90, 0x14, 0x15, 0x19, 0x1a, 0x15, 0x18, 0x10, 0x17, 0x70, 0x80, 0x2f, 0x1a, 0x12, 0x1a, 0x16, 0x17, 0x13, 0x18, 0x1f, 0x60, 0x70, 0x14, 0x1b, 0x19, 0x1a, 0x32, 0x1b, 0x1f, 0x13, 0x70, 0x60, 0x2b, 0x15, 0x16, 0x42, 0x1b, 0x14, 0x80, 0x70, 0x14, 0x16, 0x22, 0x15, 0x12, 0x15, 0x19, 0x13, 0x37, 0x50, 0x60, 0x1f, 0x19, 0x16, 0x1a, 0x22, 0x1a, 0x22, 0x15,
0x23, 0x1d, 0x13, 0x40, 0xf0, 0x90,
// Compressed size: 230 bytes original pixels: 12544 uint16_t → ~25088 bytes uncompressed)

// Fiona / Fiona Auraflow V0.3 032 S2086699638 Th0.100 24 [Folder: Fiona] - RLE compressed data (offset: 9446, size: 221)
0xb0, 0x1a, 0xc0, 0xa0, 0x13, 0x2a, 0xb0, 0xa0, 0x13, 0x1a, 0x13, 0x1c, 0xa0, 0xa0, 0x14, 0x1f, 0x1a, 0x17, 0xa0, 0xa0, 0x1b, 0x13, 0x1a, 0x14, 0xa0, 0x90, 0x12, 0x1e, 0x1f, 0x1a, 0x18, 0x16, 0x90, 0x90, 0x12, 0x1e, 0x13, 0x1a, 0x1d, 0x1b, 0x90, 0x90, 0x1e, 0x12, 0x1e, 0x1a, 0x10, 0x12, 0x90, 0x80, 0x16, 0x12, 0x23, 0x1a, 0x10, 0x11, 0x90, 0x90, 0x12, 0x23, 0x12, 0x1c, 0x18, 0x90, 0x90, 0x13, 0x18, 0x1f, 0x19, 0x1c, 0x11, 0x90, 0x90, 0x1e, 0x12, 0x1f, 0x14, 0x1c, 0x18, 0x90, 0x90, 0x21, 0x13, 0x11, 0x1c, 0x12, 0x90, 0x90, 0x21, 0x1a, 0x18, 0x14, 0x18, 0x90, 0x80, 0x12, 0x1d, 0x11, 0x1a, 0x19, 0x15, 0x17, 0x90, 0x80, 0x18, 0x19, 0x11, 0x1e, 0x11, 0x17, 0x1c, 0x90,
0x70, 0x16, 0x18, 0x1d, 0x11, 0x18, 0x16, 0x17, 0x15, 0x1e, 0x80, 0x70, 0x15, 0x39, 0x11, 0x12, 0x17, 0x15, 0x1b, 0x80, 0x70, 0x18, 0x11, 0x13, 0x29, 0x18, 0x14, 0x1c, 0x14, 0x1c, 0x70, 0x60, 0x15, 0x12, 0x16, 0x13, 0x15, 0x12, 0x1e, 0x1b, 0x16, 0x24, 0x70, 0x60, 0x18, 0x1d, 0x16, 0x1d, 0x11, 0x12, 0x1d, 0x19, 0x12, 0x25, 0x17, 0x60, 0x20, 0x12, 0x17, 0x1d, 0x11, 0x14, 0x16, 0x19, 0x11, 0x1c, 0x13, 0x35, 0x12, 0x24, 0x1b, 0x14, 0x17, 0x30, 0x10, 0x15, 0x12, 0x1b, 0x16, 0x1b, 0x17, 0x14, 0x1b, 0x16, 0x23, 0x16, 0x15, 0x1b, 0x21, 0x16, 0x15, 0x19, 0x14, 0x17, 0x14, 0x10, 0x80, 0x19, 0x11, 0x14, 0x11, 0x13, 0x1d, 0x1b, 0x1d, 0x11, 0x16, 0x27, 0x40,
// Compressed size: 221 bytes original pixels: 12544 uint16_t → ~25088 bytes uncompressed)

// Gertrude / Gertrude Auraflow V0.3 030 S684864644 Th0.100 24 [Folder: Gertrude] - RLE compressed data (offset: 9667, size: 147)
0xf0, 0x90, 0xf0, 0x90, 0xf0, 0x90, 0xf0, 0x90, 0xf0, 0x90, 0xb0, 0x12, 0x13, 0x10, 0x12, 0x90, 0xa0, 0x1c, 0x13, 0x12, 0x10, 0x1e, 0x90, 0x90, 0x17, 0x13, 0x18, 0x17, 0x18, 0xa0, 0x80, 0x17, 0x12, 0x1c, 0x1a, 0x1b, 0xb0, 0x70, 0x22, 0x1c, 0x31, 0xb0, 0x70, 0x1f, 0x12, 0x15, 0x10, 0x12, 0x16, 0x10, 0x15, 0x90, 0x70, 0x27, 0x19, 0x18, 0x11, 0x1e, 0x10, 0x1e, 0x90, 0x90, 0x11, 0x14, 0x11, 0x13, 0x10, 0x16, 0x90, 0x90, 0x15, 0x1b, 0x14, 0x1b, 0x10, 0x14, 0x90, 0x60, 0x13, 0x1a, 0x14, 0x19, 0x18, 0x14, 0x1a, 0x10, 0x14, 0x90, 0x30, 0x25, 0x13, 0x15, 0x16, 0x18, 0x11, 0x10, 0x14, 0x11, 0x1f, 0x1d, 0x90, 0x50, 0x1a, 0x13, 0x19, 0x16, 0x1a, 0x19, 0x1b, 0x1d, 0x10, 0x13,
0x90, 0x30, 0x19, 0x10, 0x15, 0x30, 0x18, 0x19, 0x16, 0x11, 0x10, 0x12, 0x90, 0x80, 0x1d, 0x10, 0x14, 0x10, 0x11, 0x10, 0x17, 0x90, 0xa0, 0x16, 0x10, 0x16, 0xb0, 0xf0, 0x90, 0xf0, 0x90, 0xf0, 0x90, 0xf0, 0x90,
// Compressed size: 147 bytes original pixels: 12544 uint16_t → ~25088 bytes uncompressed)

// Godwyn / Godwyn Auraflow V0.3 010 S4108162389 Th0.100 24 [Folder: Godwyn] - RLE compressed data (offset: 9814, size: 242)
0xf0, 0x90, 0xb0, 0x17, 0xc0, 0xa0, 0x17, 0x18, 0x16, 0xb0, 0xb0, 0x1d, 0x1b, 0xb0, 0x90, 0x11, 0x18, 0x14, 0x19, 0x15, 0x19, 0x90, 0x90, 0x18, 0x1b, 0x1a, 0x19, 0x27, 0x1f, 0x80, 0x90, 0x12, 0x11, 0x17, 0x11, 0x1a, 0x28, 0x19, 0x70, 0x70, 0x13, 0x10, 0x14, 0x1b, 0x16, 0x13, 0x1d, 0x15, 0x16, 0x1b, 0x70, 0x70, 0x15, 0x11, 0x12, 0x15, 0x2c, 0x12, 0x11, 0x13, 0x14, 0x1d, 0x60, 0x70, 0x13, 0x19, 0x16, 0x1c, 0x1a, 0x12, 0x14, 0x1a, 0x1d, 0x1a, 0x1b, 0x60, 0x70, 0x1b, 0x20, 0x1e, 0x12, 0x14, 0x12, 0x15, 0x12, 0x2e, 0x60, 0x70, 0x1c, 0x10, 0x18, 0x1c, 0x1e, 0x12, 0x14, 0x1d, 0x12, 0x1e, 0x70, 0x70, 0x12, 0x10, 0x1d, 0x1a, 0x1f, 0x1d, 0x22, 0x1d, 0x14, 0x70, 0x70, 0x13,
0x10, 0x1b, 0x13, 0x18, 0x14, 0x18, 0x24, 0x11, 0x19, 0x10, 0x1f, 0x40, 0x70, 0x19, 0x10, 0x1f, 0x1e, 0x13, 0x15, 0x11, 0x24, 0x12, 0x11, 0x16, 0x19, 0x10, 0x1f, 0x20, 0x70, 0x16, 0x20, 0x12, 0x11, 0x1b, 0x12, 0x1d, 0x1c, 0x15, 0x23, 0x19, 0x17, 0x30, 0x70, 0x16, 0x10, 0x18, 0x1a, 0x1f, 0x14, 0x13, 0x18, 0x14, 0x15, 0x33, 0x11, 0x30, 0x70, 0x16, 0x10, 0x13, 0x24, 0x22, 0x19, 0x14, 0x13, 0x15, 0x11, 0x10, 0x11, 0x13, 0x20, 0x70, 0x16, 0x20, 0x1c, 0x1e, 0x25, 0x14, 0x12, 0x11, 0x13, 0x11, 0x50, 0x70, 0x11, 0x20, 0x15, 0x1d, 0x2a, 0x2c, 0x19, 0x21, 0x17, 0x40, 0x70, 0x11, 0x20, 0x15, 0x10, 0x17, 0x16, 0x1a, 0x15, 0x11, 0x10, 0x13, 0x50, 0x70, 0x12, 0x10, 0x17, 0x15,
0x40, 0x1b, 0x80, 0x70, 0x16, 0x17, 0x1b, 0x12, 0x10, 0x16, 0x10, 0x1c, 0x11, 0x80, 0xf0, 0x18, 0x17, 0x70,
// Compressed size: 242 bytes original pixels: 12544 uint16_t → ~25088 bytes uncompressed)

// Guinevere / Guinevere Auraflow V0.3 024 S1447154863 Th0.100 24 [Folder: Guinevere] - RLE compressed data (offset: 10056, size: 185)
0xf0, 0x90, 0xf0, 0x90, 0xb0, 0x1b, 0xc0, 0xa0, 0x1b, 0x17, 0x16, 0x1b, 0xa0, 0xa0, 0x1c, 0x1f, 0x17, 0x16, 0xa0, 0xa0, 0x1b, 0x10, 0x27, 0x1b, 0x90, 0xb0, 0x15, 0x1f, 0x17, 0x16, 0x90, 0xa0, 0x1c, 0x15, 0x12, 0x1a, 0x16, 0x90, 0xa0, 0x11, 0x14, 0x12, 0x17, 0x16, 0x90, 0xb0, 0x14, 0x12, 0x17, 0x16, 0x90, 0xb0, 0x22, 0x17, 0x16, 0x90, 0xa0, 0x14, 0x15, 0x12, 0x17, 0x16, 0x90, 0xa0, 0x1b, 0x19, 0x15, 0x26, 0x90, 0x90, 0x11, 0x1e, 0x12, 0x13, 0x12, 0x17, 0x90, 0x90, 0x11, 0x18, 0x12, 0x1c, 0x1a, 0xa0, 0x80, 0x1e, 0x11, 0x1d, 0x13, 0x1a, 0x15, 0xa0, 0x80, 0x15, 0x14, 0x13, 0x24, 0x18, 0xa0, 0x70, 0x11, 0x18, 0x19, 0x18, 0x14, 0x1d, 0x18, 0xa0, 0x70, 0x21, 0x13, 0x19,
0x13, 0x11, 0x18, 0x1b, 0x90, 0x70, 0x1c, 0x28, 0x12, 0x13, 0x1d, 0x11, 0x13, 0x90, 0x50, 0x15, 0x11, 0x14, 0x1c, 0x19, 0x1d, 0x13, 0x14, 0x18, 0x1d, 0x11, 0x80, 0x40, 0x25, 0x11, 0x14, 0x11, 0x22, 0x13, 0x12, 0x11, 0x1d, 0x21, 0x13, 0x20, 0x23, 0x1a, 0x10, 0x40, 0x15, 0x1a, 0x14, 0x19, 0x12, 0x19, 0x15, 0x18, 0x29, 0x1e, 0x1d, 0x11, 0x1c, 0x2e, 0x1c, 0x1a, 0x20, 0x80, 0x12, 0x11, 0x23, 0x15, 0x19, 0x1a, 0x11, 0x24, 0x15, 0x1a, 0x40,
// Compressed size: 185 bytes original pixels: 12544 uint16_t → ~25088 bytes uncompressed)

// Gwendolyn / Gwendolyn Auraflow V0.3 001 S3964141546 Th0.100 24 [Folder: Gwendolyn] - RLE compressed data (offset: 10241, size: 278)
0xf0, 0x90, 0xf0, 0x30, 0x1b, 0x50, 0xb0, 0x1a, 0x16, 0x11, 0x16, 0x20, 0x1e, 0x10, 0x1b, 0x15, 0x30, 0x60, 0x18, 0x3f, 0x1c, 0x16, 0x12, 0x1c, 0x1d, 0x90, 0x30, 0x15, 0x10, 0x19, 0x1f, 0x26, 0x3d, 0x11, 0x1c, 0x17, 0x60, 0x19, 0x20, 0x40, 0x1f, 0x18, 0x3d, 0x15, 0x1e, 0x15, 0x1c, 0x1f, 0x70, 0x17, 0x20, 0x30, 0x18, 0x15, 0x1e, 0x13, 0x16, 0x1c, 0x12, 0x1c, 0x1d, 0x16, 0x14, 0x13, 0x30, 0x15, 0x20, 0x12, 0x1e, 0x10, 0x20, 0x15, 0x1a, 0x1e, 0x16, 0x1c, 0x16, 0x11, 0x1b, 0x16, 0x14, 0x12, 0x13, 0x11, 0x14, 0x50, 0x12, 0x20, 0x30, 0x16, 0x18, 0x26, 0x1f, 0x10, 0x15, 0x12, 0x14, 0x12, 0x19, 0x12, 0x11, 0x50, 0x14, 0x20, 0x30, 0x26, 0x1f, 0x28, 0x1e, 0x10, 0x13, 0x12,
0x17, 0x18, 0x20, 0x18, 0x40, 0x12, 0x20, 0x70, 0x25, 0x10, 0x1d, 0x21, 0x70, 0x17, 0x30, 0x90, 0x1b, 0x23, 0x17, 0x1b, 0x11, 0x40, 0x19, 0x1c, 0x30, 0x40, 0x1b, 0x1a, 0x19, 0x17, 0x13, 0x17, 0x11, 0x14, 0x12, 0x19, 0x50, 0x12, 0x40, 0x20, 0x15, 0x14, 0x1a, 0x10, 0x14, 0x21, 0x17, 0x19, 0x23, 0x2e, 0x40, 0x11, 0x40, 0x20, 0x11, 0x30, 0x1b, 0x11, 0x19, 0x13, 0x12, 0x14, 0x13, 0x14, 0x11, 0x17, 0x40, 0x14, 0x30, 0x10, 0x12, 0x10, 0x19, 0x20, 0x17, 0x13, 0x34, 0x13, 0x14, 0x17, 0x12, 0x11, 0x80, 0x20, 0x1d, 0x1a, 0x12, 0x10, 0x1b, 0x20, 0x13, 0x10, 0x11, 0x12, 0x10, 0x1a, 0x11, 0x80, 0x20, 0x12, 0x17, 0x13, 0x20, 0x15, 0x1b, 0x11, 0x13, 0x19, 0x20, 0x11, 0x14, 0x80,
0x30, 0x13, 0x19, 0x20, 0x14, 0x11, 0x50, 0x11, 0x1c, 0x80, 0x50, 0x15, 0x1b, 0x14, 0x60, 0x13, 0x90, 0x30, 0x18, 0x17, 0x12, 0x14, 0x70, 0x12, 0x90, 0x30, 0x18, 0x1a, 0x10, 0x1b, 0x13, 0x1a, 0x50, 0x11, 0x19, 0x80, 0x20, 0x15, 0x17, 0x18, 0x10, 0x18, 0x1a, 0x10, 0x1a, 0x15, 0x1c, 0x10, 0x1a, 0x40, 0x1e, 0x50, 0xf0, 0x90,
// Compressed size: 278 bytes original pixels: 12544 uint16_t → ~25088 bytes uncompressed)

// Gwenfrewi / Gwenfrewi Auraflow V0.3 011 S1515894136 Th0.100 24 [Folder: Gwenfrewi] - RLE compressed data (offset: 10519, size: 244)
0xa0, 0x11, 0x12, 0x15, 0x1b, 0xa0, 0x90, 0x1b, 0x1c, 0x1e, 0x1f, 0x1d, 0xa0, 0x80, 0x19, 0x1f, 0x32, 0x1f, 0xa0, 0x60, 0x1b, 0x25, 0x22, 0x2c, 0xb0, 0x50, 0x11, 0x1d, 0x1f, 0x2c, 0x32, 0x11, 0xa0, 0x30, 0x14, 0x25, 0x1d, 0x22, 0x2e, 0x12, 0x1e, 0x16, 0xa0, 0x30, 0x14, 0x11, 0x1f, 0x1c, 0x15, 0x1c, 0x12, 0x2e, 0x12, 0x15, 0xa0, 0x40, 0x15, 0x1d, 0x19, 0x1d, 0x15, 0x1f, 0x1c, 0x1e, 0x12, 0x18, 0x30, 0x14, 0x60, 0x30, 0x14, 0x11, 0x10, 0x15, 0x19, 0x1d, 0x12, 0x1d, 0x1c, 0x1e, 0x26, 0x1d, 0x16, 0x70, 0x30, 0x11, 0x20, 0x21, 0x25, 0x22, 0x18, 0x16, 0x14, 0x1a, 0x13, 0x70, 0x70, 0x15, 0x11, 0x10, 0x1c, 0x12, 0x18, 0x14, 0x15, 0x1a, 0x10, 0x13, 0x60, 0x80, 0x1d, 0x19,
0x12, 0x28, 0x12, 0x1b, 0x17, 0x13, 0x70, 0x50, 0x13, 0x10, 0x13, 0x19, 0x24, 0x18, 0x16, 0x18, 0x11, 0x17, 0x13, 0x70, 0x60, 0x29, 0x1b, 0x13, 0x14, 0x16, 0x28, 0x15, 0x10, 0x1a, 0x13, 0x60, 0x50, 0x13, 0x11, 0x10, 0x13, 0x24, 0x18, 0x26, 0x19, 0x10, 0x17, 0x10, 0x11, 0x50, 0x50, 0x19, 0x10, 0x13, 0x11, 0x1b, 0x16, 0x28, 0x11, 0x1b, 0x20, 0x13, 0x60, 0x70, 0x19, 0x27, 0x16, 0x13, 0x16, 0x15, 0x1b, 0x40, 0x11, 0x40, 0x60, 0x17, 0x2a, 0x24, 0x10, 0x18, 0x11, 0x27, 0x40, 0x13, 0x30, 0x30, 0x1a, 0x23, 0x1a, 0x20, 0x11, 0x14, 0x13, 0x18, 0x14, 0x1b, 0x17, 0x80, 0x30, 0x13, 0x27, 0x30, 0x11, 0x1a, 0x11, 0x16, 0x19, 0x17, 0x90, 0x90, 0x1b, 0x13, 0x19, 0x16, 0x17, 0x1a,
0x90, 0xa0, 0x17, 0x10, 0x16, 0x1a, 0xa0, 0x90, 0x14, 0x11, 0x10, 0x14, 0xb0, 0x90, 0x18, 0x11, 0x19, 0x16, 0x17, 0xa0,
// Compressed size: 244 bytes original pixels: 12544 uint16_t → ~25088 bytes uncompressed)

// Gyrid / Gyrid Auraflow V0.3 003 S3621718094 Th0.100 24 [Folder: Gyrid] - RLE compressed data (offset: 10763, size: 246)
0xf0, 0x90, 0xf0, 0x90, 0xb0, 0x2c, 0x50, 0x1c, 0x16, 0x40, 0xa0, 0x25, 0x18, 0x50, 0x1c, 0x15, 0x40, 0xa0, 0x1c, 0x28, 0x1c, 0x40, 0x1c, 0x15, 0x40, 0x50, 0x15, 0x30, 0x1c, 0x1d, 0x11, 0x17, 0x15, 0x1c, 0x30, 0x12, 0x50, 0x60, 0x1d, 0x15, 0x18, 0x1c, 0x18, 0x26, 0x15, 0x1c, 0x15, 0x10, 0x16, 0x60, 0x70, 0x1b, 0x25, 0x48, 0x15, 0x16, 0x1e, 0x12, 0x60, 0x60, 0x1c, 0x1f, 0x15, 0x26, 0x15, 0x16, 0x18, 0x15, 0x12, 0x1f, 0x14, 0x60, 0x60, 0x12, 0x14, 0x15, 0x21, 0x14, 0x11, 0x12, 0x1b, 0x1e, 0x1b, 0x12, 0x60, 0x70, 0x18, 0x14, 0x3b, 0x1a, 0x17, 0x1a, 0x2d, 0x12, 0x60, 0x70, 0x24, 0x1b, 0x1d, 0x2b, 0x22, 0x1d, 0x16, 0x18, 0x60, 0x70, 0x18, 0x14, 0x13, 0x3b, 0x2a, 0x11,
0x16, 0x70, 0x70, 0x15, 0x14, 0x1a, 0x1f, 0x12, 0x1b, 0x14, 0x13, 0x12, 0x18, 0x70, 0x70, 0x1d, 0x24, 0x12, 0x14, 0x11, 0x13, 0x1a, 0x13, 0x10, 0x15, 0x60, 0x70, 0x19, 0x14, 0x1d, 0x1a, 0x14, 0x1d, 0x17, 0x1a, 0x1e, 0x80, 0x60, 0x16, 0x12, 0x14, 0x11, 0x1a, 0x1e, 0x22, 0x1a, 0x19, 0x80, 0x50, 0x18, 0x16, 0x19, 0x24, 0x1a, 0x17, 0x12, 0x1e, 0x1a, 0x17, 0x80, 0x50, 0x16, 0x14, 0x1e, 0x17, 0x12, 0x1a, 0x1e, 0x12, 0x23, 0x11, 0x80, 0x30, 0x26, 0x29, 0x11, 0x17, 0x14, 0x13, 0x11, 0x19, 0x13, 0x17, 0x12, 0x80, 0x30, 0x12, 0x17, 0x19, 0x14, 0x17, 0x11, 0x17, 0x41, 0x13, 0x12, 0x80, 0x20, 0x19, 0x21, 0x17, 0x19, 0x14, 0x11, 0x17, 0x53, 0x17, 0x80, 0x10, 0x21, 0x16, 0x1d,
0x29, 0x27, 0x11, 0x13, 0x11, 0x23, 0x11, 0x19, 0x80, 0x10, 0x13, 0x1d, 0x16, 0x1d, 0x12, 0x19, 0x17, 0x21, 0x43, 0x11, 0x12, 0x80,
// Compressed size: 246 bytes original pixels: 12544 uint16_t → ~25088 bytes uncompressed)

// Gytha / Gytha Auraflow V0.3 035 S4197903722 Th0.100 24 [Folder: Gytha] - RLE compressed data (offset: 11009, size: 242)
0xb0, 0x15, 0x16, 0xb0, 0xb0, 0x1e, 0x15, 0x1b, 0xa0, 0xb0, 0x34, 0x15, 0x1e, 0x80, 0xa0, 0x14, 0x1f, 0x15, 0x1a, 0x12, 0x10, 0x16, 0x70, 0xa0, 0x12, 0x1d, 0x14, 0x16, 0x11, 0x1a, 0x80, 0xa0, 0x1d, 0x12, 0x16, 0x19, 0x1d, 0x11, 0x80, 0xa0, 0x14, 0x13, 0x11, 0x15, 0x1a, 0x17, 0x20, 0x16, 0x50, 0xa0, 0x14, 0x1a, 0x18, 0x14, 0x15, 0x13, 0x1a, 0x70, 0xa0, 0x18, 0x17, 0x15, 0x14, 0x1a, 0x13, 0x80, 0xa0, 0x19, 0x13, 0x1a, 0x1f, 0x1a, 0x17, 0x80, 0x90, 0x16, 0x1f, 0x13, 0x1d, 0x18, 0x1b, 0x15, 0x80, 0x90, 0x1d, 0x11, 0x13, 0x1e, 0x17, 0x14, 0x26, 0x70, 0x90, 0x18, 0x19, 0x12, 0x25, 0x31, 0x1a, 0x60, 0x70, 0x16, 0x1e, 0x11, 0x18, 0x22, 0x15, 0x21, 0x14, 0x1f, 0x1a, 0x50,
0x20, 0x16, 0x12, 0x17, 0x2b, 0x12, 0x19, 0x14, 0x13, 0x1c, 0x18, 0x1b, 0x24, 0x28, 0x1b, 0x1e, 0x40, 0x10, 0x16, 0x2b, 0x29, 0x13, 0x19, 0x1d, 0x14, 0x1f, 0x12, 0x19, 0x15, 0x1c, 0x31, 0x1d, 0x15, 0x1e, 0x30, 0x50, 0x19, 0x17, 0x11, 0x18, 0x11, 0x13, 0x12, 0x1f, 0x12, 0x1c, 0x14, 0x11, 0x18, 0x13, 0x11, 0x13, 0x16, 0x20, 0x50, 0x1a, 0x1c, 0x17, 0x28, 0x13, 0x14, 0x1f, 0x25, 0x1d, 0x18, 0x1d, 0x17, 0x1f, 0x1c, 0x12, 0x16, 0x10, 0x40, 0x16, 0x1a, 0x1b, 0x12, 0x1b, 0x1d, 0x13, 0x1c, 0x11, 0x1c, 0x12, 0x13, 0x19, 0x1c, 0x17, 0x13, 0x19, 0x30, 0x80, 0x22, 0x19, 0x17, 0x11, 0x18, 0x1b, 0x1c, 0x15, 0x17, 0x1c, 0x1b, 0x17, 0x30, 0x90, 0x12, 0x17, 0x1e, 0x13, 0x1f, 0x1e,
0x12, 0x17, 0x10, 0x13, 0x19, 0x40, 0xd0, 0x13, 0x11, 0x20, 0x1e, 0x10, 0x16, 0x40, 0xf0, 0x90, 0xf0, 0x90,
// Compressed size: 242 bytes original pixels: 12544 uint16_t → ~25088 bytes uncompressed)

// Haaske / Haaske Auraflow V0.3 000 S1232184877 Th0.100 24 [Folder: Haaske] - RLE compressed data (offset: 11251, size: 190)
0xf0, 0x90, 0xb0, 0x11, 0x17, 0x1f, 0xa0, 0xa0, 0x22, 0x21, 0xa0, 0x70, 0x14, 0x30, 0x22, 0x1e, 0x1a, 0x90, 0x70, 0x1c, 0x30, 0x1f, 0x17, 0x11, 0x13, 0x90, 0x70, 0x14, 0x20, 0x15, 0x13, 0x17, 0x12, 0x13, 0x90, 0x70, 0x1d, 0x20, 0x13, 0x17, 0x18, 0x15, 0x12, 0x10, 0x14, 0x70, 0x70, 0x1a, 0x14, 0x17, 0x10, 0x1e, 0x17, 0x10, 0x1d, 0x11, 0x16, 0x15, 0x60, 0x90, 0x16, 0x10, 0x21, 0x15, 0x30, 0x24, 0x50, 0x40, 0x19, 0x18, 0x40, 0x16, 0x18, 0x13, 0x1b, 0x40, 0x13, 0x50, 0x50, 0x1a, 0x19, 0x30, 0x16, 0x13, 0x12, 0x1e, 0x13, 0x30, 0x1a, 0x50, 0x60, 0x1b, 0x1c, 0x15, 0x10, 0x17, 0x13, 0x22, 0x1e, 0x19, 0x20, 0x15, 0x50, 0x80, 0x1d, 0x16, 0x11, 0x12, 0x10, 0x18, 0x19, 0x90,
0x70, 0x1a, 0x1c, 0x18, 0x12, 0x1e, 0x10, 0x1b, 0x11, 0x20, 0x1f, 0x1b, 0x50, 0x80, 0x19, 0x11, 0x18, 0x19, 0x20, 0x11, 0x20, 0x1a, 0x1d, 0x50, 0x80, 0x14, 0x11, 0x16, 0x30, 0x12, 0x1c, 0x10, 0x1c, 0x60, 0x80, 0x1b, 0x1a, 0x40, 0x17, 0x16, 0x15, 0x70, 0x80, 0x18, 0x15, 0x30, 0x16, 0x1c, 0x14, 0x80, 0x80, 0x1b, 0x1d, 0x50, 0x17, 0x80, 0x70, 0x14, 0x13, 0x60, 0x18, 0x80, 0x70, 0x13, 0x19, 0x60, 0x1b, 0x80, 0x70, 0x24, 0x60, 0x16, 0x15, 0x70, 0xf0, 0x90, 0xf0, 0x90,
// Compressed size: 190 bytes original pixels: 12544 uint16_t → ~25088 bytes uncompressed)

// Hama / Hama Auraflow V0.3 003 S2266713330 Th0.100 24 [Folder: Hama] - RLE compressed data (offset: 11441, size: 249)
0xb0, 0x1a, 0x1c, 0xb0, 0xa0, 0x13, 0x1f, 0x24, 0xa0, 0x90, 0x29, 0x13, 0x24, 0x19, 0x90, 0x90, 0x16, 0x1a, 0x1c, 0x13, 0x1f, 0x24, 0x80, 0x90, 0x1a, 0x13, 0x19, 0x13, 0x16, 0x1f, 0x13, 0x1d, 0x70, 0xa0, 0x13, 0x2c, 0x13, 0x1f, 0x90, 0xb0, 0x1e, 0x13, 0xb0, 0xa0, 0x11, 0x19, 0x1c, 0x13, 0xa0, 0x90, 0x11, 0x1e, 0x1c, 0x11, 0x1c, 0x18, 0x1a, 0x80, 0x80, 0x1a, 0x15, 0x1e, 0x29, 0x1c, 0x15, 0x16, 0x80, 0x80, 0x11, 0x12, 0x21, 0x19, 0x1d, 0x18, 0x16, 0x80, 0x80, 0x11, 0x12, 0x17, 0x19, 0x13, 0x1d, 0x18, 0x16, 0x80, 0x80, 0x11, 0x1b, 0x17, 0x1a, 0x13, 0x18, 0x16, 0x14, 0x1d, 0x70, 0x70, 0x11, 0x19, 0x28, 0x12, 0x16, 0x15, 0x16, 0x25, 0x70, 0x70, 0x1e, 0x1b, 0x14, 0x1f,
0x13, 0x16, 0x15, 0x1f, 0x17, 0x25, 0x60, 0x70, 0x1e, 0x12, 0x13, 0x16, 0x13, 0x1c, 0x13, 0x16, 0x12, 0x18, 0x17, 0x60, 0x50, 0x19, 0x11, 0x1e, 0x12, 0x18, 0x16, 0x14, 0x1f, 0x16, 0x1f, 0x1b, 0x22, 0x21, 0x12, 0x30, 0x30, 0x1e, 0x21, 0x17, 0x1a, 0x11, 0x12, 0x24, 0x1d, 0x14, 0x16, 0x1a, 0x1e, 0x17, 0x19, 0x11, 0x1a, 0x15, 0x20, 0x20, 0x32, 0x1a, 0x12, 0x19, 0x15, 0x1b, 0x24, 0x12, 0x1b, 0x12, 0x27, 0x21, 0x28, 0x15, 0x20, 0x20, 0x11, 0x1c, 0x1b, 0x15, 0x18, 0x16, 0x14, 0x15, 0x27, 0x13, 0x27, 0x12, 0x1b, 0x11, 0x15, 0x18, 0x15, 0x1d, 0x20, 0x20, 0x17, 0x18, 0x1b, 0x1a, 0x15, 0x18, 0x15, 0x1b, 0x17, 0x1d, 0x12, 0x1d, 0x12, 0x1b, 0x18, 0x1b, 0x15, 0x16, 0x14, 0x30,
0x20, 0x17, 0x1d, 0x24, 0x12, 0x1d, 0x11, 0x17, 0x16, 0x11, 0x20, 0x23, 0x24, 0x15, 0x1a, 0x26, 0x20, 0x80, 0x17, 0x13, 0x19, 0x1a, 0xc0, 0xf0, 0x90,
// Compressed size: 249 bytes original pixels: 12544 uint16_t → ~25088 bytes uncompressed)

// Hardred / Hardred Auraflow V0.3 003 S3904567541 Th0.100 24 [Folder: Hardred] - RLE compressed data (offset: 11690, size: 271)
0x60, 0x14, 0xf0, 0x20, 0x60, 0x14, 0x40, 0x14, 0xc0, 0x60, 0x14, 0x10, 0x14, 0x10, 0x1b, 0x1d, 0x1f, 0xb0, 0x60, 0x14, 0x30, 0x14, 0x16, 0x13, 0x12, 0x1b, 0x90, 0x60, 0x1b, 0x18, 0x30, 0x13, 0x19, 0x1c, 0x14, 0x1c, 0x80, 0x60, 0x1b, 0x14, 0x20, 0x14, 0x13, 0x18, 0x17, 0x1c, 0x13, 0x80, 0x60, 0x16, 0x30, 0x1b, 0x1d, 0x1b, 0x17, 0x11, 0x1a, 0x80, 0x60, 0x17, 0x14, 0x20, 0x19, 0x1d, 0x13, 0x19, 0x13, 0x1a, 0x1c, 0x70, 0x60, 0x11, 0x16, 0x1d, 0x15, 0x19, 0x1c, 0x22, 0x17, 0x1e, 0x13, 0x16, 0x60, 0x60, 0x1e, 0x12, 0x14, 0x20, 0x16, 0x11, 0x13, 0x1d, 0x11, 0x10, 0x12, 0x18, 0x50, 0x90, 0x1a, 0x14, 0x15, 0x1c, 0x13, 0x17, 0x11, 0x20, 0x12, 0x50, 0x50, 0x17, 0x40, 0x1d,
0x12, 0x1d, 0x12, 0x13, 0x19, 0x20, 0x1f, 0x50, 0x50, 0x18, 0x30, 0x16, 0x22, 0x1a, 0x16, 0x1a, 0x19, 0x16, 0x10, 0x13, 0x50, 0x50, 0x18, 0x30, 0x12, 0x15, 0x18, 0x15, 0x1e, 0x12, 0x1a, 0x27, 0x60, 0x80, 0x1a, 0x13, 0x12, 0x17, 0x1a, 0x19, 0x11, 0x17, 0x1e, 0x18, 0x19, 0x16, 0x40, 0x40, 0x14, 0x30, 0x1b, 0x19, 0x1f, 0x12, 0x17, 0x15, 0x11, 0x15, 0x12, 0x19, 0x1c, 0x26, 0x30, 0x40, 0x12, 0x30, 0x25, 0x13, 0x17, 0x25, 0x11, 0x10, 0x11, 0x12, 0x30, 0x1c, 0x20, 0x40, 0x11, 0x40, 0x13, 0x10, 0x15, 0x28, 0x10, 0x1e, 0x1d, 0x1f, 0x60, 0x90, 0x1a, 0x20, 0x19, 0x15, 0x30, 0x2a, 0x50, 0x80, 0x14, 0x19, 0x80, 0x18, 0x50, 0x30, 0x1b, 0x40, 0x15, 0x17, 0x80, 0x12, 0x50, 0x30,
0x14, 0x20, 0x18, 0x19, 0x15, 0x13, 0x30, 0x2b, 0x24, 0x17, 0x13, 0x50, 0x10, 0x26, 0x12, 0x2b, 0x15, 0x1d, 0x2c, 0x1a, 0x18, 0x16, 0x12, 0x16, 0x18, 0x15, 0x11, 0x18, 0x13, 0x19, 0x1a, 0x13, 0x10, 0x20, 0x21, 0x1e, 0x31, 0x1d, 0x11, 0x1f, 0x17, 0x1c, 0x33, 0x12, 0x51, 0x1e, 0x10,
// Compressed size: 271 bytes original pixels: 12544 uint16_t → ~25088 bytes uncompressed)

// Harlow / Harlow Auraflow V0.3 005 S1929954502 Th0.100 24 [Folder: Harlow] - RLE compressed data (offset: 11961, size: 220)
0xf0, 0x90, 0x40, 0x37, 0x40, 0x14, 0xc0, 0x30, 0x1e, 0x11, 0x1c, 0x12, 0x11, 0x10, 0x13, 0x15, 0x1f, 0x15, 0xb0, 0x30, 0x17, 0x1a, 0x12, 0x11, 0x10, 0x1a, 0x16, 0x13, 0x18, 0x1c, 0x17, 0xa0, 0x50, 0x16, 0x20, 0x12, 0x14, 0x18, 0x1b, 0x12, 0x13, 0xa0, 0x50, 0x15, 0x30, 0x1b, 0x19, 0x2c, 0x18, 0xa0, 0x50, 0x12, 0x30, 0x18, 0x11, 0x1f, 0x1c, 0x1b, 0xa0, 0x50, 0x19, 0x40, 0x1b, 0x12, 0x21, 0xa0, 0x50, 0x1a, 0x15, 0x19, 0x1a, 0x1d, 0x12, 0x1a, 0x1e, 0x1f, 0xa0, 0x40, 0x18, 0x19, 0x1b, 0x2f, 0x13, 0x15, 0x18, 0x10, 0x16, 0x1c, 0x90, 0x40, 0x22, 0x1b, 0x19, 0x10, 0x11, 0x25, 0x20, 0x19, 0x90, 0x50, 0x13, 0x15, 0x18, 0x10, 0x23, 0x17, 0x1a, 0x17, 0x10, 0x19, 0x80, 0x50,
0x18, 0x20, 0x17, 0x1b, 0x1e, 0x14, 0x1e, 0x21, 0x20, 0x1b, 0x60, 0x50, 0x1c, 0x10, 0x19, 0x23, 0x15, 0x12, 0x11, 0x1d, 0x14, 0x90, 0x50, 0x17, 0x10, 0x13, 0x17, 0x13, 0x14, 0x1a, 0x14, 0x1d, 0x14, 0x1d, 0x80, 0x50, 0x21, 0x1d, 0x16, 0x13, 0x14, 0x12, 0x14, 0x1d, 0x15, 0x14, 0x12, 0x70, 0x50, 0x11, 0x1e, 0x18, 0x16, 0x1e, 0x16, 0x1b, 0x14, 0x1a, 0x17, 0x16, 0x18, 0x11, 0x60, 0x50, 0x12, 0x1a, 0x24, 0x46, 0x23, 0x1d, 0x10, 0x11, 0x60, 0x50, 0x11, 0x20, 0x1e, 0x15, 0x10, 0x11, 0x1b, 0x10, 0x1d, 0x90, 0x50, 0x11, 0x30, 0x18, 0x20, 0x19, 0xb0, 0x60, 0x1c, 0x20, 0x1a, 0x20, 0x19, 0xb0, 0x80, 0x12, 0x16, 0x20, 0x15, 0xb0, 0xf0, 0x90, 0xf0, 0x90,
// Compressed size: 220 bytes original pixels: 12544 uint16_t → ~25088 bytes uncompressed)

// Hedda / Hedda Auraflow V0.3 007 S2157169242 Th0.100 24 [Folder: Hedda] - RLE compressed data (offset: 12181, size: 202)
0xf0, 0x90, 0xf0, 0x10, 0x16, 0x30, 0x14, 0x30, 0xb0, 0x12, 0x17, 0x30, 0x1a, 0x30, 0x1a, 0x30, 0xa0, 0x11, 0x1c, 0x19, 0x30, 0x1b, 0x26, 0x1a, 0x13, 0x30, 0x90, 0x17, 0x12, 0x19, 0x17, 0x20, 0x1c, 0x10, 0x14, 0x16, 0x14, 0x12, 0x30, 0x90, 0x13, 0x11, 0x1d, 0x30, 0x11, 0x10, 0x16, 0x12, 0x14, 0x11, 0x30, 0x90, 0x17, 0x11, 0x1b, 0x1d, 0x20, 0x12, 0x10, 0x1b, 0x13, 0x14, 0x13, 0x30, 0x60, 0x1a, 0x19, 0x12, 0x19, 0x11, 0x16, 0x11, 0x50, 0x16, 0x14, 0x40, 0x50, 0x13, 0x14, 0x1a, 0x14, 0x1f, 0x2d, 0x1c, 0x50, 0x13, 0x19, 0x40, 0x50, 0x1e, 0x13, 0x1a, 0x13, 0x28, 0x11, 0x15, 0x11, 0x1d, 0x30, 0x19, 0x50, 0x50, 0x13, 0x14, 0x13, 0x11, 0x18, 0x23, 0x17, 0x1e, 0x12, 0x20,
0x18, 0x60, 0x50, 0x13, 0x14, 0x15, 0x11, 0x1a, 0x25, 0x13, 0x14, 0x12, 0x90, 0x50, 0x17, 0x2e, 0x22, 0x26, 0x15, 0x14, 0x11, 0x90, 0x60, 0x1e, 0x12, 0x11, 0x22, 0x11, 0x14, 0x15, 0xa0, 0x70, 0x2b, 0x1c, 0x19, 0x11, 0x1d, 0x1c, 0xa0, 0x90, 0x22, 0x10, 0x1c, 0x18, 0xa0, 0x90, 0x1b, 0x17, 0x10, 0x13, 0x12, 0xa0, 0x80, 0x27, 0x20, 0x15, 0x11, 0xa0, 0x80, 0x11, 0x1f, 0x20, 0x15, 0x11, 0xa0, 0x80, 0x28, 0x20, 0x14, 0x11, 0xa0, 0x90, 0x15, 0x30, 0x16, 0xa0, 0x90, 0x15, 0x30, 0x12, 0xa0, 0x80, 0x15, 0x13, 0x30, 0x18, 0x1e, 0x90, 0xf0, 0x90,
// Compressed size: 202 bytes original pixels: 12544 uint16_t → ~25088 bytes uncompressed)

// Helen / Helen Auraflow V0.3 025 S144907399 Th0.100 24 [Folder: Helen] - RLE compressed data (offset: 12383, size: 283)
0xf0, 0x90, 0xb0, 0x13, 0x1f, 0x19, 0x17, 0x90, 0xa0, 0x1a, 0x19, 0x1e, 0x12, 0x1a, 0x1d, 0x80, 0xa0, 0x19, 0x16, 0x22, 0x11, 0x90, 0xa0, 0x13, 0x16, 0x2e, 0x11, 0x15, 0x80, 0x90, 0x1b, 0x13, 0x1f, 0x11, 0x15, 0x1c, 0x17, 0x80, 0x90, 0x14, 0x16, 0x1e, 0x21, 0x12, 0x1c, 0x80, 0x90, 0x1a, 0x12, 0x21, 0x12, 0x11, 0x13, 0x80, 0x80, 0x1a, 0x13, 0x1a, 0x1f, 0x32, 0x17, 0x15, 0x70, 0x80, 0x27, 0x1e, 0x18, 0x11, 0x12, 0x13, 0x16, 0x19, 0x14, 0x60, 0x70, 0x14, 0x17, 0x1f, 0x13, 0x1e, 0x22, 0x1c, 0x1e, 0x14, 0x25, 0x1b, 0x40, 0x70, 0x1c, 0x18, 0x16, 0x1f, 0x31, 0x1f, 0x1a, 0x17, 0x70, 0x60, 0x15, 0x17, 0x16, 0x13, 0x12, 0x31, 0x1e, 0x19, 0x16, 0x15, 0x60, 0x60, 0x14, 0x13,
0x1f, 0x17, 0x41, 0x12, 0x16, 0x18, 0x13, 0x60, 0x50, 0x25, 0x1a, 0x1c, 0x18, 0x16, 0x11, 0x12, 0x11, 0x1e, 0x17, 0x13, 0x18, 0x60, 0x60, 0x1b, 0x1f, 0x17, 0x18, 0x1c, 0x1e, 0x12, 0x1e, 0x27, 0x15, 0x1f, 0x60, 0x40, 0x1d, 0x10, 0x14, 0x17, 0x1c, 0x16, 0x19, 0x12, 0x1e, 0x12, 0x2c, 0x15, 0x70, 0x50, 0x14, 0x1a, 0x1d, 0x28, 0x16, 0x12, 0x13, 0x12, 0x1c, 0x18, 0x14, 0x25, 0x50, 0x50, 0x1a, 0x1f, 0x24, 0x16, 0x1c, 0x11, 0x1f, 0x12, 0x17, 0x1a, 0x17, 0x13, 0x60, 0x40, 0x14, 0x10, 0x1b, 0x14, 0x16, 0x17, 0x1a, 0x12, 0x1d, 0x12, 0x18, 0x17, 0x14, 0x10, 0x1b, 0x15, 0x40, 0x30, 0x1b, 0x14, 0x10, 0x15, 0x16, 0x1a, 0x16, 0x1a, 0x11, 0x19, 0x1b, 0x16, 0x1a, 0x1d, 0x15, 0x1b,
0x1c, 0x40, 0x14, 0x20, 0x2b, 0x15, 0x19, 0x1d, 0x16, 0x18, 0x14, 0x12, 0x11, 0x15, 0x16, 0x28, 0x14, 0x15, 0x40, 0x1b, 0x1d, 0x14, 0x15, 0x13, 0x1d, 0x19, 0x28, 0x19, 0x23, 0x12, 0x11, 0x14, 0x23, 0x16, 0x1d, 0x17, 0x13, 0x19, 0x15, 0x1b, 0x19, 0x2d, 0x1c, 0x18, 0x16, 0x2b, 0x1d, 0x39, 0x21, 0x12, 0x13, 0x19, 0x13, 0x24, 0x13, 0x18, 0x14, 0x15, 0x13,
// Compressed size: 283 bytes original pixels: 12544 uint16_t → ~25088 bytes uncompressed)

// Hildr / Hildr Auraflow V0.3 032 S2843320693 Th0.100 24 [Folder: Hildr] - RLE compressed data (offset: 12666, size: 128)
0xf0, 0x90, 0xa0, 0x33, 0xb0, 0xa0, 0x1c, 0x18, 0x1c, 0xb0, 0xb0, 0x13, 0x12, 0xb0, 0x90, 0x1d, 0x16, 0x11, 0x13, 0x15, 0xa0, 0xa0, 0x1c, 0x12, 0x16, 0x13, 0xa0, 0x90, 0x19, 0x18, 0x14, 0x13, 0xb0, 0x90, 0x15, 0x12, 0x15, 0xc0, 0x90, 0x31, 0xc0, 0x90, 0x1d, 0x11, 0x15, 0x18, 0xb0, 0x90, 0x11, 0x1a, 0x16, 0x17, 0x12, 0xa0, 0x80, 0x18, 0x24, 0x12, 0x1b, 0x19, 0xa0, 0x80, 0x1a, 0x14, 0x16, 0x14, 0x1e, 0xb0, 0x90, 0x17, 0x1e, 0x1b, 0x1a, 0xb0, 0x90, 0x19, 0x11, 0x1f, 0x1b, 0xb0, 0x90, 0x11, 0x17, 0x1f, 0x19, 0xb0, 0x90, 0x18, 0x11, 0x10, 0x1a, 0x17, 0xa0, 0xa0, 0x13, 0x10, 0x12, 0x16, 0xa0, 0xa0, 0x16, 0x10, 0x17, 0x12, 0xa0, 0xa0, 0x12, 0x10, 0x1a, 0x17, 0xa0, 0xa0,
0x14, 0x10, 0x1b, 0x14, 0xa0, 0xa0, 0x14, 0x35, 0xa0, 0x80, 0x11, 0x12, 0x19, 0xd0, 0xf0, 0x90,
// Compressed size: 128 bytes original pixels: 12544 uint16_t → ~25088 bytes uncompressed)

// Hyejin / Hyejin Auraflow V0.3 005 S2684034496 Th0.100 24 [Folder: Hyejin] - RLE compressed data (offset: 12794, size: 222)
0xb0, 0x13, 0x11, 0xb0, 0xa0, 0x1e, 0x1a, 0x19, 0x15, 0xa0, 0xa0, 0x14, 0x1c, 0x1a, 0x12, 0x11, 0x90, 0x90, 0x1d, 0x14, 0x17, 0x2b, 0x15, 0x90, 0x90, 0x22, 0x16, 0x2b, 0x11, 0x90, 0x80, 0x11, 0x12, 0x13, 0x11, 0x2b, 0x11, 0x90, 0x70, 0x15, 0x10, 0x12, 0x17, 0x1f, 0x18, 0x10, 0x11, 0x90, 0x60, 0x11, 0x10, 0x11, 0x23, 0x1f, 0x28, 0xa0, 0x70, 0x11, 0x19, 0x24, 0x12, 0x29, 0x11, 0x90, 0x70, 0x11, 0x14, 0x12, 0x16, 0x1c, 0x1e, 0x15, 0x18, 0x90, 0x70, 0x11, 0x17, 0x12, 0x14, 0x17, 0x14, 0x1d, 0x12, 0x90, 0x70, 0x19, 0x16, 0x14, 0x17, 0x16, 0x17, 0x1a, 0x18, 0x90, 0x60, 0x11, 0x15, 0x1c, 0x16, 0x1c, 0x1a, 0x16, 0x1d, 0xa0, 0x60, 0x18, 0x1d, 0x16, 0x17, 0x12, 0x13, 0x16,
0x2e, 0x90, 0x60, 0x11, 0x18, 0x16, 0x17, 0x12, 0x13, 0x12, 0x1c, 0x1a, 0x90, 0x60, 0x11, 0x15, 0x17, 0x13, 0x1c, 0x23, 0x14, 0x19, 0x90, 0x70, 0x19, 0x15, 0x13, 0x16, 0x1e, 0x1f, 0x1c, 0x19, 0x90, 0x60, 0x11, 0x12, 0x17, 0x16, 0x19, 0x15, 0x1a, 0x12, 0x14, 0x90, 0x50, 0x31, 0x1c, 0x1d, 0x15, 0x1a, 0x13, 0x1a, 0x14, 0x18, 0x80, 0x50, 0x11, 0x1b, 0x18, 0x1d, 0x15, 0x1a, 0x13, 0x12, 0x1a, 0x10, 0x14, 0x80, 0x60, 0x1b, 0x13, 0x1d, 0x15, 0x1a, 0x1c, 0x12, 0x25, 0x1f, 0x80, 0x70, 0x14, 0x1e, 0x15, 0x1e, 0x13, 0x16, 0x1f, 0x18, 0x14, 0x80, 0x60, 0x1b, 0x18, 0x12, 0x19, 0x12, 0x27, 0x16, 0x19, 0x14, 0x80, 0x80, 0x2d, 0x12, 0x1c, 0x17, 0x13, 0x18, 0x1b, 0x80,
// Compressed size: 222 bytes original pixels: 12544 uint16_t → ~25088 bytes uncompressed)

// Ida / Ida Auraflow V0.3 009 S3221884742 Th0.100 24 [Folder: Ida] - RLE compressed data (offset: 13016, size: 166)
0xf0, 0x90, 0xb0, 0x24, 0xb0, 0xa0, 0x1b, 0x1e, 0x18, 0x1a, 0xa0, 0xa0, 0x18, 0x1b, 0x2e, 0xa0, 0xa0, 0x13, 0x17, 0x1b, 0x14, 0xa0, 0x90, 0x1d, 0x15, 0x13, 0x14, 0x15, 0xa0, 0x90, 0x2d, 0x2a, 0x1d, 0xa0, 0x90, 0x15, 0x11, 0x1c, 0x1b, 0x18, 0xa0, 0x90, 0x1c, 0x11, 0x12, 0x1a, 0x1b, 0x20, 0x15, 0x70, 0x90, 0x17, 0x15, 0x23, 0x14, 0x1a, 0x10, 0x2e, 0x18, 0x50, 0x80, 0x17, 0x1c, 0x12, 0x1d, 0x16, 0x17, 0x1b, 0x28, 0x10, 0x18, 0x50, 0x80, 0x1c, 0x1a, 0x13, 0x12, 0x1b, 0x13, 0x1a, 0x17, 0x80, 0x80, 0x15, 0x17, 0x15, 0x12, 0x13, 0x14, 0x15, 0x90, 0x80, 0x17, 0x1c, 0x14, 0x16, 0x19, 0x14, 0x17, 0x90, 0x90, 0x13, 0x1c, 0x11, 0x15, 0x17, 0x12, 0x90, 0x90, 0x11, 0x19, 0x11,
0x26, 0x12, 0x90, 0x70, 0x18, 0x13, 0x12, 0x14, 0x11, 0x12, 0x26, 0x90, 0x60, 0x39, 0x11, 0x15, 0x21, 0x16, 0x12, 0x90, 0x80, 0x13, 0x19, 0x26, 0x21, 0xa0, 0x80, 0x11, 0x14, 0x12, 0x16, 0x19, 0x12, 0xa0, 0x80, 0x21, 0x13, 0x14, 0x10, 0x12, 0xa0, 0x80, 0x12, 0x40, 0x13, 0xa0, 0x80, 0x1c, 0x40, 0x19, 0x1d, 0x90, 0xf0, 0x90,
// Compressed size: 166 bytes original pixels: 12544 uint16_t → ~25088 bytes uncompressed)

// Ingeborg / Ingeborg Auraflow V0.3 010 S3675650398 Th0.100 24 [Folder: Ingeborg] - RLE compressed data (offset: 13182, size: 252)
0xc0, 0x18, 0xb0, 0xb0, 0x17, 0x18, 0x13, 0xa0, 0xc0, 0x1c, 0x18, 0xa0, 0xc0, 0x19, 0x12, 0x18, 0x90, 0x90, 0x11, 0x15, 0x13, 0x1c, 0x11, 0x13, 0x90, 0x90, 0x19, 0x14, 0x12, 0x19, 0x1d, 0x13, 0x90, 0x90, 0x16, 0x1d, 0x13, 0x1d, 0x13, 0x1d, 0x11, 0x17, 0x70, 0x80, 0x17, 0x13, 0x10, 0x22, 0x1d, 0x11, 0x12, 0x15, 0x14, 0x1a, 0x50, 0x80, 0x18, 0x14, 0x10, 0x1c, 0x16, 0x14, 0x19, 0x1e, 0x16, 0x21, 0x50, 0x80, 0x19, 0x10, 0x19, 0x14, 0x1d, 0x13, 0x1c, 0x18, 0x11, 0x19, 0x1d, 0x50, 0x70, 0x15, 0x19, 0x10, 0x13, 0x14, 0x13, 0x12, 0x16, 0x13, 0x18, 0x1e, 0x15, 0x50, 0x70, 0x11, 0x13, 0x17, 0x13, 0x16, 0x14, 0x1c, 0x19, 0x1a, 0x14, 0x12, 0x16, 0x50, 0x80, 0x1b, 0x11, 0x14,
0x1a, 0x14, 0x22, 0x1b, 0x16, 0x11, 0x14, 0x50, 0x70, 0x18, 0x15, 0x24, 0x1a, 0x1b, 0x16, 0x13, 0x12, 0x14, 0x12, 0x60, 0x70, 0x15, 0x1c, 0x13, 0x16, 0x1b, 0x19, 0x1a, 0x13, 0x14, 0x1f, 0x70, 0x60, 0x15, 0x21, 0x13, 0x1c, 0x24, 0x1a, 0x1b, 0x90, 0x60, 0x18, 0x11, 0x16, 0x1e, 0x17, 0x3b, 0x22, 0x80, 0x60, 0x15, 0x19, 0x12, 0x13, 0x1e, 0x1a, 0x13, 0x1a, 0x15, 0x12, 0x80, 0x50, 0x15, 0x19, 0x11, 0x12, 0x11, 0x1a, 0x1b, 0x14, 0x1a, 0x22, 0x80, 0x50, 0x16, 0x15, 0x21, 0x18, 0x1a, 0x1b, 0x1a, 0x1b, 0x16, 0x12, 0x1c, 0x70, 0x40, 0x1c, 0x15, 0x17, 0x18, 0x11, 0x14, 0x1a, 0x11, 0x16, 0x12, 0x13, 0x1d, 0x11, 0x70, 0x40, 0x11, 0x10, 0x37, 0x13, 0x11, 0x14, 0x11, 0x12, 0x15,
0x19, 0x15, 0x18, 0x60, 0x40, 0x16, 0x30, 0x17, 0x13, 0x10, 0x15, 0x10, 0x17, 0x1d, 0x18, 0x10, 0x17, 0x60, 0x30, 0x1e, 0x20, 0x17, 0x10, 0x1c, 0x12, 0x40, 0x15, 0x90,
// Compressed size: 252 bytes original pixels: 12544 uint16_t → ~25088 bytes uncompressed)

// Ingrid / Ingrid Auraflow V0.3 007 S2784996113 Th0.100 24 [Folder: Ingrid] - RLE compressed data (offset: 13434, size: 228)
0xb0, 0x19, 0xc0, 0xa0, 0x17, 0x24, 0xb0, 0xa0, 0x24, 0x11, 0x30, 0x11, 0x70, 0x80, 0x16, 0x15, 0x14, 0x1d, 0x19, 0x14, 0x20, 0x11, 0x70, 0x70, 0x17, 0x14, 0x29, 0x11, 0x16, 0x13, 0x14, 0x10, 0x11, 0x16, 0x60, 0x50, 0x17, 0x10, 0x18, 0x1c, 0x13, 0x18, 0x11, 0x12, 0x15, 0x1b, 0x10, 0x13, 0x70, 0x50, 0x17, 0x16, 0x24, 0x13, 0x18, 0x15, 0x12, 0x18, 0x1d, 0x10, 0x1a, 0x70, 0x50, 0x16, 0x10, 0x17, 0x21, 0x15, 0x11, 0x15, 0x18, 0xa0, 0x40, 0x17, 0x10, 0x17, 0x10, 0x1d, 0x10, 0x13, 0x1a, 0x1e, 0x10, 0x18, 0x90, 0x40, 0x17, 0x10, 0x16, 0x18, 0x13, 0x19, 0x12, 0x13, 0x1c, 0x22, 0x90, 0x70, 0x12, 0x10, 0x19, 0x16, 0x1b, 0x18, 0x1d, 0x24, 0x80, 0x70, 0x17, 0x10, 0x13, 0x12,
0x11, 0x1c, 0x1a, 0x10, 0x1d, 0x80, 0x70, 0x19, 0x11, 0x1b, 0x19, 0x1b, 0x12, 0x1a, 0x13, 0x1d, 0x18, 0x70, 0x90, 0x1c, 0x14, 0x15, 0x1c, 0x1a, 0xa0, 0x80, 0x12, 0x1e, 0x15, 0x2b, 0x1c, 0xa0, 0x60, 0x16, 0x15, 0x13, 0x1a, 0x13, 0x1a, 0x12, 0x11, 0xa0, 0x50, 0x27, 0x13, 0x12, 0x18, 0x1c, 0x1e, 0x1a, 0x1e, 0xa0, 0x50, 0x15, 0x1b, 0x15, 0x12, 0x23, 0x11, 0x1d, 0x13, 0xa0, 0x50, 0x11, 0x10, 0x15, 0x19, 0x1c, 0x13, 0x14, 0x1a, 0x12, 0xa0, 0x40, 0x15, 0x19, 0x15, 0x20, 0x1c, 0x11, 0x10, 0x15, 0x1b, 0x10, 0x12, 0x80, 0x50, 0x16, 0x11, 0x20, 0x1e, 0x30, 0x1e, 0xa0, 0x60, 0x16, 0x20, 0x1b, 0x30, 0x1e, 0xa0, 0x90, 0x14, 0x12, 0x10, 0x11, 0x12, 0x1a, 0x18, 0x15, 0x16, 0x60,
0xf0, 0x10, 0x16, 0x70,
// Compressed size: 228 bytes original pixels: 12544 uint16_t → ~25088 bytes uncompressed)

// Irene / Irene Auraflow V0.3 025 S4057974734 Th0.100 24 [Folder: Irene] - RLE compressed data (offset: 13662, size: 205)
0xb0, 0x12, 0x1a, 0xb0, 0x90, 0x11, 0x12, 0x2e, 0x16, 0xa0, 0x90, 0x13, 0x11, 0x13, 0x1a, 0x12, 0xa0, 0x90, 0x1f, 0x19, 0x11, 0x2e, 0xa0, 0x80, 0x12, 0x14, 0x12, 0x18, 0x16, 0x1e, 0x1c, 0x90, 0x80, 0x17, 0x14, 0x1a, 0x1b, 0x11, 0x14, 0x1c, 0x15, 0x80, 0x70, 0x12, 0x13, 0x18, 0x1c, 0x15, 0x11, 0x1e, 0x15, 0x12, 0x80, 0x70, 0x12, 0x15, 0x17, 0x1b, 0x1d, 0x11, 0x17, 0x11, 0x12, 0x80, 0x20, 0x18, 0x40, 0x17, 0x13, 0x10, 0x1b, 0x12, 0x14, 0x17, 0x11, 0x16, 0x80, 0x20, 0x2a, 0x10, 0x1f, 0x1d, 0x30, 0x34, 0x1d, 0x20, 0x15, 0x23, 0x50, 0x30, 0x1b, 0x21, 0x30, 0x1a, 0x12, 0x19, 0x16, 0x19, 0x20, 0x1a, 0x18, 0x60, 0x60, 0x1c, 0x17, 0x13, 0x17, 0x24, 0x26, 0x17, 0x90, 0x90,
0x15, 0x16, 0x24, 0x1d, 0x17, 0x90, 0x90, 0x18, 0x16, 0x29, 0x15, 0x1d, 0x90, 0x90, 0x11, 0x26, 0x19, 0x11, 0x13, 0x90, 0x20, 0x16, 0x50, 0x17, 0x15, 0x19, 0x14, 0x19, 0x11, 0x12, 0x90, 0x70, 0x1b, 0x12, 0x11, 0x16, 0x11, 0x12, 0x1d, 0x17, 0x90, 0x70, 0x12, 0x13, 0x11, 0x12, 0x1f, 0x18, 0x14, 0x13, 0x90, 0x80, 0x12, 0x1f, 0x1c, 0x11, 0x13, 0x21, 0x90, 0x70, 0x25, 0x1b, 0x18, 0x11, 0x1c, 0x10, 0x14, 0x90, 0x70, 0x15, 0x13, 0x20, 0x13, 0x20, 0x16, 0x90, 0x60, 0x23, 0x18, 0x10, 0x17, 0x15, 0x20, 0x12, 0x90, 0xa0, 0x15, 0x13, 0x20, 0x1b, 0x90, 0xf0, 0x90,
// Compressed size: 205 bytes original pixels: 12544 uint16_t → ~25088 bytes uncompressed)

// Isabel / Isabel Auraflow V0.3 008 S855378758 Th0.100 24 [Folder: Isabel] - RLE compressed data (offset: 13867, size: 224)
0xa0, 0x19, 0x15, 0x19, 0xb0, 0xa0, 0x18, 0x14, 0x19, 0xb0, 0xa0, 0x17, 0x13, 0x19, 0x1c, 0xa0, 0xa0, 0x1b, 0x13, 0x19, 0x12, 0xa0, 0x90, 0x1b, 0x1d, 0x13, 0x19, 0x17, 0xa0, 0x90, 0x21, 0x2d, 0x12, 0xa0, 0x90, 0x1c, 0x15, 0x12, 0x1f, 0x1d, 0x19, 0x90, 0x90, 0x12, 0x15, 0x14, 0x11, 0x15, 0x13, 0x90, 0x80, 0x11, 0x1a, 0x16, 0x12, 0x13, 0x17, 0x15, 0x90, 0x80, 0x1b, 0x23, 0x17, 0x13, 0x18, 0x13, 0x90, 0x80, 0x11, 0x13, 0x11, 0x14, 0x18, 0x16, 0x14, 0x90, 0x80, 0x12, 0x16, 0x11, 0x16, 0x13, 0x16, 0x1b, 0x90, 0x70, 0x13, 0x1c, 0x11, 0x17, 0x1a, 0x14, 0x15, 0x1d, 0x13, 0x80, 0x70, 0x12, 0x31, 0x1d, 0x1c, 0x15, 0x1b, 0x12, 0x80, 0x70, 0x21, 0x18, 0x17, 0x1f, 0x16, 0x13,
0x1d, 0x11, 0x19, 0x70, 0x70, 0x12, 0x1a, 0x12, 0x11, 0x1d, 0x15, 0x1e, 0x14, 0x16, 0x13, 0x70, 0x70, 0x18, 0x11, 0x12, 0x18, 0x12, 0x15, 0x1e, 0x1a, 0x15, 0x80, 0x70, 0x21, 0x1e, 0x12, 0x1e, 0x14, 0x17, 0x15, 0x1a, 0x80, 0x60, 0x12, 0x17, 0x12, 0x1c, 0x17, 0x1b, 0x14, 0x22, 0x13, 0x80, 0x60, 0x12, 0x21, 0x18, 0x17, 0x1b, 0x15, 0x11, 0x16, 0x14, 0x80, 0x60, 0x11, 0x12, 0x21, 0x18, 0x1b, 0x14, 0x12, 0x14, 0x11, 0x80, 0x50, 0x16, 0x11, 0x15, 0x21, 0x1f, 0x1c, 0x14, 0x1e, 0x24, 0x80, 0x30, 0x15, 0x11, 0x14, 0x11, 0x1a, 0x12, 0x11, 0x1a, 0x1c, 0x16, 0x18, 0x16, 0x18, 0x80, 0x20, 0x19, 0x1a, 0x14, 0x17, 0x12, 0x1a, 0x11, 0x18, 0x12, 0x16, 0x1c, 0x11, 0x16, 0x1b, 0x80,
// Compressed size: 224 bytes original pixels: 12544 uint16_t → ~25088 bytes uncompressed)

// Karin / Karin Auraflow V0.3 007 S2260848594 Th0.100 24 [Folder: Karin] - RLE compressed data (offset: 14091, size: 305)
0xb0, 0x16, 0x1c, 0x1b, 0xa0, 0xb0, 0x12, 0x13, 0x12, 0x40, 0x1e, 0x18, 0x40, 0xb0, 0x1a, 0x23, 0x1b, 0x30, 0x28, 0x1d, 0x30, 0xa0, 0x1b, 0x13, 0x1e, 0x1d, 0x16, 0x30, 0x1f, 0x18, 0x40, 0xa0, 0x16, 0x1d, 0x1a, 0x18, 0x12, 0x11, 0x20, 0x18, 0x50, 0xa0, 0x1c, 0x1e, 0x11, 0x1a, 0x17, 0x1c, 0x20, 0x15, 0x50, 0x90, 0x16, 0x1d, 0x13, 0x17, 0x12, 0x18, 0x13, 0x20, 0x1e, 0x50, 0x40, 0x16, 0x11, 0x26, 0x11, 0x1d, 0x23, 0x18, 0x13, 0x19, 0x12, 0x16, 0x14, 0x18, 0x50, 0x30, 0x1b, 0x16, 0x11, 0x1d, 0x2c, 0x33, 0x11, 0x13, 0x11, 0x10, 0x15, 0x12, 0x17, 0x50, 0x10, 0x1b, 0x36, 0x11, 0x1c, 0x1e, 0x12, 0x1d, 0x1e, 0x1b, 0x14, 0x28, 0x30, 0x1a, 0x50, 0x20, 0x1b, 0x10, 0x1d, 0x11,
0x2c, 0x13, 0x12, 0x16, 0x10, 0x1a, 0x27, 0x11, 0x20, 0x1c, 0x50, 0x10, 0x1b, 0x11, 0x16, 0x1c, 0x11, 0x2d, 0x11, 0x1b, 0x10, 0x15, 0x12, 0x1d, 0x11, 0x19, 0x20, 0x11, 0x50, 0x30, 0x11, 0x26, 0x21, 0x1b, 0x10, 0x22, 0x13, 0x12, 0x13, 0x1e, 0x80, 0x20, 0x16, 0x1c, 0x16, 0x11, 0x16, 0x20, 0x24, 0x15, 0x16, 0x17, 0x15, 0x11, 0x80, 0x70, 0x11, 0x29, 0x1a, 0x15, 0x14, 0x13, 0x1a, 0x14, 0x16, 0x70, 0x20, 0x19, 0x14, 0x21, 0x14, 0x19, 0x14, 0x15, 0x14, 0x13, 0x15, 0x13, 0x17, 0x15, 0x11, 0x70, 0x10, 0x14, 0x12, 0x14, 0x12, 0x15, 0x24, 0x12, 0x14, 0x13, 0x14, 0x1a, 0x18, 0x27, 0x21, 0x60, 0x20, 0x15, 0x19, 0x12, 0x29, 0x12, 0x13, 0x11, 0x27, 0x15, 0x2a, 0x18, 0x1a, 0x11,
0x60, 0x40, 0x29, 0x23, 0x15, 0x14, 0x19, 0x14, 0x25, 0x13, 0x17, 0x13, 0x19, 0x60, 0x30, 0x12, 0x19, 0x1a, 0x22, 0x14, 0x11, 0x15, 0x1a, 0x18, 0x15, 0x18, 0x14, 0x18, 0x17, 0x14, 0x50, 0x50, 0x19, 0x15, 0x17, 0x12, 0x11, 0x16, 0x13, 0x17, 0x15, 0x18, 0x12, 0x17, 0x12, 0x1b, 0x16, 0x40, 0x60, 0x14, 0x20, 0x19, 0x12, 0x14, 0x17, 0x15, 0x18, 0x17, 0x19, 0x13, 0x15, 0x14, 0x19, 0x21, 0x10, 0xc0, 0x18, 0x35, 0x27, 0x19, 0x2a, 0x14, 0x20, 0xb0, 0x27, 0x18, 0x22, 0x18, 0x12, 0x1a, 0x50,
// Compressed size: 305 bytes original pixels: 12544 uint16_t → ~25088 bytes uncompressed)

// Katarina / Katarina Auraflow V0.3 001 S3835393083 Th0.100 24 [Folder: Katarina] - RLE compressed data (offset: 14396, size: 279)
0xc0, 0x16, 0x17, 0xa0, 0xa0, 0x1a, 0x15, 0x17, 0x18, 0x17, 0x16, 0x80, 0x90, 0x16, 0x17, 0x11, 0x1e, 0x11, 0x13, 0x11, 0x80, 0x80, 0x26, 0x1a, 0x21, 0x17, 0x28, 0x15, 0x14, 0x60, 0x60, 0x12, 0x10, 0x14, 0x15, 0x19, 0x1a, 0x15, 0x11, 0x18, 0x13, 0x1d, 0x12, 0x60, 0x70, 0x15, 0x11, 0x1d, 0x16, 0x1b, 0x12, 0x11, 0x17, 0x1d, 0x13, 0x12, 0x60, 0x70, 0x14, 0x16, 0x18, 0x16, 0x2b, 0x12, 0x33, 0x16, 0x60, 0x70, 0x12, 0x1b, 0x15, 0x19, 0x2b, 0x14, 0x1c, 0x11, 0x18, 0x1c, 0x16, 0x50, 0x60, 0x14, 0x1b, 0x1a, 0x11, 0x15, 0x14, 0x12, 0x14, 0x21, 0x15, 0x17, 0x14, 0x50, 0x70, 0x12, 0x11, 0x1e, 0x13, 0x14, 0x12, 0x1e, 0x18, 0x21, 0x19, 0x60, 0x70, 0x1f, 0x17, 0x18, 0x13, 0x1d,
0x1f, 0x17, 0x11, 0x15, 0x11, 0x1c, 0x12, 0x50, 0x70, 0x14, 0x17, 0x1e, 0x21, 0x17, 0x1c, 0x17, 0x1a, 0x15, 0x1e, 0x12, 0x50, 0x70, 0x1b, 0x11, 0x13, 0x1d, 0x1f, 0x11, 0x17, 0x11, 0x19, 0x12, 0x1c, 0x1b, 0x50, 0x70, 0x12, 0x19, 0x1a, 0x19, 0x13, 0x17, 0x1a, 0x29, 0x2b, 0x16, 0x50, 0x70, 0x1f, 0x15, 0x33, 0x1a, 0x1e, 0x14, 0x16, 0x19, 0x1c, 0x12, 0x50, 0x70, 0x11, 0x18, 0x1f, 0x13, 0x1a, 0x1f, 0x17, 0x15, 0x14, 0x12, 0x16, 0x60, 0x70, 0x1a, 0x13, 0x1d, 0x11, 0x17, 0x19, 0x45, 0x22, 0x50, 0x70, 0x1c, 0x1d, 0x17, 0x28, 0x16, 0x19, 0x15, 0x16, 0x12, 0x14, 0x60, 0x60, 0x1b, 0x17, 0x18, 0x13, 0x1d, 0x4c, 0x15, 0x24, 0x60, 0x60, 0x12, 0x23, 0x1d, 0x13, 0x1e, 0x1a, 0x1c,
0x15, 0x12, 0x15, 0x14, 0x60, 0x60, 0x1b, 0x12, 0x1d, 0x18, 0x23, 0x1e, 0x17, 0x1f, 0x12, 0x16, 0x24, 0x50, 0x60, 0x12, 0x18, 0x1e, 0x21, 0x18, 0x1a, 0x18, 0x29, 0x14, 0x12, 0x60, 0x60, 0x1c, 0x18, 0x13, 0x1a, 0x1e, 0x13, 0x2e, 0x19, 0x34, 0x16, 0x50, 0x60, 0x16, 0x1d, 0x1a, 0x2d, 0x13, 0x1a, 0x1f, 0x29, 0x15, 0x16, 0x14, 0x50,
// Compressed size: 279 bytes original pixels: 12544 uint16_t → ~25088 bytes uncompressed)

// Katie / Katie Auraflow V0.3 007 S788612930 Th0.100 24 [Folder: Katie] - RLE compressed data (offset: 14675, size: 186)
0xf0, 0x90, 0xf0, 0x90, 0xa0, 0x1b, 0x1f, 0x11, 0xb0, 0xa0, 0x14, 0x11, 0x17, 0x1c, 0xa0, 0x90, 0x1c, 0x19, 0x1f, 0x1a, 0x1f, 0x13, 0x90, 0x90, 0x15, 0x18, 0x1d, 0x1a, 0x17, 0x15, 0x1c, 0x12, 0x70, 0x90, 0x1f, 0x14, 0x15, 0x1d, 0x28, 0x11, 0x13, 0x12, 0x60, 0x80, 0x11, 0x12, 0x14, 0x17, 0x14, 0x19, 0x15, 0x11, 0x80, 0x80, 0x15, 0x2d, 0x24, 0x12, 0x11, 0x15, 0x80, 0x90, 0x13, 0x15, 0x17, 0x1e, 0x1f, 0x11, 0x90, 0x80, 0x13, 0x18, 0x27, 0x14, 0x1a, 0x1d, 0x90, 0x80, 0x12, 0x10, 0x18, 0x12, 0x1e, 0x1a, 0x18, 0x15, 0x80, 0x80, 0x16, 0x1e, 0x2a, 0x27, 0x1d, 0x12, 0x80, 0x80, 0x12, 0x29, 0x1a, 0x14, 0x19, 0x14, 0x16, 0x80, 0x70, 0x16, 0x10, 0x19, 0x14, 0x12, 0x24, 0x1e,
0x18, 0x80, 0x60, 0x13, 0x10, 0x1b, 0x19, 0x17, 0x13, 0x2e, 0x1b, 0x26, 0x70, 0x80, 0x13, 0x18, 0x19, 0x1a, 0x19, 0x18, 0x13, 0x1b, 0x16, 0x70, 0x80, 0x11, 0x12, 0x19, 0x12, 0x17, 0x1d, 0x13, 0x11, 0x16, 0x13, 0x60, 0x80, 0x25, 0x1e, 0x18, 0x26, 0x15, 0x10, 0x1b, 0x13, 0x60, 0x80, 0x21, 0x1b, 0x16, 0x1b, 0x20, 0x1c, 0x1b, 0x13, 0x60, 0x90, 0x2c, 0x22, 0x11, 0x20, 0x11, 0x70, 0xb0, 0x13, 0x12, 0x11, 0x10, 0x1c, 0x80, 0xf0, 0x90, 0xf0, 0x90,
// Compressed size: 186 bytes original pixels: 12544 uint16_t → ~25088 bytes uncompressed)

// Kyra / Kyra Auraflow V0.3 001 S3053676958 Th0.100 24 [Folder: Kyra] - RLE compressed data (offset: 14861, size: 268)
0xf0, 0x90, 0x90, 0x18, 0x21, 0x18, 0x16, 0xa0, 0x80, 0x1c, 0x13, 0x14, 0x17, 0x21, 0xa0, 0x80, 0x17, 0x25, 0x16, 0x17, 0x11, 0x19, 0x90, 0x90, 0x11, 0x1a, 0x14, 0x1c, 0x14, 0x1b, 0x90, 0x80, 0x18, 0x11, 0x2d, 0x16, 0x1a, 0x15, 0x1f, 0x80, 0x80, 0x14, 0x21, 0x1d, 0x15, 0x11, 0x1d, 0x11, 0x15, 0x70, 0x80, 0x18, 0x16, 0x11, 0x15, 0x1f, 0x1a, 0x11, 0x16, 0x1a, 0x1e, 0x60, 0xa0, 0x1f, 0x11, 0x1f, 0x1d, 0x12, 0x17, 0x1d, 0x13, 0x1f, 0x50, 0x80, 0x19, 0x10, 0x13, 0x14, 0x2a, 0x11, 0x17, 0x2b, 0x14, 0x1c, 0x40, 0xa0, 0x14, 0x11, 0x23, 0x16, 0x12, 0x20, 0x21, 0x40, 0x60, 0x15, 0x40, 0x14, 0x12, 0x11, 0x12, 0x18, 0x20, 0x1b, 0x17, 0x40, 0x40, 0x25, 0x18, 0x14, 0x28, 0x14,
0x1c, 0x1d, 0x13, 0x17, 0x18, 0x20, 0x14, 0x18, 0x40, 0x40, 0x1a, 0x13, 0x1a, 0x1e, 0x14, 0x17, 0x16, 0x1f, 0x15, 0x1a, 0x12, 0x17, 0x10, 0x11, 0x17, 0x50, 0x40, 0x23, 0x14, 0x13, 0x11, 0x16, 0x13, 0x1d, 0x21, 0x1f, 0x1b, 0x10, 0x1a, 0x1b, 0x50, 0x40, 0x1e, 0x1f, 0x13, 0x16, 0x22, 0x11, 0x22, 0x1a, 0x13, 0x12, 0x1e, 0x1d, 0x1b, 0x50, 0x50, 0x17, 0x11, 0x15, 0x36, 0x12, 0x13, 0x15, 0x11, 0x18, 0x10, 0x14, 0x1b, 0x50, 0x50, 0x13, 0x12, 0x1e, 0x18, 0x12, 0x13, 0x12, 0x11, 0x15, 0x17, 0x1b, 0x20, 0x1c, 0x50, 0x50, 0x1d, 0x18, 0x13, 0x1e, 0x12, 0x16, 0x12, 0x15, 0x1c, 0x17, 0x12, 0x80, 0x40, 0x1c, 0x13, 0x14, 0x18, 0x15, 0x22, 0x11, 0x1d, 0x15, 0x17, 0x12, 0x16, 0x10,
0x18, 0x50, 0x40, 0x1a, 0x16, 0x10, 0x14, 0x2e, 0x12, 0x11, 0x17, 0x1e, 0x22, 0x16, 0x70, 0x30, 0x1f, 0x15, 0x1b, 0x15, 0x1d, 0x14, 0x1f, 0x13, 0x17, 0x13, 0x1e, 0x14, 0x2b, 0x16, 0x60, 0x20, 0x1a, 0x14, 0x19, 0x1c, 0x79, 0x12, 0x1b, 0x39, 0x4c, 0x20, 0xf0, 0x90,
// Compressed size: 268 bytes original pixels: 12544 uint16_t → ~25088 bytes uncompressed)

// Lacey / Lacey Auraflow V0.3 024 S3957683122 Th0.100 24 [Folder: Lacey] - RLE compressed data (offset: 15129, size: 165)
0xf0, 0x90, 0xb0, 0x25, 0x1c, 0xa0, 0x90, 0x1c, 0x49, 0x15, 0x90, 0x90, 0x13, 0x1e, 0x17, 0x15, 0x19, 0x15, 0x1b, 0x80, 0x80, 0x15, 0x33, 0x1b, 0x17, 0x15, 0x1c, 0x80, 0x80, 0x27, 0x1e, 0x13, 0x1d, 0x1b, 0x17, 0x19, 0x80, 0x80, 0x13, 0x1b, 0x13, 0x1a, 0x1b, 0x1c, 0x27, 0x80, 0x70, 0x15, 0x10, 0x19, 0x17, 0x13, 0x1a, 0x1d, 0x17, 0x1b, 0x80, 0x90, 0x1b, 0x10, 0x16, 0x11, 0x12, 0x19, 0x15, 0x80, 0x90, 0x1c, 0x1d, 0x16, 0x21, 0x13, 0x15, 0x80, 0xa0, 0x16, 0x18, 0x11, 0x16, 0x1d, 0x1a, 0x80, 0xa0, 0x14, 0x1d, 0x16, 0x10, 0x16, 0x13, 0x80, 0xa0, 0x14, 0x18, 0x14, 0x13, 0x1d, 0x90, 0xa0, 0x16, 0x21, 0x14, 0x1a, 0x90, 0x80, 0x11, 0x16, 0x11, 0x18, 0x32, 0x90, 0x90, 0x11,
0x16, 0x18, 0x22, 0x2a, 0x80, 0x80, 0x12, 0x14, 0x11, 0x18, 0x12, 0x1a, 0x18, 0x90, 0x90, 0x16, 0x18, 0x14, 0x18, 0x14, 0xa0, 0xa0, 0x14, 0x11, 0x10, 0x11, 0xa0, 0xa0, 0x11, 0x12, 0x14, 0x18, 0xa0, 0xb0, 0x12, 0x10, 0x14, 0xa0, 0xa0, 0x21, 0x10, 0x14, 0xa0, 0x80, 0x1a, 0x11, 0x22, 0x11, 0x12, 0x1c, 0x90, 0xf0, 0x90,
// Compressed size: 165 bytes original pixels: 12544 uint16_t → ~25088 bytes uncompressed)

// Leofwynn / Leofwynn Auraflow V0.3 009 S1623836998 Th0.100 24 [Folder: Leofwynn] - RLE compressed data (offset: 15294, size: 328)
0xc0, 0x1a, 0x22, 0x90, 0xb0, 0x12, 0x14, 0x18, 0x13, 0x17, 0x1f, 0x1a, 0x60, 0xa0, 0x1c, 0x11, 0x17, 0x11, 0x13, 0x16, 0x27, 0x60, 0x90, 0x12, 0x11, 0x13, 0x14, 0x15, 0x16, 0x11, 0x1d, 0x12, 0x60, 0x90, 0x16, 0x11, 0x13, 0x19, 0x13, 0x19, 0x1c, 0x14, 0x1d, 0x60, 0x80, 0x1d, 0x21, 0x15, 0x18, 0x11, 0x14, 0x2f, 0x12, 0x60, 0x80, 0x12, 0x13, 0x17, 0x19, 0x13, 0x15, 0x1e, 0x1b, 0x22, 0x60, 0x60, 0x1a, 0x1d, 0x11, 0x16, 0x14, 0x19, 0x11, 0x15, 0x1f, 0x22, 0x1c, 0x60, 0x60, 0x1d, 0x24, 0x19, 0x13, 0x18, 0x17, 0x11, 0x13, 0x1b, 0x22, 0x60, 0x50, 0x1d, 0x1b, 0x16, 0x21, 0x19, 0x14, 0x19, 0x13, 0x11, 0x1f, 0x15, 0x16, 0x60, 0x60, 0x12, 0x1d, 0x15, 0x17, 0x18, 0x14, 0x11,
0x25, 0x16, 0x11, 0x1e, 0x1a, 0x50, 0x50, 0x1a, 0x17, 0x1e, 0x13, 0x18, 0x11, 0x18, 0x21, 0x18, 0x16, 0x14, 0x1b, 0x1d, 0x50, 0x40, 0x1b, 0x17, 0x16, 0x15, 0x18, 0x13, 0x19, 0x11, 0x15, 0x11, 0x1b, 0x24, 0x1c, 0x60, 0x40, 0x12, 0x10, 0x16, 0x13, 0x11, 0x13, 0x25, 0x19, 0x1c, 0x12, 0x1d, 0x18, 0x1c, 0x1b, 0x50, 0x50, 0x14, 0x17, 0x11, 0x13, 0x29, 0x16, 0x17, 0x1c, 0x22, 0x1e, 0x17, 0x13, 0x50, 0x20, 0x1a, 0x10, 0x12, 0x1f, 0x21, 0x29, 0x13, 0x24, 0x1f, 0x1c, 0x12, 0x1c, 0x1e, 0x12, 0x50, 0x20, 0x1a, 0x22, 0x16, 0x11, 0x15, 0x16, 0x1e, 0x21, 0x13, 0x17, 0x2b, 0x11, 0x17, 0x1b, 0x50, 0x10, 0x1a, 0x20, 0x1c, 0x1f, 0x13, 0x11, 0x13, 0x14, 0x15, 0x19, 0x18, 0x11, 0x1c,
0x1b, 0x11, 0x1d, 0x12, 0x50, 0x30, 0x1c, 0x14, 0x1f, 0x16, 0x15, 0x16, 0x1e, 0x23, 0x15, 0x11, 0x18, 0x1e, 0x14, 0x18, 0x1d, 0x1a, 0x40, 0x20, 0x12, 0x1f, 0x22, 0x1c, 0x16, 0x18, 0x1e, 0x16, 0x11, 0x19, 0x15, 0x19, 0x13, 0x14, 0x16, 0x1a, 0x50, 0x10, 0x1a, 0x17, 0x30, 0x1f, 0x1c, 0x13, 0x18, 0x11, 0x19, 0x15, 0x19, 0x11, 0x16, 0x14, 0x1c, 0x1d, 0x50, 0x20, 0x1a, 0x1f, 0x1a, 0x1d, 0x1e, 0x13, 0x14, 0x13, 0x15, 0x21, 0x19, 0x15, 0x17, 0x1e, 0x2a, 0x1d, 0x40, 0x20, 0x1d, 0x10, 0x1a, 0x2b, 0x27, 0x1e, 0x28, 0x11, 0x15, 0x13, 0x15, 0x1e, 0x70, 0x20, 0x1b, 0x1a, 0x10, 0x1c, 0x12, 0x2b, 0x14, 0x26, 0x38, 0x17, 0x1e, 0x70,
// Compressed size: 328 bytes original pixels: 12544 uint16_t → ~25088 bytes uncompressed)

// Lillie / Lillie Auraflow V0.3 006 S3151413074 Th0.100 24 [Folder: Lillie] - RLE compressed data (offset: 15622, size: 211)
0xc0, 0x1c, 0xb0, 0xa0, 0x37, 0x16, 0x1c, 0x90, 0xa0, 0x14, 0x1b, 0x2f, 0x1c, 0x90, 0x90, 0x16, 0x22, 0x14, 0x12, 0x1d, 0x90, 0x90, 0x11, 0x13, 0x1b, 0x12, 0x2d, 0x90, 0x90, 0x12, 0x2b, 0x12, 0x1d, 0xa0, 0x90, 0x1e, 0x15, 0x1f, 0x1d, 0x11, 0xa0, 0x80, 0x11, 0x18, 0x31, 0x2c, 0x90, 0x80, 0x11, 0x14, 0x2d, 0x12, 0x2c, 0x11, 0x80, 0x90, 0x17, 0x12, 0x1b, 0x15, 0x17, 0x11, 0x26, 0x70, 0x90, 0x18, 0x14, 0x15, 0x16, 0x14, 0x11, 0x12, 0x11, 0x70, 0x80, 0x21, 0x15, 0x17, 0x12, 0x15, 0x17, 0x90, 0xa0, 0x14, 0x17, 0x16, 0x17, 0x12, 0x90, 0xb0, 0x1b, 0x12, 0x17, 0x16, 0x11, 0x80, 0xa0, 0x1e, 0x13, 0x1f, 0x12, 0x18, 0x16, 0x11, 0x70, 0x90, 0x16, 0x18, 0x19, 0x15, 0x14, 0x15,
0x18, 0x1c, 0x70, 0x90, 0x1f, 0x18, 0x19, 0x2a, 0x13, 0x18, 0x1d, 0x2c, 0x50, 0x90, 0x1e, 0x19, 0x15, 0x13, 0x1a, 0x15, 0x1e, 0x22, 0x21, 0x40, 0x80, 0x17, 0x29, 0x17, 0x19, 0x15, 0x12, 0x1e, 0x17, 0x12, 0x16, 0x11, 0x15, 0x30, 0x70, 0x26, 0x29, 0x14, 0x13, 0x24, 0x15, 0x19, 0x1e, 0x26, 0x18, 0x30, 0x70, 0x28, 0x2a, 0x33, 0x1f, 0x19, 0x18, 0x1b, 0x12, 0x17, 0x40, 0x60, 0x15, 0x14, 0x23, 0x1a, 0x14, 0x13, 0x1b, 0x1a, 0x29, 0x18, 0x14, 0x18, 0x40, 0x60, 0x15, 0x14, 0x13, 0x1d, 0x1b, 0x3a, 0x19, 0x2a, 0x14, 0x1a, 0x15, 0x40, 0x70, 0x23, 0x4b, 0x13, 0x1b, 0x14, 0x1a, 0x23, 0x19, 0x18, 0x30,
// Compressed size: 211 bytes original pixels: 12544 uint16_t → ~25088 bytes uncompressed)

// Liselotte / Liselotte Auraflow V0.3 004 S3663542251 Th0.100 24 [Folder: Liselotte] - RLE compressed data (offset: 15833, size: 186)
0xf0, 0x90, 0xf0, 0x90, 0xa0, 0x2e, 0xc0, 0x90, 0x11, 0x19, 0x13, 0x1e, 0xb0, 0x90, 0x13, 0x1a, 0x1b, 0x13, 0xb0, 0x80, 0x19, 0x1d, 0x1b, 0x17, 0x1a, 0xb0, 0x80, 0x1f, 0x12, 0x17, 0x12, 0x13, 0xb0, 0x80, 0x13, 0x1d, 0x15, 0x18, 0xc0, 0x80, 0x16, 0x13, 0x16, 0xd0, 0x70, 0x1d, 0x18, 0x16, 0x1c, 0x1e, 0xc0, 0x70, 0x11, 0x12, 0x21, 0x1a, 0x19, 0xb0, 0x70, 0x11, 0x12, 0x13, 0x1f, 0x11, 0x13, 0xb0, 0x70, 0x1b, 0x15, 0x11, 0x1d, 0x17, 0x13, 0x16, 0xa0, 0x70, 0x15, 0x1b, 0x22, 0x11, 0x16, 0x1c, 0xa0, 0x60, 0x11, 0x2b, 0x12, 0x14, 0x13, 0x19, 0x13, 0x1c, 0x90, 0x60, 0x17, 0x25, 0x18, 0x14, 0x16, 0x1c, 0x19, 0x1e, 0x90, 0x60, 0x18, 0x14, 0x15, 0x17, 0x15, 0x1c, 0x1a, 0x16,
0x1a, 0x90, 0x60, 0x17, 0x12, 0x15, 0x17, 0x15, 0x1a, 0x11, 0x16, 0x19, 0x90, 0x60, 0x18, 0x12, 0x15, 0x18, 0x14, 0x16, 0x17, 0x16, 0x11, 0x90, 0x60, 0x12, 0x14, 0x18, 0x1d, 0x14, 0x11, 0x12, 0x19, 0x11, 0x90, 0x60, 0x14, 0x18, 0x14, 0x12, 0x15, 0x17, 0x18, 0x19, 0x1c, 0x90, 0x60, 0x1b, 0x12, 0x1b, 0x12, 0x14, 0x2a, 0x19, 0x11, 0x90, 0x70, 0x24, 0x18, 0x14, 0x17, 0x1a, 0x16, 0x13, 0x90, 0x70, 0x14, 0x12, 0x25, 0x1d, 0x13, 0x16, 0x11, 0x90,
// Compressed size: 186 bytes original pixels: 12544 uint16_t → ~25088 bytes uncompressed)

// Maggie / Maggie Auraflow V0.3 031 S3080244662 Th0.100 24 [Folder: Maggie] - RLE compressed data (offset: 16019, size: 229)
0x40, 0x21, 0x12, 0xf0, 0x20, 0x30, 0x15, 0x1b, 0x19, 0x1d, 0x12, 0x20, 0x22, 0xc0, 0x30, 0x1d, 0x39, 0x12, 0x10, 0x1c, 0x27, 0x11, 0xb0, 0x20, 0x12, 0x1b, 0x39, 0x20, 0x17, 0x19, 0x17, 0x1d, 0xb0, 0x30, 0x1d, 0x1b, 0x17, 0x1b, 0x20, 0x11, 0x12, 0x17, 0x22, 0x17, 0x90, 0x50, 0x17, 0x30, 0x12, 0x1d, 0x1b, 0x1e, 0x16, 0xa0, 0x90, 0x12, 0x1c, 0x12, 0x1b, 0x17, 0xa0, 0x90, 0x12, 0x1b, 0x13, 0x16, 0x11, 0xa0, 0x90, 0x11, 0x17, 0x12, 0x21, 0xa0, 0x60, 0x1c, 0x1d, 0x11, 0x19, 0x12, 0x14, 0x16, 0x11, 0xa0, 0x60, 0x16, 0x20, 0x13, 0x11, 0x12, 0x17, 0x18, 0x11, 0x90, 0x60, 0x11, 0x20, 0x15, 0x11, 0x14, 0x22, 0x15, 0x16, 0x80, 0x80, 0x17, 0x14, 0x12, 0x14, 0x13, 0x1c, 0x18,
0x90, 0x80, 0x11, 0x26, 0x13, 0x1a, 0x17, 0x13, 0x15, 0x80, 0x80, 0x14, 0x10, 0x11, 0x25, 0x11, 0x14, 0x90, 0x80, 0x11, 0x14, 0x15, 0x1e, 0x14, 0x16, 0x18, 0x16, 0x80, 0x80, 0x13, 0x1a, 0x11, 0x1a, 0x13, 0x11, 0x16, 0x14, 0x13, 0x70, 0x70, 0x17, 0x2c, 0x18, 0x14, 0x15, 0x13, 0x11, 0x16, 0x18, 0x23, 0x50, 0x70, 0x12, 0x10, 0x14, 0x10, 0x1a, 0x15, 0x18, 0x11, 0x18, 0x1a, 0x14, 0x16, 0x18, 0x23, 0x20, 0x70, 0x11, 0x10, 0x14, 0x20, 0x18, 0x10, 0x1e, 0x13, 0x15, 0x14, 0x15, 0x1e, 0x13, 0x30, 0x70, 0x11, 0x10, 0x15, 0x10, 0x16, 0x30, 0x28, 0x16, 0x13, 0x14, 0x1a, 0x30, 0x70, 0x12, 0x10, 0x1a, 0x10, 0x1c, 0x18, 0x20, 0x2a, 0x13, 0x1e, 0x50, 0x70, 0x15, 0x30, 0x15, 0x16,
0x40, 0x15, 0x60, 0xf0, 0x90,
// Compressed size: 229 bytes original pixels: 12544 uint16_t → ~25088 bytes uncompressed)

// Mairead / Mairead Auraflow V0.3 024 S4082451716 Th0.100 24 [Folder: Mairead] - RLE compressed data (offset: 16248, size: 137)
0xf0, 0x90, 0xf0, 0x90, 0xb0, 0x1b, 0x15, 0x1a, 0xa0, 0xb0, 0x25, 0x1b, 0x18, 0x90, 0xb0, 0x17, 0x15, 0x16, 0xa0, 0xa0, 0x18, 0x1c, 0x26, 0x1a, 0x17, 0x80, 0xa0, 0x18, 0x11, 0x26, 0x15, 0x17, 0x80, 0xb0, 0x1d, 0x16, 0x25, 0x90, 0xa0, 0x1a, 0x12, 0x16, 0x15, 0x1b, 0x1a, 0x80, 0xa0, 0x19, 0x12, 0x16, 0x17, 0x1b, 0x90, 0xa0, 0x17, 0x13, 0x14, 0x13, 0x1b, 0x90, 0x90, 0x1a, 0x17, 0x31, 0x19, 0x90, 0xa0, 0x14, 0x13, 0x11, 0x12, 0xa0, 0x90, 0x19, 0x14, 0x12, 0x11, 0x14, 0x19, 0x90, 0x90, 0x13, 0x12, 0x13, 0x14, 0x11, 0xa0, 0x70, 0x18, 0x19, 0x11, 0x12, 0x21, 0x13, 0xa0, 0x60, 0x1c, 0x19, 0x10, 0x13, 0x12, 0x1d, 0x11, 0x1d, 0x18, 0x90, 0x60, 0x18, 0x30, 0x11, 0x23, 0x12,
0xa0, 0xb0, 0x3c, 0xa0, 0xb0, 0x12, 0x10, 0x14, 0xa0, 0xb0, 0x14, 0x10, 0x14, 0xa0, 0x90, 0x13, 0x12, 0x14, 0x12, 0x14, 0xa0, 0xf0, 0x90, 0xf0, 0x90,
// Compressed size: 137 bytes original pixels: 12544 uint16_t → ~25088 bytes uncompressed)

// Masamune / Masamune Auraflow V0.3 031 S790665065 Th0.100 24 [Folder: Masamune] - RLE compressed data (offset: 16385, size: 163)
0xf0, 0x90, 0xa0, 0x1a, 0x12, 0xc0, 0xa0, 0x16, 0x18, 0xc0, 0x90, 0x13, 0x1a, 0x23, 0xb0, 0xa0, 0x12, 0x16, 0x17, 0xb0, 0xb0, 0x12, 0x1a, 0x13, 0xa0, 0xa0, 0x16, 0x17, 0x23, 0x17, 0x90, 0xa0, 0x1a, 0x1d, 0x19, 0x14, 0x15, 0x90, 0x80, 0x13, 0x18, 0x1c, 0x1e, 0x21, 0x14, 0x90, 0x60, 0x12, 0x15, 0x20, 0x27, 0x1c, 0x12, 0xa0, 0x40, 0x1a, 0x11, 0x40, 0x15, 0x1e, 0x27, 0x13, 0x90, 0xa0, 0x22, 0x1c, 0x17, 0x23, 0x80, 0x90, 0x1a, 0x15, 0x14, 0x35, 0x10, 0x1b, 0x70, 0x90, 0x11, 0x16, 0x13, 0x12, 0x15, 0x14, 0x20, 0x19, 0x60, 0x80, 0x16, 0x11, 0x18, 0x1d, 0x18, 0x1d, 0x13, 0x30, 0x18, 0x50, 0x70, 0x19, 0x11, 0x16, 0x14, 0x12, 0x1c, 0x15, 0x17, 0x1c, 0x80, 0x70, 0x12, 0x11,
0x1e, 0x51, 0x19, 0x80, 0x70, 0x14, 0x29, 0x11, 0x2b, 0x14, 0x1b, 0x14, 0x80, 0x80, 0x16, 0x1f, 0x11, 0x18, 0x14, 0x18, 0x11, 0x14, 0x80, 0x80, 0x18, 0x12, 0x20, 0x1b, 0x1f, 0x11, 0x15, 0x80, 0x80, 0x14, 0x11, 0x40, 0x12, 0x19, 0x80, 0x80, 0x26, 0x40, 0x1d, 0x12, 0x80, 0xe0, 0x15, 0x14, 0x80, 0xf0, 0x90,
// Compressed size: 163 bytes original pixels: 12544 uint16_t → ~25088 bytes uncompressed)

// Matilda / Matilda Auraflow V0.3 003 S1948208129 Th0.100 24 [Folder: Matilda] - RLE compressed data (offset: 16548, size: 244)
0xa0, 0x16, 0xd0, 0x60, 0x18, 0x10, 0x18, 0x25, 0x13, 0x14, 0xb0, 0x50, 0x16, 0x10, 0x15, 0x13, 0x19, 0x15, 0x1e, 0x14, 0xb0, 0x40, 0x2d, 0x1c, 0x21, 0x19, 0x1c, 0x1b, 0x15, 0xb0, 0x30, 0x16, 0x15, 0x23, 0x2b, 0x1e, 0x23, 0x12, 0xb0, 0x20, 0x18, 0x1d, 0x15, 0x13, 0x14, 0x19, 0x12, 0x13, 0x19, 0x12, 0x1d, 0x17, 0xa0, 0x20, 0x16, 0x18, 0x1c, 0x15, 0x11, 0x12, 0x19, 0x22, 0x13, 0x1e, 0x11, 0xa0, 0x10, 0x18, 0x16, 0x15, 0x14, 0x1b, 0x14, 0x13, 0x11, 0x19, 0x27, 0x2a, 0xa0, 0x10, 0x28, 0x14, 0x13, 0x24, 0x13, 0x15, 0x11, 0x12, 0x1c, 0x29, 0xa0, 0x10, 0x16, 0x18, 0x15, 0x1c, 0x13, 0x16, 0x10, 0x13, 0x10, 0x14, 0x17, 0x19, 0x27, 0x90, 0x10, 0x16, 0x18, 0x20, 0x16, 0x13,
0x18, 0x11, 0x15, 0x11, 0x13, 0x27, 0x11, 0x90, 0x10, 0x26, 0x20, 0x2d, 0x15, 0x1e, 0x17, 0x1f, 0x15, 0x1b, 0x1a, 0x1b, 0x90, 0x80, 0x11, 0x12, 0x2a, 0x1c, 0x19, 0x1b, 0x90, 0x50, 0x18, 0x20, 0x1b, 0x12, 0x17, 0x1f, 0x14, 0x1b, 0x10, 0x15, 0x80, 0x80, 0x16, 0x1b, 0x14, 0x17, 0x12, 0x14, 0x18, 0x90, 0x90, 0x22, 0x11, 0x34, 0x10, 0x1e, 0x70, 0x90, 0x11, 0x14, 0x17, 0x11, 0x13, 0x30, 0x12, 0x10, 0x16, 0x1a, 0x30, 0x80, 0x12, 0x2a, 0x14, 0x1d, 0x12, 0x40, 0x1a, 0x13, 0x17, 0x16, 0x20, 0x80, 0x22, 0x20, 0x12, 0x17, 0x30, 0x16, 0x11, 0x12, 0x21, 0x12, 0x10, 0x80, 0x14, 0x15, 0x20, 0x12, 0x14, 0x30, 0x18, 0x21, 0x1a, 0x1e, 0x20, 0x80, 0x1c, 0x40, 0x19, 0x40, 0x21, 0x14,
0x30, 0x70, 0x1a, 0x17, 0x40, 0x19, 0x50, 0x13, 0x40, 0x70, 0x1c, 0x13, 0x30, 0x18, 0x19, 0xa0, 0x70, 0x15, 0x11, 0xf0,
// Compressed size: 244 bytes original pixels: 12544 uint16_t → ~25088 bytes uncompressed)

// Maya / Maya Auraflow V0.3 031 S1408807416 Th0.100 24 [Folder: Maya] - RLE compressed data (offset: 16792, size: 157)
0xf0, 0x90, 0xf0, 0x90, 0xf0, 0x90, 0xf0, 0x90, 0xf0, 0x90, 0xf0, 0x90, 0xb0, 0x21, 0x1d, 0x20, 0x15, 0x70, 0xa0, 0x15, 0x13, 0x19, 0xb0, 0x90, 0x16, 0x11, 0x13, 0x11, 0x19, 0x10, 0x19, 0x80, 0x90, 0x14, 0x13, 0x16, 0x15, 0x16, 0x11, 0x90, 0x50, 0x21, 0x19, 0x14, 0x15, 0x10, 0x16, 0x11, 0x19, 0xa0, 0xb0, 0x15, 0x13, 0x11, 0xa0, 0x60, 0x16, 0x20, 0x1d, 0x1b, 0x15, 0x11, 0x19, 0xa0, 0x40, 0x15, 0x24, 0x2c, 0x14, 0x18, 0x13, 0x1e, 0x1c, 0x10, 0x1d, 0x80, 0x40, 0x12, 0x18, 0x11, 0x1a, 0x33, 0x18, 0x17, 0x12, 0x1c, 0x16, 0x80, 0x40, 0x16, 0x14, 0x19, 0x31, 0x27, 0x12, 0x13, 0x12, 0x14, 0x1b, 0x15, 0x1b, 0x50, 0x50, 0x1b, 0x12, 0x18, 0x1a, 0x12, 0x1a, 0x18, 0x12, 0x13,
0x1a, 0x14, 0x12, 0x17, 0x60, 0x60, 0x1b, 0x14, 0x12, 0x17, 0x12, 0x17, 0x28, 0x22, 0x17, 0x15, 0x60, 0x90, 0x11, 0x1a, 0x1e, 0x1a, 0x1e, 0x1c, 0x1b, 0x16, 0x70, 0x90, 0x1e, 0x23, 0x14, 0x1c, 0x1d, 0x90, 0xa0, 0x18, 0xd0, 0xa0, 0x1a, 0xd0, 0xa0, 0x17, 0xd0, 0xf0, 0x90,
// Compressed size: 157 bytes original pixels: 12544 uint16_t → ~25088 bytes uncompressed)

// Mildrith / Mildrith Auraflow V0.3 005 S3340494432 Th0.100 24 [Folder: Mildrith] - RLE compressed data (offset: 16949, size: 269)
0xa0, 0x26, 0xc0, 0x90, 0x2d, 0x1c, 0x18, 0x11, 0xa0, 0x80, 0x2d, 0x10, 0x1c, 0x18, 0x15, 0xa0, 0x80, 0x19, 0x16, 0x10, 0x1c, 0x15, 0x16, 0xa0, 0x80, 0x1d, 0x10, 0x19, 0x2a, 0x16, 0x1d, 0x90, 0x80, 0x19, 0x14, 0x13, 0x14, 0x17, 0x13, 0x1c, 0x90, 0x80, 0x24, 0x12, 0x1a, 0x14, 0x13, 0x1a, 0x16, 0x80, 0xb0, 0x13, 0x1a, 0x1b, 0x13, 0x90, 0xb0, 0x17, 0x11, 0x15, 0x14, 0x90, 0x90, 0x26, 0x18, 0x15, 0x14, 0x17, 0x19, 0x80, 0x50, 0x18, 0x16, 0x1d, 0x16, 0x19, 0x17, 0x1e, 0x18, 0x1f, 0x10, 0x13, 0x80, 0x50, 0x16, 0x11, 0x14, 0x20, 0x12, 0x11, 0x1a, 0x18, 0x1e, 0x10, 0x19, 0x70, 0x40, 0x16, 0x14, 0x12, 0x14, 0x20, 0x1c, 0x1a, 0x1b, 0x18, 0x12, 0x10, 0x1c, 0x16, 0x60, 0x60,
0x15, 0x19, 0x20, 0x13, 0x21, 0x1b, 0x13, 0x90, 0x60, 0x1e, 0x19, 0x10, 0x1d, 0x1e, 0x13, 0x17, 0x15, 0x14, 0x20, 0x1d, 0x18, 0x50, 0x50, 0x1a, 0x11, 0x1a, 0x10, 0x12, 0x17, 0x2b, 0x15, 0x13, 0x1c, 0x15, 0x16, 0x11, 0x50, 0x40, 0x21, 0x12, 0x14, 0x10, 0x14, 0x12, 0x17, 0x31, 0x1c, 0x20, 0x17, 0x1c, 0x40, 0x30, 0x11, 0x18, 0x11, 0x18, 0x20, 0x19, 0x1a, 0x15, 0x12, 0x21, 0x16, 0x20, 0x11, 0x18, 0x1e, 0x30, 0x30, 0x18, 0x12, 0x1e, 0x30, 0x13, 0x12, 0x11, 0x13, 0x11, 0x1b, 0x11, 0x20, 0x19, 0x15, 0x12, 0x1b, 0x20, 0x30, 0x15, 0x1b, 0x1e, 0x20, 0x19, 0x14, 0x11, 0x12, 0x13, 0x11, 0x12, 0x1a, 0x20, 0x19, 0x18, 0x12, 0x1b, 0x20, 0x30, 0x18, 0x15, 0x13, 0x10, 0x15, 0x13,
0x1e, 0x12, 0x17, 0x13, 0x11, 0x14, 0x12, 0x20, 0x25, 0x12, 0x18, 0x1c, 0x10, 0x10, 0x16, 0x13, 0x12, 0x15, 0x12, 0x1b, 0x1c, 0x13, 0x22, 0x17, 0x13, 0x37, 0x16, 0x1d, 0x40, 0x1b, 0x14, 0x14, 0x12, 0x15, 0x1b, 0x50, 0x13, 0x14, 0x1a, 0x15, 0x11, 0x27, 0x80, 0xf0, 0x90,
// Compressed size: 269 bytes original pixels: 12544 uint16_t → ~25088 bytes uncompressed)

// Mindred / Mindred Auraflow V0.3 034 S899068641 Th0.100 24 [Folder: Mindred] - RLE compressed data (offset: 17218, size: 169)
0xf0, 0x90, 0xf0, 0x90, 0x80, 0x16, 0xf0, 0x70, 0x43, 0x16, 0x13, 0xb0, 0x80, 0x13, 0x26, 0x19, 0x12, 0xb0, 0x70, 0x23, 0x16, 0x19, 0x1c, 0x14, 0x19, 0xa0, 0x60, 0x13, 0x26, 0x19, 0x16, 0x1a, 0xc0, 0x60, 0x23, 0x16, 0x13, 0x24, 0x13, 0xb0, 0x70, 0x23, 0x19, 0x34, 0x1a, 0xa0, 0x70, 0x13, 0x14, 0x20, 0x2a, 0xb0, 0x40, 0x1c, 0x15, 0x50, 0x15, 0x17, 0xb0, 0xa0, 0x12, 0x25, 0xb0, 0x70, 0x16, 0x27, 0x12, 0x11, 0x17, 0x12, 0x50, 0x13, 0x40, 0x70, 0x19, 0x22, 0x18, 0x1a, 0x11, 0x15, 0x18, 0x40, 0x14, 0x17, 0x30, 0x60, 0x17, 0x42, 0x14, 0x11, 0x19, 0x11, 0x18, 0x13, 0x10, 0x15, 0x14, 0x15, 0x30, 0x60, 0x19, 0x32, 0x15, 0x18, 0x15, 0x1a, 0x17, 0x16, 0x19, 0x15, 0x18, 0x1e,
0x40, 0x70, 0x12, 0x41, 0x24, 0x11, 0x18, 0x17, 0x1a, 0x28, 0x40, 0x70, 0x1a, 0x22, 0x18, 0x51, 0x3b, 0x50, 0x80, 0x17, 0x11, 0x28, 0x41, 0x12, 0x17, 0x60, 0x80, 0x15, 0x10, 0x1d, 0x17, 0x11, 0x10, 0x22, 0x11, 0x70, 0x70, 0x1a, 0x40, 0x14, 0xb0, 0x60, 0x15, 0x14, 0x40, 0x14, 0xb0, 0x70, 0x14, 0x40, 0x1a, 0x1d, 0xa0, 0x70, 0x19, 0x12, 0xf0,
// Compressed size: 169 bytes original pixels: 12544 uint16_t → ~25088 bytes uncompressed)

// Nadja / Nadja Auraflow V0.3 002 S2701776878 Th0.100 24 [Folder: Nadja] - RLE compressed data (offset: 17387, size: 165)
0xf0, 0x90, 0xc0, 0x1a, 0x14, 0xa0, 0xc0, 0x23, 0xa0, 0xb0, 0x1c, 0x17, 0x1e, 0x11, 0x90, 0xa0, 0x1d, 0x13, 0x17, 0x1a, 0xa0, 0xa0, 0x26, 0x1e, 0x11, 0x1a, 0x90, 0xa0, 0x15, 0x32, 0x11, 0x90, 0xa0, 0x17, 0x15, 0x1a, 0x14, 0x18, 0x90, 0x90, 0x1b, 0x10, 0x18, 0x21, 0x10, 0x1e, 0x80, 0x90, 0x26, 0x17, 0x16, 0x18, 0x11, 0x19, 0x80, 0x80, 0x17, 0x10, 0x17, 0x1f, 0x19, 0x15, 0x14, 0x10, 0x1a, 0x70, 0x80, 0x15, 0x10, 0x1b, 0x15, 0x11, 0x12, 0x13, 0x16, 0x18, 0x70, 0x80, 0x15, 0x11, 0x22, 0x14, 0x12, 0x18, 0x1f, 0x13, 0x70, 0xa0, 0x17, 0x14, 0x12, 0x1a, 0x18, 0x1e, 0x80, 0xa0, 0x1b, 0x12, 0x14, 0x12, 0x18, 0x13, 0x80, 0xa0, 0x1b, 0x10, 0x1a, 0x14, 0x10, 0x13, 0x80, 0x90,
0x29, 0x10, 0x24, 0x10, 0x19, 0x80, 0x90, 0x16, 0x1d, 0x20, 0x14, 0x10, 0x1d, 0x11, 0x70, 0x90, 0x1c, 0x13, 0x20, 0x11, 0x10, 0x19, 0x1c, 0x70, 0x90, 0x15, 0x1d, 0x20, 0x13, 0x20, 0x1f, 0x70, 0x90, 0x15, 0x60, 0x16, 0x70, 0x90, 0x1c, 0x19, 0x50, 0x11, 0x70, 0x80, 0x1b, 0x1c, 0x60, 0x11, 0x70, 0x70, 0x13, 0x1d, 0xf0,
// Compressed size: 165 bytes original pixels: 12544 uint16_t → ~25088 bytes uncompressed)

// Niall / Niall Auraflow V0.3 035 S76981545 Th0.100 24 [Folder: Niall] - RLE compressed data (offset: 17552, size: 163)
0xb0, 0x14, 0xc0, 0x90, 0x16, 0x13, 0x11, 0x17, 0xb0, 0x90, 0x17, 0x12, 0x11, 0x1d, 0xb0, 0xa0, 0x19, 0x12, 0x16, 0x14, 0xa0, 0xa0, 0x18, 0x13, 0x22, 0x15, 0x90, 0x90, 0x15, 0x18, 0x15, 0x12, 0x21, 0x90, 0xa0, 0x22, 0x1a, 0x13, 0x12, 0x15, 0x80, 0x90, 0x1c, 0x21, 0x13, 0x22, 0x90, 0x90, 0x32, 0x13, 0x14, 0x10, 0x11, 0x80, 0x80, 0x14, 0x25, 0x11, 0x1b, 0x13, 0x10, 0x13, 0x16, 0x70, 0x80, 0x1c, 0x10, 0x16, 0x21, 0x12, 0x10, 0x11, 0x80, 0x80, 0x23, 0x19, 0x11, 0x19, 0x11, 0x10, 0x12, 0x80, 0x80, 0x11, 0x10, 0x22, 0x11, 0x12, 0x23, 0x80, 0x80, 0x22, 0x18, 0x31, 0x27, 0x80, 0x90, 0x17, 0x51, 0x90, 0x70, 0x13, 0x10, 0x13, 0x12, 0x15, 0x10, 0x21, 0x14, 0x80, 0x90, 0x11,
0x16, 0x20, 0x1a, 0x13, 0x12, 0x80, 0x60, 0x1a, 0x20, 0x12, 0x1b, 0x10, 0x14, 0x10, 0x11, 0x14, 0x80, 0x80, 0x14, 0x19, 0x14, 0x30, 0x12, 0x10, 0x11, 0x70, 0x90, 0x11, 0x30, 0x15, 0x11, 0x14, 0x80, 0x40, 0x14, 0x40, 0x13, 0x40, 0x16, 0x90, 0x90, 0x11, 0xe0, 0x70, 0x15, 0x22, 0x50, 0x18, 0x80, 0xf0, 0x90,
// Compressed size: 163 bytes original pixels: 12544 uint16_t → ~25088 bytes uncompressed)

// Niamh / Niamh Auraflow V0.3 011 S1271703886 Th0.100 24 [Folder: Niamh] - RLE compressed data (offset: 17715, size: 198)
0xf0, 0x90, 0xd0, 0x15, 0x18, 0x1c, 0x80, 0x90, 0x16, 0x10, 0x13, 0x18, 0x15, 0x19, 0x15, 0x80, 0xa0, 0x1c, 0x18, 0x14, 0x19, 0x14, 0x1c, 0x80, 0x80, 0x25, 0x24, 0x29, 0xa0, 0x70, 0x1e, 0x15, 0x24, 0x18, 0x17, 0x1b, 0x11, 0x90, 0x60, 0x15, 0x1c, 0x15, 0x19, 0x14, 0x18, 0x1a, 0x12, 0x1a, 0x90, 0x70, 0x15, 0x18, 0x24, 0x1b, 0x1d, 0x11, 0x12, 0x90, 0x60, 0x1e, 0x18, 0x15, 0x1c, 0x13, 0x16, 0x12, 0x19, 0x13, 0x90, 0x70, 0x15, 0x18, 0x23, 0x12, 0x11, 0x1d, 0x1c, 0x90, 0x70, 0x13, 0x10, 0x23, 0x11, 0x12, 0x16, 0x14, 0x90, 0x90, 0x13, 0x1b, 0x21, 0x19, 0xa0, 0x90, 0x13, 0x17, 0x22, 0x11, 0x16, 0x90, 0x90, 0x16, 0x11, 0x14, 0x21, 0x14, 0x90, 0x70, 0x16, 0x13, 0x11, 0x1d,
0x19, 0x11, 0x12, 0xa0, 0x70, 0x13, 0x12, 0x1b, 0x14, 0x12, 0x11, 0x1a, 0xa0, 0x60, 0x13, 0x1b, 0x12, 0x1f, 0x19, 0x17, 0x21, 0xa0, 0x50, 0x13, 0x26, 0x11, 0x17, 0x18, 0x21, 0x1a, 0xa0, 0x40, 0x13, 0x26, 0x17, 0x11, 0x1e, 0x17, 0x12, 0x1f, 0x16, 0xa0, 0x40, 0x13, 0x26, 0x15, 0x18, 0x32, 0x17, 0x11, 0xa0, 0x40, 0x13, 0x1b, 0x15, 0x11, 0x12, 0x2a, 0x12, 0x17, 0x11, 0xa0, 0x40, 0x2b, 0x19, 0x12, 0x2a, 0x1d, 0x1a, 0x27, 0xa0, 0x30, 0x1d, 0x14, 0x1e, 0x12, 0x17, 0x1d, 0x11, 0x22, 0x11, 0x17, 0x18, 0x90, 0xf0, 0x90,
// Compressed size: 198 bytes original pixels: 12544 uint16_t → ~25088 bytes uncompressed)

// Octavia / Octavia Auraflow V0.3 010 S3584990128 Th0.100 24 [Folder: Octavia] - RLE compressed data (offset: 17913, size: 127)
0xf0, 0x90, 0xf0, 0x90, 0xf0, 0x90, 0xb0, 0x1b, 0x12, 0xb0, 0xa0, 0x18, 0x1a, 0x11, 0x16, 0xa0, 0xb0, 0x17, 0x11, 0x1b, 0xa0, 0xa0, 0x1b, 0x16, 0x1a, 0x1d, 0xa0, 0xa0, 0x1f, 0x11, 0x14, 0x1d, 0xa0, 0xa0, 0x34, 0x11, 0xa0, 0xa0, 0x11, 0x17, 0x19, 0x18, 0xa0, 0xa0, 0x11, 0x1a, 0x14, 0x19, 0xa0, 0x90, 0x13, 0x1a, 0x14, 0x13, 0x12, 0x14, 0x90, 0x90, 0x12, 0x15, 0x14, 0x11, 0x16, 0x13, 0x90, 0xa0, 0x23, 0x11, 0x15, 0x11, 0x90, 0xa0, 0x12, 0x15, 0x17, 0x16, 0xa0, 0xa0, 0x1c, 0x13, 0x11, 0x16, 0xa0, 0xa0, 0x16, 0x1e, 0x17, 0x1c, 0xa0, 0xa0, 0x18, 0x1e, 0x15, 0x1b, 0xa0, 0xa0, 0x25, 0x18, 0x12, 0xa0, 0xa0, 0x19, 0x11, 0x17, 0x12, 0xa0, 0xa0, 0x14, 0x19, 0x12, 0x1c, 0xa0,
0x90, 0x15, 0x18, 0x19, 0x13, 0x22, 0x90, 0x80, 0x1a, 0x13, 0x17, 0x13, 0xc0, 0xf0, 0x90,
// Compressed size: 127 bytes original pixels: 12544 uint16_t → ~25088 bytes uncompressed)

// Ottilie / Ottilie Auraflow V0.3 025 S2098987746 Th0.100 24 [Folder: Ottilie] - RLE compressed data (offset: 18040, size: 203)
0xf0, 0x90, 0xa0, 0x18, 0x13, 0x11, 0xb0, 0xa0, 0x1f, 0x11, 0x1b, 0xb0, 0xa0, 0x17, 0x11, 0x1b, 0xb0, 0xa0, 0x11, 0x18, 0x19, 0xb0, 0xa0, 0x19, 0x18, 0x11, 0xb0, 0x90, 0x13, 0x11, 0x1a, 0x11, 0x1b, 0xa0, 0x80, 0x13, 0x1a, 0x16, 0x15, 0x19, 0x13, 0xa0, 0x80, 0x1a, 0x14, 0x10, 0x1e, 0x12, 0x16, 0xa0, 0x80, 0x12, 0x11, 0x10, 0x17, 0x24, 0x1d, 0x90, 0x90, 0x16, 0x13, 0x15, 0x11, 0x1c, 0x16, 0x90, 0x90, 0x13, 0x11, 0x19, 0x21, 0x1b, 0x19, 0x80, 0x90, 0x13, 0x12, 0x17, 0x11, 0x19, 0x12, 0x17, 0x80, 0x80, 0x1b, 0x18, 0x25, 0x14, 0x19, 0x18, 0x11, 0x80, 0x80, 0x14, 0x12, 0x14, 0x1c, 0x13, 0x15, 0x13, 0x11, 0x80, 0x80, 0x1c, 0x17, 0x15, 0x1a, 0x12, 0x16, 0x1b, 0x19, 0x80,
0x70, 0x13, 0x16, 0x1e, 0x11, 0x19, 0x18, 0x12, 0x1a, 0x1d, 0x80, 0x70, 0x13, 0x15, 0x16, 0x12, 0x2d, 0x12, 0x13, 0x17, 0x80, 0x70, 0x1a, 0x1d, 0x12, 0x18, 0x1e, 0x14, 0x1c, 0x17, 0x13, 0x80, 0x60, 0x22, 0x14, 0x16, 0x1a, 0x18, 0x14, 0x2e, 0x1a, 0x13, 0x70, 0x60, 0x17, 0x14, 0x16, 0x1d, 0x17, 0x18, 0x11, 0x14, 0x16, 0x18, 0x1e, 0x12, 0x60, 0x50, 0x11, 0x1c, 0x22, 0x15, 0x13, 0x15, 0x12, 0x16, 0x13, 0x14, 0x11, 0x17, 0x1c, 0x19, 0x40, 0x40, 0x1c, 0x15, 0x17, 0x12, 0x14, 0x10, 0x16, 0x12, 0x15, 0x14, 0x1b, 0x15, 0x1a, 0x70, 0xa0, 0x18, 0xd0,
// Compressed size: 203 bytes original pixels: 12544 uint16_t → ~25088 bytes uncompressed)

// Paige / Paige Auraflow V0.3 033 S835639098 Th0.100 24 [Folder: Paige] - RLE compressed data (offset: 18243, size: 177)
0xb0, 0x15, 0xc0, 0xa0, 0x15, 0x1f, 0x16, 0xb0, 0xa0, 0x17, 0x12, 0x18, 0xb0, 0xa0, 0x1e, 0x12, 0xc0, 0x80, 0x1e, 0x12, 0x11, 0x2b, 0xb0, 0x70, 0x12, 0x1b, 0x19, 0x24, 0x1d, 0x12, 0xa0, 0x70, 0x16, 0x1a, 0x13, 0x16, 0x17, 0x12, 0xb0, 0x70, 0x1e, 0x1b, 0x38, 0x12, 0xb0, 0x70, 0x15, 0x13, 0x24, 0x15, 0x1a, 0xb0, 0x60, 0x13, 0x1b, 0x1c, 0x1a, 0x11, 0x16, 0x13, 0xb0, 0x70, 0x14, 0x1a, 0x16, 0x15, 0x14, 0x16, 0x17, 0xa0, 0x70, 0x12, 0x1a, 0x24, 0x15, 0x1f, 0x18, 0xa0, 0x60, 0x21, 0x1b, 0x1c, 0x13, 0x1d, 0x12, 0x1f, 0x15, 0x90, 0x70, 0x1c, 0x14, 0x1a, 0x1d, 0x17, 0x28, 0x17, 0x11, 0x80, 0x70, 0x19, 0x1a, 0x27, 0x11, 0x29, 0xa0, 0x60, 0x1c, 0x1a, 0x13, 0x16, 0x41, 0x15,
0x90, 0x50, 0x1f, 0x2c, 0x11, 0x19, 0x11, 0x13, 0x16, 0x14, 0x16, 0x90, 0x50, 0x1e, 0x11, 0x12, 0x13, 0x19, 0x10, 0x13, 0x11, 0x1d, 0x13, 0x90, 0x50, 0x12, 0x16, 0x13, 0x19, 0x1c, 0x30, 0x19, 0x14, 0x90, 0x50, 0x12, 0x15, 0x10, 0x11, 0x14, 0x40, 0x1d, 0x90, 0x40, 0x15, 0x30, 0x12, 0x13, 0x40, 0x18, 0x90, 0x80, 0x1b, 0x50, 0x11, 0x90, 0x80, 0x17, 0x50, 0x1d, 0x11, 0x1d, 0x70, 0xf0, 0x90,
// Compressed size: 177 bytes original pixels: 12544 uint16_t → ~25088 bytes uncompressed)

// Pernilla / Pernilla Auraflow V0.3 024 S2558956129 Th0.100 24 [Folder: Pernilla] - RLE compressed data (offset: 18420, size: 179)
0xf0, 0x90, 0xa0, 0x22, 0xc0, 0x90, 0x1c, 0x12, 0x17, 0xc0, 0x80, 0x12, 0x1e, 0x27, 0xc0, 0x80, 0x32, 0x17, 0x10, 0x13, 0xa0, 0x80, 0x1d, 0x12, 0x27, 0x13, 0x16, 0xa0, 0x80, 0x12, 0x11, 0x1a, 0x13, 0x17, 0x1e, 0xa0, 0x80, 0x1f, 0x1b, 0x24, 0x1a, 0x11, 0x1f, 0x90, 0x70, 0x13, 0x18, 0x10, 0x1d, 0x14, 0x1a, 0x10, 0x18, 0x90, 0x70, 0x18, 0x20, 0x19, 0x13, 0x15, 0xb0, 0x60, 0x13, 0x30, 0x1c, 0x1b, 0x1d, 0xb0, 0x60, 0x1b, 0x30, 0x14, 0x15, 0x16, 0x17, 0xa0, 0x80, 0x12, 0x1c, 0x1e, 0x19, 0x1d, 0x18, 0xa0, 0x50, 0x13, 0x1b, 0x1c, 0x18, 0x14, 0x1c, 0x19, 0x13, 0x16, 0x17, 0x90, 0x70, 0x14, 0x15, 0x11, 0x19, 0x1d, 0x1c, 0x13, 0x16, 0x90, 0x80, 0x13, 0x18, 0x19, 0x25, 0x21,
0x13, 0x12, 0x70, 0x70, 0x24, 0x11, 0x1e, 0x19, 0x16, 0x21, 0x1b, 0x14, 0x1a, 0x1f, 0x50, 0x70, 0x14, 0x1a, 0x16, 0x21, 0x1a, 0x11, 0x19, 0x18, 0x10, 0x1b, 0x60, 0x90, 0x31, 0x15, 0x10, 0x19, 0x20, 0x12, 0x60, 0x90, 0x18, 0x16, 0x1d, 0x12, 0x10, 0x11, 0x90, 0x90, 0x13, 0x16, 0x14, 0x20, 0x15, 0x10, 0x13, 0x70, 0xa0, 0x26, 0x20, 0x15, 0x90, 0xa0, 0x1e, 0x15, 0x20, 0x15, 0x1a, 0x80, 0xb0, 0x15, 0xc0,
// Compressed size: 179 bytes original pixels: 12544 uint16_t → ~25088 bytes uncompressed)

// Philippa / Philippa Auraflow V0.3 005 S4149757206 Th0.100 24 [Folder: Philippa] - RLE compressed data (offset: 18599, size: 263)
0xf0, 0x90, 0xb0, 0x13, 0x14, 0xb0, 0xa0, 0x18, 0x13, 0x14, 0xb0, 0x80, 0x1b, 0x1d, 0x17, 0x19, 0x18, 0xb0, 0x80, 0x15, 0x17, 0x1a, 0x18, 0x14, 0x40, 0x24, 0x11, 0x40, 0x80, 0x16, 0x11, 0x13, 0x34, 0x20, 0x14, 0x1b, 0x1c, 0x14, 0x40, 0x90, 0x29, 0x1a, 0x12, 0x1d, 0x10, 0x14, 0x11, 0x25, 0x14, 0x1c, 0x30, 0x90, 0x12, 0x19, 0x1a, 0x1c, 0x1d, 0x14, 0x18, 0x16, 0x27, 0x12, 0x40, 0x90, 0x14, 0x19, 0x1e, 0x19, 0x24, 0x15, 0x16, 0x17, 0x1b, 0x18, 0x40, 0x80, 0x1c, 0x1d, 0x2c, 0x17, 0x11, 0x12, 0x1b, 0x19, 0x17, 0x25, 0x1c, 0x30, 0x70, 0x14, 0x1a, 0x13, 0x19, 0x1d, 0x1e, 0x12, 0x2b, 0x19, 0x17, 0x1a, 0x17, 0x11, 0x30, 0x60, 0x12, 0x1a, 0x1c, 0x11, 0x2c, 0x17, 0x1a, 0x22,
0x15, 0x11, 0x1e, 0x50, 0x50, 0x1a, 0x11, 0x1d, 0x12, 0x13, 0x1a, 0x13, 0x16, 0x1b, 0x19, 0x12, 0x13, 0x11, 0x1a, 0x50, 0x40, 0x18, 0x25, 0x1d, 0x13, 0x17, 0x1a, 0x16, 0x17, 0x12, 0x16, 0x15, 0x13, 0x11, 0x19, 0x50, 0x30, 0x18, 0x1b, 0x16, 0x1d, 0x15, 0x1b, 0x16, 0x19, 0x1e, 0x17, 0x15, 0x16, 0x13, 0x17, 0x13, 0x60, 0x20, 0x28, 0x1e, 0x23, 0x11, 0x13, 0x16, 0x18, 0x1e, 0x17, 0x21, 0x16, 0x17, 0x11, 0x1b, 0x50, 0x10, 0x38, 0x1d, 0x1b, 0x16, 0x17, 0x11, 0x19, 0x15, 0x11, 0x29, 0x16, 0x13, 0x16, 0x11, 0x16, 0x1c, 0x40, 0x28, 0x32, 0x1d, 0x13, 0x12, 0x15, 0x10, 0x11, 0x14, 0x30, 0x11, 0x1e, 0x10, 0x19, 0x18, 0x11, 0x30, 0x10, 0x18, 0x2a, 0x12, 0x10, 0x16, 0x21, 0x70,
0x15, 0x70, 0x30, 0x12, 0x1a, 0x10, 0x13, 0x16, 0x1b, 0x60, 0x16, 0x30, 0x13, 0x40, 0x60, 0x17, 0x10, 0x1b, 0x50, 0x1b, 0x30, 0x1a, 0x13, 0x40, 0x60, 0x12, 0xb0, 0x12, 0x50, 0x60, 0x19, 0x20, 0x15, 0xe0, 0x60, 0x15, 0x20, 0x15, 0xe0,
// Compressed size: 263 bytes original pixels: 12544 uint16_t → ~25088 bytes uncompressed)

// Ronja / Ronja Auraflow V0.3 005 S3116322298 Th0.100 24 [Folder: Ronja] - RLE compressed data (offset: 18862, size: 268)
0xb0, 0x16, 0x24, 0xa0, 0xa0, 0x14, 0x13, 0x1a, 0x13, 0xa0, 0xa0, 0x16, 0x1b, 0x1a, 0x1b, 0xa0, 0x90, 0x14, 0x10, 0x13, 0x17, 0x1a, 0xa0, 0xa0, 0x23, 0x15, 0x16, 0x19, 0x13, 0x80, 0x90, 0x1b, 0x1d, 0x1a, 0x15, 0x14, 0x18, 0x16, 0x80, 0x90, 0x1e, 0x18, 0x16, 0x15, 0x1a, 0x1c, 0x90, 0x80, 0x17, 0x25, 0x1b, 0x13, 0x1b, 0x12, 0x13, 0x80, 0x70, 0x1e, 0x13, 0x15, 0x1c, 0x36, 0x1e, 0x1d, 0x80, 0x50, 0x14, 0x23, 0x14, 0x11, 0x12, 0x16, 0x11, 0x19, 0x11, 0x18, 0x16, 0x70, 0x80, 0x37, 0x1b, 0x18, 0x17, 0x21, 0x1a, 0x70, 0x70, 0x13, 0x22, 0x19, 0x1a, 0x15, 0x18, 0x1c, 0x11, 0x10, 0x17, 0x60, 0x70, 0x13, 0x11, 0x15, 0x19, 0x13, 0x11, 0x1c, 0x16, 0x11, 0x12, 0x14, 0x60, 0x60,
0x14, 0x18, 0x13, 0x17, 0x11, 0x16, 0x11, 0x1e, 0x19, 0x12, 0x17, 0x70, 0x60, 0x1b, 0x19, 0x12, 0x1b, 0x1e, 0x16, 0x12, 0x15, 0x1a, 0x1c, 0x1e, 0x70, 0x50, 0x19, 0x1e, 0x1d, 0x27, 0x19, 0x1c, 0x16, 0x18, 0x16, 0x11, 0x80, 0x30, 0x17, 0x26, 0x19, 0x17, 0x1d, 0x1c, 0x15, 0x21, 0x15, 0x18, 0x11, 0x13, 0x70, 0x40, 0x13, 0x17, 0x1e, 0x12, 0x18, 0x1e, 0x1d, 0x2c, 0x18, 0x1c, 0x15, 0x17, 0x70, 0x20, 0x13, 0x1b, 0x20, 0x1b, 0x12, 0x1e, 0x15, 0x62, 0x1c, 0x10, 0x12, 0x10, 0x24, 0x20, 0x50, 0x13, 0x12, 0x1b, 0x17, 0x11, 0x12, 0x19, 0x1d, 0x11, 0x19, 0x1c, 0x1d, 0x1a, 0x60, 0x30, 0x19, 0x10, 0x14, 0x15, 0x18, 0x11, 0x1d, 0x12, 0x11, 0x18, 0x11, 0x12, 0x11, 0x12, 0x1a, 0x13,
0x50, 0x20, 0x14, 0x20, 0x15, 0x17, 0x29, 0x11, 0x2d, 0x17, 0x12, 0x18, 0x11, 0x1d, 0x16, 0x24, 0x40, 0x20, 0x1b, 0x19, 0x15, 0x1b, 0x1a, 0x12, 0x18, 0x1a, 0x11, 0x15, 0x21, 0x15, 0x12, 0x18, 0x15, 0x18, 0x13, 0x19, 0x1a, 0x14, 0x10, 0x80, 0x14, 0x30, 0x24, 0xa0,
// Compressed size: 268 bytes original pixels: 12544 uint16_t → ~25088 bytes uncompressed)

// Sabrina / Sabrina Auraflow V0.3 006 S3709341135 Th0.100 24 [Folder: Sabrina] - RLE compressed data (offset: 19130, size: 199)
0xf0, 0x90, 0xa0, 0x1b, 0x11, 0x13, 0x11, 0xa0, 0xa0, 0x11, 0x1d, 0x19, 0x18, 0xa0, 0x90, 0x21, 0x1a, 0x14, 0x19, 0xa0, 0xb0, 0x13, 0x17, 0x1d, 0x1e, 0x90, 0xb0, 0x13, 0x1a, 0x18, 0x13, 0x90, 0xa0, 0x1a, 0x1e, 0x12, 0x18, 0x1e, 0x90, 0xa0, 0x11, 0x15, 0x12, 0x1d, 0x11, 0x90, 0xa0, 0x11, 0x18, 0x1d, 0x1e, 0x14, 0x90, 0xa0, 0x2d, 0x26, 0x18, 0x90, 0xa0, 0x18, 0x1e, 0x1d, 0x16, 0x21, 0x80, 0xa0, 0x12, 0x13, 0x1d, 0x14, 0x19, 0x1a, 0x80, 0x90, 0x14, 0x1d, 0x1c, 0x1f, 0x13, 0x14, 0x90, 0x90, 0x12, 0x17, 0x12, 0x1b, 0x29, 0x90, 0x90, 0x13, 0x15, 0x16, 0x1f, 0x16, 0x14, 0x90, 0x80, 0x18, 0x14, 0x1f, 0x19, 0x22, 0x15, 0x90, 0x80, 0x11, 0x17, 0x1e, 0x1c, 0x12, 0x15, 0x1f,
0x90, 0x80, 0x1b, 0x12, 0x13, 0x1c, 0x16, 0x15, 0x13, 0x11, 0x80, 0x70, 0x1b, 0x13, 0x12, 0x15, 0x11, 0x1c, 0x15, 0x1e, 0x1a, 0x80, 0x40, 0x1a, 0x13, 0x1c, 0x15, 0x12, 0x29, 0x1a, 0x1f, 0x13, 0x11, 0x17, 0x80, 0x30, 0x21, 0x1b, 0x11, 0x16, 0x1c, 0x16, 0x1b, 0x15, 0x1c, 0x12, 0x16, 0x19, 0x80, 0x11, 0x1a, 0x31, 0x12, 0x16, 0x1b, 0x15, 0x1b, 0x12, 0x15, 0x16, 0x17, 0x14, 0x13, 0x80, 0x1c, 0x12, 0x18, 0x14, 0x18, 0x1e, 0x16, 0x15, 0x1f, 0x1b, 0x1c, 0x47, 0x90, 0x14, 0x17, 0x24, 0x11, 0x13, 0x1a, 0x18, 0x19, 0x17, 0xe0,
// Compressed size: 199 bytes original pixels: 12544 uint16_t → ~25088 bytes uncompressed)

// Saewynn / Saewynn Auraflow V0.3 010 S4232203134 Th0.100 24 [Folder: Saewynn] - RLE compressed data (offset: 19329, size: 182)
0xa0, 0x1f, 0x19, 0xc0, 0x90, 0x1a, 0x18, 0x17, 0x19, 0xb0, 0x90, 0x27, 0x1b, 0x12, 0xb0, 0x80, 0x12, 0x28, 0x1b, 0xc0, 0x80, 0x1b, 0x18, 0x19, 0x18, 0x1f, 0xb0, 0x80, 0x28, 0x14, 0x13, 0x18, 0xb0, 0x70, 0x13, 0x17, 0x21, 0x1a, 0x19, 0x1b, 0xa0, 0x70, 0x2e, 0x13, 0x26, 0x1e, 0x1a, 0xa0, 0x70, 0x16, 0x11, 0x14, 0x1e, 0x15, 0x1c, 0x12, 0xa0, 0x70, 0x11, 0x12, 0x25, 0x1b, 0x17, 0x18, 0xa0, 0x70, 0x11, 0x15, 0x11, 0x1e, 0x27, 0x1b, 0xa0, 0x70, 0x16, 0x14, 0x1a, 0x18, 0x22, 0x1c, 0xa0, 0x70, 0x11, 0x14, 0x16, 0x11, 0x16, 0x11, 0x1f, 0xa0, 0x80, 0x23, 0x11, 0x1d, 0x16, 0x17, 0x19, 0x90, 0x80, 0x13, 0x15, 0x16, 0x13, 0x19, 0x2b, 0x90, 0x80, 0x12, 0x14, 0x12, 0x1c, 0x1a,
0x12, 0xa0, 0x80, 0x14, 0x15, 0x13, 0x1e, 0x11, 0x19, 0xa0, 0x70, 0x13, 0x17, 0x15, 0x1e, 0x17, 0x1d, 0x1c, 0xa0, 0x70, 0x11, 0x1c, 0x13, 0x15, 0x1f, 0x14, 0x1c, 0xa0, 0x70, 0x11, 0x13, 0x14, 0x15, 0x12, 0x14, 0x12, 0xa0, 0x70, 0x1a, 0x14, 0x15, 0x14, 0x11, 0x15, 0x1c, 0xa0, 0x70, 0x11, 0x12, 0x14, 0x12, 0x1c, 0x2d, 0xa0, 0x70, 0x1a, 0x16, 0x2d, 0x13, 0x12, 0x1d, 0xa0, 0x80, 0x13, 0x14, 0x1a, 0x13, 0x16, 0x19, 0xa0,
// Compressed size: 182 bytes original pixels: 12544 uint16_t → ~25088 bytes uncompressed)

// Selina / Selina Auraflow V0.3 026 S3270675700 Th0.100 24 [Folder: Selina] - RLE compressed data (offset: 19511, size: 182)
0xf0, 0x90, 0xf0, 0x90, 0xf0, 0x90, 0xf0, 0x90, 0xc0, 0x12, 0x16, 0x11, 0x50, 0x11, 0x30, 0x90, 0x13, 0x12, 0x2c, 0x18, 0x11, 0x50, 0x1f, 0x30, 0x90, 0x19, 0x13, 0x14, 0x1c, 0x18, 0x17, 0x50, 0x16, 0x30, 0xb0, 0x12, 0x16, 0x19, 0x16, 0x12, 0x20, 0x1e, 0x15, 0x1d, 0x30, 0xb0, 0x1f, 0x22, 0x10, 0x14, 0x25, 0x60, 0xc0, 0x1b, 0x18, 0xa0, 0xc0, 0x17, 0x18, 0x13, 0x40, 0x16, 0x40, 0xa0, 0x1a, 0x1b, 0x15, 0x11, 0x19, 0x40, 0x16, 0x40, 0xa0, 0x1d, 0x16, 0x1c, 0x19, 0x18, 0x13, 0x80, 0xa0, 0x13, 0x16, 0x1c, 0x11, 0x19, 0x14, 0x80, 0x30, 0x1a, 0x34, 0x1a, 0x13, 0x1b, 0x11, 0x16, 0x22, 0x11, 0x17, 0x20, 0x12, 0x50, 0x30, 0x14, 0x17, 0x1b, 0x15, 0x1d, 0x17, 0x18, 0x12, 0x11,
0x32, 0x90, 0x30, 0x13, 0x1a, 0x28, 0x12, 0x19, 0x1b, 0x19, 0x1c, 0x16, 0x1c, 0x18, 0x90, 0x30, 0x13, 0x24, 0x11, 0x12, 0x31, 0x1b, 0x16, 0x1d, 0x11, 0x20, 0x13, 0x60, 0x40, 0x2a, 0x17, 0x1b, 0x11, 0x15, 0x1b, 0x17, 0x21, 0x19, 0x15, 0x10, 0x16, 0x60, 0x50, 0x33, 0x1d, 0x25, 0x17, 0x14, 0x25, 0x14, 0x80, 0x60, 0x14, 0x1a, 0x14, 0x1a, 0x1d, 0x1e, 0x13, 0x20, 0x17, 0x80, 0xc0, 0x19, 0xb0, 0xc0, 0x15, 0xb0, 0xf0, 0x90,
// Compressed size: 182 bytes original pixels: 12544 uint16_t → ~25088 bytes uncompressed)

// Sigrid / Sigrid Auraflow V0.3 000 S2223058159 Th0.100 24 [Folder: Sigrid] - RLE compressed data (offset: 19693, size: 225)
0xf0, 0x90, 0x40, 0x1c, 0x15, 0x10, 0x14, 0x30, 0x1c, 0x2b, 0xa0, 0x40, 0x14, 0x15, 0x16, 0x1d, 0x17, 0x20, 0x17, 0x18, 0x1e, 0xa0, 0x40, 0x2e, 0x10, 0x16, 0x1d, 0x10, 0x15, 0x1d, 0x22, 0x2b, 0x80, 0x40, 0x1e, 0x17, 0x10, 0x14, 0x30, 0x1b, 0x16, 0x13, 0x11, 0x13, 0x80, 0x50, 0x15, 0x10, 0x11, 0x30, 0x13, 0x1e, 0x15, 0x11, 0x10, 0x13, 0x70, 0x70, 0x19, 0x20, 0x1e, 0x19, 0x18, 0x15, 0x11, 0x13, 0x80, 0x70, 0x1f, 0x20, 0x15, 0x19, 0x12, 0x28, 0x1d, 0x80, 0x70, 0x18, 0x16, 0x10, 0x13, 0x1a, 0x14, 0x12, 0x15, 0x1c, 0x80, 0x70, 0x1d, 0x12, 0x28, 0x11, 0x1a, 0x1b, 0x1c, 0x13, 0x80, 0x70, 0x12, 0x10, 0x16, 0x18, 0x12, 0x1f, 0x20, 0x13, 0x80, 0x70, 0x18, 0x10, 0x16, 0x21,
0x16, 0x17, 0xa0, 0x70, 0x1a, 0x10, 0x17, 0x14, 0x19, 0x15, 0x18, 0x17, 0x90, 0x70, 0x1a, 0x10, 0x15, 0x12, 0x11, 0x1d, 0x12, 0x1f, 0x15, 0x80, 0x90, 0x17, 0x11, 0x27, 0x11, 0x19, 0x20, 0x11, 0x13, 0x50, 0x90, 0x13, 0x17, 0x18, 0x12, 0x14, 0x11, 0x14, 0x80, 0x90, 0x16, 0x17, 0x12, 0x21, 0x12, 0x90, 0x80, 0x2c, 0x14, 0x1e, 0x1a, 0x14, 0x11, 0x1c, 0x80, 0x80, 0x12, 0x1e, 0x19, 0x15, 0x1a, 0x19, 0x22, 0x80, 0x80, 0x14, 0x2a, 0x13, 0x1c, 0x1d, 0x16, 0x11, 0x12, 0x70, 0x80, 0x1d, 0x11, 0x19, 0x13, 0x1c, 0x30, 0x14, 0x13, 0x60, 0x80, 0x13, 0x1a, 0x20, 0x16, 0x30, 0x11, 0x16, 0x60, 0x70, 0x13, 0x24, 0x60, 0x12, 0x14, 0x60, 0x60, 0x1b, 0x19, 0x1a, 0x19, 0x10, 0x2b, 0x13,
0xa0,
// Compressed size: 225 bytes original pixels: 12544 uint16_t → ~25088 bytes uncompressed)

// Svea / Svea Auraflow V0.3 033 S131431270 Th0.100 24 [Folder: Svea] - RLE compressed data (offset: 19918, size: 255)
0xb0, 0x14, 0x17, 0xb0, 0x90, 0x1b, 0x24, 0x18, 0x1b, 0xa0, 0x90, 0x1b, 0x1d, 0x18, 0x14, 0x1b, 0xa0, 0x90, 0x17, 0x13, 0x18, 0x14, 0x1e, 0x17, 0x90, 0x90, 0x1e, 0x14, 0x18, 0x15, 0x18, 0x17, 0x90, 0x60, 0x1a, 0x17, 0x1b, 0x11, 0x14, 0x1d, 0x12, 0x24, 0x90, 0x70, 0x1b, 0x1d, 0x14, 0x18, 0x1f, 0x12, 0x13, 0x27, 0x80, 0x60, 0x1a, 0x1e, 0x12, 0x15, 0x1c, 0x19, 0x13, 0x14, 0x18, 0x17, 0x80, 0x60, 0x1e, 0x1b, 0x12, 0x13, 0x11, 0x1c, 0x12, 0x28, 0x17, 0x80, 0x70, 0x17, 0x14, 0x17, 0x12, 0x13, 0x22, 0x1e, 0x17, 0x80, 0x70, 0x17, 0x12, 0x1b, 0x1d, 0x22, 0x18, 0x14, 0x17, 0x80, 0x60, 0x17, 0x1c, 0x32, 0x18, 0x21, 0x14, 0x17, 0x80, 0x60, 0x1e, 0x14, 0x1d, 0x11, 0x16, 0x1d,
0x13, 0x1d, 0x18, 0x1b, 0x80, 0x60, 0x1a, 0x11, 0x1c, 0x11, 0x15, 0x19, 0x13, 0x1f, 0x1a, 0x14, 0x80, 0x40, 0x14, 0x2a, 0x19, 0x10, 0x11, 0x16, 0x2c, 0x15, 0x10, 0x12, 0x80, 0x50, 0x14, 0x1e, 0x19, 0x35, 0x12, 0x1c, 0x19, 0x1a, 0x1e, 0x80, 0x30, 0x1a, 0x14, 0x1b, 0x10, 0x11, 0x25, 0x19, 0x11, 0x13, 0x19, 0x1b, 0x1e, 0x80, 0x30, 0x18, 0x2a, 0x13, 0x10, 0x11, 0x16, 0x1a, 0x19, 0x11, 0x19, 0x1a, 0x90, 0x30, 0x12, 0x10, 0x11, 0x10, 0x12, 0x23, 0x11, 0x23, 0x11, 0x12, 0x90, 0x30, 0x1c, 0x1d, 0x20, 0x19, 0x16, 0x13, 0x19, 0x12, 0x11, 0x13, 0x12, 0x90, 0x30, 0x15, 0x20, 0x1c, 0x11, 0x16, 0x15, 0x11, 0x16, 0x13, 0x11, 0x12, 0x90, 0x20, 0x13, 0x11, 0x1c, 0x14, 0x13, 0x46,
0x15, 0x13, 0x1d, 0x1c, 0x90, 0x10, 0x16, 0x11, 0x13, 0x31, 0x15, 0x26, 0x35, 0x1d, 0x11, 0x90, 0x10, 0x19, 0x12, 0x11, 0x19, 0x16, 0x23, 0x26, 0x15, 0x13, 0x16, 0x12, 0x13, 0x12, 0x80,
// Compressed size: 255 bytes original pixels: 12544 uint16_t → ~25088 bytes uncompressed)

// Thea / Thea Auraflow V0.3 009 S1520269408 Th0.100 24 [Folder: Thea] - RLE compressed data (offset: 20173, size: 154)
0xb0, 0x1c, 0x13, 0xb0, 0xb0, 0x16, 0x1c, 0x1d, 0xa0, 0xb0, 0x18, 0x16, 0x1d, 0xa0, 0xa0, 0x13, 0x16, 0x1b, 0x1c, 0xa0, 0xa0, 0x49, 0xa0, 0x90, 0x16, 0x1d, 0x1b, 0x29, 0xa0, 0x90, 0x16, 0x12, 0x1e, 0x11, 0x17, 0x1a, 0x90, 0x90, 0x1c, 0x15, 0x12, 0x17, 0x1b, 0x12, 0x90, 0xa0, 0x16, 0x11, 0x22, 0x1e, 0x90, 0x80, 0x13, 0x10, 0x12, 0x1e, 0x2a, 0xa0, 0x80, 0x12, 0x10, 0x21, 0x14, 0x1a, 0x10, 0x1b, 0x80, 0x80, 0x14, 0x10, 0x15, 0x18, 0x11, 0x1b, 0xa0, 0xa0, 0x23, 0x15, 0x1a, 0x1b, 0x90, 0xa0, 0x18, 0x1f, 0x18, 0x1a, 0x14, 0x90, 0xa0, 0x1c, 0x11, 0x14, 0x12, 0x11, 0x90, 0xa0, 0x23, 0x17, 0x24, 0x90, 0xa0, 0x15, 0x1e, 0x11, 0x14, 0x13, 0x90, 0xa0, 0x11, 0x1f, 0x15, 0x17,
0x16, 0x90, 0xa0, 0x18, 0x1f, 0x17, 0x15, 0x11, 0x90, 0xa0, 0x16, 0x1e, 0x11, 0x12, 0x18, 0x90, 0xa0, 0x13, 0x17, 0x1c, 0x11, 0x12, 0x90, 0xa0, 0x15, 0x13, 0x11, 0x18, 0x1f, 0x90, 0x80, 0x15, 0x14, 0x12, 0x1d, 0x14, 0x17, 0x1d, 0x11, 0x80, 0xf0, 0x90,
// Compressed size: 154 bytes original pixels: 12544 uint16_t → ~25088 bytes uncompressed)

// Thryth / Thryth Auraflow V0.3 008 S2470927742 Th0.100 24 [Folder: Thryth] - RLE compressed data (offset: 20327, size: 267)
0x40, 0x1b, 0x17, 0x1d, 0x14, 0xf0, 0x10, 0x40, 0x17, 0x2e, 0x17, 0x30, 0x19, 0x17, 0xb0, 0x40, 0x18, 0x1b, 0x18, 0x16, 0x30, 0x14, 0x27, 0xa0, 0x30, 0x11, 0x18, 0x11, 0x28, 0x20, 0x14, 0x16, 0x12, 0x14, 0x12, 0x13, 0x80, 0x50, 0x19, 0x30, 0x2e, 0x32, 0x19, 0x14, 0x12, 0x70, 0x50, 0x13, 0x19, 0x10, 0x13, 0x1d, 0x32, 0x13, 0x1d, 0x13, 0x16, 0x70, 0x40, 0x1b, 0x26, 0x23, 0x27, 0x12, 0x14, 0x17, 0x1a, 0x12, 0x14, 0x13, 0x60, 0x40, 0x11, 0x1a, 0x18, 0x1a, 0x14, 0x1c, 0x12, 0x16, 0x13, 0x1a, 0x21, 0x13, 0x12, 0x13, 0x50, 0x50, 0x19, 0x18, 0x16, 0x10, 0x1c, 0x1a, 0x16, 0x17, 0x14, 0x16, 0x11, 0x14, 0x19, 0x16, 0x50, 0x50, 0x17, 0x30, 0x14, 0x1b, 0x12, 0x15, 0x13, 0x11,
0x1a, 0x10, 0x1f, 0x12, 0x1c, 0x40, 0x50, 0x16, 0x30, 0x12, 0x15, 0x11, 0x25, 0x11, 0x13, 0x10, 0x11, 0x15, 0x1e, 0x40, 0x50, 0x1a, 0x30, 0x15, 0x1b, 0x19, 0x12, 0x1e, 0x15, 0x1d, 0x10, 0x19, 0x13, 0x17, 0x40, 0x60, 0x19, 0x10, 0x18, 0x11, 0x13, 0x12, 0x18, 0x11, 0x16, 0x1b, 0x10, 0x13, 0x11, 0x14, 0x40, 0x50, 0x11, 0x20, 0x11, 0x12, 0x15, 0x18, 0x2b, 0x19, 0x11, 0x10, 0x12, 0x18, 0x50, 0x50, 0x16, 0x1a, 0x13, 0x15, 0x1b, 0x18, 0x15, 0x19, 0x21, 0x1b, 0x1d, 0x70, 0x60, 0x17, 0x21, 0x15, 0x19, 0x25, 0x14, 0x1a, 0x18, 0x80, 0x60, 0x26, 0x14, 0x1b, 0x14, 0x18, 0x15, 0x17, 0x2c, 0x80, 0x60, 0x16, 0x1d, 0x25, 0x17, 0x30, 0x16, 0x14, 0x1a, 0x70, 0x60, 0x1c, 0x16, 0x21,
0x1c, 0x30, 0x25, 0x11, 0x17, 0x60, 0x60, 0x1a, 0x10, 0x15, 0x18, 0x1a, 0x40, 0x21, 0x70, 0x60, 0x1a, 0x1d, 0x19, 0x1c, 0x14, 0x40, 0x12, 0x1c, 0x70, 0x60, 0x14, 0x19, 0x11, 0x14, 0x50, 0x13, 0x1c, 0x70, 0x60, 0x18, 0x13, 0x19, 0x60, 0x13, 0x80, 0xf0, 0x90,
// Compressed size: 267 bytes original pixels: 12544 uint16_t → ~25088 bytes uncompressed)

// Tuva / Tuva Auraflow V0.3 005 S3839269024 Th0.100 24 [Folder: Tuva] - RLE compressed data (offset: 20594, size: 268)
0xf0, 0x90, 0x70, 0x15, 0x1c, 0x18, 0x15, 0x1c, 0xc0, 0x60, 0x1c, 0x15, 0x18, 0x1a, 0x15, 0x1a, 0x1c, 0xb0, 0x70, 0x2a, 0x18, 0x1d, 0x1a, 0x1c, 0xb0, 0x70, 0x1c, 0x18, 0x16, 0x25, 0x18, 0xb0, 0x50, 0x1a, 0x1c, 0x18, 0x1c, 0x17, 0x13, 0x1f, 0x16, 0xb0, 0x20, 0x2c, 0x16, 0x18, 0x1c, 0x15, 0x19, 0x17, 0x19, 0x14, 0x1d, 0x13, 0xa0, 0x50, 0x28, 0x16, 0x11, 0x29, 0x21, 0x13, 0xa0, 0x50, 0x1a, 0x18, 0x1f, 0x14, 0x17, 0x31, 0x12, 0xa0, 0x40, 0x1c, 0x16, 0x1a, 0x19, 0x12, 0x1e, 0x24, 0x11, 0x12, 0xa0, 0x40, 0x15, 0x1c, 0x13, 0x22, 0x18, 0x14, 0x11, 0x14, 0x11, 0x13, 0x90, 0x50, 0x13, 0x1a, 0x19, 0x13, 0x10, 0x1e, 0x13, 0x17, 0x2d, 0x13, 0x40, 0x1b, 0x30, 0x30, 0x18, 0x15,
0x13, 0x22, 0x10, 0x15, 0x1e, 0x19, 0x14, 0x1d, 0x16, 0x15, 0x11, 0x14, 0x18, 0x1d, 0x1b, 0x30, 0x30, 0x15, 0x1a, 0x23, 0x1a, 0x15, 0x1f, 0x11, 0x27, 0x1d, 0x17, 0x30, 0x27, 0x40, 0x20, 0x16, 0x1a, 0x16, 0x2f, 0x18, 0x15, 0x21, 0x19, 0x17, 0x11, 0x13, 0x16, 0x20, 0x11, 0x50, 0x40, 0x16, 0x13, 0x10, 0x18, 0x15, 0x21, 0x17, 0x14, 0x12, 0x14, 0x1e, 0x10, 0x14, 0x60, 0x40, 0x1a, 0x15, 0x20, 0x1b, 0x11, 0x1e, 0x24, 0x12, 0x13, 0x10, 0x17, 0x70, 0x70, 0x1d, 0x16, 0x17, 0x11, 0x1e, 0x19, 0x13, 0x1d, 0x90, 0x30, 0x16, 0x30, 0x1b, 0x1e, 0x1b, 0x1e, 0x24, 0x1b, 0x1e, 0x19, 0x80, 0x60, 0x16, 0x12, 0x11, 0x2b, 0x1e, 0x17, 0x14, 0x22, 0x80, 0x50, 0x15, 0x1f, 0x11, 0x1b, 0x12,
0x14, 0x17, 0x1e, 0x17, 0x12, 0x1d, 0x80, 0x40, 0x1d, 0x1f, 0x11, 0x2b, 0x1f, 0x14, 0x1e, 0x12, 0x17, 0x1b, 0x1f, 0x80, 0x40, 0x19, 0x11, 0x19, 0x16, 0x1f, 0x22, 0x1d, 0x12, 0x1b, 0x13, 0x90, 0x30, 0x1f, 0x11, 0x19, 0x36, 0x12, 0x29, 0x1b, 0x13, 0x1d, 0x1a, 0x80,
// Compressed size: 268 bytes original pixels: 12544 uint16_t → ~25088 bytes uncompressed)

// Valentine / Valentine Auraflow V0.3 006 S228085498 Th0.100 24 [Folder: Valentine] - RLE compressed data (offset: 20862, size: 288)
0xd0, 0x15, 0x14, 0x90, 0xa0, 0x13, 0x16, 0x1a, 0x15, 0x12, 0x16, 0x80, 0x90, 0x1c, 0x16, 0x1d, 0x14, 0x17, 0x1b, 0x13, 0x80, 0x90, 0x14, 0x19, 0x11, 0x15, 0x14, 0x17, 0x90, 0x90, 0x19, 0x12, 0x1e, 0x1c, 0x1e, 0x1b, 0x1f, 0x19, 0x70, 0xa0, 0x19, 0x11, 0x17, 0x1e, 0x17, 0x13, 0x19, 0x70, 0xa0, 0x16, 0x11, 0x1d, 0x18, 0x17, 0x15, 0x80, 0x40, 0x13, 0x18, 0x11, 0x14, 0x12, 0x11, 0x1a, 0x20, 0x11, 0x14, 0x12, 0x1a, 0x70, 0xd0, 0x18, 0x14, 0x1a, 0x15, 0x70, 0x80, 0x13, 0x30, 0x16, 0x1a, 0x17, 0x13, 0x11, 0x1b, 0x60, 0x70, 0x13, 0x40, 0x14, 0x22, 0x1d, 0x1b, 0x13, 0x60, 0x70, 0x19, 0x40, 0x12, 0x21, 0x1d, 0x17, 0x1b, 0x60, 0xb0, 0x32, 0x18, 0x1d, 0x17, 0x70, 0xb0, 0x1d,
0x22, 0x14, 0x11, 0x18, 0x1b, 0x60, 0xa0, 0x14, 0x11, 0x1d, 0x14, 0x1a, 0x18, 0x15, 0x11, 0x10, 0x1e, 0x40, 0x50, 0x13, 0x30, 0x1b, 0x18, 0x22, 0x1d, 0x11, 0x35, 0x60, 0x30, 0x19, 0x10, 0x13, 0x10, 0x19, 0x16, 0x11, 0x1a, 0x12, 0x11, 0x1e, 0x11, 0x15, 0x27, 0x10, 0x13, 0x19, 0x30, 0x30, 0x16, 0x13, 0x1c, 0x10, 0x1a, 0x11, 0x12, 0x18, 0x12, 0x1d, 0x11, 0x18, 0x15, 0x17, 0x11, 0x14, 0x19, 0x16, 0x30, 0x40, 0x11, 0x2e, 0x18, 0x11, 0x15, 0x1d, 0x1c, 0x11, 0x18, 0x17, 0x18, 0x17, 0x1a, 0x12, 0x13, 0x10, 0x1b, 0x20, 0x20, 0x13, 0x16, 0x13, 0x17, 0x18, 0x1a, 0x1b, 0x11, 0x1b, 0x15, 0x18, 0x1d, 0x15, 0x14, 0x15, 0x12, 0x18, 0x16, 0x40, 0x10, 0x13, 0x1e, 0x12, 0x1c, 0x1a,
0x13, 0x17, 0x1c, 0x13, 0x1b, 0x18, 0x15, 0x11, 0x14, 0x18, 0x17, 0x11, 0x17, 0x1c, 0x40, 0x10, 0x1c, 0x2f, 0x2c, 0x14, 0x15, 0x1a, 0x1c, 0x1e, 0x12, 0x15, 0x14, 0x17, 0x2a, 0x14, 0x1b, 0x12, 0x1c, 0x30, 0x40, 0x14, 0x13, 0x1c, 0x1e, 0x1a, 0x1e, 0x14, 0x1d, 0x1b, 0x19, 0x1b, 0x14, 0x10, 0x16, 0x19, 0x16, 0x19, 0x30, 0x40, 0x16, 0x10, 0x19, 0x13, 0x46, 0x19, 0x16, 0x15, 0x12, 0x80,
// Compressed size: 288 bytes original pixels: 12544 uint16_t → ~25088 bytes uncompressed)

// Wilma / Wilma Auraflow V0.3 027 S1647033594 Th0.100 24 [Folder: Wilma] - RLE compressed data (offset: 21150, size: 176)
0xf0, 0x90, 0xb0, 0x19, 0x1c, 0xb0, 0xb0, 0x14, 0x15, 0xb0, 0xa0, 0x14, 0x12, 0x17, 0x20, 0x11, 0x80, 0x90, 0x11, 0x12, 0x14, 0x16, 0x20, 0x1e, 0x80, 0x90, 0x15, 0x11, 0x12, 0x17, 0x1a, 0x10, 0x16, 0x80, 0x90, 0x14, 0x11, 0x18, 0x1c, 0x1d, 0x10, 0x15, 0x80, 0x80, 0x11, 0x1d, 0x10, 0x11, 0x12, 0x1d, 0x10, 0x11, 0x80, 0x90, 0x1b, 0x10, 0x19, 0x15, 0x16, 0x17, 0x15, 0x80, 0xa0, 0x14, 0x1d, 0x13, 0x1a, 0x10, 0x15, 0x80, 0x90, 0x11, 0x2c, 0x11, 0x16, 0x10, 0x1e, 0x80, 0x90, 0x1b, 0x13, 0x1b, 0x14, 0x13, 0x10, 0x17, 0x80, 0x90, 0x19, 0x13, 0x19, 0x1c, 0x12, 0xa0, 0x90, 0x1d, 0x1b, 0x3a, 0xa0, 0x80, 0x17, 0x11, 0x16, 0x1a, 0x17, 0x1a, 0xa0, 0x80, 0x14, 0x12, 0x18, 0x16,
0x13, 0x29, 0x90, 0x70, 0x16, 0x13, 0x18, 0x13, 0x15, 0x14, 0x18, 0x16, 0x90, 0x60, 0x1c, 0x19, 0x21, 0x13, 0x12, 0x23, 0x11, 0x90, 0x60, 0x12, 0x17, 0x11, 0x25, 0x17, 0x11, 0x12, 0xa0, 0x60, 0x12, 0x17, 0x14, 0x18, 0x1b, 0x13, 0x28, 0xa0, 0x60, 0x22, 0x13, 0x1d, 0x13, 0x11, 0x18, 0x19, 0xa0, 0xa0, 0x18, 0x10, 0x16, 0x1b, 0xa0, 0xa0, 0x14, 0x10, 0x12, 0x1b, 0x14, 0x90, 0xf0, 0x90,
// Compressed size: 176 bytes original pixels: 12544 uint16_t → ~25088 bytes uncompressed)

// Winifred / Winifred Auraflow V0.3 010 S4264381568 Th0.100 24 [Folder: Winifred] - RLE compressed data (offset: 21326, size: 197)
0xf0, 0x90, 0xf0, 0x90, 0xf0, 0x90, 0xf0, 0x90, 0xf0, 0x90, 0xf0, 0x90, 0x70, 0x16, 0x1e, 0x19, 0x1b, 0x1e, 0x19, 0xb0, 0x80, 0x11, 0x1b, 0x1a, 0x1e, 0x16, 0xb0, 0x70, 0x18, 0x17, 0x12, 0x13, 0x14, 0x16, 0xb0, 0x70, 0x16, 0x18, 0x11, 0x19, 0x1c, 0x16, 0x28, 0x90, 0x70, 0x18, 0x15, 0x17, 0x15, 0x20, 0x14, 0x19, 0x90, 0x70, 0x19, 0x1a, 0x24, 0x15, 0xc0, 0x70, 0x24, 0x1c, 0x14, 0x15, 0x16, 0x10, 0x1c, 0x90, 0x70, 0x17, 0x14, 0x15, 0x14, 0x15, 0x14, 0x10, 0x15, 0x90, 0x70, 0x16, 0x1a, 0x14, 0x1f, 0x1c, 0x13, 0x1c, 0x15, 0x90, 0x80, 0x17, 0x11, 0x2d, 0x1b, 0x19, 0x15, 0x90, 0x80, 0x1a, 0x12, 0x2d, 0x18, 0x15, 0xa0, 0x80, 0x21, 0x1d, 0x12, 0x18, 0xb0, 0x60, 0x18, 0x16,
0x1b, 0x11, 0x2d, 0x21, 0xa0, 0x60, 0x17, 0x11, 0x12, 0x23, 0x17, 0x1d, 0x1a, 0x13, 0x19, 0x15, 0x70, 0x40, 0x1c, 0x18, 0x1a, 0x11, 0x22, 0x1b, 0x32, 0x13, 0x12, 0x11, 0x16, 0x60, 0x20, 0x26, 0x1a, 0x1e, 0x1b, 0x12, 0x1b, 0x13, 0x11, 0x22, 0x13, 0x32, 0x13, 0x15, 0x20, 0x14, 0x20, 0x1c, 0x18, 0x1a, 0x19, 0x1b, 0x1e, 0x17, 0x13, 0x11, 0x23, 0x12, 0x13, 0x11, 0x17, 0x13, 0x2b, 0x13, 0x15, 0x14, 0x19, 0x20, 0x1a, 0x19, 0x17, 0x1a, 0x11, 0x14, 0x1d, 0x16, 0x12, 0x61, 0x17, 0x1c, 0x1e, 0x17, 0x1e, 0x1c, 0x30,
// Compressed size: 197 bytes original pixels: 12544 uint16_t → ~25088 bytes uncompressed)

// Winston / Winston Auraflow V0.3 031 S3261743678 Th0.100 24 [Folder: Winston] - RLE compressed data (offset: 21523, size: 217)
0xf0, 0x90, 0xb0, 0x15, 0x1b, 0xb0, 0xb0, 0x11, 0x1c, 0xb0, 0xa0, 0x13, 0x1f, 0x1b, 0x1c, 0x40, 0x1b, 0x18, 0x40, 0x90, 0x13, 0x1f, 0x14, 0x2b, 0x30, 0x1d, 0x2b, 0x40, 0x90, 0x16, 0x1e, 0x18, 0x1d, 0x18, 0x19, 0x20, 0x1d, 0x2b, 0x40, 0x80, 0x1e, 0x12, 0x17, 0x11, 0x13, 0x18, 0x14, 0x30, 0x18, 0x1d, 0x40, 0x80, 0x1a, 0x13, 0x14, 0x11, 0x19, 0x18, 0x16, 0x1c, 0x20, 0x19, 0x50, 0x70, 0x1c, 0x16, 0x1f, 0x17, 0x16, 0x18, 0x13, 0x16, 0x1c, 0x20, 0x18, 0x50, 0x80, 0x21, 0x13, 0x16, 0x1a, 0x18, 0x1e, 0x13, 0x1c, 0x12, 0x15, 0x50, 0x80, 0x11, 0x13, 0x1e, 0x11, 0x14, 0x11, 0x12, 0x30, 0x15, 0x50, 0x80, 0x1a, 0x17, 0x1c, 0x17, 0x1d, 0x19, 0x1d, 0x30, 0x15, 0x50, 0x80, 0x11,
0x14, 0x13, 0x16, 0x19, 0x14, 0x19, 0x30, 0x13, 0x50, 0x80, 0x12, 0x17, 0x12, 0x15, 0x17, 0x19, 0x1d, 0x30, 0x1f, 0x50, 0x80, 0x1a, 0x17, 0x13, 0x14, 0x15, 0x19, 0x12, 0x30, 0x11, 0x50, 0x70, 0x1a, 0x1e, 0x1a, 0x16, 0x1d, 0x12, 0x15, 0x1c, 0x30, 0x18, 0x50, 0x70, 0x19, 0x1a, 0x26, 0x14, 0x22, 0x19, 0x90, 0x70, 0x15, 0x16, 0x25, 0x14, 0x16, 0x12, 0x13, 0x30, 0x11, 0x50, 0x70, 0x1c, 0x19, 0x13, 0x15, 0x16, 0x11, 0x17, 0x12, 0x90, 0x40, 0x1a, 0x21, 0x14, 0x15, 0x17, 0x11, 0x17, 0x11, 0x13, 0x12, 0x1a, 0x80, 0x50, 0x15, 0x24, 0x1a, 0x17, 0x14, 0x17, 0x11, 0x12, 0x17, 0x18, 0x80, 0x90, 0x11, 0x12, 0xd0, 0xf0, 0x90, 0xf0, 0x90,
// Compressed size: 217 bytes original pixels: 12544 uint16_t → ~25088 bytes uncompressed)

// Wulfstan / Wulfstan Auraflow V0.3 004 S2718788170 Th0.100 24 [Folder: Wulfstan] - RLE compressed data (offset: 21740, size: 222)
0xc0, 0x25, 0xa0, 0xc0, 0x2b, 0xa0, 0xb0, 0x11, 0x1b, 0x1c, 0xa0, 0x90, 0x15, 0x16, 0x1e, 0x14, 0x18, 0x1e, 0x90, 0x80, 0x11, 0x15, 0x14, 0x23, 0x1c, 0x17, 0x1d, 0x80, 0x70, 0x1a, 0x14, 0x1a, 0x17, 0x16, 0x17, 0x18, 0x16, 0x1d, 0x15, 0x70, 0x70, 0x15, 0x12, 0x14, 0x11, 0x1d, 0x24, 0x2c, 0x16, 0x70, 0x70, 0x15, 0x13, 0x12, 0x16, 0x17, 0x1a, 0x16, 0x11, 0x14, 0x80, 0x70, 0x15, 0x1b, 0x26, 0x17, 0x16, 0x11, 0x1c, 0x1b, 0x80, 0x70, 0x18, 0x17, 0x1e, 0x12, 0x16, 0x1d, 0x13, 0x12, 0x1e, 0x13, 0x1a, 0x60, 0x60, 0x1c, 0x17, 0x11, 0x19, 0x14, 0x12, 0x1f, 0x1e, 0x18, 0x19, 0x13, 0x1a, 0x60, 0x60, 0x1a, 0x1c, 0x1a, 0x11, 0x1f, 0x27, 0x1e, 0x19, 0x10, 0x13, 0x15, 0x60, 0x70,
0x1b, 0x13, 0x11, 0x14, 0x18, 0x11, 0x1b, 0x12, 0x10, 0x1d, 0x70, 0x70, 0x15, 0x12, 0x13, 0x17, 0x18, 0x16, 0x11, 0x18, 0x17, 0x15, 0x70, 0x70, 0x11, 0x28, 0x1e, 0x13, 0x11, 0x1d, 0x19, 0x12, 0x1b, 0x70, 0x80, 0x11, 0x1b, 0x12, 0x18, 0x1d, 0x16, 0x13, 0x12, 0x80, 0x80, 0x14, 0x11, 0x12, 0x19, 0x1c, 0x24, 0x13, 0x80, 0x80, 0x14, 0x11, 0x12, 0x19, 0x1c, 0x19, 0x13, 0x11, 0x80, 0x80, 0x12, 0x14, 0x1d, 0x1a, 0x21, 0x14, 0x11, 0x80, 0x70, 0x11, 0x19, 0x16, 0x1c, 0x20, 0x11, 0x19, 0x18, 0x80, 0x80, 0x1d, 0x12, 0x1a, 0x20, 0x11, 0x12, 0x19, 0x80, 0x80, 0x13, 0x12, 0x40, 0x13, 0x19, 0x80, 0x80, 0x1b, 0x50, 0x12, 0x15, 0x80, 0x70, 0x1a, 0x15, 0x60, 0x1e, 0x80,
// Compressed size: 222 bytes original pixels: 12544 uint16_t → ~25088 bytes uncompressed)

// Yuuko / Yuuko Auraflow V0.3 002 S736991775 Th0.100 24 [Folder: Yuuko] - RLE compressed data (offset: 21962, size: 167)
0xb0, 0x1b, 0xc0, 0xa0, 0x12, 0x16, 0x18, 0x15, 0xa0, 0xa0, 0x22, 0x16, 0x1c, 0xa0, 0x70, 0x1b, 0x16, 0x1b, 0x14, 0x1b, 0x18, 0x1b, 0xa0, 0x70, 0x26, 0x22, 0x21, 0x14, 0xa0, 0x60, 0x12, 0x1f, 0x12, 0x1b, 0x18, 0x19, 0xc0, 0xa0, 0x28, 0x15, 0xb0, 0x90, 0x14, 0x11, 0x1a, 0x13, 0x15, 0xa0, 0x90, 0x1f, 0x1a, 0x17, 0x1c, 0x13, 0x15, 0x90, 0xa0, 0x14, 0x17, 0x18, 0x13, 0xa0, 0xa0, 0x12, 0x16, 0x12, 0x18, 0xa0, 0x60, 0x1a, 0x16, 0x18, 0x1e, 0x13, 0x1d, 0x12, 0x11, 0x17, 0x90, 0x70, 0x19, 0x1e, 0x19, 0x13, 0x14, 0x1a, 0x1e, 0x15, 0x90, 0x60, 0x1e, 0x2d, 0x33, 0x19, 0x13, 0x15, 0x1f, 0x80, 0x60, 0x11, 0x1d, 0x1a, 0x19, 0x13, 0x1a, 0x29, 0x13, 0x15, 0x80, 0x60, 0x12, 0x27,
0x21, 0x1d, 0x21, 0x1a, 0x15, 0x80, 0x70, 0x14, 0x11, 0x14, 0x17, 0x11, 0x1c, 0x11, 0x1d, 0x90, 0x80, 0x12, 0x1a, 0x27, 0x14, 0x17, 0x11, 0x19, 0x80, 0xa0, 0x1c, 0x1f, 0x1c, 0xb0, 0x90, 0x1b, 0x20, 0x1b, 0xb0, 0x80, 0x16, 0x30, 0x1c, 0xb0, 0x80, 0x14, 0x30, 0x1c, 0x15, 0xa0, 0x80, 0x16, 0x30, 0x14, 0x1f, 0x1e, 0x90, 0xf0, 0x90,
// Compressed size: 167 bytes original pixels: 12544 uint16_t → ~25088 bytes uncompressed)

// Total data size: 22144 bytes
