// RLE data generated from ../assets_processed/trainers/deployable (recursive scan)
// Data is concatenated sequentially

// Adalheid / Adalheid Auraflow V0.3 010 S1070723317 Th0.100 20 [Folder: Adalheid] - RLE compressed data (offset: 0, size: 155)
0xa0, 0x17, 0x90, 0x90, 0x13, 0x16, 0x18, 0x80, 0x90, 0x19, 0x11, 0x16, 0x11, 0x70, 0x80, 0x1c, 0x13, 0x12, 0x15, 0x13, 0x70, 0x80, 0x16, 0x13, 0x11, 0x17, 0x1a, 0x70, 0x70, 0x1a, 0x15, 0x18, 0x21, 0x14, 0x70, 0x80, 0x17, 0x13, 0x14, 0x12, 0x1c, 0x70, 0x70, 0x17, 0x1b, 0x11, 0x18, 0x12, 0x16, 0x70, 0x70, 0x13, 0x16, 0x23, 0x15, 0x17, 0x70, 0x70, 0x1e, 0x18, 0x11, 0x16, 0x1f, 0x11, 0x70, 0x70, 0x14, 0x18, 0x1d, 0x16, 0x11, 0x19, 0x12, 0x60, 0x60, 0x1d, 0x1c, 0x15, 0x13, 0x1d, 0x15, 0x19, 0x70, 0x60, 0x11, 0x10, 0x14, 0x11, 0x12, 0x1a, 0x19, 0x70, 0x60, 0x13, 0x10, 0x14, 0x15, 0x12, 0x17, 0x12, 0x11, 0x60, 0x80, 0x14, 0x13, 0x12, 0x15, 0x1b, 0x14, 0x60, 0x50, 0x1e,
0x20, 0x12, 0x13, 0x1b, 0x13, 0x12, 0x16, 0x1a, 0x50, 0x50, 0x1a, 0x10, 0x11, 0x12, 0x11, 0x12, 0x18, 0x15, 0x12, 0x60, 0x40, 0x17, 0x20, 0x24, 0x11, 0x22, 0x1b, 0x14, 0x60, 0x40, 0x11, 0x20, 0x29, 0x18, 0x1b, 0x12, 0x11, 0x14, 0x60, 0xb0, 0x19, 0x12, 0x70,
// Compressed size: 155 bytes original pixels: 12544 uint16_t → ~25088 bytes uncompressed)

// Adaltrud / Adaltrud Auraflow V0.3 029 S1300131846 Th0.100 20 [Folder: Adaltrud] - RLE compressed data (offset: 155, size: 277)
0x20, 0x12, 0xf0, 0x20, 0x14, 0x11, 0x1b, 0x14, 0x70, 0x13, 0x10, 0x16, 0x60, 0x13, 0x1d, 0x11, 0x1b, 0x1d, 0x11, 0x1d, 0x14, 0x30, 0x15, 0x29, 0x11, 0x12, 0x40, 0x13, 0x1a, 0x19, 0x1a, 0x21, 0x1d, 0x1b, 0x1d, 0x20, 0x1a, 0x11, 0x1a, 0x1b, 0x19, 0x11, 0x30, 0x13, 0x1f, 0x13, 0x12, 0x17, 0x11, 0x12, 0x2d, 0x1b, 0x10, 0x1a, 0x16, 0x14, 0x11, 0x1a, 0x11, 0x30, 0x1f, 0x13, 0x1f, 0x1e, 0x15, 0x13, 0x1f, 0x1c, 0x24, 0x1b, 0x17, 0x11, 0x24, 0x11, 0x1b, 0x30, 0x1f, 0x15, 0x23, 0x15, 0x16, 0x11, 0x28, 0x15, 0x1b, 0x12, 0x1a, 0x21, 0x16, 0x1b, 0x30, 0x1f, 0x15, 0x13, 0x18, 0x19, 0x15, 0x1c, 0x12, 0x16, 0x1c, 0x16, 0x10, 0x12, 0x17, 0x14, 0x11, 0x1b, 0x16, 0x20, 0x13, 0x18,
0x23, 0x17, 0x15, 0x42, 0x13, 0x10, 0x22, 0x26, 0x14, 0x16, 0x20, 0x23, 0x1f, 0x18, 0x17, 0x1a, 0x11, 0x40, 0x14, 0x15, 0x22, 0x11, 0x24, 0x20, 0x15, 0x38, 0x1a, 0x13, 0x14, 0x40, 0x11, 0x19, 0x16, 0x12, 0x1b, 0x14, 0x1b, 0x20, 0x15, 0x18, 0x15, 0x13, 0x14, 0x11, 0x17, 0x16, 0x30, 0x17, 0x13, 0x19, 0x12, 0x14, 0x1d, 0x14, 0x20, 0x19, 0x18, 0x23, 0x11, 0x20, 0x19, 0x12, 0x10, 0x1c, 0x15, 0x18, 0x19, 0x1a, 0x14, 0x12, 0x14, 0x20, 0x17, 0x25, 0x17, 0x40, 0x13, 0x1a, 0x12, 0x17, 0x13, 0x2c, 0x14, 0x1e, 0x14, 0x20, 0x25, 0x18, 0x11, 0x50, 0x1c, 0x17, 0x13, 0x1e, 0x1a, 0x14, 0x31, 0x16, 0x10, 0x13, 0x12, 0x21, 0x60, 0x19, 0x11, 0x17, 0x11, 0x1a, 0x1e, 0x11, 0x15, 0x20,
0x1c, 0x12, 0x19, 0x70, 0x19, 0x17, 0x16, 0x22, 0x1f, 0x15, 0x1d, 0x20, 0x12, 0x10, 0x13, 0x70, 0x12, 0x15, 0x17, 0x18, 0x2e, 0x11, 0x1c, 0x20, 0x12, 0x20, 0x17, 0x60, 0x17, 0x18, 0x13, 0x1e, 0x16, 0x12, 0x16, 0x14, 0x16, 0x10, 0x1c, 0x10, 0x18, 0x15, 0x60, 0x19, 0x18, 0x1c, 0x13, 0x1e, 0x11, 0x19, 0x16, 0x1c, 0x10,
// Compressed size: 277 bytes original pixels: 12544 uint16_t → ~25088 bytes uncompressed)

// Adele / Adele Auraflow V0.3 029 S228189054 Th0.100 20 [Folder: Adele] - RLE compressed data (offset: 432, size: 148)
0xf0, 0x50, 0x80, 0x1c, 0x2b, 0x90, 0x80, 0x18, 0x13, 0x19, 0x90, 0x70, 0x1a, 0x19, 0x13, 0x1c, 0x30, 0x23, 0x40, 0x70, 0x19, 0x1b, 0x13, 0x18, 0x90, 0x60, 0x1b, 0x15, 0x17, 0x13, 0x1c, 0x12, 0x10, 0x13, 0x60, 0x60, 0x16, 0x1a, 0x11, 0x1a, 0x19, 0x11, 0x1e, 0x17, 0x60, 0x60, 0x1c, 0x12, 0x11, 0x15, 0x24, 0x1f, 0x70, 0x60, 0x1b, 0x16, 0x1d, 0x15, 0x16, 0x90, 0x50, 0x16, 0x12, 0x19, 0x14, 0x16, 0x1c, 0x19, 0x80, 0x50, 0x13, 0x17, 0x28, 0x1a, 0x12, 0x14, 0x15, 0x70, 0x50, 0x13, 0x10, 0x12, 0x17, 0x25, 0x11, 0x14, 0x70, 0x70, 0x12, 0x1a, 0x1b, 0x14, 0x18, 0x17, 0x1a, 0x60, 0x70, 0x14, 0x21, 0x14, 0x1c, 0x1d, 0x18, 0x60, 0x60, 0x1f, 0x1a, 0x11, 0x1d, 0x14, 0x1e, 0x11,
0x12, 0x60, 0x60, 0x22, 0x19, 0x11, 0x12, 0x1e, 0x26, 0x60, 0x60, 0x18, 0x12, 0x15, 0x11, 0x17, 0x18, 0x11, 0x15, 0x60, 0x60, 0x17, 0x15, 0x17, 0x1d, 0x16, 0x1d, 0x11, 0x70, 0x90, 0x17, 0x16, 0x11, 0x80, 0xf0, 0x50,
// Compressed size: 148 bytes original pixels: 12544 uint16_t → ~25088 bytes uncompressed)

// Adeline / Adeline Auraflow V0.3 028 S2917032694 Th0.100 20 [Folder: Adeline] - RLE compressed data (offset: 580, size: 140)
0xf0, 0x50, 0x80, 0x18, 0x16, 0x11, 0x90, 0x80, 0x1e, 0x14, 0x13, 0x90, 0x90, 0x16, 0x14, 0x13, 0x80, 0x80, 0x14, 0x15, 0x13, 0x19, 0x80, 0x90, 0x1f, 0x16, 0x14, 0x80, 0x80, 0x1b, 0x1a, 0x1d, 0x1a, 0x80, 0x70, 0x19, 0x18, 0x15, 0x11, 0x12, 0x14, 0x70, 0x70, 0x13, 0x12, 0x15, 0x1a, 0x12, 0x80, 0x80, 0x1d, 0x18, 0x1b, 0x1a, 0x1c, 0x70, 0x80, 0x1a, 0x11, 0x1c, 0x15, 0x1e, 0x70, 0x80, 0x12, 0x17, 0x12, 0x1a, 0x1b, 0x70, 0x70, 0x25, 0x1c, 0x17, 0x1c, 0x1b, 0x14, 0x60, 0x60, 0x16, 0x1d, 0x13, 0x21, 0x18, 0x15, 0x18, 0x60, 0x50, 0x1e, 0x18, 0x11, 0x17, 0x1d, 0x1b, 0x17, 0x12, 0x17, 0x60, 0x30, 0x16, 0x10, 0x14, 0x15, 0x10, 0x13, 0x12, 0x1c, 0x15, 0x21, 0x60, 0x40, 0x19,
0x10, 0x1e, 0x10, 0x16, 0x22, 0x18, 0x17, 0x13, 0x60, 0x40, 0x16, 0x30, 0x13, 0x1d, 0x11, 0x17, 0x29, 0x60, 0x80, 0x13, 0x11, 0x12, 0x24, 0x70, 0x80, 0x16, 0x19, 0xa0,
// Compressed size: 140 bytes original pixels: 12544 uint16_t → ~25088 bytes uncompressed)

// Aethelburg / Aethelburg Auraflow V0.3 002 S1993196699 Th0.100 20 [Folder: Aethelburg] - RLE compressed data (offset: 720, size: 132)
0xf0, 0x50, 0x80, 0x1e, 0x11, 0xa0, 0x80, 0x1e, 0x15, 0xa0, 0x80, 0x17, 0x1d, 0x15, 0x1c, 0x18, 0x70, 0x70, 0x11, 0x12, 0x17, 0x1d, 0x1c, 0x19, 0x1f, 0x60, 0x70, 0x19, 0x16, 0x1c, 0x19, 0x16, 0x15, 0x14, 0x60, 0x60, 0x13, 0x11, 0x22, 0x19, 0x18, 0x15, 0x12, 0x60, 0x60, 0x1a, 0x10, 0x12, 0x26, 0x14, 0x2b, 0x60, 0x80, 0x1b, 0x14, 0x1b, 0x12, 0x13, 0x14, 0x60, 0x70, 0x18, 0x17, 0x19, 0x11, 0x17, 0x11, 0x14, 0x60, 0x70, 0x1e, 0x13, 0x21, 0x16, 0x17, 0x14, 0x60, 0x70, 0x1a, 0x16, 0x18, 0x1b, 0x22, 0x70, 0x60, 0x1d, 0x23, 0x21, 0x90, 0x60, 0x13, 0x10, 0x11, 0x10, 0x14, 0x90, 0x70, 0x12, 0x1c, 0x10, 0x1e, 0x90, 0x70, 0x13, 0x20, 0x11, 0x90, 0x50, 0x14, 0x10, 0x11, 0x20,
0x13, 0x90, 0x70, 0x1a, 0x20, 0x1a, 0x90, 0x40, 0x15, 0x20, 0x1a, 0x20, 0x13, 0x17, 0x80, 0x80, 0x1d, 0x18, 0x15, 0x90,
// Compressed size: 132 bytes original pixels: 12544 uint16_t → ~25088 bytes uncompressed)

// Aki / Aki Auraflow V0.3 007 S1471180183 Th0.100 20 [Folder: Aki] - RLE compressed data (offset: 852, size: 143)
0xf0, 0x50, 0x60, 0x1f, 0x50, 0x1c, 0x1e, 0x60, 0xc0, 0x1c, 0x1d, 0x60, 0xc0, 0x1d, 0x1e, 0x15, 0x50, 0xa0, 0x17, 0x10, 0x12, 0x15, 0x16, 0x50, 0x10, 0x13, 0x17, 0x40, 0x16, 0x14, 0x22, 0x31, 0x60, 0x70, 0x19, 0x1b, 0x11, 0x1d, 0x15, 0x13, 0x11, 0x1b, 0x50, 0x80, 0x1a, 0x14, 0x10, 0x19, 0x1f, 0x12, 0x11, 0x12, 0x40, 0xa0, 0x12, 0x14, 0x1b, 0x11, 0x10, 0x14, 0x17, 0x30, 0xa0, 0x13, 0x14, 0x1e, 0x12, 0x60, 0x60, 0x27, 0x12, 0x13, 0x1d, 0x1a, 0x16, 0x70, 0x50, 0x1c, 0x10, 0x2a, 0x19, 0x15, 0x19, 0x16, 0x70, 0x70, 0x1b, 0x14, 0x18, 0x1e, 0x13, 0x18, 0x13, 0x40, 0x12, 0x10, 0x70, 0x14, 0x25, 0x13, 0x16, 0x15, 0x11, 0x24, 0x40, 0x60, 0x11, 0x30, 0x13, 0x15, 0x18, 0x1a,
0x16, 0x19, 0x40, 0x60, 0x13, 0x30, 0x21, 0x1b, 0x18, 0x1f, 0x15, 0x40, 0x60, 0x13, 0x40, 0x17, 0x10, 0x11, 0x28, 0x40, 0xf0, 0x12, 0x40, 0xf0, 0x10, 0x16, 0x30, 0xf0, 0x10, 0x1c, 0x30,
// Compressed size: 143 bytes original pixels: 12544 uint16_t → ~25088 bytes uncompressed)

// Alette / Alette Auraflow V0.3 030 S684776834 Th0.100 20 [Folder: Alette] - RLE compressed data (offset: 995, size: 172)
0xf0, 0x50, 0x90, 0x13, 0x1e, 0x17, 0x80, 0x80, 0x1e, 0x1a, 0x1f, 0x29, 0x70, 0x80, 0x1b, 0x1c, 0x11, 0x1b, 0x80, 0x70, 0x1d, 0x1c, 0x17, 0x11, 0x16, 0x80, 0x70, 0x14, 0x16, 0x11, 0x17, 0x1c, 0x1d, 0x70, 0x70, 0x1c, 0x12, 0x21, 0x13, 0x1a, 0x15, 0x60, 0x60, 0x2a, 0x21, 0x17, 0x15, 0x14, 0x12, 0x15, 0x50, 0x40, 0x1e, 0x15, 0x11, 0x1d, 0x21, 0x17, 0x19, 0x12, 0x16, 0x18, 0x1e, 0x15, 0x1d, 0x20, 0x30, 0x19, 0x18, 0x12, 0x16, 0x12, 0x21, 0x16, 0x11, 0x18, 0x12, 0x11, 0x12, 0x23, 0x20, 0x20, 0x14, 0x1b, 0x12, 0x14, 0x1d, 0x1b, 0x37, 0x11, 0x18, 0x14, 0x19, 0x18, 0x1c, 0x1f, 0x20, 0x10, 0x19, 0x18, 0x34, 0x1d, 0x13, 0x16, 0x11, 0x27, 0x12, 0x1a, 0x13, 0x20, 0x2f, 0x10,
0x10, 0x29, 0x12, 0x14, 0x1d, 0x1b, 0x18, 0x1c, 0x1a, 0x11, 0x17, 0x1a, 0x12, 0x1f, 0x14, 0x13, 0x15, 0x20, 0x10, 0x28, 0x13, 0x19, 0x1b, 0x25, 0x1a, 0x36, 0x1c, 0x13, 0x12, 0x1b, 0x40, 0x20, 0x15, 0x19, 0x18, 0x25, 0x10, 0x1c, 0x26, 0x10, 0x23, 0x12, 0x50, 0x80, 0x1b, 0x14, 0x13, 0x90, 0x90, 0x1e, 0x14, 0x90, 0xa0, 0x1a, 0x90, 0xa0, 0x1e, 0x90, 0xf0, 0x50,
// Compressed size: 172 bytes original pixels: 12544 uint16_t → ~25088 bytes uncompressed)

// Alfrun / Alfrun Auraflow V0.3 000 S756483706 Th0.100 20 [Folder: Alfrun] - RLE compressed data (offset: 1167, size: 168)
0x40, 0x17, 0x10, 0x12, 0x16, 0x10, 0x12, 0x18, 0x90, 0x60, 0x19, 0x20, 0x12, 0x19, 0x90, 0x40, 0x18, 0x10, 0x11, 0x20, 0x22, 0x13, 0x15, 0x70, 0x40, 0x12, 0x10, 0x11, 0x20, 0x12, 0x11, 0x19, 0x12, 0x70, 0x40, 0x1b, 0x10, 0x17, 0x10, 0x1e, 0x24, 0x15, 0x26, 0x60, 0x40, 0x18, 0x10, 0x1c, 0x10, 0x1a, 0x15, 0x1e, 0x12, 0x18, 0x16, 0x60, 0x40, 0x18, 0x10, 0x1f, 0x10, 0x27, 0x18, 0x1f, 0x80, 0x60, 0x17, 0x1c, 0x19, 0x21, 0x19, 0x80, 0x60, 0x1c, 0x10, 0x14, 0x11, 0x14, 0x1e, 0x80, 0x80, 0x11, 0x1d, 0x14, 0x19, 0x80, 0x80, 0x11, 0x1b, 0x14, 0x19, 0x80, 0x80, 0x2a, 0x1d, 0x11, 0x1c, 0x70, 0x80, 0x13, 0x1e, 0x11, 0x1e, 0x1a, 0x17, 0x60, 0x70, 0x11, 0x1a, 0x10, 0x11, 0x1a,
0x23, 0x60, 0x80, 0x14, 0x10, 0x14, 0x1d, 0x1f, 0x17, 0x60, 0x80, 0x11, 0x10, 0x11, 0x15, 0x23, 0x16, 0x50, 0x60, 0x15, 0x10, 0x1f, 0x10, 0x13, 0x10, 0x1c, 0x10, 0x1b, 0x16, 0x15, 0x30, 0x80, 0x1d, 0x10, 0x13, 0x10, 0x13, 0x10, 0x15, 0x18, 0x40, 0x70, 0x1b, 0x1d, 0x10, 0x17, 0x30, 0x16, 0x10, 0x1b, 0x16, 0x15, 0x10, 0xa0, 0x14, 0x90,
// Compressed size: 168 bytes original pixels: 12544 uint16_t → ~25088 bytes uncompressed)

// Amelia / Amelia Auraflow V0.3 003 S557292514 Th0.100 20 [Folder: Amelia] - RLE compressed data (offset: 1335, size: 128)
0xf0, 0x50, 0x90, 0x14, 0x13, 0x16, 0x80, 0x90, 0x13, 0x15, 0x11, 0x80, 0x80, 0x19, 0x12, 0x11, 0x1f, 0x80, 0x80, 0x19, 0x12, 0x15, 0x12, 0x80, 0x80, 0x11, 0x1c, 0x17, 0x16, 0x15, 0x70, 0x70, 0x1a, 0x14, 0x13, 0x1c, 0x18, 0x80, 0x70, 0x14, 0x10, 0x31, 0x80, 0x70, 0x11, 0x19, 0x31, 0x80, 0x80, 0x19, 0x27, 0x13, 0x15, 0x70, 0x80, 0x14, 0x17, 0x1c, 0x1e, 0x11, 0x70, 0x80, 0x1e, 0x13, 0x1d, 0x1e, 0x80, 0x70, 0x18, 0x13, 0x1c, 0x16, 0x18, 0x80, 0x70, 0x14, 0x13, 0x17, 0x18, 0x1d, 0x80, 0x60, 0x14, 0x23, 0x16, 0x12, 0x16, 0x80, 0x60, 0x12, 0x14, 0x17, 0x16, 0x12, 0x11, 0x80, 0x40, 0x32, 0x18, 0x19, 0x21, 0x1b, 0x1a, 0x70, 0x30, 0x14, 0x15, 0x10, 0x18, 0x1d, 0x1a, 0x1b,
0x10, 0x15, 0x80, 0x30, 0x1b, 0x15, 0x10, 0x1b, 0x10, 0x1a, 0x14, 0xa0, 0x80, 0x15, 0x19, 0xa0,
// Compressed size: 128 bytes original pixels: 12544 uint16_t → ~25088 bytes uncompressed)

// Anlaf / Anlaf Auraflow V0.3 033 S889144974 Th0.100 20 [Folder: Anlaf] - RLE compressed data (offset: 1463, size: 194)
0xf0, 0x50, 0x90, 0x14, 0x1d, 0x50, 0x1c, 0x1e, 0x20, 0x80, 0x23, 0x14, 0x90, 0x70, 0x11, 0x14, 0x1c, 0x15, 0x1b, 0x40, 0x16, 0x12, 0x20, 0x60, 0x11, 0x13, 0x21, 0x1d, 0x12, 0x16, 0x30, 0x17, 0x30, 0x60, 0x11, 0x12, 0x19, 0x1e, 0x11, 0x1d, 0x14, 0x20, 0x17, 0x40, 0x60, 0x12, 0x18, 0x16, 0x17, 0x13, 0x26, 0x70, 0x60, 0x15, 0x1e, 0x13, 0x1e, 0x16, 0x1b, 0x12, 0x19, 0x10, 0x11, 0x40, 0x60, 0x15, 0x18, 0x15, 0x11, 0x14, 0x11, 0x12, 0x19, 0x11, 0x1c, 0x40, 0x50, 0x17, 0x11, 0x14, 0x19, 0x12, 0x1a, 0x12, 0x1a, 0x10, 0x23, 0x40, 0x50, 0x1c, 0x13, 0x16, 0x15, 0x21, 0x15, 0x18, 0x10, 0x13, 0x50, 0x50, 0x15, 0x1a, 0x13, 0x26, 0x13, 0x24, 0x10, 0x13, 0x50, 0x50, 0x14, 0x1b,
0x15, 0x1d, 0x1e, 0x16, 0x17, 0x1a, 0x12, 0x1c, 0x50, 0x50, 0x1e, 0x1a, 0x17, 0x19, 0x12, 0x11, 0x1d, 0x16, 0x12, 0x60, 0x40, 0x19, 0x18, 0x1b, 0x28, 0x12, 0x13, 0x12, 0x2b, 0x60, 0x30, 0x13, 0x19, 0x15, 0x18, 0x1a, 0x1b, 0x1a, 0x19, 0x1a, 0x18, 0x15, 0x60, 0x20, 0x11, 0x17, 0x14, 0x1a, 0x18, 0x17, 0x12, 0x1a, 0x12, 0x14, 0x12, 0x1c, 0x60, 0x20, 0x14, 0x11, 0x14, 0x19, 0x18, 0x17, 0x18, 0x2b, 0x1d, 0x1e, 0x70, 0x50, 0x17, 0x14, 0x17, 0x35, 0x1d, 0x13, 0x16, 0x19, 0x1c, 0x40, 0xf0, 0x50,
// Compressed size: 194 bytes original pixels: 12544 uint16_t → ~25088 bytes uncompressed)

// Annabel / Annabel Auraflow V0.3 029 S396334667 Th0.100 20 [Folder: Annabel] - RLE compressed data (offset: 1657, size: 143)
0xf0, 0x50, 0x80, 0x19, 0x15, 0xa0, 0x80, 0x1b, 0x29, 0x90, 0x90, 0x2a, 0x15, 0x1b, 0x70, 0x80, 0x11, 0x1d, 0x2a, 0x19, 0x70, 0x80, 0x11, 0x14, 0x1a, 0x15, 0x1a, 0x19, 0x1b, 0x50, 0x80, 0x11, 0x1d, 0x19, 0x13, 0x10, 0x15, 0x1b, 0x15, 0x40, 0x60, 0x1b, 0x11, 0x15, 0x14, 0x23, 0x1e, 0x70, 0x90, 0x12, 0x14, 0x20, 0x11, 0x60, 0x80, 0x1c, 0x13, 0x12, 0x13, 0x80, 0x80, 0x1f, 0x16, 0x12, 0x1d, 0x80, 0x40, 0x15, 0x31, 0x14, 0x16, 0x18, 0x12, 0x1e, 0x40, 0x11, 0x20, 0x30, 0x21, 0x13, 0x18, 0x22, 0x28, 0x13, 0x11, 0x1e, 0x15, 0x31, 0x20, 0x30, 0x13, 0x18, 0x14, 0x1c, 0x12, 0x1d, 0x17, 0x24, 0x1c, 0x13, 0x16, 0x11, 0x40, 0x40, 0x11, 0x12, 0x14, 0x37, 0x1e, 0x17, 0x22, 0x16,
0x50, 0x50, 0x14, 0x18, 0x16, 0x27, 0x15, 0x17, 0x16, 0x13, 0x60, 0x50, 0x1c, 0x16, 0x20, 0x1d, 0xa0, 0x90, 0x18, 0x11, 0x10, 0x12, 0x70, 0x90, 0x1c, 0x16, 0x10, 0x14, 0x70, 0xf0, 0x50,
// Compressed size: 143 bytes original pixels: 12544 uint16_t → ~25088 bytes uncompressed)

// Antonio / Antonio Auraflow V0.3 034 S1994850378 Th0.100 20 [Folder: Antonio] - RLE compressed data (offset: 1800, size: 146)
0xf0, 0x50, 0x80, 0x1b, 0x11, 0xa0, 0x80, 0x19, 0x11, 0x14, 0x90, 0x80, 0x22, 0x1b, 0x16, 0x1c, 0x70, 0x50, 0x14, 0x10, 0x12, 0x11, 0x15, 0x19, 0x13, 0x19, 0x70, 0x50, 0x13, 0x10, 0x17, 0x1b, 0x14, 0x13, 0x15, 0x18, 0x14, 0x60, 0x60, 0x1d, 0x44, 0x15, 0x10, 0x1a, 0x60, 0x60, 0x13, 0x11, 0x26, 0x2a, 0x10, 0x13, 0x60, 0x60, 0x13, 0x12, 0x1d, 0x1c, 0x12, 0x11, 0x20, 0x13, 0x50, 0x70, 0x17, 0x1b, 0x17, 0x11, 0x13, 0x1e, 0x10, 0x1d, 0x50, 0x70, 0x15, 0x12, 0x1a, 0x16, 0x11, 0x17, 0x10, 0x13, 0x50, 0x70, 0x18, 0x16, 0x19, 0x1c, 0x18, 0x1c, 0x10, 0x1b, 0x50, 0x70, 0x16, 0x12, 0x11, 0x1a, 0x18, 0x1c, 0x10, 0x1b, 0x50, 0x70, 0x11, 0x1a, 0x15, 0x17, 0x18, 0x80, 0x60, 0x17,
0x11, 0x15, 0x14, 0x12, 0x25, 0x70, 0x60, 0x18, 0x12, 0x1d, 0x10, 0x12, 0x15, 0x17, 0x10, 0x18, 0x50, 0x70, 0x17, 0x30, 0x11, 0x16, 0x70, 0x60, 0x19, 0x16, 0x40, 0x16, 0x70, 0xc0, 0x19, 0x70, 0xf0, 0x50,
// Compressed size: 146 bytes original pixels: 12544 uint16_t → ~25088 bytes uncompressed)

// Arabella / Arabella Auraflow V0.3 035 S1664133666 Th0.100 20 [Folder: Arabella] - RLE compressed data (offset: 1946, size: 152)
0xf0, 0x50, 0x80, 0x19, 0x15, 0x19, 0x90, 0x80, 0x25, 0x13, 0x90, 0x70, 0x1d, 0x1e, 0x17, 0x1a, 0x90, 0x70, 0x25, 0x26, 0x90, 0x70, 0x1d, 0x15, 0x19, 0xa0, 0x60, 0x35, 0x19, 0x1c, 0x90, 0x60, 0x14, 0x12, 0x17, 0x19, 0x2c, 0x1a, 0x70, 0x60, 0x2e, 0x2d, 0x19, 0x1b, 0x1a, 0x70, 0x60, 0x21, 0x14, 0x17, 0x13, 0x1a, 0x16, 0x70, 0x60, 0x14, 0x11, 0x12, 0x18, 0x1a, 0x1c, 0x16, 0x70, 0x60, 0x18, 0x21, 0x1b, 0x12, 0x14, 0x1d, 0x70, 0x50, 0x13, 0x1f, 0x11, 0x12, 0x18, 0x12, 0x14, 0x13, 0x70, 0x50, 0x16, 0x14, 0x11, 0x38, 0x14, 0x13, 0x70, 0x50, 0x13, 0x14, 0x22, 0x21, 0x16, 0x13, 0x2c, 0x19, 0x40, 0x50, 0x17, 0x18, 0x22, 0x1e, 0x37, 0x1c, 0x16, 0x13, 0x16, 0x30, 0x50, 0x17,
0x22, 0x11, 0x12, 0x14, 0x15, 0x1b, 0x17, 0x33, 0x19, 0x20, 0x40, 0x1f, 0x1e, 0x11, 0x12, 0x1f, 0x15, 0x24, 0x17, 0x2b, 0x13, 0x1b, 0x16, 0x20, 0x20, 0x1d, 0x31, 0x22, 0x14, 0x18, 0x11, 0x18, 0x2b, 0x1a, 0x14, 0x16, 0x13, 0x2a, 0xf0, 0x50,
// Compressed size: 152 bytes original pixels: 12544 uint16_t → ~25088 bytes uncompressed)

// Arild / Arild Auraflow V0.3 001 S1007485810 Th0.100 20 [Folder: Arild] - RLE compressed data (offset: 2098, size: 186)
0xf0, 0x50, 0xf0, 0x50, 0x90, 0x16, 0xa0, 0x80, 0x22, 0x15, 0x90, 0x70, 0x13, 0x17, 0x13, 0x1c, 0x12, 0x80, 0x60, 0x17, 0x12, 0x17, 0x22, 0x13, 0x12, 0x70, 0x60, 0x11, 0x15, 0x13, 0x12, 0x24, 0x1d, 0x70, 0x50, 0x1a, 0x12, 0x19, 0x21, 0x1c, 0x19, 0x14, 0x15, 0x60, 0x50, 0x17, 0x1f, 0x1b, 0x1c, 0x13, 0x16, 0x27, 0x1c, 0x60, 0x40, 0x16, 0x11, 0x14, 0x19, 0x1c, 0x11, 0x13, 0x11, 0x17, 0x13, 0x60, 0x40, 0x14, 0x16, 0x28, 0x13, 0x17, 0x18, 0x1a, 0x10, 0x13, 0x60, 0x30, 0x13, 0x2b, 0x18, 0x1b, 0x1f, 0x19, 0x13, 0x17, 0x12, 0x1e, 0x60, 0x20, 0x1a, 0x11, 0x18, 0x16, 0x1a, 0x29, 0x1c, 0x12, 0x11, 0x19, 0x70, 0x20, 0x16, 0x18, 0x11, 0x1b, 0x31, 0x17, 0x1c, 0x13, 0x19, 0x50,
0x15, 0x10, 0x10, 0x16, 0x1a, 0x12, 0x14, 0x1e, 0x11, 0x14, 0x11, 0x18, 0x1f, 0x11, 0x1e, 0x14, 0x40, 0x16, 0x10, 0x10, 0x1a, 0x15, 0x12, 0x1a, 0x14, 0x1a, 0x1b, 0x11, 0x18, 0x1b, 0x11, 0x1b, 0x14, 0x20, 0x15, 0x10, 0x1d, 0x15, 0x10, 0x15, 0x30, 0x12, 0x10, 0x19, 0x14, 0x15, 0x11, 0x10, 0x18, 0x40, 0x1d, 0x11, 0x10, 0x70, 0x11, 0x40, 0x14, 0x20, 0x16, 0x1e, 0x1d, 0x15, 0x10, 0x60, 0x16, 0x1d, 0x40, 0x1e, 0x1d, 0x20, 0x12, 0x30, 0xf0, 0x50,
// Compressed size: 186 bytes original pixels: 12544 uint16_t → ~25088 bytes uncompressed)

// Arnhildur / Arnhildur Auraflow V0.3 027 S1320555054 Th0.100 20 [Folder: Arnhildur] - RLE compressed data (offset: 2284, size: 161)
0xf0, 0x50, 0x80, 0x1a, 0x16, 0x15, 0x12, 0x25, 0x60, 0x90, 0x19, 0x1d, 0x22, 0x15, 0x12, 0x50, 0x90, 0x16, 0x11, 0x16, 0x19, 0x12, 0x15, 0x50, 0x80, 0x1c, 0x1b, 0x13, 0x14, 0x1b, 0x16, 0x1e, 0x12, 0x15, 0x12, 0x20, 0x70, 0x11, 0x13, 0x17, 0x1c, 0x19, 0x1b, 0x19, 0x1a, 0x15, 0x12, 0x30, 0x80, 0x1d, 0x21, 0x19, 0x20, 0x15, 0x12, 0x40, 0x70, 0x16, 0x10, 0x1b, 0x17, 0x10, 0x1f, 0x70, 0x70, 0x18, 0x12, 0x18, 0x11, 0x10, 0x11, 0x70, 0x70, 0x1a, 0x13, 0x21, 0x28, 0x70, 0x60, 0x1e, 0x12, 0x14, 0x13, 0x11, 0x14, 0x16, 0x13, 0x60, 0x50, 0x1f, 0x20, 0x16, 0x17, 0x14, 0x1f, 0x17, 0x70, 0x40, 0x19, 0x30, 0x13, 0x1d, 0x11, 0x24, 0x18, 0x1e, 0x50, 0x30, 0x1c, 0x40, 0x11, 0x17,
0x14, 0x11, 0x13, 0x17, 0x16, 0x1a, 0x40, 0x10, 0x1c, 0x50, 0x21, 0x10, 0x1b, 0x24, 0x10, 0x1d, 0x17, 0x1a, 0x30, 0x70, 0x1c, 0x14, 0x20, 0x18, 0x13, 0x10, 0x23, 0x40, 0x70, 0x1d, 0x40, 0x14, 0x20, 0x13, 0x1e, 0x12, 0x20, 0x70, 0x1f, 0x40, 0x18, 0x70, 0x70, 0x12, 0x40, 0x17, 0x70, 0xf0, 0x50,
// Compressed size: 161 bytes original pixels: 12544 uint16_t → ~25088 bytes uncompressed)

// Athelric / Athelric Auraflow V0.3 009 S175210750 Th0.100 20 [Folder: Athelric] - RLE compressed data (offset: 2445, size: 193)
0x90, 0x34, 0x80, 0x80, 0x24, 0x1b, 0x17, 0x80, 0x90, 0x1e, 0x14, 0x12, 0x80, 0x80, 0x15, 0x1a, 0x14, 0x1c, 0x19, 0x70, 0x70, 0x16, 0x1a, 0x15, 0x11, 0x1e, 0x17, 0x70, 0x70, 0x15, 0x1b, 0x16, 0x15, 0x22, 0x14, 0x60, 0x60, 0x16, 0x35, 0x1f, 0x12, 0x19, 0x1b, 0x60, 0x50, 0x15, 0x1b, 0x11, 0x12, 0x19, 0x12, 0x17, 0x1f, 0x13, 0x60, 0x40, 0x1b, 0x19, 0x16, 0x18, 0x19, 0x13, 0x1a, 0x11, 0x12, 0x13, 0x60, 0x20, 0x15, 0x16, 0x11, 0x15, 0x1e, 0x19, 0x33, 0x11, 0x13, 0x12, 0x60, 0x20, 0x11, 0x1c, 0x15, 0x11, 0x1e, 0x1f, 0x18, 0x19, 0x17, 0x16, 0x27, 0x60, 0x10, 0x16, 0x1d, 0x1a, 0x11, 0x16, 0x1c, 0x1f, 0x1d, 0x13, 0x18, 0x16, 0x18, 0x70, 0x10, 0x15, 0x21, 0x18, 0x1c, 0x13,
0x31, 0x12, 0x11, 0x18, 0x14, 0x60, 0x20, 0x16, 0x18, 0x1e, 0x1c, 0x19, 0x11, 0x1a, 0x17, 0x19, 0x1d, 0x12, 0x17, 0x60, 0x10, 0x16, 0x1d, 0x17, 0x16, 0x18, 0x15, 0x1d, 0x62, 0x60, 0x10, 0x1a, 0x18, 0x16, 0x1d, 0x11, 0x1e, 0x13, 0x19, 0x12, 0x13, 0x19, 0x13, 0x18, 0x60, 0x20, 0x2b, 0x11, 0x20, 0x1b, 0x13, 0x18, 0x33, 0x70, 0x20, 0x14, 0x1a, 0x10, 0x14, 0x10, 0x1c, 0x1a, 0x17, 0x1d, 0x17, 0x18, 0x70, 0x70, 0x1e, 0x1a, 0x10, 0x1a, 0x10, 0x2c, 0x60, 0x60, 0x14, 0x17, 0x40, 0x24, 0x60,
// Compressed size: 193 bytes original pixels: 12544 uint16_t → ~25088 bytes uncompressed)

// Audrey / Audrey Auraflow V0.3 008 S287678065 Th0.100 20 [Folder: Audrey] - RLE compressed data (offset: 2638, size: 123)
0x90, 0x23, 0x90, 0x80, 0x11, 0x14, 0x13, 0x90, 0x80, 0x18, 0x17, 0x14, 0x15, 0x80, 0x80, 0x15, 0x1b, 0x14, 0x1b, 0x80, 0x70, 0x12, 0x16, 0x1e, 0x16, 0x12, 0x80, 0x70, 0x1c, 0x16, 0x15, 0x1e, 0x12, 0x80, 0x50, 0x15, 0x1c, 0x20, 0x19, 0x12, 0x10, 0x13, 0x12, 0x60, 0x40, 0x15, 0x30, 0x13, 0x14, 0x11, 0x18, 0x20, 0x1e, 0x50, 0x70, 0x14, 0x31, 0x18, 0x20, 0x1d, 0x50, 0x70, 0x14, 0x16, 0x11, 0x16, 0x18, 0x80, 0x70, 0x14, 0x15, 0x13, 0x1d, 0x11, 0x80, 0x70, 0x11, 0x1a, 0x20, 0x16, 0x80, 0x70, 0x18, 0x1d, 0x20, 0x19, 0x80, 0x70, 0x1a, 0x17, 0x20, 0x19, 0x80, 0x70, 0x1a, 0x30, 0x19, 0x12, 0x70, 0x70, 0x1a, 0x30, 0x12, 0x80, 0x70, 0x1c, 0x30, 0x17, 0x80, 0x60, 0x11, 0x40,
0x12, 0x17, 0x70, 0x60, 0x13, 0x30, 0x1b, 0x17, 0x80, 0xf0, 0x50,
// Compressed size: 123 bytes original pixels: 12544 uint16_t → ~25088 bytes uncompressed)

// Aukje / Aukje Auraflow V0.3 008 S714090705 Th0.100 20 [Folder: Aukje] - RLE compressed data (offset: 2761, size: 136)
0xf0, 0x50, 0x90, 0x1b, 0x18, 0x13, 0x80, 0x90, 0x1b, 0x14, 0x18, 0x19, 0x17, 0x60, 0xa0, 0x13, 0x18, 0x13, 0x18, 0x19, 0x50, 0x90, 0x15, 0x11, 0x14, 0x18, 0x13, 0x1d, 0x50, 0x90, 0x15, 0x16, 0x15, 0x33, 0x10, 0x17, 0x19, 0x20, 0x90, 0x16, 0x11, 0x1f, 0x1d, 0x27, 0x10, 0x19, 0x30, 0x90, 0x1c, 0x15, 0x10, 0x18, 0x13, 0x17, 0x19, 0x10, 0x17, 0x20, 0x90, 0x15, 0x12, 0x11, 0x20, 0x19, 0x17, 0x40, 0x80, 0x1a, 0x12, 0x11, 0x1a, 0x14, 0x70, 0x80, 0x1e, 0x16, 0x22, 0x18, 0x70, 0x90, 0x16, 0x12, 0x11, 0x12, 0x70, 0x90, 0x16, 0x11, 0x1a, 0x11, 0x15, 0x10, 0x13, 0x40, 0x90, 0x16, 0x41, 0x14, 0x10, 0x1c, 0x14, 0x20, 0x90, 0x14, 0x12, 0x2a, 0x11, 0x1e, 0x1b, 0x40, 0x90, 0x12,
0x11, 0x15, 0x16, 0x15, 0x14, 0x50, 0x90, 0x16, 0x21, 0x1c, 0x14, 0x60, 0x90, 0x11, 0x15, 0x12, 0x80, 0x90, 0x12, 0x14, 0x90, 0x90, 0x11, 0xa0,
// Compressed size: 136 bytes original pixels: 12544 uint16_t → ~25088 bytes uncompressed)

// Aylward / Aylward Auraflow V0.3 007 S949648177 Th0.100 20 [Folder: Aylward] - RLE compressed data (offset: 2897, size: 145)
0xf0, 0x50, 0x90, 0x22, 0x90, 0x90, 0x18, 0x14, 0x90, 0x90, 0x1b, 0x15, 0x90, 0x80, 0x1a, 0x25, 0x27, 0x70, 0x80, 0x22, 0x13, 0x15, 0x12, 0x15, 0x60, 0x80, 0x16, 0x11, 0x15, 0x17, 0x22, 0x1e, 0x50, 0x70, 0x27, 0x14, 0x13, 0x17, 0x11, 0x12, 0x14, 0x50, 0x70, 0x12, 0x11, 0x2b, 0x13, 0x1b, 0x18, 0x13, 0x50, 0x70, 0x29, 0x11, 0x1e, 0x13, 0x24, 0x13, 0x50, 0x70, 0x1a, 0x12, 0x28, 0x19, 0x11, 0x13, 0x19, 0x50, 0x60, 0x11, 0x1a, 0x24, 0x18, 0x11, 0x14, 0x12, 0x60, 0x50, 0x12, 0x10, 0x11, 0x1b, 0x18, 0x14, 0x21, 0x70, 0x40, 0x12, 0x20, 0x11, 0x14, 0x18, 0x14, 0x17, 0x18, 0x15, 0x60, 0x60, 0x16, 0x1c, 0x13, 0x11, 0x1a, 0x1d, 0x19, 0x1b, 0x60, 0x30, 0x1d, 0x20, 0x13, 0x16,
0x21, 0x1c, 0x29, 0x17, 0x1c, 0x50, 0x20, 0x1f, 0x20, 0x36, 0x1a, 0x10, 0x26, 0x11, 0x10, 0x1a, 0x15, 0x40, 0x60, 0x15, 0x10, 0x1d, 0x30, 0x13, 0x70, 0x80, 0x13, 0x16, 0x20, 0x1c, 0x70, 0xf0, 0x50,
// Compressed size: 145 bytes original pixels: 12544 uint16_t → ~25088 bytes uncompressed)

// Bernard / Bernard Auraflow V0.3 005 S3727069302 Th0.100 20 [Folder: Bernard] - RLE compressed data (offset: 3042, size: 179)
0xf0, 0x50, 0xf0, 0x50, 0x70, 0x22, 0xb0, 0x70, 0x1a, 0x14, 0x12, 0x40, 0x1b, 0x50, 0x60, 0x12, 0x18, 0x1e, 0x17, 0x1f, 0x19, 0x12, 0x1b, 0x10, 0x12, 0x40, 0x60, 0x24, 0x18, 0x17, 0x1c, 0x1f, 0x14, 0x2b, 0x12, 0x40, 0x50, 0x12, 0x28, 0x16, 0x19, 0x1d, 0x1c, 0x19, 0x22, 0x50, 0x60, 0x14, 0x15, 0x17, 0x13, 0x1c, 0x15, 0x1d, 0x17, 0x1a, 0x12, 0x40, 0x50, 0x1a, 0x17, 0x16, 0x11, 0x23, 0x17, 0x16, 0x1a, 0x19, 0x15, 0x1c, 0x30, 0x50, 0x11, 0x18, 0x16, 0x18, 0x23, 0x14, 0x17, 0x14, 0x1a, 0x15, 0x40, 0x50, 0x15, 0x19, 0x26, 0x1d, 0x13, 0x18, 0x1c, 0x1d, 0x16, 0x19, 0x40, 0x50, 0x1b, 0x19, 0x14, 0x11, 0x16, 0x13, 0x19, 0x18, 0x21, 0x19, 0x40, 0x50, 0x1a, 0x11, 0x16, 0x13,
0x1e, 0x11, 0x13, 0x18, 0x1a, 0x15, 0x12, 0x40, 0x40, 0x15, 0x17, 0x14, 0x19, 0x13, 0x25, 0x13, 0x16, 0x17, 0x1f, 0x50, 0x40, 0x17, 0x13, 0x15, 0x1d, 0x1e, 0x11, 0x13, 0x1e, 0x16, 0x12, 0x10, 0x12, 0x40, 0x40, 0x11, 0x14, 0x11, 0x1a, 0x1e, 0x31, 0x18, 0x1c, 0x60, 0x40, 0x12, 0x21, 0x10, 0x18, 0x11, 0x1d, 0x14, 0x80, 0x60, 0x11, 0x10, 0x15, 0x14, 0x1b, 0x90, 0x60, 0x17, 0x20, 0x1b, 0xa0, 0xf0, 0x50,
// Compressed size: 179 bytes original pixels: 12544 uint16_t → ~25088 bytes uncompressed)

// Bertrade / Bertrade Auraflow V0.3 002 S352484074 Th0.100 20 [Folder: Bertrade] - RLE compressed data (offset: 3221, size: 129)
0xf0, 0x50, 0x90, 0x16, 0x18, 0x90, 0x90, 0x13, 0x15, 0x90, 0x70, 0x12, 0x1e, 0x1f, 0x12, 0x90, 0x70, 0x12, 0x13, 0x12, 0x14, 0x90, 0x80, 0x2a, 0x1e, 0x10, 0x14, 0x70, 0x70, 0x1b, 0x1d, 0x1e, 0x12, 0x10, 0x16, 0x70, 0x80, 0x1a, 0x1e, 0x1f, 0x17, 0x13, 0x70, 0x80, 0x11, 0x14, 0x1a, 0x1b, 0x13, 0x70, 0x80, 0x11, 0x16, 0x19, 0x1b, 0x12, 0x70, 0x70, 0x11, 0x17, 0x16, 0x12, 0x14, 0x12, 0x70, 0x70, 0x1d, 0x11, 0x13, 0x18, 0x17, 0x80, 0x70, 0x11, 0x26, 0x18, 0x13, 0x80, 0x70, 0x11, 0x16, 0x13, 0x14, 0x12, 0x80, 0x60, 0x1c, 0x1d, 0x15, 0x1d, 0x13, 0x18, 0x80, 0x60, 0x11, 0x25, 0x2c, 0x14, 0x80, 0x50, 0x17, 0x19, 0x25, 0x11, 0x1b, 0x14, 0x80, 0x40, 0x19, 0x21, 0x1f, 0x1a,
0x16, 0x11, 0x1c, 0x80, 0x10, 0x17, 0x14, 0x18, 0x21, 0x25, 0x19, 0x13, 0x19, 0x17, 0x80, 0xf0, 0x50,
// Compressed size: 129 bytes original pixels: 12544 uint16_t → ~25088 bytes uncompressed)

// Bonnie / Bonnie Auraflow V0.3 004 S2890166714 Th0.100 20 [Folder: Bonnie] - RLE compressed data (offset: 3350, size: 234)
0xf0, 0x50, 0x80, 0x22, 0x1b, 0x1d, 0x13, 0x70, 0x70, 0x1a, 0x12, 0x1b, 0x19, 0x1d, 0x1b, 0x70, 0x60, 0x16, 0x22, 0x1a, 0x15, 0x12, 0x1d, 0x1a, 0x60, 0x60, 0x21, 0x16, 0x25, 0x13, 0x12, 0x15, 0x60, 0x60, 0x17, 0x16, 0x11, 0x13, 0x15, 0x1c, 0x12, 0x19, 0x15, 0x50, 0x60, 0x31, 0x35, 0x12, 0x15, 0x1d, 0x1c, 0x40, 0x60, 0x16, 0x1a, 0x11, 0x1c, 0x15, 0x1c, 0x16, 0x1a, 0x15, 0x19, 0x40, 0x50, 0x1a, 0x11, 0x16, 0x17, 0x1f, 0x1c, 0x1f, 0x1a, 0x11, 0x39, 0x30, 0x30, 0x1a, 0x10, 0x26, 0x1f, 0x27, 0x13, 0x1f, 0x12, 0x19, 0x2b, 0x40, 0x30, 0x1c, 0x16, 0x12, 0x17, 0x11, 0x14, 0x1f, 0x13, 0x11, 0x22, 0x1b, 0x13, 0x40, 0x30, 0x12, 0x1c, 0x17, 0x14, 0x17, 0x19, 0x1e, 0x17, 0x1c,
0x11, 0x19, 0x15, 0x23, 0x30, 0x20, 0x13, 0x16, 0x17, 0x11, 0x17, 0x14, 0x1e, 0x18, 0x1e, 0x11, 0x1d, 0x17, 0x1b, 0x19, 0x40, 0x20, 0x13, 0x26, 0x21, 0x1e, 0x13, 0x18, 0x13, 0x17, 0x19, 0x1d, 0x12, 0x1b, 0x1d, 0x30, 0x20, 0x11, 0x16, 0x1a, 0x17, 0x16, 0x24, 0x28, 0x14, 0x1e, 0x25, 0x1b, 0x13, 0x30, 0x30, 0x12, 0x1a, 0x1c, 0x11, 0x18, 0x14, 0x18, 0x14, 0x11, 0x1e, 0x13, 0x12, 0x19, 0x40, 0x20, 0x13, 0x15, 0x22, 0x17, 0x18, 0x14, 0x18, 0x14, 0x1e, 0x14, 0x18, 0x1a, 0x19, 0x13, 0x30, 0x30, 0x1c, 0x19, 0x1a, 0x1f, 0x15, 0x14, 0x18, 0x14, 0x18, 0x14, 0x18, 0x16, 0x12, 0x40, 0x40, 0x1a, 0x16, 0x11, 0x1f, 0x14, 0x11, 0x14, 0x18, 0x14, 0x18, 0x1a, 0x23, 0x30, 0x40, 0x1b,
0x1d, 0x27, 0x1f, 0x1e, 0x34, 0x18, 0x1b, 0x1c, 0x23, 0x20,
// Compressed size: 234 bytes original pixels: 12544 uint16_t → ~25088 bytes uncompressed)

// Caitlin / Caitlin Auraflow V0.3 024 S2453536874 Th0.100 20 [Folder: Caitlin] - RLE compressed data (offset: 3584, size: 170)
0xf0, 0x50, 0xf0, 0x50, 0x80, 0x1a, 0x1d, 0x17, 0x90, 0x60, 0x13, 0x18, 0x1d, 0x13, 0x1a, 0x90, 0x60, 0x1a, 0x18, 0x1d, 0x13, 0x1e, 0x20, 0x27, 0x19, 0x40, 0x50, 0x28, 0x1d, 0x1b, 0x15, 0x13, 0x10, 0x1a, 0x19, 0x1c, 0x19, 0x40, 0x60, 0x38, 0x1b, 0x15, 0x17, 0x19, 0x13, 0x1b, 0x15, 0x40, 0x50, 0x1a, 0x20, 0x11, 0x1e, 0x15, 0x14, 0x1b, 0x11, 0x12, 0x14, 0x17, 0x30, 0x40, 0x17, 0x1d, 0x10, 0x1b, 0x12, 0x11, 0x13, 0x1b, 0x11, 0x15, 0x60, 0x30, 0x1a, 0x19, 0x1e, 0x11, 0x16, 0x1f, 0x22, 0x11, 0x1c, 0x14, 0x60, 0x20, 0x13, 0x18, 0x19, 0x15, 0x16, 0x14, 0x16, 0x1c, 0x12, 0x15, 0x11, 0x1f, 0x1c, 0x50, 0x10, 0x11, 0x13, 0x19, 0x10, 0x16, 0x11, 0x26, 0x11, 0x12, 0x15, 0x16,
0x12, 0x60, 0x10, 0x21, 0x13, 0x20, 0x16, 0x34, 0x12, 0x15, 0x17, 0x12, 0x14, 0x50, 0x20, 0x13, 0x20, 0x16, 0x10, 0x14, 0x30, 0x14, 0x30, 0x12, 0x40, 0x30, 0x1a, 0x10, 0x12, 0x50, 0x12, 0x20, 0x17, 0x50, 0x50, 0x1c, 0x10, 0x1c, 0x50, 0x1b, 0x1f, 0x50, 0x50, 0x1c, 0x10, 0x19, 0x20, 0x11, 0x90, 0x50, 0x11, 0x40, 0x1e, 0x90, 0xf0, 0x50, 0xf0, 0x50,
// Compressed size: 170 bytes original pixels: 12544 uint16_t → ~25088 bytes uncompressed)

// Cara / Cara Auraflow V0.3 004 S2248723671 Th0.100 20 [Folder: Cara] - RLE compressed data (offset: 3754, size: 262)
0x80, 0x1c, 0x16, 0x1c, 0x1f, 0x16, 0x70, 0x60, 0x1a, 0x1b, 0x19, 0x12, 0x23, 0x12, 0x16, 0x60, 0x60, 0x1b, 0x19, 0x22, 0x2d, 0x12, 0x19, 0x1c, 0x50, 0x50, 0x14, 0x19, 0x12, 0x13, 0x12, 0x2d, 0x13, 0x12, 0x1c, 0x1a, 0x40, 0x50, 0x19, 0x1b, 0x13, 0x1d, 0x33, 0x22, 0x11, 0x14, 0x40, 0x50, 0x1b, 0x21, 0x17, 0x1e, 0x15, 0x1d, 0x13, 0x12, 0x1b, 0x1a, 0x40, 0x40, 0x14, 0x22, 0x18, 0x17, 0x2e, 0x1d, 0x11, 0x29, 0x24, 0x30, 0x40, 0x13, 0x12, 0x13, 0x16, 0x28, 0x17, 0x12, 0x13, 0x12, 0x1c, 0x1f, 0x40, 0x40, 0x13, 0x12, 0x11, 0x28, 0x2e, 0x17, 0x11, 0x2b, 0x19, 0x14, 0x30, 0x40, 0x22, 0x16, 0x28, 0x17, 0x1e, 0x15, 0x1f, 0x1d, 0x1c, 0x19, 0x1f, 0x30, 0x30, 0x14, 0x13, 0x11,
0x2a, 0x18, 0x1d, 0x12, 0x15, 0x16, 0x11, 0x3b, 0x1a, 0x20, 0x30, 0x1b, 0x21, 0x13, 0x26, 0x1e, 0x17, 0x18, 0x11, 0x1b, 0x2c, 0x1d, 0x14, 0x20, 0x30, 0x14, 0x13, 0x19, 0x11, 0x1c, 0x16, 0x14, 0x18, 0x15, 0x19, 0x1c, 0x19, 0x21, 0x12, 0x20, 0x30, 0x14, 0x11, 0x12, 0x1c, 0x11, 0x16, 0x18, 0x15, 0x1d, 0x13, 0x19, 0x26, 0x12, 0x11, 0x20, 0x30, 0x14, 0x19, 0x1b, 0x13, 0x1b, 0x16, 0x17, 0x15, 0x17, 0x28, 0x11, 0x19, 0x12, 0x13, 0x14, 0x10, 0x30, 0x1f, 0x13, 0x1c, 0x12, 0x19, 0x18, 0x1e, 0x18, 0x23, 0x25, 0x18, 0x1c, 0x1b, 0x1c, 0x10, 0x10, 0x14, 0x10, 0x21, 0x1b, 0x19, 0x14, 0x17, 0x25, 0x37, 0x15, 0x16, 0x1a, 0x19, 0x1b, 0x10, 0x10, 0x1a, 0x14, 0x13, 0x11, 0x16, 0x28,
0x17, 0x15, 0x27, 0x15, 0x34, 0x1a, 0x16, 0x1a, 0x10, 0x10, 0x1a, 0x1f, 0x13, 0x21, 0x15, 0x17, 0x25, 0x17, 0x1e, 0x16, 0x2a, 0x14, 0x1a, 0x16, 0x20, 0x20, 0x1f, 0x11, 0x14, 0x11, 0x1f, 0x45, 0x17, 0x16, 0x2a, 0x14, 0x2a, 0x20,
// Compressed size: 262 bytes original pixels: 12544 uint16_t → ~25088 bytes uncompressed)

// Charlotte / Charlotte Auraflow V0.3 034 S1708120671 Th0.100 20 [Folder: Charlotte] - RLE compressed data (offset: 4016, size: 139)
0x60, 0x16, 0xd0, 0x60, 0x1e, 0x20, 0x1c, 0x14, 0x1b, 0x80, 0x60, 0x15, 0x20, 0x1e, 0x13, 0x11, 0x80, 0x60, 0x15, 0x30, 0x13, 0x12, 0x80, 0x60, 0x15, 0x20, 0x17, 0x16, 0x14, 0x80, 0x60, 0x15, 0x20, 0x15, 0x11, 0x1d, 0x14, 0x70, 0x60, 0x16, 0x20, 0x16, 0x11, 0x19, 0x1b, 0x70, 0x60, 0x18, 0x20, 0x15, 0x19, 0x1c, 0x1d, 0x70, 0x60, 0x18, 0x20, 0x12, 0x13, 0x1e, 0x80, 0x60, 0x17, 0x10, 0x12, 0x16, 0x1d, 0x12, 0x80, 0x60, 0x17, 0x23, 0x12, 0x1f, 0x12, 0x11, 0x70, 0x80, 0x17, 0x13, 0x12, 0x1b, 0x1a, 0x70, 0x60, 0x11, 0x10, 0x28, 0x2f, 0x12, 0x70, 0x60, 0x17, 0x20, 0x13, 0x1d, 0x11, 0x14, 0x70, 0x60, 0x11, 0x20, 0x1c, 0x10, 0x1b, 0x1c, 0x14, 0x60, 0x60, 0x11, 0x20, 0x12,
0x19, 0x12, 0x1c, 0x14, 0x60, 0x90, 0x3a, 0x11, 0x13, 0x60, 0x90, 0x1a, 0x10, 0x19, 0x10, 0x11, 0x14, 0x50, 0x90, 0x18, 0x10, 0x11, 0x80, 0xa0, 0x1b, 0x19, 0x80,
// Compressed size: 139 bytes original pixels: 12544 uint16_t → ~25088 bytes uncompressed)

// Chiyo / Chiyo Auraflow V0.3 003 S2265979770 Th0.100 20 [Folder: Chiyo] - RLE compressed data (offset: 4155, size: 196)
0x90, 0x22, 0x90, 0x60, 0x28, 0x17, 0x1d, 0x14, 0x12, 0x13, 0x1b, 0x60, 0x80, 0x3a, 0x13, 0x80, 0x80, 0x12, 0x2a, 0x17, 0x80, 0x80, 0x1c, 0x15, 0x1a, 0x11, 0x80, 0x80, 0x19, 0x14, 0x13, 0x12, 0x80, 0x70, 0x13, 0x12, 0x11, 0x16, 0x1d, 0x80, 0x50, 0x11, 0x13, 0x18, 0x21, 0x14, 0x19, 0x16, 0x70, 0x40, 0x15, 0x10, 0x13, 0x18, 0x19, 0x12, 0x14, 0x11, 0x14, 0x70, 0x60, 0x13, 0x1d, 0x12, 0x16, 0x15, 0x11, 0x16, 0x14, 0x60, 0x40, 0x13, 0x10, 0x16, 0x1c, 0x12, 0x21, 0x12, 0x16, 0x15, 0x24, 0x16, 0x30, 0x60, 0x27, 0x12, 0x1e, 0x14, 0x19, 0x18, 0x1b, 0x20, 0x13, 0x14, 0x20, 0x50, 0x15, 0x1c, 0x1b, 0x1d, 0x1e, 0x16, 0x11, 0x14, 0x18, 0x15, 0x20, 0x17, 0x20, 0x50, 0x15, 0x11,
0x1e, 0x19, 0x1c, 0x11, 0x12, 0x17, 0x15, 0x1d, 0x50, 0x50, 0x24, 0x12, 0x1c, 0x1b, 0x15, 0x11, 0x12, 0x1b, 0x19, 0x16, 0x40, 0x50, 0x13, 0x10, 0x12, 0x14, 0x1d, 0x11, 0x19, 0x18, 0x10, 0x1c, 0x20, 0x13, 0x20, 0x40, 0x23, 0x17, 0x1d, 0x11, 0x12, 0x15, 0x21, 0x17, 0x60, 0x10, 0x13, 0x26, 0x17, 0x14, 0x18, 0x11, 0x1c, 0x2b, 0x12, 0x19, 0x12, 0x14, 0x15, 0x13, 0x30, 0x10, 0x1a, 0x13, 0x17, 0x14, 0x18, 0x17, 0x11, 0x12, 0x16, 0x1e, 0x17, 0x11, 0x15, 0x13, 0x19, 0x12, 0x14, 0x20, 0x90, 0x15, 0x13, 0x90,
// Compressed size: 196 bytes original pixels: 12544 uint16_t → ~25088 bytes uncompressed)

// Chunho / Chunho Auraflow V0.3 029 S104851830 Th0.100 20 [Folder: Chunho] - RLE compressed data (offset: 4351, size: 137)
0x90, 0x1c, 0xa0, 0x90, 0x13, 0x1a, 0x90, 0x80, 0x16, 0x17, 0x15, 0x90, 0x70, 0x1a, 0x13, 0x1d, 0x13, 0x1b, 0x80, 0x70, 0x18, 0x15, 0x1c, 0x13, 0x19, 0x80, 0x70, 0x1b, 0x18, 0x11, 0x19, 0x17, 0x80, 0x70, 0x18, 0x11, 0x2e, 0x14, 0x12, 0x70, 0x70, 0x15, 0x19, 0x1d, 0x1b, 0x21, 0x70, 0x70, 0x13, 0x24, 0x16, 0x21, 0x70, 0x70, 0x19, 0x21, 0x18, 0x14, 0x12, 0x70, 0x70, 0x14, 0x17, 0x18, 0x15, 0x1d, 0x19, 0x70, 0x60, 0x1a, 0x14, 0x16, 0x17, 0x18, 0x11, 0x16, 0x70, 0x60, 0x1a, 0x12, 0x16, 0x11, 0x12, 0x13, 0x17, 0x70, 0x60, 0x12, 0x16, 0x1e, 0x15, 0x12, 0x11, 0x17, 0x70, 0x50, 0x1a, 0x16, 0x14, 0x17, 0x13, 0x14, 0x15, 0x12, 0x70, 0x50, 0x12, 0x10, 0x15, 0x1c, 0x24, 0x15,
0x12, 0x70, 0x70, 0x12, 0x16, 0x1d, 0x11, 0x15, 0x23, 0x60, 0x70, 0x19, 0x30, 0x13, 0x10, 0x1b, 0x1c, 0x50, 0x70, 0x17, 0x30, 0x18, 0x80, 0xf0, 0x50,
// Compressed size: 137 bytes original pixels: 12544 uint16_t → ~25088 bytes uncompressed)

// Coenwulf / Coenwulf Auraflow V0.3 008 S430347125 Th0.100 20 [Folder: Coenwulf] - RLE compressed data (offset: 4488, size: 204)
0xf0, 0x50, 0x70, 0x11, 0x18, 0x1a, 0xa0, 0x70, 0x1a, 0x1c, 0x18, 0x12, 0x90, 0x60, 0x1d, 0x13, 0x16, 0x18, 0x14, 0x12, 0x80, 0x50, 0x12, 0x16, 0x33, 0x18, 0x29, 0x70, 0x50, 0x16, 0x23, 0x15, 0x1b, 0x17, 0x19, 0x17, 0x70, 0x50, 0x16, 0x1e, 0x29, 0x1b, 0x12, 0x1a, 0x1b, 0x15, 0x60, 0x40, 0x1d, 0x16, 0x13, 0x18, 0x1a, 0x16, 0x11, 0x14, 0x11, 0x15, 0x60, 0x40, 0x22, 0x13, 0x1a, 0x1e, 0x11, 0x1f, 0x14, 0x1c, 0x16, 0x13, 0x50, 0x30, 0x15, 0x13, 0x1e, 0x14, 0x11, 0x1c, 0x23, 0x11, 0x14, 0x12, 0x19, 0x50, 0x30, 0x1a, 0x10, 0x18, 0x1b, 0x18, 0x15, 0x11, 0x1b, 0x11, 0x1b, 0x16, 0x1a, 0x50, 0x30, 0x16, 0x20, 0x13, 0x19, 0x15, 0x24, 0x1b, 0x11, 0x18, 0x1b, 0x12, 0x40, 0x30,
0x15, 0x20, 0x1c, 0x1b, 0x17, 0x13, 0x14, 0x1c, 0x1b, 0x11, 0x14, 0x12, 0x40, 0x30, 0x18, 0x20, 0x12, 0x14, 0x25, 0x13, 0x27, 0x21, 0x1c, 0x12, 0x30, 0x50, 0x12, 0x14, 0x11, 0x24, 0x13, 0x11, 0x12, 0x11, 0x15, 0x1c, 0x17, 0x2d, 0x10, 0x50, 0x12, 0x21, 0x14, 0x11, 0x13, 0x16, 0x17, 0x14, 0x27, 0x1c, 0x1a, 0x20, 0x20, 0x1e, 0x20, 0x1d, 0x19, 0x18, 0x15, 0x14, 0x17, 0x19, 0x12, 0x16, 0x1d, 0x2a, 0x12, 0x20, 0x10, 0x17, 0x15, 0x30, 0x1b, 0x10, 0x19, 0x1d, 0x16, 0x17, 0x80, 0x10, 0x19, 0x1a, 0x15, 0x10, 0x18, 0x1e, 0x40, 0x11, 0x12, 0x70, 0xf0, 0x50,
// Compressed size: 204 bytes original pixels: 12544 uint16_t → ~25088 bytes uncompressed)

// Daphne / Daphne Auraflow V0.3 024 S670260349 Th0.100 20 [Folder: Daphne] - RLE compressed data (offset: 4692, size: 130)
0xf0, 0x50, 0x70, 0x14, 0xc0, 0xa0, 0x11, 0x15, 0x80, 0x80, 0x15, 0x10, 0x15, 0x90, 0x90, 0x1e, 0x11, 0x19, 0x80, 0x80, 0x16, 0x11, 0x18, 0x1b, 0x80, 0x80, 0x19, 0x11, 0x12, 0x1c, 0x80, 0x80, 0x25, 0x20, 0x14, 0x70, 0x80, 0x18, 0x11, 0x1d, 0x30, 0x1a, 0x50, 0x60, 0x29, 0x21, 0x1f, 0x13, 0x80, 0x40, 0x13, 0x14, 0x1d, 0x41, 0x14, 0x13, 0x22, 0x16, 0x40, 0x40, 0x1a, 0x23, 0x28, 0x11, 0x15, 0x1b, 0x15, 0x17, 0x12, 0x19, 0x40, 0x50, 0x12, 0x13, 0x1a, 0x1f, 0x11, 0x1d, 0x18, 0x1c, 0x22, 0x26, 0x30, 0x60, 0x12, 0x2b, 0x15, 0x18, 0x17, 0x12, 0x16, 0x13, 0x16, 0x40, 0x50, 0x14, 0x12, 0x1a, 0x1c, 0x17, 0x15, 0x17, 0x14, 0x16, 0x14, 0x50, 0x60, 0x1e, 0x1c, 0x13, 0x1b, 0x14,
0x17, 0x1e, 0x13, 0x60, 0x70, 0x12, 0x20, 0x13, 0x1a, 0x17, 0x70, 0xc0, 0x14, 0x70, 0xf0, 0x50, 0xf0, 0x50,
// Compressed size: 130 bytes original pixels: 12544 uint16_t → ~25088 bytes uncompressed)

// Daria / Daria Auraflow V0.3 002 S1562242478 Th0.100 20 [Folder: Daria] - RLE compressed data (offset: 4822, size: 167)
0xf0, 0x50, 0x70, 0x13, 0x15, 0x1b, 0xa0, 0x70, 0x1a, 0x14, 0x1f, 0xa0, 0x70, 0x11, 0x17, 0x14, 0x11, 0x90, 0x70, 0x1a, 0x1e, 0x22, 0x90, 0x70, 0x11, 0x18, 0x16, 0x14, 0x1a, 0x80, 0x70, 0x11, 0x12, 0x15, 0x18, 0x1c, 0x12, 0x1a, 0x60, 0x70, 0x1e, 0x1b, 0x16, 0x11, 0x14, 0x17, 0x13, 0x60, 0x60, 0x1a, 0x17, 0x1e, 0x15, 0x12, 0x14, 0x80, 0x70, 0x17, 0x13, 0x32, 0x17, 0x70, 0x70, 0x1a, 0x1c, 0x16, 0x22, 0x1e, 0x13, 0x60, 0x70, 0x1a, 0x1d, 0x26, 0x1b, 0x14, 0x11, 0x60, 0x70, 0x13, 0x1c, 0x15, 0x18, 0x21, 0x18, 0x17, 0x50, 0x70, 0x13, 0x1d, 0x19, 0x18, 0x1b, 0x11, 0x33, 0x17, 0x30, 0x70, 0x1c, 0x1f, 0x15, 0x16, 0x18, 0x1b, 0x14, 0x1c, 0x1d, 0x40, 0x70, 0x1f, 0x15, 0x19,
0x15, 0x1b, 0x11, 0x1b, 0x1d, 0x50, 0x60, 0x17, 0x1d, 0x15, 0x19, 0x15, 0x18, 0x1a, 0x14, 0x11, 0x27, 0x30, 0x40, 0x12, 0x2c, 0x15, 0x26, 0x12, 0x14, 0x16, 0x31, 0x13, 0x1e, 0x20, 0x30, 0x14, 0x11, 0x13, 0x18, 0x1d, 0x15, 0x29, 0x16, 0x14, 0x16, 0x11, 0x1b, 0x12, 0x18, 0x12, 0x10, 0x90, 0x29, 0x13, 0x2f, 0x19, 0x1d, 0x19, 0x30,
// Compressed size: 167 bytes original pixels: 12544 uint16_t → ~25088 bytes uncompressed)

// Eadgyth / Eadgyth Auraflow V0.3 034 S3813406781 Th0.100 20 [Folder: Eadgyth] - RLE compressed data (offset: 4989, size: 122)
0xf0, 0x50, 0x90, 0x15, 0x18, 0x20, 0x17, 0x12, 0x18, 0x40, 0x80, 0x17, 0x13, 0x16, 0x20, 0x15, 0x24, 0x40, 0x90, 0x1a, 0x15, 0x20, 0x12, 0x10, 0x14, 0x40, 0x70, 0x1c, 0x26, 0x17, 0x20, 0x14, 0x13, 0x50, 0x70, 0x19, 0x21, 0x1a, 0x16, 0x10, 0x1e, 0x60, 0x70, 0x19, 0x10, 0x11, 0x1a, 0x16, 0x10, 0x14, 0x60, 0x60, 0x13, 0x11, 0x10, 0x11, 0x32, 0x70, 0x70, 0x11, 0x23, 0x1d, 0x17, 0x80, 0x80, 0x18, 0x15, 0x11, 0x14, 0x80, 0x80, 0x1b, 0x11, 0x1d, 0x11, 0x1a, 0x70, 0x80, 0x11, 0x1c, 0x12, 0x11, 0x12, 0x70, 0x80, 0x13, 0x21, 0x17, 0x80, 0x80, 0x32, 0x90, 0x80, 0x19, 0x10, 0x15, 0x90, 0x80, 0x13, 0x18, 0x12, 0x90, 0x80, 0x11, 0x19, 0x1b, 0x90, 0x80, 0x1b, 0x10, 0x1c, 0x90,
0x80, 0x15, 0x10, 0x1b, 0x12, 0x80, 0x80, 0x19, 0x18, 0xa0,
// Compressed size: 122 bytes original pixels: 12544 uint16_t → ~25088 bytes uncompressed)

// Edith / Edith Auraflow V0.3 010 S1173902871 Th0.100 20 [Folder: Edith] - RLE compressed data (offset: 5111, size: 146)
0xf0, 0x50, 0x90, 0x1c, 0x14, 0x90, 0x90, 0x18, 0x1c, 0x19, 0x80, 0x90, 0x1b, 0x21, 0x80, 0x90, 0x24, 0x19, 0x80, 0x80, 0x19, 0x14, 0x15, 0x1b, 0x80, 0x80, 0x11, 0x1c, 0x18, 0x14, 0x80, 0x80, 0x1b, 0x1c, 0x22, 0x14, 0x70, 0x50, 0x1d, 0x10, 0x14, 0x15, 0x32, 0x1d, 0x70, 0x60, 0x24, 0x17, 0x12, 0x13, 0x1b, 0x14, 0x1d, 0x1a, 0x50, 0x70, 0x31, 0x18, 0x15, 0x14, 0x70, 0x70, 0x18, 0x11, 0x13, 0x18, 0x13, 0x11, 0x70, 0x70, 0x19, 0x1a, 0x13, 0x1a, 0x27, 0x70, 0x70, 0x19, 0x15, 0x11, 0x1a, 0x23, 0x16, 0x60, 0x60, 0x15, 0x1e, 0x21, 0x17, 0x22, 0x1a, 0x60, 0x60, 0x11, 0x18, 0x23, 0x27, 0x1e, 0x1a, 0x60, 0x60, 0x19, 0x13, 0x1b, 0x26, 0x17, 0x12, 0x11, 0x16, 0x50, 0x50, 0x1b,
0x19, 0x1c, 0x15, 0x17, 0x16, 0x13, 0x1e, 0x15, 0x16, 0x50, 0x50, 0x11, 0x19, 0x1f, 0x13, 0x12, 0x16, 0x13, 0x22, 0x16, 0x15, 0x40, 0x40, 0x18, 0x12, 0x1f, 0x11, 0x18, 0x12, 0x35, 0x11, 0x1a, 0x13, 0x40,
// Compressed size: 146 bytes original pixels: 12544 uint16_t → ~25088 bytes uncompressed)

// Edwin / Edwin Auraflow V0.3 009 S1027019353 Th0.100 20 [Folder: Edwin] - RLE compressed data (offset: 5257, size: 183)
0xf0, 0x50, 0x50, 0x16, 0x30, 0x19, 0x17, 0x18, 0x80, 0x50, 0x2b, 0x20, 0x16, 0x19, 0x1e, 0x80, 0x40, 0x16, 0x2b, 0x30, 0x11, 0x17, 0x15, 0x70, 0x50, 0x16, 0x30, 0x1b, 0x18, 0x13, 0x19, 0x17, 0x18, 0x50, 0x50, 0x1b, 0x30, 0x16, 0x21, 0x18, 0x1c, 0x13, 0x50, 0x90, 0x1b, 0x16, 0x12, 0x17, 0x13, 0x15, 0x50, 0x80, 0x1b, 0x1a, 0x19, 0x1a, 0x13, 0x17, 0x15, 0x50, 0x60, 0x16, 0x1a, 0x17, 0x16, 0x1a, 0x13, 0x12, 0x14, 0x15, 0x11, 0x40, 0x60, 0x11, 0x1a, 0x1d, 0x11, 0x14, 0x15, 0x12, 0x17, 0x15, 0x18, 0x40, 0x70, 0x1a, 0x12, 0x11, 0x1a, 0x24, 0x1e, 0x14, 0x13, 0x40, 0x70, 0x1d, 0x31, 0x25, 0x16, 0x14, 0x17, 0x40, 0x60, 0x16, 0x19, 0x16, 0x18, 0x17, 0x15, 0x12, 0x13, 0x12,
0x1e, 0x40, 0x60, 0x11, 0x19, 0x11, 0x19, 0x1d, 0x15, 0x1d, 0x14, 0x15, 0x12, 0x40, 0x60, 0x1a, 0x10, 0x23, 0x1c, 0x15, 0x1e, 0x12, 0x1e, 0x1c, 0x40, 0x60, 0x11, 0x10, 0x11, 0x2c, 0x24, 0x12, 0x17, 0x18, 0x1a, 0x30, 0x60, 0x13, 0x10, 0x11, 0x18, 0x13, 0x14, 0x22, 0x1d, 0x1e, 0x40, 0x60, 0x17, 0x10, 0x19, 0x1c, 0x14, 0x12, 0x14, 0x22, 0x1c, 0x40, 0x60, 0x18, 0x10, 0x19, 0x11, 0x2d, 0x1e, 0x1c, 0x13, 0x18, 0x40, 0xf0, 0x50,
// Compressed size: 183 bytes original pixels: 12544 uint16_t → ~25088 bytes uncompressed)

// Eira / Eira Auraflow V0.3 010 S3012859125 Th0.100 20 [Folder: Eira] - RLE compressed data (offset: 5440, size: 130)
0xf0, 0x50, 0x90, 0x13, 0x16, 0x90, 0x90, 0x15, 0x14, 0x90, 0x80, 0x11, 0x16, 0x11, 0x90, 0x70, 0x11, 0x19, 0x12, 0x11, 0x90, 0x60, 0x15, 0x29, 0x17, 0x1d, 0x13, 0x80, 0x60, 0x1d, 0x1a, 0x17, 0x1a, 0x1e, 0x12, 0x80, 0x60, 0x15, 0x21, 0x15, 0x17, 0x16, 0x80, 0x70, 0x14, 0x16, 0x14, 0x1f, 0x1e, 0x80, 0x90, 0x2a, 0x1d, 0x11, 0x70, 0x90, 0x12, 0x16, 0x1a, 0x14, 0x70, 0x80, 0x1b, 0x14, 0x12, 0x17, 0x1c, 0x70, 0x80, 0x18, 0x14, 0x12, 0x17, 0x14, 0x1b, 0x60, 0x70, 0x1c, 0x21, 0x12, 0x21, 0x19, 0x1b, 0x50, 0x80, 0x16, 0x10, 0x17, 0x12, 0x11, 0x13, 0x1b, 0x18, 0x40, 0x70, 0x1d, 0x15, 0x13, 0x25, 0x13, 0x10, 0x18, 0x50, 0x70, 0x12, 0x10, 0x13, 0x11, 0x12, 0x10, 0x18, 0x1c,
0x50, 0x70, 0x16, 0x30, 0x1e, 0x80, 0x70, 0x1e, 0x30, 0x12, 0x80, 0x60, 0x1c, 0x13, 0x18, 0x10, 0x19, 0x90,
// Compressed size: 130 bytes original pixels: 12544 uint16_t → ~25088 bytes uncompressed)

// Eleanor / Eleanor Auraflow V0.3 011 S1911104805 Th0.100 20 [Folder: Eleanor] - RLE compressed data (offset: 5570, size: 108)
0xf0, 0x50, 0xd0, 0x15, 0x60, 0x90, 0x17, 0x11, 0x20, 0x15, 0x60, 0x80, 0x18, 0x13, 0x11, 0x20, 0x15, 0x60, 0x70, 0x1e, 0x1a, 0x12, 0x11, 0x10, 0x25, 0x60, 0x80, 0x19, 0x17, 0xa0, 0x80, 0x13, 0x16, 0x17, 0x90, 0x80, 0x11, 0x19, 0x12, 0x10, 0x13, 0x12, 0x60, 0x90, 0x16, 0x1d, 0x17, 0x80, 0x90, 0x11, 0x1c, 0x90, 0x80, 0x1a, 0x16, 0x13, 0x90, 0x80, 0x1c, 0x14, 0x13, 0x90, 0x70, 0x11, 0x19, 0x1c, 0x19, 0x90, 0x70, 0x18, 0x13, 0x1d, 0x1f, 0x90, 0x80, 0x1d, 0x16, 0x12, 0x90, 0x80, 0x12, 0x14, 0x13, 0x90, 0x70, 0x11, 0x14, 0x16, 0x12, 0x90, 0x70, 0x11, 0x1a, 0x14, 0x18, 0x1e, 0x80, 0x70, 0x1a, 0x14, 0x2b, 0x90, 0x70, 0x12, 0x14, 0x1b, 0x18, 0x90,
// Compressed size: 108 bytes original pixels: 12544 uint16_t → ~25088 bytes uncompressed)

// Elvina / Elvina Auraflow V0.3 028 S1671827084 Th0.100 20 [Folder: Elvina] - RLE compressed data (offset: 5678, size: 133)
0xf0, 0x50, 0x90, 0x16, 0x1b, 0x90, 0x80, 0x1b, 0x14, 0x1d, 0x90, 0x70, 0x1c, 0x16, 0x14, 0xa0, 0x70, 0x1c, 0x11, 0x1e, 0x1b, 0x10, 0x14, 0x70, 0x70, 0x1c, 0x17, 0x19, 0x1d, 0x11, 0x13, 0x70, 0x80, 0x1a, 0x11, 0x17, 0x24, 0x70, 0x70, 0x13, 0x10, 0x18, 0x13, 0x90, 0x70, 0x21, 0x1a, 0x15, 0x1b, 0x80, 0x70, 0x19, 0x11, 0x13, 0x15, 0x14, 0x80, 0x70, 0x18, 0x14, 0x13, 0x12, 0x13, 0x80, 0x60, 0x17, 0x10, 0x18, 0x13, 0x28, 0x80, 0x80, 0x13, 0x29, 0x12, 0x80, 0x70, 0x16, 0x11, 0x22, 0x17, 0x80, 0x70, 0x12, 0x11, 0x13, 0x12, 0x17, 0x80, 0x70, 0x12, 0x18, 0x15, 0x19, 0x15, 0x80, 0x60, 0x16, 0x17, 0x12, 0x13, 0x12, 0x14, 0x80, 0x50, 0x16, 0x15, 0x1e, 0x12, 0x11, 0x15, 0x90,
0x40, 0x16, 0x17, 0x19, 0x11, 0x1a, 0x14, 0x15, 0x90, 0x20, 0x1b, 0x16, 0x1a, 0x15, 0x1a, 0x19, 0x11, 0x15, 0x1a, 0x18, 0x80,
// Compressed size: 133 bytes original pixels: 12544 uint16_t → ~25088 bytes uncompressed)

// Equitia / Equitia Auraflow V0.3 011 S1927335074 Th0.100 20 [Folder: Equitia] - RLE compressed data (offset: 5811, size: 181)
0xf0, 0x50, 0x90, 0x18, 0x19, 0x90, 0x90, 0x1a, 0x15, 0x90, 0x40, 0x26, 0x30, 0x2a, 0x19, 0x80, 0x40, 0x14, 0x23, 0x20, 0x1e, 0x12, 0x19, 0x80, 0x40, 0x23, 0x15, 0x19, 0x1a, 0x17, 0x12, 0x17, 0x1c, 0x17, 0x60, 0x30, 0x1b, 0x13, 0x26, 0x13, 0x14, 0x12, 0x1e, 0x90, 0x30, 0x1b, 0x11, 0x15, 0x16, 0x1b, 0x1a, 0x19, 0x11, 0x19, 0x80, 0x30, 0x16, 0x10, 0x18, 0x16, 0x28, 0x12, 0x13, 0x12, 0x80, 0x50, 0x19, 0x16, 0x1b, 0x13, 0x11, 0x12, 0x1b, 0x27, 0x60, 0x50, 0x15, 0x16, 0x13, 0x18, 0x1f, 0x12, 0x1d, 0x12, 0x1a, 0x60, 0x50, 0x18, 0x16, 0x15, 0x18, 0x2d, 0x13, 0x21, 0x27, 0x40, 0x50, 0x25, 0x36, 0x14, 0x11, 0x22, 0x17, 0x19, 0x1a, 0x14, 0x20, 0x50, 0x15, 0x18, 0x15, 0x23,
0x18, 0x11, 0x12, 0x11, 0x2c, 0x12, 0x24, 0x10, 0x40, 0x13, 0x15, 0x10, 0x15, 0x17, 0x21, 0x1d, 0x21, 0x1c, 0x12, 0x21, 0x20, 0x40, 0x15, 0x20, 0x15, 0x17, 0x14, 0x21, 0x12, 0x11, 0x14, 0x11, 0x14, 0x30, 0x70, 0x15, 0x10, 0x14, 0x1d, 0x22, 0x14, 0x17, 0x14, 0x19, 0x30, 0x90, 0x1c, 0x21, 0x24, 0x60, 0x40, 0x1a, 0x30, 0x1b, 0x10, 0x18, 0x10, 0x13, 0x70, 0x30, 0x18, 0x30, 0x1b, 0x13, 0x14, 0x1b, 0x10, 0x1a, 0x70,
// Compressed size: 181 bytes original pixels: 12544 uint16_t → ~25088 bytes uncompressed)

// Erna / Erna Auraflow V0.3 031 S3273977514 Th0.100 20 [Folder: Erna] - RLE compressed data (offset: 5992, size: 202)
0xf0, 0x50, 0xc0, 0x1a, 0x1d, 0x60, 0xa0, 0x1b, 0x1a, 0x23, 0x60, 0x90, 0x17, 0x15, 0x1a, 0x17, 0x13, 0x60, 0x50, 0x14, 0x12, 0x28, 0x14, 0x1c, 0x11, 0x1b, 0x12, 0x1c, 0x50, 0x50, 0x12, 0x15, 0x24, 0x22, 0x17, 0x1a, 0x11, 0x12, 0x50, 0x40, 0x18, 0x1e, 0x1f, 0x16, 0x19, 0x11, 0x10, 0x1d, 0x15, 0x11, 0x12, 0x50, 0x30, 0x2b, 0x19, 0x17, 0x13, 0x17, 0x15, 0x17, 0x11, 0x1a, 0x11, 0x60, 0x30, 0x11, 0x14, 0x11, 0x14, 0x16, 0x1b, 0x16, 0x10, 0x1a, 0x13, 0x12, 0x13, 0x15, 0x40, 0x30, 0x15, 0x14, 0x21, 0x29, 0x21, 0x1a, 0x1c, 0x12, 0x11, 0x13, 0x40, 0x20, 0x1b, 0x18, 0x12, 0x11, 0x29, 0x21, 0x13, 0x16, 0x12, 0x16, 0x1c, 0x13, 0x40, 0x20, 0x18, 0x15, 0x1d, 0x14, 0x16, 0x11,
0x15, 0x14, 0x16, 0x1e, 0x12, 0x1c, 0x11, 0x18, 0x40, 0x20, 0x12, 0x19, 0x14, 0x19, 0x26, 0x15, 0x1e, 0x10, 0x1a, 0x1c, 0x16, 0x13, 0x50, 0x20, 0x25, 0x24, 0x10, 0x13, 0x17, 0x15, 0x10, 0x1d, 0x23, 0x1c, 0x50, 0x20, 0x14, 0x16, 0x18, 0x1b, 0x1d, 0x17, 0x10, 0x13, 0x30, 0x1a, 0x21, 0x40, 0x20, 0x18, 0x17, 0x1e, 0x10, 0x12, 0x20, 0x12, 0x17, 0x20, 0x11, 0x15, 0x16, 0x40, 0x20, 0x18, 0x10, 0x17, 0x14, 0x17, 0x30, 0x18, 0x20, 0x15, 0x10, 0x19, 0x40, 0x40, 0x1d, 0x16, 0x10, 0x14, 0x20, 0x13, 0x20, 0x19, 0x15, 0x50, 0xf0, 0x50, 0xf0, 0x50,
// Compressed size: 202 bytes original pixels: 12544 uint16_t → ~25088 bytes uncompressed)

// Evelyn / Evelyn Auraflow V0.3 001 S978094367 Th0.100 20 [Folder: Evelyn] - RLE compressed data (offset: 6194, size: 124)
0xf0, 0x50, 0x70, 0x14, 0x22, 0x17, 0x90, 0x70, 0x11, 0x22, 0x15, 0x90, 0x70, 0x22, 0x14, 0xa0, 0x70, 0x15, 0x22, 0x18, 0x90, 0x70, 0x19, 0x23, 0x18, 0x90, 0x70, 0x13, 0x1e, 0x12, 0x1b, 0x90, 0x70, 0x1c, 0x16, 0x1b, 0x12, 0x90, 0x70, 0x15, 0x13, 0x12, 0x14, 0x13, 0x80, 0x80, 0x14, 0x11, 0x17, 0x12, 0x80, 0x80, 0x19, 0x11, 0x18, 0x13, 0x80, 0x70, 0x15, 0x1a, 0x1e, 0x18, 0x14, 0x80, 0x70, 0x15, 0x18, 0x2a, 0x13, 0x80, 0x70, 0x16, 0x13, 0x11, 0x1b, 0x17, 0x80, 0x70, 0x16, 0x13, 0x31, 0x80, 0x60, 0x15, 0x1b, 0x1a, 0x13, 0x14, 0x19, 0x80, 0x60, 0x16, 0x1b, 0x14, 0x1a, 0x14, 0x18, 0x80, 0x30, 0x1d, 0x16, 0x14, 0x11, 0x19, 0x13, 0x11, 0x14, 0x17, 0x80, 0x30, 0x2c, 0x31,
0x19, 0x1e, 0x17, 0x1d, 0x1c, 0x70, 0x50, 0x15, 0x1d, 0x16, 0x17, 0xb0,
// Compressed size: 124 bytes original pixels: 12544 uint16_t → ~25088 bytes uncompressed)

// Falon / Falon Auraflow V0.3 024 S974999518 Th0.100 20 [Folder: Falon] - RLE compressed data (offset: 6318, size: 130)
0xf0, 0x50, 0xf0, 0x50, 0x80, 0x1f, 0x15, 0xa0, 0x80, 0x18, 0x1e, 0x1a, 0x12, 0x17, 0x70, 0x90, 0x13, 0x16, 0x15, 0x1f, 0x12, 0x60, 0x90, 0x1d, 0x17, 0x15, 0x1e, 0x17, 0x12, 0x50, 0x80, 0x1b, 0x26, 0x23, 0x1e, 0x13, 0x50, 0x80, 0x12, 0x1d, 0x10, 0x19, 0x80, 0x70, 0x1a, 0x12, 0x1e, 0x15, 0x14, 0x80, 0x60, 0x26, 0x17, 0x1a, 0x12, 0x14, 0x19, 0x70, 0x70, 0x1b, 0x13, 0x1a, 0x16, 0x29, 0x70, 0x80, 0x1d, 0x14, 0x15, 0x1c, 0x19, 0x11, 0x12, 0x50, 0x80, 0x16, 0x34, 0x19, 0x11, 0x60, 0x70, 0x13, 0x18, 0x11, 0x1d, 0x1c, 0x21, 0x60, 0x80, 0x1d, 0x18, 0x15, 0x1c, 0x11, 0x18, 0x60, 0x80, 0x1a, 0x1b, 0x11, 0x1c, 0x1b, 0x13, 0x60, 0x80, 0x1f, 0x10, 0x1b, 0x15, 0x18, 0x11, 0x60,
0x80, 0x1c, 0x20, 0x14, 0x17, 0x11, 0x60, 0x70, 0x11, 0x1a, 0x20, 0x17, 0x18, 0x12, 0x13, 0x50, 0xf0, 0x50,
// Compressed size: 130 bytes original pixels: 12544 uint16_t → ~25088 bytes uncompressed)

// Fenja / Fenja Auraflow V0.3 024 S1310596206 Th0.100 20 [Folder: Fenja] - RLE compressed data (offset: 6448, size: 158)
0xf0, 0x50, 0x90, 0x1a, 0x11, 0x1a, 0x80, 0x90, 0x12, 0x1c, 0x1e, 0x80, 0x90, 0x28, 0x2e, 0x11, 0x60, 0x80, 0x12, 0x16, 0x18, 0x1c, 0x21, 0x60, 0x50, 0x1b, 0x20, 0x16, 0x19, 0x12, 0x1b, 0x23, 0x11, 0x50, 0x60, 0x15, 0x10, 0x18, 0x15, 0x14, 0x12, 0x2f, 0x11, 0x50, 0x90, 0x16, 0x18, 0x12, 0x23, 0x31, 0x30, 0x90, 0x14, 0x15, 0x1c, 0x1b, 0x1f, 0x21, 0x40, 0x70, 0x13, 0x22, 0x17, 0x18, 0x11, 0x13, 0x10, 0x21, 0x30, 0x70, 0x11, 0x18, 0x15, 0x17, 0x16, 0x23, 0x21, 0x1a, 0x30, 0x70, 0x11, 0x1b, 0x16, 0x17, 0x16, 0x11, 0x1c, 0x23, 0x11, 0x30, 0x70, 0x1a, 0x12, 0x14, 0x16, 0x29, 0x1a, 0x60, 0x80, 0x18, 0x14, 0x17, 0x1b, 0x1d, 0x11, 0x1a, 0x50, 0x80, 0x16, 0x15, 0x14, 0x19,
0x13, 0x70, 0x80, 0x14, 0x17, 0x14, 0x12, 0x11, 0x19, 0x1d, 0x50, 0x70, 0x15, 0x14, 0x18, 0x17, 0x15, 0x19, 0x1b, 0x10, 0x19, 0x40, 0x60, 0x12, 0x15, 0x14, 0x27, 0x16, 0x1b, 0x10, 0x1a, 0x50, 0x50, 0x12, 0x15, 0x16, 0x14, 0x27, 0x14, 0x15, 0x2d, 0x12, 0x19, 0x30, 0xf0, 0x50,
// Compressed size: 158 bytes original pixels: 12544 uint16_t → ~25088 bytes uncompressed)

// Fiona / Fiona Auraflow V0.3 032 S2086699638 Th0.100 20 [Folder: Fiona] - RLE compressed data (offset: 6606, size: 152)
0x90, 0x16, 0xa0, 0x80, 0x26, 0x1d, 0x17, 0x80, 0x80, 0x1c, 0x26, 0x90, 0x80, 0x17, 0x14, 0x16, 0x17, 0x80, 0x80, 0x1f, 0x1d, 0x16, 0x18, 0x80, 0x80, 0x15, 0x14, 0x16, 0x1c, 0x80, 0x80, 0x1b, 0x1c, 0x16, 0x11, 0x80, 0x70, 0x1e, 0x24, 0x1c, 0x90, 0x70, 0x1b, 0x14, 0x1d, 0x11, 0x12, 0x80, 0x70, 0x14, 0x15, 0x1d, 0x1e, 0x1b, 0x80, 0x70, 0x1f, 0x15, 0x14, 0x13, 0x12, 0x80, 0x70, 0x15, 0x19, 0x1d, 0x15, 0x12, 0x80, 0x70, 0x11, 0x13, 0x1c, 0x13, 0x22, 0x70, 0x60, 0x1b, 0x19, 0x13, 0x1c, 0x13, 0x1b, 0x1e, 0x70, 0x60, 0x23, 0x11, 0x13, 0x11, 0x27, 0x70, 0x60, 0x1a, 0x15, 0x11, 0x1a, 0x1f, 0x38, 0x60, 0x50, 0x19, 0x1a, 0x31, 0x1a, 0x11, 0x19, 0x1b, 0x60, 0x40, 0x12, 0x14,
0x1a, 0x15, 0x21, 0x15, 0x1a, 0x18, 0x11, 0x18, 0x50, 0x20, 0x14, 0x1a, 0x11, 0x1e, 0x1a, 0x14, 0x19, 0x11, 0x19, 0x12, 0x13, 0x1b, 0x17, 0x12, 0x18, 0x22, 0x10, 0x60, 0x11, 0x13, 0x17, 0x13, 0x14, 0x15, 0x19, 0x18, 0x19, 0x12, 0x17, 0x30,
// Compressed size: 152 bytes original pixels: 12544 uint16_t → ~25088 bytes uncompressed)

// Gertrude / Gertrude Auraflow V0.3 030 S684864644 Th0.100 20 [Folder: Gertrude] - RLE compressed data (offset: 6758, size: 96)
0xf0, 0x50, 0xf0, 0x50, 0xf0, 0x50, 0xf0, 0x50, 0x90, 0x1a, 0x11, 0x10, 0x13, 0x70, 0x80, 0x17, 0x11, 0x1a, 0x17, 0x80, 0x70, 0x17, 0x11, 0x28, 0x90, 0x60, 0x17, 0x1b, 0x18, 0x23, 0x90, 0x50, 0x11, 0x1a, 0x2b, 0x16, 0x11, 0x90, 0x60, 0x1e, 0x19, 0x16, 0x12, 0x1d, 0x90, 0x70, 0x18, 0x16, 0x12, 0x11, 0x90, 0x70, 0x1d, 0x24, 0x16, 0x90, 0x40, 0x19, 0x1c, 0x15, 0x34, 0x13, 0x90, 0x30, 0x1c, 0x10, 0x25, 0x11, 0x16, 0x14, 0x19, 0x90, 0x20, 0x13, 0x10, 0x19, 0x20, 0x15, 0x12, 0x13, 0x12, 0x90, 0x70, 0x15, 0x20, 0x12, 0x90, 0xa0, 0x12, 0x90, 0xf0, 0x50, 0xf0, 0x50, 0xf0, 0x50,
// Compressed size: 96 bytes original pixels: 12544 uint16_t → ~25088 bytes uncompressed)

// Godwyn / Godwyn Auraflow V0.3 010 S4108162389 Th0.100 20 [Folder: Godwyn] - RLE compressed data (offset: 6854, size: 176)
0xf0, 0x50, 0x90, 0x1a, 0x13, 0x90, 0x90, 0x12, 0x17, 0x90, 0x80, 0x1e, 0x16, 0x18, 0x1e, 0x80, 0x70, 0x11, 0x13, 0x16, 0x1c, 0x1a, 0x13, 0x70, 0x70, 0x18, 0x15, 0x1a, 0x15, 0x1d, 0x16, 0x17, 0x60, 0x70, 0x12, 0x1f, 0x1c, 0x11, 0x16, 0x13, 0x1b, 0x1a, 0x50, 0x70, 0x14, 0x1c, 0x24, 0x1b, 0x11, 0x1a, 0x11, 0x50, 0x60, 0x1a, 0x10, 0x17, 0x12, 0x14, 0x1d, 0x18, 0x14, 0x19, 0x50, 0x60, 0x16, 0x10, 0x14, 0x19, 0x14, 0x22, 0x19, 0x60, 0x60, 0x17, 0x10, 0x12, 0x13, 0x1d, 0x22, 0x1d, 0x60, 0x60, 0x16, 0x10, 0x1d, 0x15, 0x12, 0x11, 0x1f, 0x17, 0x15, 0x17, 0x13, 0x30, 0x60, 0x11, 0x10, 0x12, 0x13, 0x14, 0x16, 0x12, 0x18, 0x11, 0x13, 0x1c, 0x30, 0x60, 0x11, 0x10, 0x12, 0x11,
0x19, 0x1b, 0x12, 0x18, 0x11, 0x25, 0x30, 0x60, 0x11, 0x10, 0x22, 0x14, 0x16, 0x14, 0x11, 0x18, 0x15, 0x10, 0x15, 0x20, 0x60, 0x1b, 0x10, 0x14, 0x19, 0x18, 0x29, 0x21, 0x15, 0x20, 0x15, 0x10, 0x60, 0x13, 0x10, 0x1c, 0x1e, 0x1c, 0x21, 0x13, 0x17, 0x11, 0x40, 0x60, 0x13, 0x10, 0x16, 0x30, 0x11, 0x10, 0x1b, 0x13, 0x40, 0x60, 0x1b, 0x1e, 0x18, 0x30, 0x1f, 0x70, 0xc0, 0x17, 0x13, 0x60,
// Compressed size: 176 bytes original pixels: 12544 uint16_t → ~25088 bytes uncompressed)

// Guinevere / Guinevere Auraflow V0.3 024 S1447154863 Th0.100 20 [Folder: Guinevere] - RLE compressed data (offset: 7030, size: 129)
0xf0, 0x50, 0xf0, 0x50, 0x90, 0x25, 0x90, 0x90, 0x16, 0x1b, 0x1d, 0x80, 0xa0, 0x1b, 0x15, 0x80, 0x90, 0x13, 0x1f, 0x15, 0x80, 0x90, 0x1c, 0x1a, 0x15, 0x80, 0x90, 0x11, 0x1a, 0x15, 0x80, 0x90, 0x13, 0x16, 0x1b, 0x80, 0x90, 0x13, 0x19, 0x1b, 0x80, 0x80, 0x16, 0x14, 0x13, 0x15, 0x80, 0x70, 0x13, 0x16, 0x19, 0x16, 0x15, 0x80, 0x70, 0x1e, 0x11, 0x13, 0x1a, 0x1e, 0x80, 0x70, 0x17, 0x1c, 0x11, 0x14, 0x12, 0x80, 0x60, 0x12, 0x11, 0x22, 0x17, 0x14, 0x80, 0x60, 0x17, 0x14, 0x28, 0x11, 0x18, 0x80, 0x60, 0x22, 0x14, 0x12, 0x17, 0x14, 0x17, 0x70, 0x50, 0x12, 0x11, 0x14, 0x19, 0x18, 0x12, 0x11, 0x17, 0x11, 0x40, 0x13, 0x10, 0x30, 0x13, 0x11, 0x18, 0x12, 0x29, 0x1c, 0x14, 0x31,
0x1d, 0x26, 0x11, 0x19, 0x10, 0x70, 0x11, 0x14, 0x18, 0x13, 0x14, 0x13, 0x1a, 0x12, 0x13, 0x1a, 0x30,
// Compressed size: 129 bytes original pixels: 12544 uint16_t → ~25088 bytes uncompressed)

// Gwendolyn / Gwendolyn Auraflow V0.3 001 S3964141546 Th0.100 20 [Folder: Gwendolyn] - RLE compressed data (offset: 7159, size: 216)
0xf0, 0x50, 0xb0, 0x18, 0x30, 0x17, 0x40, 0x80, 0x15, 0x18, 0x14, 0x12, 0x1f, 0x10, 0x1c, 0x10, 0x14, 0x1d, 0x20, 0x30, 0x1c, 0x10, 0x2f, 0x1e, 0x28, 0x11, 0x1e, 0x1a, 0x40, 0x12, 0x20, 0x30, 0x18, 0x15, 0x1e, 0x12, 0x15, 0x11, 0x1c, 0x12, 0x15, 0x50, 0x13, 0x20, 0x30, 0x15, 0x1a, 0x19, 0x32, 0x1e, 0x18, 0x1b, 0x30, 0x1c, 0x20, 0x17, 0x10, 0x10, 0x1c, 0x15, 0x18, 0x22, 0x18, 0x22, 0x14, 0x13, 0x19, 0x13, 0x50, 0x15, 0x10, 0x30, 0x18, 0x1a, 0x18, 0x15, 0x1a, 0x10, 0x14, 0x11, 0x1d, 0x16, 0x11, 0x30, 0x11, 0x20, 0x20, 0x18, 0x1c, 0x10, 0x15, 0x20, 0x16, 0x12, 0x14, 0x20, 0x16, 0x30, 0x15, 0x11, 0x10, 0x80, 0x17, 0x19, 0x26, 0x40, 0x17, 0x30, 0x20, 0x11, 0x19, 0x1d,
0x1b, 0x17, 0x12, 0x11, 0x13, 0x24, 0x40, 0x11, 0x30, 0x20, 0x19, 0x20, 0x1b, 0x11, 0x1b, 0x16, 0x23, 0x16, 0x1a, 0x30, 0x12, 0x30, 0x10, 0x13, 0x14, 0x10, 0x1c, 0x14, 0x17, 0x11, 0x19, 0x24, 0x23, 0x70, 0x10, 0x1b, 0x17, 0x13, 0x20, 0x17, 0x13, 0x19, 0x11, 0x13, 0x10, 0x19, 0x1b, 0x60, 0x20, 0x11, 0x16, 0x20, 0x14, 0x13, 0x1d, 0x1b, 0x20, 0x16, 0x17, 0x60, 0x20, 0x14, 0x13, 0x20, 0x19, 0x11, 0x17, 0x30, 0x13, 0x70, 0x30, 0x17, 0x10, 0x11, 0x1b, 0x50, 0x14, 0x70, 0x30, 0x11, 0x19, 0x14, 0x10, 0x16, 0x40, 0x16, 0x70, 0x10, 0x1d, 0x2a, 0x11, 0x15, 0x12, 0x16, 0x1a, 0x1d, 0x25, 0x16, 0x1b, 0x1c, 0x1a, 0x40, 0xf0, 0x50,
// Compressed size: 216 bytes original pixels: 12544 uint16_t → ~25088 bytes uncompressed)

// Gwenfrewi / Gwenfrewi Auraflow V0.3 011 S1515894136 Th0.100 20 [Folder: Gwenfrewi] - RLE compressed data (offset: 7375, size: 175)
0x90, 0x1b, 0x1a, 0x14, 0x80, 0x70, 0x15, 0x1a, 0x28, 0x19, 0x80, 0x60, 0x19, 0x15, 0x1c, 0x2b, 0x90, 0x50, 0x15, 0x1f, 0x1e, 0x18, 0x1c, 0x1e, 0x1d, 0x80, 0x40, 0x1a, 0x1f, 0x1b, 0x28, 0x1b, 0x18, 0x14, 0x80, 0x20, 0x14, 0x10, 0x1c, 0x1e, 0x2c, 0x28, 0x1b, 0x19, 0x80, 0x30, 0x1a, 0x14, 0x1a, 0x15, 0x1e, 0x1b, 0x28, 0x16, 0x10, 0x12, 0x14, 0x50, 0x30, 0x1a, 0x10, 0x14, 0x2a, 0x1c, 0x1e, 0x11, 0x16, 0x19, 0x13, 0x60, 0x60, 0x25, 0x2b, 0x11, 0x16, 0x1d, 0x23, 0x50, 0x70, 0x14, 0x41, 0x23, 0x60, 0x40, 0x12, 0x10, 0x19, 0x1a, 0x1c, 0x11, 0x17, 0x11, 0x19, 0x1d, 0x60, 0x50, 0x12, 0x15, 0x10, 0x16, 0x17, 0x11, 0x16, 0x12, 0x10, 0x12, 0x50, 0x30, 0x22, 0x20, 0x14, 0x16,
0x17, 0x11, 0x16, 0x20, 0x12, 0x14, 0x40, 0x60, 0x15, 0x19, 0x17, 0x16, 0x11, 0x15, 0x80, 0x50, 0x23, 0x10, 0x11, 0x10, 0x11, 0x19, 0x1d, 0x30, 0x12, 0x30, 0x40, 0x12, 0x1d, 0x20, 0x17, 0x12, 0x11, 0x23, 0x70, 0x20, 0x14, 0x10, 0x12, 0x30, 0x17, 0x14, 0x11, 0x19, 0x13, 0x70, 0x80, 0x16, 0x12, 0x17, 0x13, 0x80, 0x80, 0x17, 0x10, 0x16, 0x90, 0x80, 0x17, 0x15, 0x17, 0x1d, 0x80,
// Compressed size: 175 bytes original pixels: 12544 uint16_t → ~25088 bytes uncompressed)

// Gyrid / Gyrid Auraflow V0.3 003 S3621718094 Th0.100 20 [Folder: Gyrid] - RLE compressed data (offset: 7550, size: 178)
0xf0, 0x50, 0x90, 0x26, 0x40, 0x16, 0x40, 0x90, 0x1c, 0x16, 0x40, 0x16, 0x13, 0x30, 0x90, 0x25, 0x40, 0x16, 0x1d, 0x30, 0x40, 0x1c, 0x20, 0x16, 0x1c, 0x11, 0x12, 0x16, 0x30, 0x14, 0x40, 0x50, 0x1d, 0x10, 0x1d, 0x16, 0x25, 0x13, 0x16, 0x10, 0x15, 0x50, 0x50, 0x16, 0x13, 0x15, 0x11, 0x23, 0x1c, 0x16, 0x1c, 0x14, 0x50, 0x50, 0x13, 0x1c, 0x14, 0x28, 0x15, 0x13, 0x1a, 0x1c, 0x14, 0x50, 0x60, 0x13, 0x14, 0x19, 0x11, 0x17, 0x1b, 0x1a, 0x14, 0x18, 0x50, 0x60, 0x11, 0x1a, 0x1b, 0x2a, 0x29, 0x14, 0x13, 0x50, 0x60, 0x13, 0x1b, 0x4a, 0x14, 0x1d, 0x60, 0x60, 0x1d, 0x11, 0x12, 0x25, 0x13, 0x1e, 0x70, 0x60, 0x18, 0x11, 0x18, 0x1b, 0x12, 0x11, 0x18, 0x70, 0x50, 0x13, 0x14, 0x11,
0x1b, 0x12, 0x17, 0x2b, 0x70, 0x40, 0x13, 0x15, 0x18, 0x19, 0x11, 0x12, 0x14, 0x1b, 0x11, 0x70, 0x40, 0x15, 0x28, 0x1e, 0x11, 0x19, 0x14, 0x11, 0x17, 0x70, 0x30, 0x13, 0x1e, 0x42, 0x11, 0x12, 0x11, 0x1e, 0x70, 0x30, 0x11, 0x39, 0x12, 0x21, 0x27, 0x12, 0x70, 0x10, 0x21, 0x1d, 0x24, 0x22, 0x27, 0x11, 0x17, 0x12, 0x15, 0x60, 0x10, 0x11, 0x15, 0x1d, 0x14, 0x1e, 0x19, 0x21, 0x27, 0x11, 0x12, 0x70,
// Compressed size: 178 bytes original pixels: 12544 uint16_t → ~25088 bytes uncompressed)

// Gytha / Gytha Auraflow V0.3 035 S4197903722 Th0.100 20 [Folder: Gytha] - RLE compressed data (offset: 7728, size: 182)
0x90, 0x13, 0x14, 0x90, 0x90, 0x14, 0x1e, 0x13, 0x80, 0x90, 0x1c, 0x17, 0x11, 0x1d, 0x70, 0x90, 0x19, 0x1d, 0x19, 0x16, 0x70, 0x80, 0x21, 0x14, 0x19, 0x18, 0x13, 0x60, 0x90, 0x1f, 0x12, 0x13, 0x1e, 0x13, 0x10, 0x14, 0x40, 0x80, 0x1e, 0x17, 0x1b, 0x1c, 0x29, 0x14, 0x50, 0x80, 0x12, 0x1a, 0x13, 0x12, 0x11, 0x70, 0x80, 0x1a, 0x16, 0x1b, 0x12, 0x11, 0x14, 0x60, 0x80, 0x1c, 0x1f, 0x1d, 0x16, 0x1b, 0x19, 0x60, 0x70, 0x1c, 0x18, 0x11, 0x13, 0x1e, 0x22, 0x15, 0x50, 0x30, 0x34, 0x15, 0x17, 0x18, 0x11, 0x16, 0x13, 0x12, 0x17, 0x18, 0x15, 0x40, 0x15, 0x1d, 0x11, 0x13, 0x1a, 0x1b, 0x12, 0x17, 0x1b, 0x16, 0x17, 0x11, 0x1c, 0x17, 0x12, 0x1f, 0x1d, 0x30, 0x10, 0x14, 0x25, 0x1a,
0x1b, 0x12, 0x17, 0x12, 0x1f, 0x1c, 0x13, 0x22, 0x17, 0x28, 0x19, 0x20, 0x40, 0x15, 0x16, 0x1b, 0x28, 0x1c, 0x18, 0x1d, 0x12, 0x17, 0x1e, 0x1a, 0x1f, 0x19, 0x11, 0x10, 0x30, 0x14, 0x15, 0x19, 0x15, 0x1e, 0x18, 0x16, 0x12, 0x13, 0x1c, 0x11, 0x16, 0x2a, 0x11, 0x20, 0x80, 0x13, 0x11, 0x12, 0x17, 0x11, 0x16, 0x11, 0x13, 0x1a, 0x30, 0x90, 0x11, 0x1a, 0x1b, 0x16, 0x15, 0x16, 0x13, 0x15, 0x30, 0xc0, 0x11, 0x70, 0xf0, 0x50,
// Compressed size: 182 bytes original pixels: 12544 uint16_t → ~25088 bytes uncompressed)

// Haaske / Haaske Auraflow V0.3 000 S1232184877 Th0.100 20 [Folder: Haaske] - RLE compressed data (offset: 7910, size: 140)
0xf0, 0x50, 0x90, 0x21, 0x1c, 0x80, 0x60, 0x17, 0x20, 0x21, 0x19, 0x80, 0x60, 0x16, 0x1c, 0x20, 0x11, 0x1a, 0x80, 0x90, 0x1d, 0x15, 0x11, 0x80, 0x60, 0x1d, 0x10, 0x1c, 0x15, 0x17, 0x12, 0x14, 0x13, 0x60, 0x70, 0x17, 0x10, 0x17, 0x15, 0x10, 0x23, 0x18, 0x50, 0x90, 0x25, 0x12, 0x30, 0x13, 0x40, 0x40, 0x1e, 0x14, 0x20, 0x19, 0x16, 0x17, 0x1c, 0x30, 0x1a, 0x40, 0x50, 0x1b, 0x12, 0x14, 0x18, 0x1d, 0x21, 0x19, 0x20, 0x18, 0x40, 0x70, 0x18, 0x1e, 0x11, 0x10, 0x1f, 0x12, 0x70, 0x70, 0x12, 0x11, 0x14, 0x10, 0x1f, 0x15, 0x10, 0x1e, 0x16, 0x40, 0x60, 0x1a, 0x13, 0x1b, 0x20, 0x1a, 0x1b, 0x10, 0x12, 0x50, 0x70, 0x1f, 0x14, 0x30, 0x17, 0x19, 0x1a, 0x50, 0x70, 0x1b, 0x30, 0x12,
0x15, 0x70, 0x60, 0x19, 0x12, 0x40, 0x1b, 0x70, 0x60, 0x16, 0x50, 0x16, 0x13, 0x60, 0x60, 0x13, 0x60, 0x13, 0x60, 0x50, 0x14, 0x18, 0x60, 0x16, 0x14, 0x50, 0xf0, 0x50,
// Compressed size: 140 bytes original pixels: 12544 uint16_t → ~25088 bytes uncompressed)

// Hama / Hama Auraflow V0.3 003 S2266713330 Th0.100 20 [Folder: Hama] - RLE compressed data (offset: 8050, size: 192)
0x90, 0x11, 0x1f, 0x90, 0x80, 0x1e, 0x16, 0x17, 0x16, 0x80, 0x70, 0x19, 0x14, 0x16, 0x18, 0x1d, 0x18, 0x70, 0x70, 0x11, 0x1e, 0x19, 0x1f, 0x12, 0x18, 0x11, 0x60, 0x80, 0x11, 0x2f, 0x1d, 0x80, 0x70, 0x11, 0x10, 0x19, 0x16, 0x11, 0x10, 0x11, 0x60, 0x90, 0x1e, 0x1f, 0x28, 0x70, 0x70, 0x19, 0x25, 0x1e, 0x27, 0x70, 0x70, 0x13, 0x1c, 0x15, 0x1e, 0x1a, 0x14, 0x17, 0x60, 0x70, 0x1b, 0x13, 0x1e, 0x16, 0x17, 0x12, 0x18, 0x60, 0x60, 0x13, 0x2c, 0x11, 0x16, 0x14, 0x1b, 0x14, 0x60, 0x60, 0x15, 0x1c, 0x24, 0x17, 0x1b, 0x12, 0x17, 0x60, 0x60, 0x19, 0x1a, 0x12, 0x18, 0x1d, 0x11, 0x24, 0x1a, 0x50, 0x50, 0x29, 0x1a, 0x1d, 0x1f, 0x16, 0x12, 0x11, 0x1b, 0x1a, 0x1b, 0x15, 0x30, 0x20,
0x19, 0x25, 0x13, 0x15, 0x13, 0x1d, 0x12, 0x17, 0x12, 0x11, 0x14, 0x13, 0x2e, 0x1c, 0x20, 0x20, 0x13, 0x1c, 0x11, 0x1c, 0x11, 0x1b, 0x14, 0x12, 0x1c, 0x13, 0x29, 0x25, 0x2a, 0x20, 0x20, 0x17, 0x16, 0x14, 0x1a, 0x1d, 0x14, 0x1c, 0x13, 0x16, 0x13, 0x1a, 0x1b, 0x13, 0x18, 0x14, 0x1b, 0x20, 0x20, 0x13, 0x17, 0x11, 0x17, 0x22, 0x35, 0x13, 0x12, 0x1b, 0x18, 0x22, 0x1b, 0x20, 0x10, 0x17, 0x1d, 0x18, 0x1d, 0x18, 0x13, 0x1f, 0x1a, 0x11, 0x36, 0x1d, 0x18, 0x14, 0x22, 0x20, 0xf0, 0x50,
// Compressed size: 192 bytes original pixels: 12544 uint16_t → ~25088 bytes uncompressed)

// Hardred / Hardred Auraflow V0.3 003 S3904567541 Th0.100 20 [Folder: Hardred] - RLE compressed data (offset: 8242, size: 196)
0x50, 0x18, 0x50, 0x12, 0x80, 0x50, 0x18, 0x30, 0x17, 0xa0, 0x50, 0x18, 0x30, 0x22, 0x90, 0x50, 0x12, 0x1d, 0x20, 0x17, 0x1e, 0x16, 0x19, 0x70, 0x50, 0x12, 0x30, 0x15, 0x17, 0x13, 0x18, 0x12, 0x60, 0x50, 0x1c, 0x30, 0x13, 0x12, 0x1f, 0x22, 0x60, 0x50, 0x12, 0x10, 0x22, 0x13, 0x1b, 0x21, 0x14, 0x18, 0x50, 0x50, 0x14, 0x16, 0x14, 0x10, 0x12, 0x26, 0x11, 0x10, 0x14, 0x28, 0x30, 0x60, 0x1e, 0x18, 0x10, 0x16, 0x13, 0x16, 0x1e, 0x20, 0x14, 0x40, 0x40, 0x19, 0x30, 0x14, 0x16, 0x13, 0x15, 0x1f, 0x20, 0x1f, 0x40, 0x40, 0x17, 0x30, 0x19, 0x16, 0x1a, 0x15, 0x16, 0x1a, 0x10, 0x15, 0x40, 0x40, 0x1d, 0x20, 0x17, 0x13, 0x14, 0x13, 0x25, 0x11, 0x1c, 0x19, 0x40, 0x70, 0x15, 0x13,
0x19, 0x14, 0x11, 0x1e, 0x1b, 0x14, 0x1c, 0x15, 0x1c, 0x20, 0x70, 0x16, 0x13, 0x1d, 0x14, 0x15, 0x10, 0x25, 0x20, 0x1c, 0x20, 0x30, 0x1d, 0x30, 0x16, 0x17, 0x14, 0x17, 0x1a, 0x19, 0x10, 0x1f, 0x30, 0x13, 0x10, 0x30, 0x18, 0x30, 0x19, 0x11, 0x10, 0x1d, 0x30, 0x2a, 0x40, 0x70, 0x13, 0x70, 0x17, 0x40, 0x60, 0x15, 0x19, 0x70, 0x19, 0x40, 0x20, 0x14, 0x1b, 0x12, 0x1c, 0x1b, 0x13, 0x18, 0x1a, 0x1b, 0x17, 0x13, 0x1b, 0x15, 0x14, 0x17, 0x30, 0x20, 0x1c, 0x1e, 0x31, 0x2a, 0x19, 0x1b, 0x16, 0x17, 0x61, 0x10,
// Compressed size: 196 bytes original pixels: 12544 uint16_t → ~25088 bytes uncompressed)

// Harlow / Harlow Auraflow V0.3 005 S1929954502 Th0.100 20 [Folder: Harlow] - RLE compressed data (offset: 8438, size: 164)
0xf0, 0x50, 0x30, 0x1a, 0x12, 0x14, 0x10, 0x15, 0x12, 0x13, 0x14, 0x90, 0x30, 0x12, 0x27, 0x10, 0x13, 0x1e, 0x12, 0x1b, 0x90, 0x40, 0x15, 0x10, 0x19, 0x16, 0x11, 0x1e, 0x14, 0x19, 0x80, 0x40, 0x16, 0x20, 0x21, 0x27, 0x90, 0x40, 0x14, 0x30, 0x13, 0x18, 0x17, 0x90, 0x40, 0x16, 0x10, 0x11, 0x14, 0x12, 0x24, 0x90, 0x40, 0x16, 0x1a, 0x18, 0x17, 0x23, 0x19, 0x15, 0x80, 0x30, 0x1a, 0x16, 0x18, 0x1b, 0x10, 0x23, 0x10, 0x12, 0x80, 0x40, 0x13, 0x16, 0x10, 0x11, 0x13, 0x19, 0x12, 0x20, 0x17, 0x60, 0x40, 0x1b, 0x10, 0x12, 0x13, 0x12, 0x1c, 0x1a, 0x18, 0x20, 0x1d, 0x50, 0x40, 0x14, 0x10, 0x1c, 0x1b, 0x19, 0x14, 0x19, 0x13, 0x1f, 0x70, 0x40, 0x1d, 0x10, 0x1f, 0x11, 0x12, 0x18,
0x11, 0x18, 0x11, 0x14, 0x60, 0x40, 0x15, 0x11, 0x1a, 0x1c, 0x16, 0x1d, 0x11, 0x12, 0x1a, 0x1c, 0x60, 0x40, 0x14, 0x12, 0x21, 0x13, 0x21, 0x2c, 0x1f, 0x15, 0x50, 0x40, 0x15, 0x20, 0x16, 0x10, 0x15, 0x1d, 0x90, 0x40, 0x15, 0x20, 0x1b, 0x20, 0x1e, 0x90, 0x70, 0x1b, 0x20, 0x18, 0x90, 0xa0, 0x11, 0x90, 0xf0, 0x50,
// Compressed size: 164 bytes original pixels: 12544 uint16_t → ~25088 bytes uncompressed)

// Hedda / Hedda Auraflow V0.3 007 S2157169242 Th0.100 20 [Folder: Hedda] - RLE compressed data (offset: 8602, size: 154)
0xf0, 0x50, 0xd0, 0x12, 0x30, 0x18, 0x20, 0x90, 0x13, 0x1d, 0x20, 0x21, 0x10, 0x12, 0x14, 0x20, 0x80, 0x11, 0x1d, 0x19, 0x20, 0x13, 0x1a, 0x12, 0x15, 0x14, 0x20, 0x70, 0x12, 0x11, 0x19, 0x40, 0x16, 0x1b, 0x11, 0x15, 0x20, 0x70, 0x13, 0x19, 0x12, 0x19, 0x10, 0x12, 0x10, 0x12, 0x11, 0x15, 0x12, 0x20, 0x40, 0x12, 0x13, 0x25, 0x17, 0x1a, 0x1b, 0x10, 0x13, 0x20, 0x18, 0x11, 0x30, 0x40, 0x11, 0x18, 0x25, 0x11, 0x13, 0x1c, 0x14, 0x1d, 0x20, 0x18, 0x40, 0x40, 0x1b, 0x1e, 0x12, 0x15, 0x18, 0x11, 0x13, 0x30, 0x1a, 0x50, 0x40, 0x11, 0x15, 0x14, 0x21, 0x17, 0x11, 0x90, 0x40, 0x14, 0x1a, 0x13, 0x14, 0x13, 0x16, 0x17, 0x1a, 0x80, 0x50, 0x16, 0x1b, 0x14, 0x1c, 0x17, 0x16, 0x14,
0x80, 0x80, 0x13, 0x10, 0x1c, 0x17, 0x80, 0x80, 0x12, 0x10, 0x11, 0x12, 0x80, 0x70, 0x26, 0x10, 0x17, 0x90, 0x70, 0x13, 0x14, 0x10, 0x17, 0x1b, 0x80, 0x70, 0x1c, 0x30, 0x16, 0x80, 0x70, 0x18, 0x30, 0x19, 0x80, 0x70, 0x11, 0x30, 0x1f, 0x80, 0xf0, 0x50,
// Compressed size: 154 bytes original pixels: 12544 uint16_t → ~25088 bytes uncompressed)

// Helen / Helen Auraflow V0.3 025 S144907399 Th0.100 20 [Folder: Helen] - RLE compressed data (offset: 8756, size: 206)
0xf0, 0x50, 0x90, 0x1d, 0x1a, 0x12, 0x80, 0x90, 0x1e, 0x18, 0x19, 0x12, 0x70, 0x80, 0x1c, 0x1e, 0x1a, 0x11, 0x12, 0x70, 0x80, 0x12, 0x19, 0x11, 0x15, 0x12, 0x70, 0x80, 0x17, 0x1a, 0x21, 0x12, 0x70, 0x70, 0x1b, 0x1a, 0x11, 0x18, 0x1a, 0x1d, 0x15, 0x60, 0x60, 0x14, 0x15, 0x19, 0x1a, 0x11, 0x1a, 0x18, 0x12, 0x60, 0x60, 0x13, 0x17, 0x1e, 0x12, 0x28, 0x1a, 0x12, 0x13, 0x50, 0x60, 0x16, 0x19, 0x15, 0x31, 0x1e, 0x17, 0x60, 0x50, 0x13, 0x19, 0x16, 0x1c, 0x21, 0x18, 0x19, 0x1e, 0x13, 0x50, 0x50, 0x1b, 0x17, 0x19, 0x12, 0x21, 0x18, 0x16, 0x12, 0x1d, 0x14, 0x40, 0x40, 0x14, 0x1d, 0x27, 0x1e, 0x28, 0x11, 0x16, 0x15, 0x17, 0x14, 0x40, 0x40, 0x24, 0x15, 0x1f, 0x12, 0x1a, 0x18,
0x1a, 0x16, 0x15, 0x19, 0x50, 0x40, 0x1b, 0x17, 0x1d, 0x1e, 0x1c, 0x18, 0x25, 0x16, 0x1c, 0x23, 0x40, 0x40, 0x17, 0x19, 0x13, 0x19, 0x1c, 0x11, 0x19, 0x1d, 0x1f, 0x16, 0x15, 0x50, 0x30, 0x1b, 0x24, 0x15, 0x1f, 0x1e, 0x11, 0x1d, 0x1c, 0x1f, 0x17, 0x10, 0x1b, 0x1a, 0x30, 0x10, 0x14, 0x13, 0x24, 0x17, 0x36, 0x18, 0x12, 0x1d, 0x16, 0x1c, 0x23, 0x10, 0x13, 0x20, 0x13, 0x20, 0x13, 0x12, 0x1f, 0x1e, 0x15, 0x1b, 0x18, 0x11, 0x1b, 0x16, 0x17, 0x1f, 0x20, 0x14, 0x10, 0x13, 0x1d, 0x1f, 0x1c, 0x17, 0x24, 0x1c, 0x22, 0x21, 0x14, 0x12, 0x15, 0x2b, 0x16, 0x1b, 0x13, 0x15,
// Compressed size: 206 bytes original pixels: 12544 uint16_t → ~25088 bytes uncompressed)

// Hildr / Hildr Auraflow V0.3 032 S2843320693 Th0.100 20 [Folder: Hildr] - RLE compressed data (offset: 8962, size: 94)
0xf0, 0x50, 0x80, 0x19, 0x23, 0x90, 0x80, 0x13, 0x11, 0x19, 0x90, 0x80, 0x11, 0x17, 0x13, 0x90, 0x80, 0x12, 0x17, 0x15, 0x90, 0x80, 0x1a, 0x14, 0x19, 0x90, 0x80, 0x16, 0x14, 0x1d, 0x90, 0x70, 0x16, 0x15, 0x12, 0x18, 0x90, 0x70, 0x1b, 0x1e, 0x12, 0x13, 0x90, 0x70, 0x12, 0x14, 0x17, 0x18, 0x16, 0x80, 0x80, 0x11, 0x14, 0x1b, 0x1a, 0x80, 0x80, 0x11, 0x18, 0x1c, 0x90, 0x80, 0x14, 0x1c, 0x18, 0x90, 0x70, 0x15, 0x31, 0x90, 0x80, 0x11, 0x10, 0x17, 0x1a, 0x80, 0x80, 0x12, 0x10, 0x12, 0x90, 0x80, 0x16, 0x10, 0x15, 0x90, 0x80, 0x1b, 0xb0, 0x70, 0x21, 0xb0, 0xf0, 0x50,
// Compressed size: 94 bytes original pixels: 12544 uint16_t → ~25088 bytes uncompressed)

// Ida / Ida Auraflow V0.3 009 S3221884742 Th0.100 20 [Folder: Ida] - RLE compressed data (offset: 9056, size: 125)
0xf0, 0x50, 0x90, 0x11, 0x14, 0x90, 0x90, 0x1f, 0x18, 0x90, 0x80, 0x1d, 0x1a, 0x14, 0x1a, 0x80, 0x70, 0x14, 0x17, 0x11, 0x15, 0x14, 0x80, 0x70, 0x1b, 0x15, 0x24, 0x18, 0x80, 0x80, 0x13, 0x19, 0x15, 0x18, 0x80, 0x70, 0x11, 0x19, 0x17, 0x1b, 0x1e, 0x20, 0x1a, 0x50, 0x70, 0x17, 0x19, 0x18, 0x15, 0x12, 0x14, 0x15, 0x10, 0x1d, 0x40, 0x70, 0x21, 0x16, 0x18, 0x15, 0x18, 0x70, 0x70, 0x15, 0x11, 0x16, 0x11, 0x14, 0x80, 0x70, 0x1c, 0x1b, 0x12, 0x11, 0x12, 0x80, 0x70, 0x1e, 0x12, 0x13, 0x16, 0x11, 0x80, 0x70, 0x12, 0x16, 0x13, 0x12, 0x11, 0x14, 0x70, 0x50, 0x12, 0x10, 0x12, 0x33, 0x16, 0x12, 0x70, 0x70, 0x23, 0x1c, 0x13, 0x1c, 0x80, 0x70, 0x16, 0x27, 0x19, 0x13, 0x80, 0x70,
0x11, 0x10, 0x17, 0x10, 0x16, 0x80, 0x70, 0x11, 0x30, 0x12, 0x80, 0xf0, 0x50,
// Compressed size: 125 bytes original pixels: 12544 uint16_t → ~25088 bytes uncompressed)

// Ingeborg / Ingeborg Auraflow V0.3 010 S3675650398 Th0.100 20 [Folder: Ingeborg] - RLE compressed data (offset: 9181, size: 185)
0xa0, 0x15, 0x90, 0x90, 0x19, 0x25, 0x80, 0xa0, 0x15, 0x12, 0x80, 0x80, 0x15, 0x1d, 0x1e, 0x11, 0x1b, 0x70, 0x80, 0x14, 0x16, 0x12, 0x1f, 0x13, 0x70, 0x80, 0x11, 0x13, 0x17, 0x13, 0x14, 0x19, 0x60, 0x70, 0x17, 0x10, 0x1a, 0x14, 0x13, 0x12, 0x1e, 0x13, 0x15, 0x40, 0x60, 0x1e, 0x1b, 0x10, 0x1c, 0x16, 0x18, 0x17, 0x15, 0x17, 0x1b, 0x40, 0x60, 0x17, 0x10, 0x13, 0x18, 0x2e, 0x1a, 0x19, 0x1a, 0x1c, 0x40, 0x60, 0x12, 0x10, 0x13, 0x14, 0x11, 0x14, 0x1a, 0x1d, 0x16, 0x14, 0x40, 0x60, 0x14, 0x10, 0x16, 0x1d, 0x11, 0x1a, 0x1b, 0x11, 0x1a, 0x11, 0x40, 0x60, 0x15, 0x13, 0x1a, 0x17, 0x16, 0x13, 0x17, 0x11, 0x17, 0x50, 0x60, 0x12, 0x14, 0x12, 0x14, 0x1a, 0x1d, 0x11, 0x70, 0x50,
0x1b, 0x12, 0x13, 0x15, 0x18, 0x17, 0x18, 0x11, 0x70, 0x50, 0x1c, 0x22, 0x16, 0x1d, 0x13, 0x18, 0x13, 0x70, 0x40, 0x1c, 0x12, 0x14, 0x1c, 0x1d, 0x18, 0x11, 0x1d, 0x13, 0x1e, 0x60, 0x40, 0x12, 0x15, 0x12, 0x11, 0x28, 0x11, 0x18, 0x16, 0x14, 0x19, 0x50, 0x50, 0x29, 0x18, 0x26, 0x17, 0x11, 0x14, 0x1b, 0x1c, 0x50, 0x30, 0x16, 0x30, 0x11, 0x10, 0x1a, 0x10, 0x16, 0x1c, 0x15, 0x1b, 0x50, 0x30, 0x11, 0x10, 0x19, 0x10, 0x12, 0x30, 0x29, 0x70,
// Compressed size: 185 bytes original pixels: 12544 uint16_t → ~25088 bytes uncompressed)

// Ingrid / Ingrid Auraflow V0.3 007 S2784996113 Th0.100 20 [Folder: Ingrid] - RLE compressed data (offset: 9366, size: 172)
0x90, 0x12, 0xa0, 0x80, 0x12, 0x1c, 0x12, 0x90, 0x80, 0x19, 0x17, 0x1a, 0x20, 0x11, 0x60, 0x60, 0x19, 0x1a, 0x11, 0x15, 0x1a, 0x13, 0x10, 0x12, 0x60, 0x40, 0x19, 0x10, 0x12, 0x14, 0x1c, 0x11, 0x13, 0x15, 0x10, 0x1c, 0x60, 0x40, 0x19, 0x1a, 0x12, 0x1a, 0x13, 0x17, 0x13, 0x14, 0x10, 0x11, 0x60, 0x60, 0x12, 0x13, 0x11, 0x1d, 0x16, 0x15, 0x10, 0x11, 0x60, 0x50, 0x12, 0x1c, 0x17, 0x1b, 0x14, 0x11, 0x1d, 0x12, 0x13, 0x60, 0x60, 0x11, 0x10, 0x18, 0x11, 0x15, 0x17, 0x18, 0x13, 0x60, 0x60, 0x15, 0x11, 0x17, 0x11, 0x25, 0x1d, 0x18, 0x60, 0x60, 0x1c, 0x12, 0x14, 0x18, 0x13, 0x16, 0x10, 0x11, 0x60, 0x70, 0x16, 0x15, 0x18, 0x16, 0x15, 0x10, 0x12, 0x60, 0x60, 0x1b, 0x15, 0x11,
0x26, 0x1a, 0x10, 0x11, 0x60, 0x50, 0x19, 0x1d, 0x16, 0x1c, 0x34, 0x10, 0x1e, 0x60, 0x40, 0x17, 0x18, 0x11, 0x13, 0x1d, 0x11, 0x1e, 0x14, 0x10, 0x12, 0x60, 0x40, 0x11, 0x10, 0x17, 0x1b, 0x14, 0x1b, 0x16, 0x12, 0x80, 0x40, 0x17, 0x13, 0x20, 0x18, 0x10, 0x19, 0x14, 0x80, 0x50, 0x1b, 0x20, 0x16, 0x20, 0x14, 0x80, 0x70, 0x1b, 0x13, 0x20, 0x18, 0x80, 0xf0, 0x50,
// Compressed size: 172 bytes original pixels: 12544 uint16_t → ~25088 bytes uncompressed)

// Irene / Irene Auraflow V0.3 025 S4057974734 Th0.100 20 [Folder: Irene] - RLE compressed data (offset: 9538, size: 161)
0x90, 0x11, 0x12, 0x90, 0x80, 0x22, 0x1b, 0x90, 0x70, 0x1c, 0x18, 0x13, 0x12, 0x16, 0x80, 0x70, 0x14, 0x16, 0x19, 0x2b, 0x11, 0x70, 0x70, 0x11, 0x29, 0x14, 0x18, 0x1f, 0x70, 0x60, 0x16, 0x17, 0x11, 0x17, 0x14, 0x1b, 0x19, 0x70, 0x60, 0x16, 0x10, 0x1f, 0x1d, 0x1e, 0x15, 0x1c, 0x17, 0x60, 0x20, 0x12, 0x20, 0x14, 0x20, 0x1d, 0x25, 0x20, 0x1c, 0x14, 0x50, 0x20, 0x19, 0x13, 0x17, 0x30, 0x16, 0x11, 0x1b, 0x14, 0x20, 0x11, 0x1d, 0x40, 0x20, 0x11, 0x20, 0x1c, 0x11, 0x13, 0x11, 0x15, 0x18, 0x1e, 0x13, 0x70, 0x20, 0x1a, 0x50, 0x17, 0x25, 0x18, 0x80, 0x20, 0x1a, 0x40, 0x12, 0x16, 0x1b, 0x14, 0x18, 0x80, 0x20, 0x1a, 0x40, 0x17, 0x18, 0x1e, 0x15, 0x1d, 0x80, 0x60, 0x12, 0x17,
0x18, 0x1e, 0x1a, 0x1d, 0x80, 0x60, 0x11, 0x14, 0x15, 0x1a, 0x13, 0x14, 0x13, 0x70, 0x60, 0x12, 0x1a, 0x12, 0x14, 0x16, 0x18, 0x13, 0x70, 0x60, 0x16, 0x11, 0x19, 0x11, 0x10, 0x15, 0x13, 0x70, 0x60, 0x11, 0x1c, 0x13, 0x17, 0x20, 0x12, 0x70, 0x50, 0x13, 0x30, 0x1f, 0x20, 0x19, 0x70, 0xf0, 0x50,
// Compressed size: 161 bytes original pixels: 12544 uint16_t → ~25088 bytes uncompressed)

// Isabel / Isabel Auraflow V0.3 008 S855378758 Th0.100 20 [Folder: Isabel] - RLE compressed data (offset: 9699, size: 154)
0x90, 0x13, 0x18, 0x90, 0x80, 0x13, 0x19, 0x18, 0x90, 0x80, 0x15, 0x13, 0x18, 0x90, 0x80, 0x1a, 0x1f, 0x23, 0x80, 0x70, 0x16, 0x1c, 0x24, 0x11, 0x80, 0x70, 0x16, 0x21, 0x1e, 0x1f, 0x80, 0x70, 0x17, 0x1a, 0x2d, 0x16, 0x80, 0x70, 0x12, 0x27, 0x15, 0x1b, 0x80, 0x70, 0x17, 0x14, 0x15, 0x19, 0x16, 0x80, 0x60, 0x13, 0x12, 0x1c, 0x1d, 0x1f, 0x14, 0x13, 0x70, 0x60, 0x19, 0x13, 0x29, 0x15, 0x1d, 0x11, 0x70, 0x60, 0x1b, 0x16, 0x11, 0x14, 0x16, 0x1b, 0x14, 0x13, 0x60, 0x60, 0x16, 0x32, 0x14, 0x11, 0x14, 0x18, 0x60, 0x60, 0x1a, 0x12, 0x11, 0x1e, 0x13, 0x14, 0x12, 0x18, 0x60, 0x60, 0x1c, 0x17, 0x22, 0x15, 0x14, 0x13, 0x70, 0x50, 0x21, 0x1b, 0x12, 0x1b, 0x15, 0x11, 0x13, 0x70,
0x50, 0x21, 0x1e, 0x12, 0x1b, 0x15, 0x12, 0x14, 0x70, 0x50, 0x26, 0x1a, 0x27, 0x15, 0x19, 0x14, 0x70, 0x30, 0x18, 0x11, 0x17, 0x19, 0x27, 0x1c, 0x15, 0x1a, 0x12, 0x18, 0x60, 0x20, 0x1a, 0x15, 0x1c, 0x21, 0x1a, 0x1c, 0x1d, 0x16, 0x1e, 0x1b, 0x15, 0x60,
// Compressed size: 154 bytes original pixels: 12544 uint16_t → ~25088 bytes uncompressed)

// Karin / Karin Auraflow V0.3 007 S2260848594 Th0.100 20 [Folder: Karin] - RLE compressed data (offset: 9853, size: 220)
0x90, 0x16, 0x1c, 0x90, 0x90, 0x17, 0x15, 0x11, 0x30, 0x15, 0x1d, 0x30, 0x90, 0x1e, 0x1b, 0x1d, 0x30, 0x1f, 0x15, 0x30, 0x90, 0x1d, 0x15, 0x17, 0x1a, 0x20, 0x1f, 0x40, 0x80, 0x1a, 0x1d, 0x11, 0x15, 0x1d, 0x20, 0x13, 0x19, 0x30, 0x70, 0x16, 0x1e, 0x1b, 0x14, 0x15, 0x14, 0x20, 0x1d, 0x40, 0x30, 0x16, 0x3a, 0x11, 0x1c, 0x1b, 0x19, 0x1b, 0x10, 0x17, 0x13, 0x15, 0x40, 0x20, 0x1a, 0x4c, 0x17, 0x1d, 0x1b, 0x23, 0x16, 0x20, 0x14, 0x40, 0x20, 0x16, 0x11, 0x16, 0x2e, 0x1d, 0x11, 0x10, 0x25, 0x16, 0x70, 0x10, 0x16, 0x1c, 0x21, 0x1e, 0x1c, 0x1e, 0x11, 0x13, 0x17, 0x15, 0x11, 0x20, 0x11, 0x40, 0x30, 0x26, 0x11, 0x20, 0x1c, 0x17, 0x1b, 0x19, 0x14, 0x1a, 0x60, 0x10, 0x16, 0x1a,
0x16, 0x11, 0x1c, 0x10, 0x12, 0x11, 0x17, 0x11, 0x13, 0x18, 0x16, 0x10, 0x16, 0x40, 0x30, 0x1a, 0x10, 0x32, 0x19, 0x1b, 0x17, 0x15, 0x12, 0x1e, 0x60, 0x10, 0x12, 0x13, 0x12, 0x17, 0x22, 0x14, 0x18, 0x17, 0x14, 0x15, 0x12, 0x15, 0x1a, 0x50, 0x20, 0x13, 0x17, 0x28, 0x19, 0x18, 0x13, 0x14, 0x13, 0x15, 0x23, 0x11, 0x50, 0x30, 0x28, 0x1b, 0x19, 0x17, 0x22, 0x13, 0x14, 0x19, 0x14, 0x18, 0x50, 0x40, 0x17, 0x18, 0x19, 0x11, 0x1b, 0x14, 0x15, 0x28, 0x14, 0x22, 0x40, 0x50, 0x18, 0x21, 0x12, 0x13, 0x15, 0x1b, 0x14, 0x16, 0x13, 0x12, 0x11, 0x1a, 0x20, 0x80, 0x16, 0x13, 0x19, 0x13, 0x34, 0x1b, 0x27, 0x12, 0x10, 0x90, 0x24, 0x15, 0x29, 0x17, 0x19, 0x40,
// Compressed size: 220 bytes original pixels: 12544 uint16_t → ~25088 bytes uncompressed)

// Katarina / Katarina Auraflow V0.3 001 S3835393083 Th0.100 20 [Folder: Katarina] - RLE compressed data (offset: 10073, size: 200)
0xa0, 0x18, 0x12, 0x80, 0x80, 0x19, 0x13, 0x15, 0x13, 0x15, 0x70, 0x70, 0x43, 0x12, 0x16, 0x15, 0x60, 0x60, 0x14, 0x13, 0x21, 0x14, 0x12, 0x11, 0x1a, 0x17, 0x50, 0x60, 0x12, 0x14, 0x1c, 0x17, 0x14, 0x1e, 0x21, 0x14, 0x50, 0x60, 0x14, 0x11, 0x1d, 0x27, 0x19, 0x25, 0x18, 0x50, 0x60, 0x14, 0x1a, 0x1c, 0x14, 0x17, 0x1b, 0x15, 0x1e, 0x1f, 0x14, 0x40, 0x60, 0x1b, 0x25, 0x19, 0x17, 0x11, 0x26, 0x1e, 0x50, 0x60, 0x1b, 0x1c, 0x11, 0x2b, 0x15, 0x2c, 0x19, 0x14, 0x40, 0x60, 0x1d, 0x15, 0x11, 0x15, 0x1f, 0x16, 0x1e, 0x1b, 0x1c, 0x14, 0x40, 0x60, 0x19, 0x13, 0x1a, 0x1b, 0x15, 0x1f, 0x1b, 0x12, 0x13, 0x17, 0x40, 0x60, 0x18, 0x16, 0x1c, 0x11, 0x16, 0x1a, 0x19, 0x37, 0x40, 0x60,
0x14, 0x21, 0x15, 0x16, 0x12, 0x14, 0x12, 0x18, 0x17, 0x40, 0x60, 0x1c, 0x1a, 0x26, 0x1b, 0x19, 0x13, 0x12, 0x13, 0x19, 0x40, 0x60, 0x1e, 0x13, 0x11, 0x16, 0x18, 0x1d, 0x12, 0x18, 0x12, 0x50, 0x50, 0x17, 0x11, 0x16, 0x1e, 0x23, 0x19, 0x18, 0x22, 0x50, 0x50, 0x12, 0x2a, 0x11, 0x16, 0x1b, 0x19, 0x2d, 0x12, 0x14, 0x40, 0x50, 0x14, 0x11, 0x2a, 0x11, 0x1c, 0x13, 0x28, 0x13, 0x50, 0x50, 0x19, 0x11, 0x15, 0x11, 0x16, 0x1a, 0x1d, 0x18, 0x17, 0x18, 0x12, 0x40, 0x50, 0x18, 0x1c, 0x16, 0x1f, 0x1a, 0x1e, 0x1d, 0x29, 0x18, 0x12, 0x40,
// Compressed size: 200 bytes original pixels: 12544 uint16_t → ~25088 bytes uncompressed)

// Katie / Katie Auraflow V0.3 007 S788612930 Th0.100 20 [Folder: Katie] - RLE compressed data (offset: 10273, size: 140)
0xf0, 0x50, 0x90, 0x1e, 0xa0, 0x90, 0x16, 0x17, 0x90, 0x80, 0x14, 0x17, 0x13, 0x11, 0x80, 0x70, 0x16, 0x14, 0x1f, 0x19, 0x13, 0x1e, 0x17, 0x60, 0x70, 0x11, 0x1d, 0x11, 0x1f, 0x26, 0x15, 0x18, 0x50, 0x70, 0x15, 0x1d, 0x1f, 0x24, 0x11, 0x70, 0x70, 0x12, 0x11, 0x19, 0x1d, 0x1a, 0x80, 0x70, 0x18, 0x10, 0x1b, 0x13, 0x16, 0x11, 0x70, 0x70, 0x12, 0x13, 0x18, 0x14, 0x19, 0x18, 0x70, 0x80, 0x13, 0x19, 0x13, 0x1b, 0x1c, 0x70, 0x60, 0x16, 0x1a, 0x1d, 0x11, 0x1b, 0x1c, 0x14, 0x15, 0x60, 0x70, 0x2b, 0x16, 0x13, 0x14, 0x1c, 0x1a, 0x60, 0x60, 0x11, 0x14, 0x1a, 0x19, 0x1b, 0x13, 0x1a, 0x12, 0x60, 0x60, 0x12, 0x1c, 0x19, 0x18, 0x13, 0x1d, 0x17, 0x12, 0x17, 0x50, 0x70, 0x12, 0x10,
0x1c, 0x1a, 0x12, 0x11, 0x12, 0x17, 0x50, 0x60, 0x25, 0x1e, 0x22, 0x20, 0x25, 0x50, 0x70, 0x1e, 0x10, 0x17, 0x18, 0x20, 0x11, 0x60, 0x90, 0x18, 0x11, 0x90, 0xf0, 0x50,
// Compressed size: 140 bytes original pixels: 12544 uint16_t → ~25088 bytes uncompressed)

// Kyra / Kyra Auraflow V0.3 001 S3053676958 Th0.100 20 [Folder: Kyra] - RLE compressed data (offset: 10413, size: 204)
0xf0, 0x50, 0x70, 0x19, 0x1b, 0x13, 0x22, 0x80, 0x70, 0x18, 0x1d, 0x11, 0x12, 0x15, 0x80, 0x70, 0x14, 0x12, 0x1b, 0x22, 0x80, 0x70, 0x12, 0x1c, 0x16, 0x13, 0x26, 0x1e, 0x60, 0x60, 0x1c, 0x10, 0x11, 0x16, 0x14, 0x1e, 0x22, 0x60, 0x70, 0x17, 0x1f, 0x1e, 0x1f, 0x17, 0x11, 0x17, 0x1a, 0x50, 0x80, 0x1d, 0x14, 0x16, 0x1f, 0x11, 0x19, 0x15, 0x16, 0x40, 0x80, 0x14, 0x12, 0x1a, 0x13, 0x11, 0x12, 0x10, 0x1c, 0x1a, 0x30, 0x50, 0x14, 0x30, 0x1a, 0x11, 0x13, 0x15, 0x19, 0x10, 0x28, 0x30, 0x40, 0x14, 0x19, 0x1a, 0x14, 0x19, 0x1d, 0x16, 0x11, 0x15, 0x20, 0x1a, 0x18, 0x30, 0x30, 0x1e, 0x1b, 0x15, 0x11, 0x13, 0x11, 0x22, 0x17, 0x15, 0x1d, 0x1e, 0x15, 0x40, 0x40, 0x11, 0x13, 0x17,
0x13, 0x11, 0x1b, 0x1f, 0x14, 0x11, 0x13, 0x14, 0x18, 0x40, 0x40, 0x13, 0x1a, 0x1f, 0x31, 0x17, 0x15, 0x19, 0x1c, 0x1a, 0x19, 0x40, 0x40, 0x17, 0x11, 0x17, 0x11, 0x15, 0x11, 0x12, 0x16, 0x1b, 0x18, 0x10, 0x1d, 0x40, 0x40, 0x16, 0x19, 0x17, 0x11, 0x13, 0x11, 0x14, 0x16, 0x11, 0x18, 0x60, 0x30, 0x14, 0x13, 0x1a, 0x1b, 0x18, 0x11, 0x12, 0x1d, 0x1b, 0x11, 0x15, 0x60, 0x30, 0x1e, 0x13, 0x10, 0x1a, 0x22, 0x1b, 0x11, 0x17, 0x15, 0x13, 0x1d, 0x50, 0x20, 0x1e, 0x14, 0x16, 0x14, 0x2c, 0x1b, 0x1c, 0x17, 0x13, 0x15, 0x28, 0x19, 0x18, 0x19, 0x20, 0xf0, 0x50,
// Compressed size: 204 bytes original pixels: 12544 uint16_t → ~25088 bytes uncompressed)

// Lacey / Lacey Auraflow V0.3 024 S3957683122 Th0.100 20 [Folder: Lacey] - RLE compressed data (offset: 10617, size: 119)
0xf0, 0x50, 0x90, 0x15, 0x1c, 0x19, 0x80, 0x70, 0x19, 0x1e, 0x1c, 0x13, 0x15, 0x1c, 0x70, 0x70, 0x13, 0x1a, 0x1e, 0x18, 0x1e, 0x1c, 0x70, 0x70, 0x13, 0x1b, 0x1a, 0x1b, 0x1e, 0x15, 0x19, 0x60, 0x60, 0x18, 0x13, 0x1a, 0x1d, 0x18, 0x13, 0x15, 0x1a, 0x60, 0x60, 0x18, 0x13, 0x10, 0x1a, 0x19, 0x13, 0x15, 0x70, 0x90, 0x17, 0x11, 0x1d, 0x15, 0x70, 0x90, 0x31, 0x18, 0x70, 0x80, 0x16, 0x1b, 0x17, 0x10, 0x12, 0x70, 0x80, 0x14, 0x16, 0x14, 0x11, 0x80, 0x80, 0x14, 0x21, 0x12, 0x19, 0x70, 0x70, 0x17, 0x14, 0x16, 0x32, 0x70, 0x70, 0x14, 0x11, 0x16, 0x32, 0x70, 0x80, 0x24, 0x16, 0x90, 0x90, 0x11, 0x10, 0x12, 0x80, 0x90, 0x16, 0x27, 0x80, 0x90, 0x1d, 0x10, 0x11, 0x80, 0x70, 0x1b,
0x17, 0x1d, 0x11, 0x1b, 0x80, 0xf0, 0x50,
// Compressed size: 119 bytes original pixels: 12544 uint16_t → ~25088 bytes uncompressed)

// Leofwynn / Leofwynn Auraflow V0.3 009 S1623836998 Th0.100 20 [Folder: Leofwynn] - RLE compressed data (offset: 10736, size: 237)
0xa0, 0x1b, 0x18, 0x14, 0x70, 0x90, 0x1e, 0x17, 0x1d, 0x12, 0x15, 0x1b, 0x50, 0x80, 0x1c, 0x1f, 0x15, 0x23, 0x14, 0x19, 0x50, 0x70, 0x18, 0x12, 0x11, 0x12, 0x19, 0x17, 0x14, 0x1e, 0x50, 0x60, 0x1b, 0x19, 0x1a, 0x12, 0x11, 0x12, 0x14, 0x1e, 0x14, 0x50, 0x60, 0x1c, 0x13, 0x16, 0x1a, 0x26, 0x15, 0x24, 0x50, 0x50, 0x1c, 0x13, 0x15, 0x12, 0x11, 0x12, 0x11, 0x24, 0x1e, 0x50, 0x40, 0x18, 0x1b, 0x21, 0x16, 0x13, 0x1a, 0x13, 0x15, 0x16, 0x1d, 0x50, 0x50, 0x16, 0x11, 0x17, 0x1a, 0x11, 0x15, 0x32, 0x19, 0x1b, 0x40, 0x40, 0x1b, 0x1d, 0x16, 0x13, 0x1a, 0x11, 0x27, 0x16, 0x12, 0x1c, 0x18, 0x40, 0x40, 0x1d, 0x13, 0x16, 0x11, 0x1a, 0x17, 0x12, 0x16, 0x14, 0x15, 0x1e, 0x50, 0x30,
0x14, 0x10, 0x19, 0x17, 0x13, 0x1a, 0x21, 0x1c, 0x18, 0x14, 0x16, 0x18, 0x40, 0x30, 0x18, 0x1f, 0x11, 0x12, 0x2a, 0x1d, 0x1f, 0x1e, 0x24, 0x1d, 0x19, 0x40, 0x20, 0x1b, 0x1c, 0x1f, 0x12, 0x17, 0x11, 0x1a, 0x17, 0x13, 0x15, 0x2c, 0x19, 0x1b, 0x40, 0x30, 0x18, 0x15, 0x16, 0x12, 0x19, 0x12, 0x1a, 0x11, 0x19, 0x1c, 0x15, 0x18, 0x14, 0x40, 0x30, 0x1f, 0x15, 0x13, 0x27, 0x13, 0x16, 0x12, 0x11, 0x19, 0x1f, 0x11, 0x18, 0x40, 0x10, 0x1b, 0x15, 0x1e, 0x1c, 0x15, 0x13, 0x11, 0x1d, 0x13, 0x1a, 0x17, 0x15, 0x12, 0x1d, 0x14, 0x1b, 0x30, 0x20, 0x1d, 0x20, 0x15, 0x1f, 0x16, 0x11, 0x17, 0x23, 0x19, 0x13, 0x28, 0x40, 0x40, 0x1e, 0x15, 0x1f, 0x13, 0x11, 0x12, 0x17, 0x22, 0x19, 0x60,
0x20, 0x18, 0x10, 0x1e, 0x14, 0x10, 0x19, 0x23, 0x11, 0x12, 0x11, 0x1d, 0x60,
// Compressed size: 237 bytes original pixels: 12544 uint16_t → ~25088 bytes uncompressed)

// Lillie / Lillie Auraflow V0.3 006 S3151413074 Th0.100 20 [Folder: Lillie] - RLE compressed data (offset: 10973, size: 166)
0xa0, 0x1b, 0x90, 0x80, 0x1d, 0x1e, 0x12, 0x1d, 0x80, 0x80, 0x11, 0x1e, 0x13, 0x18, 0x80, 0x80, 0x15, 0x13, 0x1f, 0x1d, 0x80, 0x70, 0x1b, 0x15, 0x13, 0x18, 0x1d, 0x80, 0x70, 0x16, 0x11, 0x1f, 0x1d, 0x1b, 0x80, 0x60, 0x17, 0x19, 0x16, 0x1d, 0x17, 0x1b, 0x17, 0x70, 0x60, 0x17, 0x18, 0x19, 0x1e, 0x12, 0x1b, 0x11, 0x17, 0x60, 0x70, 0x11, 0x1e, 0x13, 0x2a, 0x12, 0x17, 0x60, 0x70, 0x17, 0x1f, 0x11, 0x18, 0x1c, 0x12, 0x70, 0x80, 0x21, 0x16, 0x12, 0x16, 0x70, 0x90, 0x13, 0x18, 0x17, 0x11, 0x16, 0x60, 0x80, 0x12, 0x14, 0x13, 0x1f, 0x1c, 0x1b, 0x60, 0x70, 0x16, 0x19, 0x1c, 0x14, 0x1c, 0x15, 0x11, 0x1b, 0x50, 0x70, 0x16, 0x1a, 0x1c, 0x15, 0x1c, 0x12, 0x11, 0x18, 0x17, 0x40,
0x60, 0x39, 0x11, 0x1a, 0x14, 0x22, 0x18, 0x26, 0x30, 0x60, 0x19, 0x11, 0x14, 0x1e, 0x13, 0x14, 0x1a, 0x1c, 0x19, 0x21, 0x14, 0x20, 0x50, 0x11, 0x14, 0x12, 0x15, 0x14, 0x15, 0x16, 0x14, 0x12, 0x1a, 0x18, 0x12, 0x30, 0x50, 0x14, 0x18, 0x1a, 0x13, 0x25, 0x1a, 0x14, 0x12, 0x14, 0x1a, 0x19, 0x30, 0x60, 0x63, 0x12, 0x45, 0x30,
// Compressed size: 166 bytes original pixels: 12544 uint16_t → ~25088 bytes uncompressed)

// Liselotte / Liselotte Auraflow V0.3 004 S3663542251 Th0.100 20 [Folder: Liselotte] - RLE compressed data (offset: 11139, size: 134)
0xf0, 0x50, 0xf0, 0x50, 0x80, 0x3a, 0x90, 0x70, 0x11, 0x2d, 0x17, 0x90, 0x70, 0x12, 0x1e, 0x16, 0x17, 0x90, 0x70, 0x14, 0x1e, 0x18, 0x11, 0x90, 0x60, 0x11, 0x13, 0x1d, 0x11, 0xa0, 0x60, 0x14, 0x1f, 0x1a, 0x1c, 0xa0, 0x60, 0x12, 0x21, 0x14, 0x1a, 0x90, 0x60, 0x1b, 0x15, 0x22, 0x11, 0x90, 0x60, 0x23, 0x17, 0x16, 0x11, 0x90, 0x60, 0x15, 0x16, 0x18, 0x14, 0x29, 0x80, 0x50, 0x12, 0x13, 0x12, 0x18, 0x19, 0x1c, 0x11, 0x80, 0x50, 0x16, 0x12, 0x14, 0x15, 0x11, 0x19, 0x1c, 0x80, 0x50, 0x16, 0x18, 0x14, 0x15, 0x17, 0x12, 0x11, 0x80, 0x50, 0x13, 0x15, 0x13, 0x15, 0x19, 0x16, 0x14, 0x80, 0x50, 0x1b, 0x15, 0x18, 0x13, 0x14, 0x13, 0x17, 0x14, 0x70, 0x50, 0x1b, 0x15, 0x28, 0x16,
0x13, 0x1c, 0x16, 0x70, 0x60, 0x1b, 0x1e, 0x15, 0x12, 0x17, 0x19, 0x12, 0x70, 0x60, 0x1b, 0x1e, 0x13, 0x1f, 0x11, 0x1d, 0x17, 0x70,
// Compressed size: 134 bytes original pixels: 12544 uint16_t → ~25088 bytes uncompressed)

// Maggie / Maggie Auraflow V0.3 031 S3080244662 Th0.100 20 [Folder: Maggie] - RLE compressed data (offset: 11273, size: 168)
0x40, 0x17, 0x13, 0xe0, 0x30, 0x13, 0x19, 0x1a, 0x12, 0x10, 0x15, 0x16, 0xa0, 0x20, 0x18, 0x1a, 0x19, 0x15, 0x20, 0x19, 0x1c, 0x1e, 0x90, 0x20, 0x17, 0x1a, 0x19, 0x15, 0x20, 0x1c, 0x15, 0x16, 0x15, 0x80, 0x40, 0x1a, 0x30, 0x13, 0x15, 0x1d, 0x90, 0x70, 0x1e, 0x18, 0x13, 0x15, 0x19, 0x80, 0x80, 0x23, 0x18, 0x12, 0x80, 0x60, 0x1a, 0x1e, 0x19, 0x12, 0x18, 0x17, 0x80, 0x50, 0x18, 0x10, 0x1e, 0x1c, 0x13, 0x22, 0x80, 0x50, 0x17, 0x10, 0x28, 0x16, 0x13, 0x11, 0x80, 0x70, 0x1c, 0x1b, 0x16, 0x11, 0x14, 0x12, 0x70, 0x70, 0x13, 0x11, 0x1b, 0x11, 0x13, 0x12, 0x70, 0x70, 0x12, 0x11, 0x1d, 0x11, 0x24, 0x70, 0x60, 0x14, 0x10, 0x11, 0x1d, 0x11, 0x17, 0x1f, 0x12, 0x16, 0x50, 0x60,
0x12, 0x15, 0x11, 0x16, 0x14, 0x10, 0x1d, 0x1b, 0x21, 0x40, 0x70, 0x12, 0x1d, 0x1b, 0x14, 0x10, 0x16, 0x13, 0x16, 0x12, 0x21, 0x14, 0x10, 0x70, 0x15, 0x20, 0x11, 0x20, 0x1b, 0x24, 0x11, 0x30, 0x60, 0x1a, 0x17, 0x10, 0x27, 0x10, 0x17, 0x11, 0x16, 0x1b, 0x1f, 0x30, 0x60, 0x11, 0x1c, 0x10, 0x24, 0x10, 0x11, 0x10, 0x11, 0x50, 0xf0, 0x50,
// Compressed size: 168 bytes original pixels: 12544 uint16_t → ~25088 bytes uncompressed)

// Mairead / Mairead Auraflow V0.3 024 S4082451716 Th0.100 20 [Folder: Mairead] - RLE compressed data (offset: 11441, size: 97)
0xf0, 0x50, 0xf0, 0x50, 0x90, 0x26, 0x12, 0x80, 0x90, 0x16, 0x13, 0x16, 0x1c, 0x70, 0x90, 0x15, 0x13, 0x16, 0x12, 0x70, 0x80, 0x12, 0x11, 0x23, 0x22, 0x60, 0x90, 0x1a, 0x23, 0x80, 0x80, 0x1b, 0x18, 0x13, 0x14, 0x1b, 0x70, 0x80, 0x19, 0x14, 0x13, 0x1c, 0x12, 0x70, 0x80, 0x19, 0x21, 0x15, 0x80, 0x80, 0x17, 0x14, 0x21, 0x80, 0x80, 0x11, 0x1a, 0x11, 0x14, 0x80, 0x70, 0x12, 0x11, 0x18, 0x11, 0x15, 0x80, 0x50, 0x17, 0x15, 0x12, 0x19, 0x18, 0x11, 0x1a, 0x80, 0x50, 0x17, 0x30, 0x34, 0x80, 0x90, 0x25, 0x90, 0x90, 0x18, 0xa0, 0x80, 0x12, 0x15, 0x10, 0x17, 0x80, 0xf0, 0x50, 0xf0, 0x50,
// Compressed size: 97 bytes original pixels: 12544 uint16_t → ~25088 bytes uncompressed)

// Masamune / Masamune Auraflow V0.3 031 S790665065 Th0.100 20 [Folder: Masamune] - RLE compressed data (offset: 11538, size: 124)
0xf0, 0x50, 0xf0, 0x50, 0x80, 0x15, 0x1c, 0xa0, 0x80, 0x15, 0x1a, 0x11, 0x90, 0x90, 0x13, 0x15, 0x13, 0x80, 0x90, 0x1b, 0x16, 0x1d, 0x80, 0x80, 0x17, 0x22, 0x17, 0x80, 0x60, 0x11, 0x14, 0x17, 0x1b, 0x1a, 0x13, 0x80, 0x50, 0x14, 0x20, 0x11, 0x19, 0x1d, 0x1b, 0x80, 0x80, 0x1a, 0x13, 0x1d, 0x1e, 0x1a, 0x70, 0x70, 0x15, 0x21, 0x24, 0x10, 0x18, 0x60, 0x70, 0x12, 0x15, 0x17, 0x15, 0x14, 0x16, 0x10, 0x16, 0x50, 0x60, 0x11, 0x18, 0x11, 0x16, 0x17, 0x1e, 0x11, 0x70, 0x60, 0x1f, 0x11, 0x13, 0x24, 0x11, 0x13, 0x30, 0x19, 0x30, 0x60, 0x12, 0x11, 0x19, 0x2c, 0x32, 0x60, 0x60, 0x16, 0x14, 0x18, 0x12, 0x21, 0x13, 0x70, 0x70, 0x13, 0x12, 0x10, 0x11, 0x19, 0x18, 0x70, 0x70, 0x1b,
0x40, 0x13, 0x70, 0x50, 0x16, 0x18, 0x17, 0x40, 0x12, 0x70, 0xf0, 0x50,
// Compressed size: 124 bytes original pixels: 12544 uint16_t → ~25088 bytes uncompressed)

// Matilda / Matilda Auraflow V0.3 003 S1948208129 Th0.100 20 [Folder: Matilda] - RLE compressed data (offset: 11662, size: 169)
0xf0, 0x50, 0x40, 0x17, 0x10, 0x17, 0x14, 0x1c, 0x14, 0x19, 0x90, 0x40, 0x1a, 0x12, 0x14, 0x26, 0x1c, 0x19, 0x90, 0x20, 0x12, 0x10, 0x14, 0x12, 0x1c, 0x16, 0x1e, 0x15, 0x19, 0x90, 0x30, 0x13, 0x19, 0x18, 0x1c, 0x15, 0x13, 0x1d, 0x22, 0x80, 0x10, 0x17, 0x12, 0x17, 0x13, 0x15, 0x1c, 0x13, 0x11, 0x19, 0x1b, 0x90, 0x10, 0x1a, 0x19, 0x14, 0x16, 0x38, 0x1a, 0x1d, 0x1e, 0x90, 0x20, 0x14, 0x17, 0x19, 0x18, 0x10, 0x19, 0x1c, 0x16, 0x13, 0x11, 0x80, 0x20, 0x12, 0x17, 0x1a, 0x13, 0x10, 0x13, 0x1e, 0x16, 0x18, 0x1b, 0x80, 0x40, 0x22, 0x10, 0x11, 0x1f, 0x13, 0x16, 0x14, 0x80, 0x70, 0x15, 0x1f, 0x11, 0x14, 0x1b, 0x14, 0x70, 0x30, 0x17, 0x40, 0x2b, 0x11, 0x18, 0x80, 0x80, 0x2e,
0x26, 0x10, 0x17, 0x60, 0x70, 0x21, 0x1b, 0x25, 0x20, 0x16, 0x20, 0x17, 0x20, 0x70, 0x11, 0x10, 0x18, 0x12, 0x40, 0x31, 0x1a, 0x10, 0x60, 0x12, 0x1c, 0x20, 0x1d, 0x30, 0x1a, 0x15, 0x21, 0x1d, 0x10, 0x60, 0x1a, 0x11, 0x20, 0x1b, 0x40, 0x11, 0x25, 0x20, 0x60, 0x15, 0x80, 0x13, 0x11, 0x30, 0x60, 0x18, 0x30, 0x13, 0x1d, 0x80, 0x60, 0x14, 0xd0,
// Compressed size: 169 bytes original pixels: 12544 uint16_t → ~25088 bytes uncompressed)

// Maya / Maya Auraflow V0.3 031 S1408807416 Th0.100 20 [Folder: Maya] - RLE compressed data (offset: 11831, size: 117)
0xf0, 0x50, 0xf0, 0x50, 0xf0, 0x50, 0xf0, 0x50, 0xf0, 0x50, 0x90, 0x23, 0x20, 0x11, 0x60, 0x80, 0x14, 0x1a, 0x18, 0x20, 0x1c, 0x60, 0x80, 0x14, 0x1a, 0x13, 0x11, 0x1c, 0x70, 0x60, 0x1b, 0x21, 0x18, 0x15, 0x90, 0x90, 0x11, 0x1a, 0x90, 0x50, 0x15, 0x20, 0x1c, 0x11, 0x13, 0x15, 0x1e, 0x70, 0x40, 0x16, 0x24, 0x23, 0x12, 0x17, 0x16, 0x1e, 0x70, 0x40, 0x12, 0x1b, 0x11, 0x1a, 0x19, 0x1d, 0x19, 0x14, 0x16, 0x20, 0x15, 0x40, 0x40, 0x15, 0x14, 0x12, 0x1d, 0x17, 0x14, 0x17, 0x13, 0x19, 0x18, 0x13, 0x50, 0x50, 0x18, 0x1b, 0x27, 0x12, 0x1d, 0x22, 0x16, 0x11, 0x50, 0x70, 0x15, 0x19, 0x14, 0x19, 0x12, 0x17, 0x18, 0x60, 0x70, 0x16, 0x10, 0x13, 0x11, 0x16, 0x80, 0x80, 0x12, 0xb0,
0x80, 0x12, 0xb0, 0xf0, 0x50,
// Compressed size: 117 bytes original pixels: 12544 uint16_t → ~25088 bytes uncompressed)

// Mildrith / Mildrith Auraflow V0.3 005 S3340494432 Th0.100 20 [Folder: Mildrith] - RLE compressed data (offset: 11948, size: 194)
0x80, 0x15, 0x16, 0xa0, 0x70, 0x25, 0x11, 0x17, 0x15, 0x80, 0x60, 0x25, 0x10, 0x16, 0x17, 0x1b, 0x80, 0x70, 0x18, 0x10, 0x18, 0x14, 0x12, 0x80, 0x70, 0x16, 0x29, 0x14, 0x1b, 0x16, 0x70, 0x70, 0x19, 0x13, 0x1a, 0x19, 0x13, 0x80, 0x90, 0x2a, 0x17, 0x18, 0x70, 0x90, 0x1e, 0x17, 0x10, 0x14, 0x70, 0x70, 0x1b, 0x14, 0x13, 0x27, 0x13, 0x70, 0x40, 0x16, 0x12, 0x14, 0x10, 0x1b, 0x12, 0x1a, 0x1c, 0x10, 0x13, 0x60, 0x40, 0x19, 0x11, 0x15, 0x10, 0x16, 0x1a, 0x1d, 0x17, 0x20, 0x16, 0x50, 0x50, 0x1c, 0x15, 0x10, 0x19, 0x11, 0x1d, 0x12, 0x13, 0x10, 0x15, 0x14, 0x40, 0x40, 0x16, 0x1b, 0x15, 0x10, 0x16, 0x11, 0x22, 0x18, 0x10, 0x1d, 0x1b, 0x40, 0x40, 0x12, 0x11, 0x16, 0x10, 0x13,
0x22, 0x11, 0x13, 0x20, 0x12, 0x40, 0x30, 0x14, 0x12, 0x17, 0x10, 0x18, 0x13, 0x1c, 0x21, 0x13, 0x20, 0x12, 0x11, 0x19, 0x20, 0x30, 0x1c, 0x1b, 0x20, 0x1e, 0x17, 0x12, 0x13, 0x1a, 0x11, 0x1e, 0x10, 0x18, 0x2d, 0x20, 0x20, 0x2c, 0x14, 0x20, 0x11, 0x12, 0x21, 0x14, 0x11, 0x1e, 0x10, 0x15, 0x10, 0x11, 0x20, 0x20, 0x11, 0x17, 0x20, 0x1c, 0x1a, 0x12, 0x11, 0x13, 0x21, 0x18, 0x10, 0x1f, 0x10, 0x1d, 0x24, 0x18, 0x13, 0x12, 0x11, 0x30, 0x14, 0x11, 0x13, 0x1a, 0x14, 0x19, 0x12, 0x60, 0xf0, 0x50,
// Compressed size: 194 bytes original pixels: 12544 uint16_t → ~25088 bytes uncompressed)

// Mindred / Mindred Auraflow V0.3 034 S899068641 Th0.100 20 [Folder: Mindred] - RLE compressed data (offset: 12142, size: 128)
0xf0, 0x50, 0xf0, 0x50, 0x80, 0x15, 0xb0, 0x60, 0x25, 0x23, 0x19, 0x90, 0x60, 0x15, 0x13, 0x19, 0x1c, 0x18, 0x90, 0x50, 0x25, 0x23, 0x14, 0xa0, 0x50, 0x15, 0x13, 0x15, 0x1c, 0x18, 0x16, 0x90, 0x70, 0x14, 0x10, 0x14, 0x18, 0x90, 0x50, 0x11, 0x14, 0x20, 0x14, 0x16, 0x90, 0x80, 0x19, 0x26, 0x90, 0x60, 0x13, 0x19, 0x12, 0x11, 0x1a, 0x12, 0x80, 0x50, 0x19, 0x12, 0x1a, 0x16, 0x11, 0x14, 0x16, 0x12, 0x30, 0x13, 0x30, 0x50, 0x1b, 0x22, 0x17, 0x14, 0x11, 0x16, 0x12, 0x14, 0x13, 0x16, 0x14, 0x30, 0x60, 0x12, 0x27, 0x21, 0x14, 0x11, 0x17, 0x1a, 0x12, 0x17, 0x30, 0x60, 0x12, 0x18, 0x12, 0x41, 0x3b, 0x40, 0x70, 0x11, 0x1a, 0x17, 0x31, 0x17, 0x1a, 0x50, 0x60, 0x1d, 0x30, 0x18,
0x10, 0x13, 0x70, 0x60, 0x11, 0x30, 0x18, 0x90, 0x60, 0x19, 0x30, 0x18, 0x90, 0x60, 0x1a, 0xd0,
// Compressed size: 128 bytes original pixels: 12544 uint16_t → ~25088 bytes uncompressed)

// Nadja / Nadja Auraflow V0.3 002 S2701776878 Th0.100 20 [Folder: Nadja] - RLE compressed data (offset: 12270, size: 122)
0xf0, 0x50, 0xa0, 0x1b, 0x15, 0x80, 0xa0, 0x19, 0x15, 0x80, 0x90, 0x13, 0x12, 0x14, 0x80, 0x90, 0x13, 0x18, 0x17, 0x80, 0x80, 0x11, 0x26, 0x27, 0x70, 0x80, 0x18, 0x21, 0x14, 0x1a, 0x70, 0x70, 0x1e, 0x10, 0x19, 0x1a, 0x14, 0x10, 0x15, 0x60, 0x70, 0x13, 0x2d, 0x1c, 0x14, 0x10, 0x15, 0x60, 0x70, 0x13, 0x1f, 0x11, 0x14, 0x1b, 0x14, 0x1a, 0x60, 0x60, 0x12, 0x1c, 0x13, 0x16, 0x15, 0x14, 0x11, 0x12, 0x60, 0x80, 0x1e, 0x26, 0x11, 0x1a, 0x70, 0x80, 0x28, 0x15, 0x10, 0x12, 0x70, 0x80, 0x19, 0x10, 0x1b, 0x17, 0x12, 0x70, 0x70, 0x12, 0x1c, 0x20, 0x17, 0x19, 0x11, 0x60, 0x70, 0x12, 0x14, 0x20, 0x1b, 0x10, 0x13, 0x60, 0x70, 0x11, 0x1d, 0x40, 0x13, 0x60, 0x70, 0x13, 0x50, 0x11,
0x60, 0x70, 0x11, 0x50, 0x11, 0x60, 0x60, 0x12, 0x1c, 0xc0,
// Compressed size: 122 bytes original pixels: 12544 uint16_t → ~25088 bytes uncompressed)

// Niall / Niall Auraflow V0.3 035 S76981545 Th0.100 20 [Folder: Niall] - RLE compressed data (offset: 12392, size: 121)
0x90, 0x15, 0xa0, 0x80, 0x16, 0x12, 0x13, 0x90, 0x80, 0x21, 0x16, 0x90, 0x90, 0x1b, 0x11, 0x13, 0x80, 0x80, 0x16, 0x13, 0x21, 0x17, 0x70, 0x80, 0x14, 0x11, 0x18, 0x21, 0x70, 0x80, 0x19, 0x11, 0x12, 0x21, 0x70, 0x70, 0x19, 0x13, 0x12, 0x11, 0x20, 0x19, 0x60, 0x70, 0x26, 0x11, 0x18, 0x13, 0x2a, 0x60, 0x80, 0x15, 0x12, 0x1b, 0x14, 0x10, 0x15, 0x60, 0x70, 0x17, 0x13, 0x11, 0x32, 0x70, 0x80, 0x12, 0x11, 0x22, 0x80, 0x60, 0x12, 0x10, 0x21, 0x1b, 0x11, 0x15, 0x70, 0x80, 0x11, 0x20, 0x12, 0x1a, 0x70, 0x50, 0x18, 0x20, 0x14, 0x10, 0x15, 0x17, 0x10, 0x11, 0x60, 0x70, 0x14, 0x12, 0x30, 0x1c, 0x18, 0x60, 0x70, 0x14, 0x11, 0x20, 0x14, 0x12, 0x17, 0x60, 0x70, 0x11, 0x40, 0x19,
0x70, 0x60, 0x13, 0x12, 0x40, 0x12, 0x70, 0xf0, 0x50,
// Compressed size: 121 bytes original pixels: 12544 uint16_t → ~25088 bytes uncompressed)

// Niamh / Niamh Auraflow V0.3 011 S1271703886 Th0.100 20 [Folder: Niamh] - RLE compressed data (offset: 12513, size: 143)
0xf0, 0x50, 0xb0, 0x15, 0x1b, 0x16, 0x60, 0x70, 0x1a, 0x18, 0x16, 0x1b, 0x15, 0x18, 0x70, 0x60, 0x28, 0x1b, 0x15, 0x26, 0x80, 0x60, 0x25, 0x1e, 0x16, 0x17, 0x18, 0x80, 0x50, 0x25, 0x1b, 0x1d, 0x16, 0x12, 0x11, 0x1b, 0x70, 0x40, 0x16, 0x18, 0x15, 0x1d, 0x11, 0x18, 0x11, 0x17, 0x80, 0x60, 0x15, 0x1e, 0x14, 0x19, 0x13, 0x1b, 0x80, 0x60, 0x39, 0x1f, 0x11, 0x1c, 0x80, 0x70, 0x19, 0x14, 0x23, 0x1d, 0x80, 0x70, 0x19, 0x1a, 0x21, 0x1c, 0x80, 0x70, 0x14, 0x12, 0x1d, 0x17, 0x1c, 0x80, 0x60, 0x19, 0x27, 0x11, 0x17, 0x12, 0x80, 0x50, 0x24, 0x12, 0x17, 0x11, 0x17, 0x1c, 0x80, 0x40, 0x19, 0x1a, 0x14, 0x13, 0x11, 0x23, 0x17, 0x80, 0x40, 0x2a, 0x12, 0x11, 0x13, 0x11, 0x1f, 0x13,
0x80, 0x40, 0x14, 0x1a, 0x1e, 0x2c, 0x11, 0x12, 0x13, 0x80, 0x40, 0x14, 0x18, 0x14, 0x22, 0x13, 0x12, 0x1a, 0x80, 0x20, 0x26, 0x1d, 0x11, 0x13, 0x22, 0x11, 0x1f, 0x14, 0x80, 0xf0, 0x50,
// Compressed size: 143 bytes original pixels: 12544 uint16_t → ~25088 bytes uncompressed)

// Octavia / Octavia Auraflow V0.3 010 S3584990128 Th0.100 20 [Folder: Octavia] - RLE compressed data (offset: 12656, size: 96)
0xf0, 0x50, 0xf0, 0x50, 0xf0, 0x50, 0x90, 0x24, 0x90, 0x90, 0x19, 0x13, 0x90, 0x80, 0x1d, 0x16, 0x1c, 0x90, 0x80, 0x19, 0x12, 0x1c, 0x15, 0x80, 0x80, 0x1a, 0x19, 0x12, 0x11, 0x80, 0x80, 0x1b, 0x1f, 0x12, 0x17, 0x80, 0x80, 0x13, 0x12, 0x17, 0x11, 0x80, 0x80, 0x15, 0x12, 0x13, 0x15, 0x80, 0x80, 0x11, 0x1a, 0x19, 0x15, 0x80, 0x80, 0x11, 0x16, 0x1d, 0x11, 0x80, 0x80, 0x11, 0x1e, 0x18, 0x1a, 0x80, 0x80, 0x16, 0x14, 0x18, 0x90, 0x80, 0x17, 0x18, 0x1b, 0x90, 0x90, 0x13, 0x14, 0x90, 0x80, 0x1c, 0x14, 0x17, 0x18, 0x80, 0x60, 0x1e, 0x16, 0x13, 0x1b, 0x12, 0x11, 0x80, 0xf0, 0x50,
// Compressed size: 96 bytes original pixels: 12544 uint16_t → ~25088 bytes uncompressed)

// Ottilie / Ottilie Auraflow V0.3 025 S2098987746 Th0.100 20 [Folder: Ottilie] - RLE compressed data (offset: 12752, size: 140)
0xf0, 0x50, 0x80, 0x12, 0x1f, 0x17, 0x90, 0x80, 0x13, 0x28, 0x90, 0x90, 0x14, 0x18, 0x90, 0x80, 0x1b, 0x15, 0x17, 0x90, 0x80, 0x1a, 0x12, 0x17, 0x18, 0x80, 0x70, 0x22, 0x11, 0x1f, 0x14, 0x80, 0x70, 0x14, 0x10, 0x13, 0x11, 0x12, 0x80, 0x70, 0x1c, 0x19, 0x11, 0x16, 0x12, 0x80, 0x70, 0x1b, 0x26, 0x17, 0x23, 0x70, 0x70, 0x1e, 0x12, 0x14, 0x17, 0x16, 0x80, 0x70, 0x14, 0x16, 0x12, 0x18, 0x16, 0x1c, 0x70, 0x70, 0x16, 0x1e, 0x11, 0x1a, 0x1b, 0x13, 0x70, 0x60, 0x1a, 0x19, 0x25, 0x13, 0x11, 0x17, 0x70, 0x60, 0x1d, 0x15, 0x13, 0x29, 0x1e, 0x15, 0x70, 0x60, 0x14, 0x11, 0x1d, 0x1c, 0x11, 0x13, 0x1b, 0x19, 0x60, 0x50, 0x15, 0x14, 0x11, 0x1a, 0x24, 0x13, 0x2c, 0x12, 0x50, 0x50,
0x15, 0x14, 0x13, 0x1d, 0x13, 0x12, 0x11, 0x1a, 0x12, 0x1b, 0x16, 0x40, 0x40, 0x15, 0x1a, 0x19, 0x15, 0x11, 0x1d, 0x31, 0x13, 0x12, 0x10, 0x17, 0x30, 0x80, 0x18, 0xb0,
// Compressed size: 140 bytes original pixels: 12544 uint16_t → ~25088 bytes uncompressed)

// Paige / Paige Auraflow V0.3 033 S835639098 Th0.100 20 [Folder: Paige] - RLE compressed data (offset: 12892, size: 131)
0x90, 0x11, 0xa0, 0x90, 0x19, 0x11, 0x90, 0x90, 0x23, 0x90, 0x70, 0x2a, 0x29, 0x90, 0x60, 0x15, 0x14, 0x13, 0x1c, 0x14, 0x90, 0x60, 0x1a, 0x18, 0x13, 0x19, 0x15, 0x90, 0x60, 0x11, 0x17, 0x13, 0x19, 0x11, 0x90, 0x50, 0x25, 0x1c, 0x17, 0x18, 0x11, 0x90, 0x60, 0x16, 0x17, 0x14, 0x1c, 0x12, 0x90, 0x60, 0x13, 0x1c, 0x1e, 0x11, 0x1d, 0x1c, 0x80, 0x50, 0x16, 0x14, 0x17, 0x11, 0x14, 0x15, 0x13, 0x14, 0x70, 0x60, 0x12, 0x17, 0x11, 0x13, 0x18, 0x1b, 0x80, 0x50, 0x1b, 0x1e, 0x16, 0x13, 0x12, 0x1b, 0x1e, 0x80, 0x30, 0x11, 0x22, 0x1b, 0x1d, 0x17, 0x12, 0x14, 0x12, 0x80, 0x40, 0x1a, 0x16, 0x17, 0x15, 0x16, 0x12, 0x16, 0x14, 0x16, 0x70, 0x40, 0x15, 0x18, 0x12, 0x1b, 0x1a, 0x20,
0x12, 0x80, 0x40, 0x19, 0x20, 0x18, 0x30, 0x14, 0x80, 0x70, 0x1d, 0xc0, 0x70, 0x11, 0x40, 0x18, 0x70, 0xf0, 0x50,
// Compressed size: 131 bytes original pixels: 12544 uint16_t → ~25088 bytes uncompressed)

// Pernilla / Pernilla Auraflow V0.3 024 S2558956129 Th0.100 20 [Folder: Pernilla] - RLE compressed data (offset: 13023, size: 133)
0xf0, 0x50, 0x80, 0x18, 0x1a, 0xa0, 0x70, 0x12, 0x1e, 0x1f, 0xa0, 0x70, 0x19, 0x1f, 0x20, 0x1a, 0x80, 0x70, 0x11, 0x13, 0x1a, 0x2c, 0x80, 0x70, 0x15, 0x11, 0x1c, 0x1a, 0x17, 0x80, 0x60, 0x1c, 0x10, 0x18, 0x21, 0x1d, 0x80, 0x60, 0x11, 0x20, 0x1e, 0x15, 0x90, 0x50, 0x1a, 0x14, 0x20, 0x1e, 0x16, 0x90, 0x50, 0x12, 0x20, 0x19, 0x1d, 0x19, 0x90, 0x70, 0x1b, 0x12, 0x14, 0x11, 0x1b, 0x80, 0x20, 0x1c, 0x16, 0x15, 0x11, 0x17, 0x11, 0x15, 0x14, 0x19, 0x15, 0x80, 0x70, 0x27, 0x14, 0x11, 0x13, 0x11, 0x70, 0x60, 0x12, 0x17, 0x18, 0x13, 0x18, 0x14, 0x13, 0x19, 0x12, 0x50, 0x60, 0x36, 0x13, 0x1e, 0x14, 0x17, 0x10, 0x12, 0x50, 0x80, 0x19, 0x13, 0x1d, 0x13, 0x20, 0x1b, 0x50, 0x70,
0x16, 0x14, 0x15, 0x1b, 0x20, 0x1b, 0x60, 0x70, 0x12, 0x1f, 0x30, 0x18, 0x70, 0x90, 0x1d, 0x20, 0x18, 0x70, 0x90, 0x1d, 0xa0,
// Compressed size: 133 bytes original pixels: 12544 uint16_t → ~25088 bytes uncompressed)

// Philippa / Philippa Auraflow V0.3 005 S4149757206 Th0.100 20 [Folder: Philippa] - RLE compressed data (offset: 13156, size: 185)
0xf0, 0x50, 0x90, 0x1b, 0x17, 0x90, 0x80, 0x1d, 0x19, 0x17, 0x90, 0x70, 0x16, 0x11, 0x1c, 0x40, 0x13, 0x25, 0x30, 0x70, 0x13, 0x19, 0x25, 0x20, 0x14, 0x1e, 0x14, 0x15, 0x30, 0x70, 0x17, 0x19, 0x16, 0x17, 0x14, 0x1d, 0x14, 0x2b, 0x15, 0x30, 0x70, 0x24, 0x26, 0x1c, 0x14, 0x22, 0x11, 0x15, 0x30, 0x70, 0x14, 0x12, 0x1d, 0x12, 0x24, 0x12, 0x21, 0x17, 0x30, 0x60, 0x15, 0x1c, 0x29, 0x18, 0x1c, 0x16, 0x12, 0x11, 0x17, 0x13, 0x18, 0x20, 0x50, 0x27, 0x21, 0x14, 0x11, 0x19, 0x15, 0x1c, 0x12, 0x1d, 0x40, 0x40, 0x16, 0x12, 0x1c, 0x21, 0x13, 0x1a, 0x1e, 0x14, 0x1b, 0x12, 0x16, 0x40, 0x30, 0x18, 0x1a, 0x19, 0x1c, 0x29, 0x21, 0x12, 0x18, 0x13, 0x12, 0x15, 0x40, 0x10, 0x16, 0x18,
0x1e, 0x13, 0x11, 0x12, 0x13, 0x1a, 0x1b, 0x13, 0x1b, 0x21, 0x13, 0x50, 0x10, 0x26, 0x18, 0x1d, 0x13, 0x11, 0x22, 0x1a, 0x32, 0x21, 0x1a, 0x40, 0x18, 0x27, 0x1d, 0x1c, 0x13, 0x1a, 0x20, 0x15, 0x30, 0x1a, 0x10, 0x19, 0x1d, 0x30, 0x10, 0x38, 0x10, 0x1a, 0x13, 0x90, 0x11, 0x30, 0x30, 0x16, 0x10, 0x13, 0x12, 0x50, 0x1a, 0x13, 0x20, 0x1a, 0x30, 0x50, 0x13, 0x90, 0x1b, 0x40, 0x50, 0x1e, 0x10, 0x17, 0xc0, 0x50, 0x1b, 0x10, 0x1e, 0x1b, 0xb0,
// Compressed size: 185 bytes original pixels: 12544 uint16_t → ~25088 bytes uncompressed)

// Ronja / Ronja Auraflow V0.3 005 S3116322298 Th0.100 20 [Folder: Ronja] - RLE compressed data (offset: 13341, size: 186)
0x90, 0x1a, 0x1e, 0x90, 0x90, 0x18, 0x1c, 0x90, 0x80, 0x1c, 0x15, 0x1a, 0x90, 0x80, 0x14, 0x1a, 0x28, 0x80, 0x80, 0x11, 0x1c, 0x15, 0x1a, 0x1e, 0x70, 0x70, 0x19, 0x12, 0x1a, 0x15, 0x1c, 0x13, 0x70, 0x60, 0x27, 0x16, 0x1c, 0x14, 0x1a, 0x16, 0x70, 0x50, 0x18, 0x17, 0x25, 0x1a, 0x14, 0x19, 0x24, 0x60, 0x70, 0x12, 0x19, 0x1a, 0x13, 0x18, 0x15, 0x17, 0x60, 0x60, 0x19, 0x1b, 0x15, 0x1c, 0x15, 0x18, 0x13, 0x11, 0x13, 0x50, 0x60, 0x1b, 0x19, 0x11, 0x17, 0x26, 0x1a, 0x18, 0x1e, 0x50, 0x50, 0x19, 0x1d, 0x12, 0x11, 0x1a, 0x16, 0x12, 0x16, 0x17, 0x60, 0x40, 0x17, 0x21, 0x16, 0x19, 0x16, 0x13, 0x1b, 0x16, 0x1b, 0x60, 0x40, 0x11, 0x19, 0x11, 0x13, 0x14, 0x12, 0x16, 0x13, 0x15,
0x17, 0x60, 0x30, 0x18, 0x13, 0x14, 0x19, 0x1b, 0x52, 0x19, 0x60, 0x20, 0x17, 0x20, 0x18, 0x23, 0x19, 0x31, 0x15, 0x12, 0x10, 0x11, 0x40, 0x20, 0x14, 0x10, 0x14, 0x18, 0x1d, 0x16, 0x1d, 0x13, 0x1d, 0x15, 0x16, 0x18, 0x1e, 0x10, 0x18, 0x30, 0x30, 0x14, 0x1d, 0x1b, 0x13, 0x11, 0x14, 0x12, 0x17, 0x1b, 0x16, 0x25, 0x19, 0x1e, 0x30, 0x20, 0x1c, 0x1b, 0x11, 0x1d, 0x13, 0x14, 0x17, 0x11, 0x1d, 0x17, 0x22, 0x14, 0x2b, 0x30, 0xa0, 0x1e, 0x1a, 0x80,
// Compressed size: 186 bytes original pixels: 12544 uint16_t → ~25088 bytes uncompressed)

// Sabrina / Sabrina Auraflow V0.3 006 S3709341135 Th0.100 20 [Folder: Sabrina] - RLE compressed data (offset: 13527, size: 142)
0xf0, 0x50, 0x80, 0x18, 0x19, 0x1f, 0x90, 0x80, 0x12, 0x27, 0x1a, 0x80, 0x80, 0x23, 0x11, 0x12, 0x80, 0x90, 0x12, 0x18, 0x1b, 0x80, 0x90, 0x1e, 0x16, 0x12, 0x18, 0x70, 0x90, 0x1a, 0x1c, 0x16, 0x80, 0x90, 0x12, 0x17, 0x11, 0x17, 0x70, 0x90, 0x11, 0x15, 0x19, 0x14, 0x70, 0x80, 0x1a, 0x12, 0x17, 0x13, 0x1b, 0x70, 0x80, 0x17, 0x14, 0x1d, 0x1b, 0x80, 0x70, 0x12, 0x21, 0x1a, 0x16, 0x80, 0x70, 0x18, 0x1b, 0x11, 0x19, 0x1d, 0x18, 0x70, 0x70, 0x17, 0x15, 0x19, 0x16, 0x25, 0x70, 0x60, 0x12, 0x14, 0x13, 0x14, 0x11, 0x1e, 0x14, 0x70, 0x60, 0x12, 0x19, 0x14, 0x13, 0x14, 0x13, 0x11, 0x70, 0x40, 0x13, 0x24, 0x11, 0x16, 0x1d, 0x12, 0x1c, 0x15, 0x70, 0x20, 0x23, 0x1a, 0x21, 0x16,
0x1c, 0x14, 0x16, 0x12, 0x15, 0x13, 0x60, 0x1f, 0x19, 0x13, 0x1b, 0x11, 0x1f, 0x13, 0x11, 0x1d, 0x14, 0x11, 0x1e, 0x12, 0x70, 0x1c, 0x15, 0x11, 0x14, 0x12, 0x18, 0x12, 0x15, 0xc0,
// Compressed size: 142 bytes original pixels: 12544 uint16_t → ~25088 bytes uncompressed)

// Saewynn / Saewynn Auraflow V0.3 010 S4232203134 Th0.100 20 [Folder: Saewynn] - RLE compressed data (offset: 13669, size: 141)
0x90, 0x1a, 0xa0, 0x70, 0x16, 0x14, 0x1d, 0x1a, 0x90, 0x60, 0x15, 0x24, 0x1b, 0x1a, 0x90, 0x60, 0x12, 0x14, 0x1b, 0x14, 0x1b, 0x90, 0x60, 0x11, 0x1e, 0x16, 0x11, 0x14, 0x90, 0x60, 0x14, 0x13, 0x1a, 0x12, 0x1a, 0x90, 0x60, 0x1e, 0x17, 0x11, 0x13, 0x17, 0x14, 0x80, 0x60, 0x15, 0x18, 0x1c, 0x1d, 0x1f, 0x1b, 0x80, 0x60, 0x15, 0x17, 0x1c, 0x14, 0x2e, 0x80, 0x60, 0x25, 0x39, 0x1b, 0x80, 0x60, 0x11, 0x15, 0x12, 0x18, 0x15, 0x1d, 0x80, 0x60, 0x16, 0x21, 0x13, 0x18, 0x14, 0x80, 0x60, 0x18, 0x11, 0x26, 0x15, 0x1c, 0x80, 0x60, 0x18, 0x17, 0x11, 0x13, 0x22, 0x80, 0x60, 0x17, 0x1c, 0x16, 0x1d, 0x16, 0x12, 0x80, 0x60, 0x12, 0x17, 0x13, 0x1f, 0x13, 0x19, 0x80, 0x60, 0x15, 0x17,
0x13, 0x11, 0x13, 0x1a, 0x80, 0x50, 0x12, 0x16, 0x17, 0x19, 0x11, 0x17, 0x18, 0x80, 0x60, 0x22, 0x13, 0x11, 0x19, 0x1c, 0x80, 0x60, 0x1f, 0x13, 0x16, 0x11, 0x18, 0x19, 0x80,
// Compressed size: 141 bytes original pixels: 12544 uint16_t → ~25088 bytes uncompressed)

// Selina / Selina Auraflow V0.3 026 S3270675700 Th0.100 20 [Folder: Selina] - RLE compressed data (offset: 13810, size: 134)
0xf0, 0x10, 0x13, 0x30, 0xf0, 0x10, 0x11, 0x30, 0xf0, 0x50, 0xa0, 0x14, 0x13, 0x80, 0x80, 0x1e, 0x21, 0x19, 0x80, 0x70, 0x18, 0x15, 0x1b, 0x11, 0x1d, 0x80, 0x90, 0x1f, 0x15, 0x18, 0x19, 0x20, 0x1d, 0x14, 0x30, 0xa0, 0x16, 0x19, 0x40, 0x19, 0x30, 0xa0, 0x2c, 0x1e, 0x30, 0x13, 0x30, 0x80, 0x1e, 0x12, 0x1d, 0x13, 0x1b, 0x70, 0x80, 0x17, 0x13, 0x21, 0x1a, 0x70, 0x80, 0x14, 0x11, 0x18, 0x16, 0x12, 0x70, 0x30, 0x15, 0x1c, 0x22, 0x16, 0x11, 0x13, 0x1a, 0x19, 0x1c, 0x20, 0x14, 0x40, 0x30, 0x25, 0x16, 0x1a, 0x18, 0x11, 0x2a, 0x11, 0x12, 0x70, 0x30, 0x2b, 0x16, 0x11, 0x12, 0x1a, 0x12, 0x23, 0x20, 0x14, 0x50, 0x40, 0x15, 0x17, 0x18, 0x17, 0x16, 0x17, 0x16, 0x18, 0x12, 0x15,
0x13, 0x50, 0x50, 0x14, 0x1b, 0x12, 0x19, 0x17, 0x14, 0x10, 0x17, 0x70, 0xa0, 0x1d, 0x10, 0x1c, 0x70, 0xa0, 0x1d, 0x90, 0xf0, 0x50,
// Compressed size: 134 bytes original pixels: 12544 uint16_t → ~25088 bytes uncompressed)

// Sigrid / Sigrid Auraflow V0.3 000 S2223058159 Th0.100 20 [Folder: Sigrid] - RLE compressed data (offset: 13944, size: 160)
0xf0, 0x50, 0x30, 0x19, 0x1d, 0x14, 0x12, 0x20, 0x16, 0x1b, 0x90, 0x30, 0x37, 0x26, 0x10, 0x12, 0x11, 0x17, 0x80, 0x40, 0x15, 0x20, 0x1d, 0x10, 0x1a, 0x19, 0x1f, 0x1d, 0x70, 0x40, 0x17, 0x40, 0x15, 0x1d, 0x15, 0x1b, 0x70, 0x80, 0x15, 0x1a, 0x13, 0x22, 0x70, 0x60, 0x16, 0x10, 0x15, 0x21, 0x13, 0x12, 0x14, 0x60, 0x60, 0x13, 0x1b, 0x15, 0x1b, 0x18, 0x19, 0x16, 0x1b, 0x60, 0x60, 0x18, 0x10, 0x13, 0x11, 0x18, 0x10, 0x1b, 0x70, 0x60, 0x1a, 0x10, 0x19, 0x1c, 0x19, 0x16, 0x80, 0x60, 0x16, 0x10, 0x1c, 0x1a, 0x17, 0x12, 0x80, 0x60, 0x13, 0x10, 0x18, 0x13, 0x12, 0x18, 0x1f, 0x18, 0x60, 0x60, 0x19, 0x17, 0x12, 0x21, 0x13, 0x30, 0x18, 0x40, 0x60, 0x1a, 0x10, 0x23, 0x12, 0x1c,
0x1e, 0x70, 0x60, 0x15, 0x10, 0x11, 0x1d, 0x1e, 0x2c, 0x14, 0x60, 0x80, 0x19, 0x17, 0x1e, 0x1a, 0x1c, 0x18, 0x60, 0x70, 0x16, 0x18, 0x14, 0x16, 0x15, 0x21, 0x60, 0x70, 0x1a, 0x19, 0x15, 0x14, 0x20, 0x13, 0x1a, 0x50, 0x70, 0x11, 0x60, 0x12, 0x50, 0x50, 0x14, 0x11, 0x17, 0x10, 0x34, 0x80,
// Compressed size: 160 bytes original pixels: 12544 uint16_t → ~25088 bytes uncompressed)

// Svea / Svea Auraflow V0.3 033 S131431270 Th0.100 20 [Folder: Svea] - RLE compressed data (offset: 14104, size: 187)
0x90, 0x12, 0x16, 0x90, 0x80, 0x19, 0x22, 0x16, 0x80, 0x70, 0x16, 0x12, 0x1e, 0x19, 0x16, 0x80, 0x70, 0x19, 0x1e, 0x12, 0x17, 0x1d, 0x80, 0x50, 0x1c, 0x19, 0x11, 0x14, 0x17, 0x14, 0x1d, 0x12, 0x70, 0x60, 0x19, 0x14, 0x13, 0x1f, 0x14, 0x1e, 0x19, 0x70, 0x50, 0x1d, 0x19, 0x11, 0x14, 0x15, 0x18, 0x17, 0x16, 0x70, 0x60, 0x16, 0x17, 0x11, 0x12, 0x1a, 0x1e, 0x16, 0x19, 0x60, 0x60, 0x12, 0x11, 0x1a, 0x11, 0x17, 0x18, 0x19, 0x16, 0x60, 0x50, 0x16, 0x11, 0x10, 0x1c, 0x1e, 0x15, 0x1b, 0x12, 0x16, 0x60, 0x50, 0x1d, 0x14, 0x15, 0x27, 0x18, 0x17, 0x14, 0x16, 0x60, 0x40, 0x2c, 0x18, 0x14, 0x25, 0x1a, 0x1e, 0x11, 0x70, 0x40, 0x12, 0x1d, 0x17, 0x15, 0x17, 0x11, 0x12, 0x18, 0x14,
0x70, 0x30, 0x2c, 0x1d, 0x12, 0x11, 0x15, 0x1a, 0x11, 0x12, 0x13, 0x70, 0x30, 0x2c, 0x18, 0x10, 0x18, 0x13, 0x11, 0x15, 0x12, 0x80, 0x30, 0x12, 0x15, 0x10, 0x1a, 0x13, 0x14, 0x28, 0x1a, 0x80, 0x30, 0x11, 0x20, 0x15, 0x13, 0x11, 0x13, 0x1b, 0x1a, 0x80, 0x50, 0x2b, 0x13, 0x17, 0x13, 0x1b, 0x1a, 0x16, 0x70, 0x20, 0x24, 0x11, 0x1b, 0x23, 0x15, 0x13, 0x1b, 0x15, 0x19, 0x70, 0x10, 0x14, 0x21, 0x13, 0x18, 0x1b, 0x13, 0x15, 0x18, 0x13, 0x1b, 0x1a, 0x70,
// Compressed size: 187 bytes original pixels: 12544 uint16_t → ~25088 bytes uncompressed)

// Thea / Thea Auraflow V0.3 009 S1520269408 Th0.100 20 [Folder: Thea] - RLE compressed data (offset: 14291, size: 109)
0x90, 0x1c, 0x11, 0x90, 0x90, 0x18, 0x16, 0x90, 0x90, 0x18, 0x11, 0x90, 0x80, 0x1c, 0x1a, 0x12, 0x11, 0x80, 0x80, 0x11, 0x13, 0x1f, 0x13, 0x80, 0x80, 0x1c, 0x1e, 0x17, 0x14, 0x80, 0x70, 0x14, 0x10, 0x1b, 0x12, 0x90, 0x70, 0x1d, 0x13, 0x12, 0x19, 0x15, 0x16, 0x70, 0x80, 0x1d, 0x14, 0x15, 0x13, 0x12, 0x70, 0x80, 0x11, 0x1a, 0x17, 0x15, 0x1a, 0x70, 0x80, 0x19, 0x11, 0x14, 0x15, 0x80, 0x90, 0x1a, 0x17, 0x15, 0x80, 0x90, 0x1c, 0x16, 0x13, 0x80, 0x90, 0x14, 0x12, 0x16, 0x80, 0x90, 0x1b, 0x14, 0x16, 0x80, 0x80, 0x13, 0x1b, 0x29, 0x80, 0x80, 0x18, 0x17, 0x1b, 0x1e, 0x80, 0x80, 0x18, 0x17, 0x1d, 0x11, 0x80, 0x80, 0x11, 0x12, 0x18, 0x12, 0x80, 0xf0, 0x50,
// Compressed size: 109 bytes original pixels: 12544 uint16_t → ~25088 bytes uncompressed)

// Thryth / Thryth Auraflow V0.3 008 S2470927742 Th0.100 20 [Folder: Thryth] - RLE compressed data (offset: 14400, size: 197)
0x30, 0x1c, 0x16, 0x19, 0x1a, 0xd0, 0x30, 0x16, 0x2b, 0x30, 0x1b, 0x12, 0x90, 0x30, 0x1b, 0x21, 0x1b, 0x20, 0x12, 0x15, 0x16, 0x80, 0x40, 0x18, 0x16, 0x20, 0x1d, 0x12, 0x15, 0x11, 0x13, 0x1a, 0x60, 0x40, 0x1d, 0x15, 0x10, 0x19, 0x15, 0x21, 0x19, 0x1b, 0x1d, 0x60, 0x30, 0x18, 0x22, 0x16, 0x11, 0x12, 0x11, 0x17, 0x15, 0x12, 0x11, 0x1d, 0x50, 0x40, 0x17, 0x1c, 0x17, 0x16, 0x13, 0x17, 0x1c, 0x27, 0x19, 0x1b, 0x19, 0x40, 0x40, 0x12, 0x1a, 0x20, 0x1a, 0x16, 0x17, 0x12, 0x17, 0x10, 0x11, 0x1c, 0x40, 0x40, 0x1a, 0x30, 0x18, 0x15, 0x14, 0x11, 0x15, 0x10, 0x14, 0x12, 0x19, 0x30, 0x40, 0x1a, 0x20, 0x1c, 0x25, 0x11, 0x1e, 0x17, 0x10, 0x15, 0x1d, 0x17, 0x30, 0x50, 0x15, 0x12,
0x11, 0x14, 0x11, 0x1c, 0x14, 0x11, 0x10, 0x1d, 0x18, 0x40, 0x40, 0x14, 0x10, 0x17, 0x34, 0x15, 0x14, 0x1c, 0x14, 0x11, 0x13, 0x40, 0x50, 0x11, 0x12, 0x1e, 0x11, 0x24, 0x15, 0x13, 0x18, 0x60, 0x50, 0x26, 0x18, 0x12, 0x24, 0x16, 0x18, 0x13, 0x60, 0x50, 0x22, 0x14, 0x15, 0x20, 0x1a, 0x17, 0x18, 0x60, 0x50, 0x13, 0x19, 0x18, 0x13, 0x20, 0x18, 0x1f, 0x18, 0x16, 0x50, 0x50, 0x1a, 0x19, 0x18, 0x13, 0x30, 0x23, 0x60, 0x50, 0x12, 0x11, 0x13, 0x16, 0x30, 0x19, 0x13, 0x60, 0x50, 0x33, 0x50, 0x1e, 0x60, 0xf0, 0x50,
// Compressed size: 197 bytes original pixels: 12544 uint16_t → ~25088 bytes uncompressed)

// Tuva / Tuva Auraflow V0.3 005 S3839269024 Th0.100 20 [Folder: Tuva] - RLE compressed data (offset: 14597, size: 196)
0xf0, 0x50, 0x40, 0x25, 0x14, 0x2e, 0x14, 0x1e, 0x90, 0x40, 0x15, 0x14, 0x15, 0x14, 0x17, 0x11, 0x14, 0x90, 0x50, 0x2c, 0x14, 0x18, 0x15, 0x14, 0x90, 0x40, 0x1c, 0x2e, 0x15, 0x1d, 0x11, 0x1f, 0x90, 0x20, 0x15, 0x1e, 0x14, 0x1e, 0x15, 0x26, 0x13, 0x17, 0x1d, 0x80, 0x40, 0x14, 0x15, 0x18, 0x23, 0x22, 0x11, 0x80, 0x40, 0x1e, 0x1f, 0x19, 0x1d, 0x13, 0x19, 0x13, 0x18, 0x80, 0x30, 0x1f, 0x1c, 0x16, 0x11, 0x17, 0x22, 0x13, 0x1a, 0x80, 0x40, 0x16, 0x1c, 0x11, 0x15, 0x10, 0x16, 0x1b, 0x12, 0x1d, 0x14, 0x30, 0x1f, 0x20, 0x30, 0x1c, 0x16, 0x18, 0x17, 0x10, 0x1d, 0x19, 0x13, 0x18, 0x10, 0x23, 0x14, 0x1a, 0x30, 0x20, 0x1c, 0x10, 0x27, 0x10, 0x15, 0x32, 0x13, 0x16, 0x20, 0x19,
0x40, 0x40, 0x11, 0x16, 0x14, 0x18, 0x12, 0x19, 0x1d, 0x1b, 0x1f, 0x10, 0x17, 0x50, 0x30, 0x26, 0x20, 0x22, 0x2b, 0x1a, 0x1b, 0x10, 0x1c, 0x50, 0x30, 0x1c, 0x20, 0x1a, 0x17, 0x19, 0x1d, 0x19, 0x21, 0x1b, 0x60, 0x60, 0x3b, 0x23, 0x18, 0x19, 0x70, 0x50, 0x11, 0x18, 0x16, 0x1d, 0x12, 0x1d, 0x11, 0x16, 0x70, 0x40, 0x15, 0x11, 0x19, 0x28, 0x13, 0x1b, 0x1a, 0x17, 0x70, 0x30, 0x11, 0x22, 0x18, 0x1a, 0x17, 0x18, 0x11, 0x1a, 0x11, 0x17, 0x60, 0x30, 0x1a, 0x19, 0x2f, 0x11, 0x1a, 0x19, 0x1a, 0x17, 0x1f, 0x70,
// Compressed size: 196 bytes original pixels: 12544 uint16_t → ~25088 bytes uncompressed)

// Valentine / Valentine Auraflow V0.3 006 S228085498 Th0.100 20 [Folder: Valentine] - RLE compressed data (offset: 14793, size: 194)
0xb0, 0x11, 0x1a, 0x70, 0xa0, 0x1b, 0x12, 0x1a, 0x70, 0x80, 0x17, 0x13, 0x15, 0x14, 0x17, 0x70, 0x80, 0x17, 0x14, 0x19, 0x14, 0x11, 0x1e, 0x60, 0x70, 0x26, 0x11, 0x12, 0x19, 0x13, 0x17, 0x60, 0x90, 0x11, 0x13, 0x15, 0x12, 0x18, 0x60, 0x50, 0x15, 0x10, 0x12, 0x15, 0x16, 0x10, 0x1d, 0x17, 0x15, 0x60, 0xa0, 0x17, 0x11, 0x12, 0x1a, 0x60, 0xa0, 0x2b, 0x14, 0x21, 0x50, 0x60, 0x16, 0x30, 0x18, 0x11, 0x22, 0x1a, 0x50, 0x90, 0x28, 0x15, 0x14, 0x18, 0x60, 0x90, 0x13, 0x11, 0x23, 0x12, 0x13, 0x50, 0x80, 0x1a, 0x11, 0x23, 0x14, 0x12, 0x13, 0x10, 0x16, 0x30, 0x70, 0x11, 0x13, 0x2d, 0x14, 0x18, 0x12, 0x1b, 0x10, 0x16, 0x30, 0x30, 0x16, 0x1c, 0x10, 0x14, 0x25, 0x18, 0x13, 0x17,
0x1a, 0x12, 0x11, 0x14, 0x16, 0x30, 0x20, 0x16, 0x39, 0x14, 0x18, 0x15, 0x1c, 0x11, 0x25, 0x12, 0x1d, 0x18, 0x40, 0x10, 0x17, 0x10, 0x1d, 0x1b, 0x19, 0x13, 0x11, 0x18, 0x11, 0x15, 0x12, 0x11, 0x13, 0x18, 0x1b, 0x17, 0x30, 0x10, 0x1e, 0x19, 0x12, 0x1c, 0x19, 0x18, 0x12, 0x1a, 0x1b, 0x15, 0x1b, 0x1d, 0x13, 0x12, 0x11, 0x1a, 0x17, 0x20, 0x10, 0x1c, 0x17, 0x12, 0x13, 0x19, 0x24, 0x19, 0x1c, 0x11, 0x17, 0x14, 0x19, 0x17, 0x14, 0x1c, 0x1a, 0x20, 0x50, 0x1e, 0x11, 0x36, 0x1e, 0x16, 0x15, 0x70,
// Compressed size: 194 bytes original pixels: 12544 uint16_t → ~25088 bytes uncompressed)

// Wilma / Wilma Auraflow V0.3 027 S1647033594 Th0.100 20 [Folder: Wilma] - RLE compressed data (offset: 14987, size: 135)
0xf0, 0x50, 0x90, 0x14, 0x1c, 0x90, 0x90, 0x13, 0x1c, 0x90, 0x80, 0x16, 0x15, 0x13, 0x10, 0x1a, 0x70, 0x80, 0x21, 0x18, 0x10, 0x1d, 0x70, 0x70, 0x1d, 0x24, 0x1a, 0x10, 0x1a, 0x70, 0x70, 0x16, 0x10, 0x27, 0x10, 0x14, 0x70, 0x80, 0x13, 0x1b, 0x15, 0x16, 0x15, 0x70, 0x80, 0x1e, 0x15, 0x14, 0x10, 0x17, 0x70, 0x80, 0x11, 0x12, 0x1e, 0x1d, 0x19, 0x70, 0x70, 0x12, 0x11, 0x1b, 0x1a, 0x18, 0x13, 0x70, 0x70, 0x1b, 0x12, 0x19, 0x1c, 0x19, 0x11, 0x70, 0x70, 0x17, 0x1a, 0x11, 0x17, 0x15, 0x19, 0x70, 0x60, 0x23, 0x16, 0x19, 0x17, 0x18, 0x13, 0x70, 0x50, 0x1a, 0x14, 0x16, 0x12, 0x11, 0x17, 0x2b, 0x70, 0x50, 0x11, 0x1b, 0x14, 0x16, 0x18, 0x16, 0x15, 0x18, 0x70, 0x50, 0x11, 0x14,
0x13, 0x19, 0x17, 0x12, 0x10, 0x18, 0x70, 0x60, 0x22, 0x11, 0x25, 0x10, 0x12, 0x70, 0x80, 0x18, 0x10, 0x16, 0x1e, 0x12, 0x70, 0xf0, 0x50,
// Compressed size: 135 bytes original pixels: 12544 uint16_t → ~25088 bytes uncompressed)

// Winifred / Winifred Auraflow V0.3 010 S4264381568 Th0.100 20 [Folder: Winifred] - RLE compressed data (offset: 15122, size: 141)
0xf0, 0x50, 0xf0, 0x50, 0xf0, 0x50, 0xf0, 0x50, 0xf0, 0x50, 0x60, 0x18, 0x1c, 0x15, 0x1d, 0x19, 0x90, 0x70, 0x22, 0x1c, 0x1b, 0x90, 0x70, 0x1d, 0x1a, 0x14, 0x17, 0x16, 0x80, 0x60, 0x16, 0x12, 0x14, 0x20, 0x19, 0x80, 0x60, 0x19, 0x15, 0x14, 0x18, 0xa0, 0x60, 0x16, 0x18, 0x14, 0x18, 0x17, 0x14, 0x1b, 0x70, 0x60, 0x17, 0x1b, 0x14, 0x18, 0x1c, 0x90, 0x60, 0x17, 0x1e, 0x12, 0x11, 0x13, 0x14, 0x80, 0x70, 0x12, 0x11, 0x13, 0x1b, 0x18, 0x80, 0x60, 0x16, 0x15, 0x21, 0x16, 0x90, 0x50, 0x16, 0x15, 0x1e, 0x11, 0x12, 0x23, 0x80, 0x50, 0x1d, 0x2a, 0x31, 0x22, 0x19, 0x60, 0x40, 0x17, 0x12, 0x11, 0x12, 0x13, 0x11, 0x1a, 0x11, 0x1e, 0x12, 0x11, 0x17, 0x40, 0x10, 0x14, 0x18, 0x13,
0x15, 0x12, 0x11, 0x1c, 0x1a, 0x21, 0x1a, 0x13, 0x21, 0x19, 0x16, 0x14, 0x20, 0x1c, 0x25, 0x13, 0x14, 0x12, 0x17, 0x13, 0x19, 0x23, 0x25, 0x1a, 0x1d, 0x15, 0x19, 0x1b, 0x20,
// Compressed size: 141 bytes original pixels: 12544 uint16_t → ~25088 bytes uncompressed)

// Winston / Winston Auraflow V0.3 031 S3261743678 Th0.100 20 [Folder: Winston] - RLE compressed data (offset: 15263, size: 164)
0xf0, 0x50, 0x90, 0x13, 0x1c, 0x90, 0x90, 0x14, 0x15, 0x40, 0x1b, 0x1a, 0x30, 0x80, 0x13, 0x17, 0x1b, 0x1d, 0x30, 0x1b, 0x1c, 0x30, 0x70, 0x13, 0x11, 0x1c, 0x22, 0x20, 0x12, 0x1b, 0x12, 0x30, 0x70, 0x15, 0x16, 0x13, 0x11, 0x1d, 0x1b, 0x20, 0x1c, 0x1a, 0x30, 0x60, 0x2e, 0x12, 0x15, 0x1a, 0x1c, 0x1a, 0x20, 0x1a, 0x40, 0x60, 0x29, 0x16, 0x1d, 0x14, 0x1c, 0x11, 0x1b, 0x12, 0x11, 0x40, 0x60, 0x19, 0x14, 0x18, 0x21, 0x12, 0x18, 0x10, 0x16, 0x1d, 0x40, 0x70, 0x19, 0x28, 0x22, 0x13, 0x20, 0x17, 0x40, 0x70, 0x21, 0x14, 0x1a, 0x13, 0x11, 0x20, 0x11, 0x40, 0x70, 0x1a, 0x14, 0x17, 0x13, 0x14, 0x30, 0x17, 0x40, 0x60, 0x19, 0x13, 0x17, 0x19, 0x16, 0x1d, 0x30, 0x18, 0x40, 0x60,
0x1a, 0x13, 0x16, 0x12, 0x17, 0x15, 0x16, 0x20, 0x19, 0x40, 0x60, 0x25, 0x17, 0x15, 0x24, 0x12, 0x20, 0x13, 0x40, 0x60, 0x16, 0x17, 0x18, 0x14, 0x13, 0x11, 0x12, 0x70, 0x30, 0x1e, 0x26, 0x15, 0x38, 0x13, 0x11, 0x80, 0x50, 0x11, 0x15, 0x11, 0x14, 0x13, 0x10, 0x17, 0x19, 0x20, 0x12, 0x40, 0xf0, 0x50, 0xf0, 0x50,
// Compressed size: 164 bytes original pixels: 12544 uint16_t → ~25088 bytes uncompressed)

// Wulfstan / Wulfstan Auraflow V0.3 004 S2718788170 Th0.100 20 [Folder: Wulfstan] - RLE compressed data (offset: 15427, size: 153)
0xa0, 0x11, 0x90, 0x90, 0x1e, 0x21, 0x80, 0x90, 0x14, 0x12, 0x11, 0x80, 0x70, 0x19, 0x14, 0x17, 0x12, 0x1a, 0x11, 0x70, 0x60, 0x11, 0x29, 0x16, 0x1a, 0x1d, 0x1b, 0x14, 0x60, 0x60, 0x13, 0x28, 0x1b, 0x15, 0x11, 0x15, 0x12, 0x60, 0x60, 0x1c, 0x1d, 0x1e, 0x1a, 0x11, 0x16, 0x17, 0x13, 0x60, 0x60, 0x13, 0x10, 0x16, 0x12, 0x14, 0x11, 0x1c, 0x13, 0x60, 0x50, 0x13, 0x14, 0x13, 0x12, 0x1f, 0x15, 0x18, 0x13, 0x18, 0x13, 0x50, 0x50, 0x13, 0x16, 0x19, 0x1b, 0x2a, 0x15, 0x22, 0x11, 0x50, 0x60, 0x1a, 0x16, 0x27, 0x14, 0x1b, 0x15, 0x70, 0x60, 0x17, 0x14, 0x16, 0x1c, 0x11, 0x27, 0x19, 0x60, 0x70, 0x16, 0x25, 0x11, 0x18, 0x11, 0x70, 0x70, 0x15, 0x18, 0x16, 0x14, 0x19, 0x15, 0x70,
0x60, 0x16, 0x19, 0x17, 0x18, 0x1d, 0x1b, 0x1d, 0x70, 0x70, 0x18, 0x1b, 0x13, 0x14, 0x17, 0x1b, 0x70, 0x60, 0x1c, 0x18, 0x12, 0x20, 0x12, 0x14, 0x19, 0x60, 0x70, 0x11, 0x40, 0x12, 0x70, 0x70, 0x12, 0x40, 0x15, 0x70, 0x60, 0x1c, 0x60, 0x1a, 0x60,
// Compressed size: 153 bytes original pixels: 12544 uint16_t → ~25088 bytes uncompressed)

// Yuuko / Yuuko Auraflow V0.3 002 S736991775 Th0.100 20 [Folder: Yuuko] - RLE compressed data (offset: 15580, size: 127)
0x90, 0x15, 0xa0, 0x80, 0x24, 0x15, 0x90, 0x80, 0x24, 0x1b, 0x19, 0x80, 0x60, 0x19, 0x24, 0x12, 0x1c, 0x15, 0x80, 0x50, 0x14, 0x10, 0x1f, 0x10, 0x11, 0xa0, 0x80, 0x1f, 0x19, 0x17, 0x90, 0x70, 0x12, 0x13, 0x11, 0x1e, 0x17, 0x80, 0x80, 0x12, 0x16, 0x19, 0x1c, 0x80, 0x90, 0x1f, 0x12, 0x1b, 0x80, 0x50, 0x1a, 0x1c, 0x1a, 0x11, 0x1e, 0x14, 0x1b, 0x80, 0x60, 0x11, 0x1d, 0x11, 0x16, 0x1a, 0x17, 0x15, 0x70, 0x50, 0x1a, 0x18, 0x11, 0x1d, 0x11, 0x18, 0x11, 0x17, 0x70, 0x50, 0x16, 0x28, 0x13, 0x1d, 0x18, 0x1a, 0x17, 0x70, 0x60, 0x23, 0x16, 0x13, 0x18, 0x1e, 0x11, 0x13, 0x60, 0x70, 0x13, 0x16, 0x13, 0x16, 0x12, 0x17, 0x70, 0x80, 0x12, 0x1b, 0x12, 0x90, 0x70, 0x15, 0x20, 0x12,
0x90, 0x60, 0x15, 0x19, 0x20, 0x1b, 0x90, 0x60, 0x15, 0x30, 0x16, 0x1c, 0x80, 0xf0, 0x50,
// Compressed size: 127 bytes original pixels: 12544 uint16_t → ~25088 bytes uncompressed)

// Total data size: 15712 bytes
