// RLE data generated from ../assets_processed/creatures/deployable (recursive scan)
// Data is concatenated sequentially

// ABOLETH / Aboleth Auraflow V0.3 000 S1559034388 Th0.100 20 [Folder: ABOLETH] - RLE compressed data (offset: 0, size: 246)
0xfe, 0x5e, 0x7e, 0x20, 0x31, 0x8e, 0x6e, 0x20, 0x12, 0x21, 0x12, 0x14, 0x7e, 0x5e, 0x12, 0x10, 0x18, 0x24, 0x11, 0x16, 0x12, 0x11, 0x14, 0x5e, 0x3e, 0x1a, 0x1e, 0x1f, 0x12, 0x18, 0x1d, 0x22, 0x18, 0x17, 0x14, 0x15, 0x16, 0x15, 0x13, 0x2e, 0x5e, 0x13, 0x10, 0x18, 0x16, 0x18, 0x17, 0x1a, 0x1b, 0x18, 0x24, 0x19, 0x1e, 0x12, 0x1e, 0x4e, 0x10, 0x13, 0x12, 0x18, 0x2c, 0x1f, 0x14, 0x1f, 0x1a, 0x2c, 0x16, 0x1e, 0x12, 0x1e, 0x3e, 0x10, 0x15, 0x1d, 0x11, 0x1d, 0x19, 0x1d, 0x18, 0x11, 0x1c, 0x13, 0x1c, 0x26, 0x13, 0x2e, 0x3e, 0x14, 0x2e, 0x13, 0x3d, 0x18, 0x12, 0x1d, 0x1a, 0x15, 0x1c, 0x13, 0x18, 0x2e, 0x2e, 0x10, 0x3e, 0x16, 0x1d, 0x1e, 0x1a, 0x1d, 0x16, 0x14, 0x1a, 0x19,
0x10, 0x1b, 0x15, 0x2e, 0x2e, 0x10, 0x3e, 0x13, 0x1b, 0x1e, 0x2d, 0x18, 0x11, 0x15, 0x19, 0x18, 0x13, 0x1c, 0x16, 0x1e, 0x2e, 0x11, 0x1e, 0x17, 0x3e, 0x19, 0x1e, 0x1c, 0x1e, 0x1c, 0x17, 0x11, 0x1a, 0x18, 0x1c, 0x13, 0x1e, 0x2e, 0x1a, 0x3e, 0x11, 0x1e, 0x1a, 0x1e, 0x1c, 0x1e, 0x1b, 0x1a, 0x15, 0x11, 0x2a, 0x15, 0x1e, 0x2e, 0x19, 0x10, 0x2e, 0x15, 0x1e, 0x1c, 0x1e, 0x16, 0x2e, 0x1c, 0x1e, 0x1f, 0x10, 0x1a, 0x1c, 0x1e, 0x4e, 0x1a, 0x2e, 0x1a, 0x1e, 0x15, 0x4e, 0x2c, 0x1a, 0x17, 0x1b, 0x1e, 0x2e, 0x22, 0x1e, 0x19, 0x1a, 0x1e, 0x14, 0x3e, 0x16, 0x1b, 0x15, 0x1c, 0x1b, 0x15, 0x1b, 0x1e, 0x1e, 0x18, 0x1e, 0x19, 0x25, 0x12, 0x1a, 0x6e, 0x18, 0x19, 0x1b, 0x19, 0x2e, 0x1e,
0x1a, 0x7e, 0x15, 0x11, 0x2e, 0x11, 0x1e, 0x19, 0x1a, 0x16, 0x2e, 0x2e, 0x2b, 0x15, 0x1e, 0x13, 0x4e, 0x16, 0x1b, 0x7e, 0xfe, 0x5e,
// Compressed size: 246 bytes original pixels: 12544 uint16_t → ~25088 bytes uncompressed)

// ADZE / Adze Auraflow V0.3 000 S73179197 Th0.100 20 [Folder: ADZE] - RLE compressed data (offset: 246, size: 145)
0xfe, 0x5e, 0x7e, 0x14, 0x11, 0x7e, 0x11, 0x3e, 0x6e, 0x18, 0x1b, 0x17, 0x5e, 0x1c, 0x5e, 0x5e, 0x29, 0x2d, 0x10, 0xae, 0x5e, 0x10, 0x1d, 0x17, 0x1d, 0x14, 0x1b, 0x1c, 0x8e, 0x7e, 0x1b, 0x2f, 0x1c, 0x14, 0x8e, 0x5e, 0x15, 0x1e, 0x1a, 0x1c, 0x19, 0x1b, 0x1a, 0x14, 0x7e, 0x6e, 0x19, 0x13, 0x1b, 0x1a, 0x1b, 0x14, 0x1b, 0x7e, 0x4e, 0x15, 0x3e, 0x12, 0x1b, 0x18, 0x1b, 0x11, 0x1e, 0x14, 0x5e, 0x3e, 0x20, 0x4e, 0x17, 0x1d, 0x2a, 0x1c, 0x1e, 0x17, 0x4e, 0x6e, 0x12, 0x16, 0x18, 0x1c, 0x17, 0x18, 0x8e, 0x9e, 0x14, 0x1c, 0x1a, 0x16, 0x3e, 0x16, 0x3e, 0x7e, 0x18, 0x1e, 0x19, 0x15, 0x1e, 0x17, 0x4e, 0x1a, 0x2e, 0x7e, 0x1b, 0x1e, 0x1b, 0x2e, 0x12, 0x4e, 0x15, 0x2e, 0x7e, 0x18,
0x3e, 0x15, 0x17, 0x1e, 0x1a, 0x5e, 0x7e, 0x18, 0x3e, 0x19, 0x15, 0x7e, 0xbe, 0x18, 0x1f, 0x2e, 0x1a, 0x15, 0x12, 0x2e, 0x5e, 0x23, 0x6e, 0x1f, 0x6e, 0xce, 0x11, 0x1e, 0x16, 0x5e, 0xce, 0x11, 0x7e,
// Compressed size: 145 bytes original pixels: 12544 uint16_t → ~25088 bytes uncompressed)

// AEON / Aeon Auraflow V0.3 000 S1530057464 Th0.100 20 [Folder: AEON] - RLE compressed data (offset: 391, size: 122)
0xfe, 0x5e, 0x8e, 0x18, 0x10, 0xae, 0x7e, 0x11, 0x1e, 0x11, 0x20, 0x8e, 0x7e, 0x18, 0x10, 0x13, 0x21, 0x8e, 0x7e, 0x11, 0x10, 0x17, 0x11, 0x9e, 0x8e, 0x15, 0x17, 0x12, 0x9e, 0x7e, 0x11, 0x2c, 0x11, 0x9e, 0x7e, 0x1b, 0x11, 0x1d, 0x17, 0x12, 0x8e, 0x7e, 0x1d, 0x11, 0x1d, 0x11, 0x14, 0x8e, 0x8e, 0x1c, 0x1d, 0x15, 0x16, 0x8e, 0x8e, 0x1b, 0x2c, 0x1f, 0x11, 0x7e, 0x8e, 0x19, 0x2c, 0x1b, 0x8e, 0x8e, 0x1a, 0x1c, 0x17, 0x19, 0x8e, 0x8e, 0x1a, 0x1c, 0x16, 0x15, 0x8e, 0x8e, 0x18, 0x2d, 0x1b, 0x11, 0x7e, 0x8e, 0x19, 0x1c, 0x18, 0x1b, 0x11, 0x7e, 0x8e, 0x13, 0x1d, 0x1b, 0x17, 0x1b, 0x7e, 0x7e, 0x17, 0x1c, 0x1b, 0x1d, 0x1f, 0x16, 0x7e, 0x6e, 0x27, 0x1a, 0x2d, 0x1b, 0x12, 0x17,
0x6e, 0x4e, 0x17, 0x1c, 0x1a, 0x17, 0x3d, 0x1e, 0x1d, 0x7e,
// Compressed size: 122 bytes original pixels: 12544 uint16_t → ~25088 bytes uncompressed)

// AKKOROKAMUI / Akkorokamui Auraflow V0.3 000 S682663308 Th0.100 20 [Folder: AKKOROKAMUI] - RLE compressed data (offset: 513, size: 190)
0xfe, 0x5e, 0xfe, 0x5e, 0x6e, 0x23, 0x6e, 0x15, 0x11, 0x10, 0x11, 0x2e, 0x2e, 0x17, 0x10, 0x11, 0x10, 0x11, 0x10, 0x16, 0x10, 0x11, 0x5e, 0x1a, 0x10, 0x2e, 0x1e, 0x11, 0x15, 0x1b, 0x12, 0x1d, 0x11, 0x1b, 0x11, 0x14, 0x7e, 0x2a, 0x1e, 0x1e, 0x1d, 0x18, 0x1e, 0x1b, 0x12, 0x1b, 0x17, 0x1b, 0x13, 0x1a, 0x11, 0x5e, 0x11, 0x16, 0x1e, 0x5e, 0x18, 0x1b, 0x19, 0x1b, 0x1d, 0x11, 0x1a, 0x5e, 0x12, 0x16, 0x1e, 0x5e, 0x1c, 0x1d, 0x1b, 0x1d, 0x1b, 0x1d, 0x13, 0x18, 0x2e, 0x11, 0x17, 0x15, 0x1c, 0x1e, 0x5e, 0x28, 0x17, 0x1b, 0x11, 0x1d, 0x1a, 0x12, 0x17, 0x10, 0x16, 0x19, 0x1f, 0x1c, 0x1e, 0x5e, 0x10, 0x1c, 0x18, 0x1d, 0x1b, 0x17, 0x18, 0x14, 0x1a, 0x16, 0x19, 0x18, 0x16, 0x2e,
0x4e, 0x1c, 0x1e, 0x18, 0x14, 0x1b, 0x1d, 0x17, 0x1d, 0x19, 0x17, 0x13, 0x1d, 0x17, 0x1d, 0x2e, 0x4e, 0x11, 0x2e, 0x18, 0x3d, 0x1a, 0x1e, 0x1d, 0x1c, 0x17, 0x1e, 0x11, 0x2e, 0x3e, 0x1c, 0x4e, 0x18, 0x1c, 0x18, 0x2d, 0x2a, 0x5e, 0x3e, 0x12, 0x2e, 0x18, 0x23, 0x18, 0x1e, 0x18, 0x14, 0x5e, 0x13, 0x1e, 0x3e, 0x17, 0x16, 0x1e, 0x17, 0x2e, 0x17, 0x1e, 0x13, 0x17, 0x5e, 0x14, 0x1e, 0x3e, 0x13, 0x18, 0xfe, 0x4e, 0x17, 0x1c, 0x13, 0xde, 0xfe, 0x5e, 0xfe, 0x5e, 0xfe, 0x5e,
// Compressed size: 190 bytes original pixels: 12544 uint16_t → ~25088 bytes uncompressed)

// ALP / Alp Auraflow V0.3 000 S1298774861 Th0.100 20 [Folder: ALP] - RLE compressed data (offset: 703, size: 166)
0xff, 0x5f, 0xff, 0x5f, 0x9f, 0x15, 0x14, 0x13, 0x8f, 0x7f, 0x18, 0x13, 0x17, 0x14, 0x18, 0x1a, 0x13, 0x6f, 0x6f, 0x18, 0x2b, 0x16, 0x1e, 0x2a, 0x13, 0x6f, 0x6f, 0x18, 0x1c, 0x1e, 0x15, 0x19, 0x1d, 0x19, 0x18, 0x6f, 0x6f, 0x1b, 0x2c, 0x1e, 0x1c, 0x1e, 0x1c, 0x1e, 0x6f, 0x5f, 0x16, 0x1b, 0x18, 0x2e, 0x2d, 0x1b, 0x15, 0x1b, 0x5f, 0x4f, 0x11, 0x19, 0x1f, 0x13, 0x15, 0x13, 0x1e, 0x1b, 0x2f, 0x1d, 0x17, 0x4f, 0x4f, 0x13, 0x11, 0x1f, 0x14, 0x1e, 0x1d, 0x2e, 0x2f, 0x19, 0x1a, 0x19, 0x3f, 0x4f, 0x13, 0x2f, 0x1a, 0x1c, 0x1e, 0x1a, 0x1d, 0x11, 0x2f, 0x1c, 0x1b, 0x3f, 0x4f, 0x16, 0x2f, 0x1a, 0x1d, 0x1b, 0x1c, 0x1d, 0x19, 0x1f, 0x14, 0x2f, 0x18, 0x2f, 0x3f, 0x14, 0x1f, 0x17,
0x11, 0x1a, 0x15, 0x18, 0x1a, 0x1b, 0x18, 0x29, 0x5f, 0x3f, 0x15, 0x1f, 0x18, 0x16, 0x17, 0x1f, 0x15, 0x1a, 0x19, 0x18, 0x19, 0x6f, 0x6f, 0x14, 0x16, 0x2f, 0x15, 0x16, 0x15, 0x7f, 0x7f, 0x11, 0x14, 0x2f, 0x12, 0x19, 0x7f, 0x8f, 0x13, 0x3f, 0x11, 0x15, 0x6f, 0x8f, 0x12, 0x11, 0x3f, 0x14, 0x6f, 0xcf, 0x11, 0x7f, 0xff, 0x5f,
// Compressed size: 166 bytes original pixels: 12544 uint16_t → ~25088 bytes uncompressed)

// ALRAUNE / Alraune Auraflow V0.3 000 S1391722549 Th0.100 20 [Folder: ALRAUNE] - RLE compressed data (offset: 869, size: 211)
0xfe, 0x5e, 0x7e, 0x13, 0x17, 0x10, 0x14, 0x9e, 0x5e, 0x12, 0x3e, 0x11, 0x25, 0x11, 0x14, 0x16, 0x1e, 0x19, 0x3e, 0x6e, 0x1b, 0x10, 0x12, 0x1a, 0x1c, 0x17, 0x1f, 0x18, 0x11, 0x17, 0x4e, 0x6e, 0x23, 0x19, 0x17, 0x13, 0x1f, 0x3b, 0x5e, 0x5e, 0x19, 0x14, 0x29, 0x2d, 0x1f, 0x13, 0x1c, 0x15, 0x17, 0x4e, 0x5e, 0x17, 0x1d, 0x1e, 0x1b, 0x2d, 0x1c, 0x1b, 0x19, 0x1c, 0x10, 0x4e, 0x4e, 0x16, 0x1b, 0x2e, 0x1c, 0x3d, 0x18, 0x1e, 0x19, 0x1b, 0x4e, 0x4e, 0x13, 0x1d, 0x17, 0x11, 0x17, 0x1a, 0x1b, 0x1d, 0x2e, 0x11, 0x16, 0x4e, 0x3e, 0x13, 0x2a, 0x1e, 0x1a, 0x2c, 0x16, 0x1a, 0x3e, 0x1a, 0x10, 0x3e, 0x3e, 0x15, 0x1a, 0x2e, 0x19, 0x1d, 0x1a, 0x1c, 0x1a, 0x3e, 0x11, 0x13, 0x3e, 0x2e,
0x16, 0x24, 0x2e, 0x14, 0x15, 0x3c, 0x16, 0x3e, 0x27, 0x2e, 0x2e, 0x15, 0x1b, 0x3e, 0x19, 0x15, 0x1c, 0x10, 0x19, 0x1c, 0x15, 0x2e, 0x1a, 0x15, 0x2e, 0x2e, 0x11, 0x15, 0x13, 0x2e, 0x16, 0x15, 0x2e, 0x1c, 0x1e, 0x13, 0x2e, 0x16, 0x12, 0x2e, 0x3e, 0x2a, 0x14, 0x2e, 0x12, 0x1e, 0x1d, 0x1e, 0x10, 0x1a, 0x2e, 0x1b, 0x10, 0x2e, 0x2e, 0x11, 0x12, 0x29, 0x10, 0x16, 0x13, 0x3e, 0x19, 0x16, 0x1e, 0x11, 0x16, 0x3e, 0x3e, 0x14, 0x11, 0x13, 0x1e, 0x26, 0x5e, 0x1a, 0x2e, 0x11, 0x2e, 0x5e, 0x16, 0x10, 0x19, 0x4e, 0x19, 0x10, 0x3e, 0x10, 0x2e, 0x7e, 0x10, 0x5e, 0x23, 0x5e, 0x7e, 0x14, 0x7e, 0x19, 0x4e,
// Compressed size: 211 bytes original pixels: 12544 uint16_t → ~25088 bytes uncompressed)

// ALUX / Alux Auraflow V0.3 000 S3131267055 Th0.100 20 [Folder: ALUX] - RLE compressed data (offset: 1080, size: 189)
0xfe, 0x5e, 0x9e, 0x13, 0xae, 0x7e, 0x10, 0x2e, 0x15, 0x11, 0x8e, 0x5e, 0x11, 0x14, 0x11, 0x1d, 0x12, 0x19, 0x13, 0x11, 0x7e, 0x5e, 0x22, 0x17, 0x13, 0x19, 0x1c, 0x14, 0x2a, 0x6e, 0x6e, 0x13, 0x1c, 0x13, 0x11, 0x15, 0x13, 0x1c, 0x17, 0x15, 0x5e, 0x7e, 0x16, 0x1c, 0x18, 0x1a, 0x18, 0x1b, 0x16, 0x1c, 0x5e, 0x6e, 0x10, 0x15, 0x19, 0x17, 0x1d, 0x18, 0x1b, 0x1a, 0x1c, 0x5e, 0x7e, 0x2a, 0x1b, 0x15, 0x1f, 0x1a, 0x17, 0x12, 0x5e, 0x8e, 0x11, 0x15, 0x18, 0x15, 0x19, 0x1c, 0x25, 0x4e, 0x7e, 0x11, 0x16, 0x2a, 0x18, 0x1d, 0x15, 0x16, 0x5e, 0x6e, 0x13, 0x2c, 0x18, 0x1d, 0x1a, 0x17, 0x1e, 0x1c, 0x5e, 0x6e, 0x13, 0x1e, 0x13, 0x15, 0x11, 0x14, 0x19, 0x1c, 0x16, 0x1d, 0x1b, 0x3e,
0x4e, 0x1a, 0x1e, 0x19, 0x1e, 0x1d, 0x17, 0x1c, 0x1a, 0x1f, 0x17, 0x12, 0x1b, 0x4e, 0x4e, 0x1a, 0x10, 0x2e, 0x1b, 0x19, 0x15, 0x1d, 0x13, 0x1b, 0x17, 0x1d, 0x4e, 0x4e, 0x15, 0x18, 0x19, 0x11, 0x1d, 0x1c, 0x19, 0x1d, 0x11, 0x1e, 0x1b, 0x1d, 0x4e, 0x4e, 0x11, 0x29, 0x1e, 0x17, 0x1b, 0x1d, 0x1b, 0x1a, 0x16, 0x17, 0x5e, 0x4e, 0x15, 0x18, 0x2e, 0x1d, 0x1e, 0x13, 0x1e, 0x17, 0x18, 0x6e, 0x6e, 0x11, 0x16, 0x17, 0x1c, 0x1b, 0x15, 0x11, 0x1d, 0x15, 0x5e, 0xfe, 0x5e,
// Compressed size: 189 bytes original pixels: 12544 uint16_t → ~25088 bytes uncompressed)

// AMMIT / Ammit Auraflow V0.3 000 S3732071614 Th0.100 20 [Folder: AMMIT] - RLE compressed data (offset: 1269, size: 236)
0xfe, 0x5e, 0x7e, 0x20, 0x1e, 0x12, 0x9e, 0x2e, 0x17, 0x2e, 0x10, 0x14, 0x12, 0x15, 0x12, 0x11, 0x15, 0x11, 0x7e, 0x2e, 0x18, 0x10, 0x13, 0x18, 0x1d, 0x18, 0x1c, 0x16, 0x15, 0x1a, 0x1c, 0x16, 0x6e, 0x2e, 0x12, 0x15, 0x17, 0x1d, 0x14, 0x18, 0x15, 0x18, 0x23, 0x1a, 0x41, 0x3e, 0x2e, 0x1f, 0x25, 0x12, 0x10, 0x19, 0x1b, 0x1a, 0x16, 0x19, 0x1a, 0x11, 0x1a, 0x16, 0x21, 0x2e, 0x1e, 0x12, 0x13, 0x11, 0x1d, 0x17, 0x15, 0x1d, 0x3b, 0x17, 0x16, 0x10, 0x36, 0x13, 0x2e, 0x1e, 0x21, 0x16, 0x15, 0x12, 0x10, 0x1d, 0x1c, 0x18, 0x1b, 0x19, 0x14, 0x16, 0x1a, 0x12, 0x11, 0x13, 0x12, 0x1e, 0x10, 0x1f, 0x13, 0x11, 0x2f, 0x17, 0x16, 0x1b, 0x1c, 0x19, 0x22, 0x13, 0x18, 0x15, 0x13, 0x1c,
0x2e, 0x20, 0x16, 0x1e, 0x12, 0x1d, 0x1b, 0x4d, 0x1b, 0x14, 0x26, 0x1c, 0x19, 0x1b, 0x10, 0x1e, 0x5e, 0x27, 0x18, 0x1c, 0x2d, 0x1c, 0x19, 0x15, 0x4b, 0x1a, 0x1e, 0x5e, 0x14, 0x1c, 0x2d, 0x34, 0x16, 0x1a, 0x17, 0x1d, 0x15, 0x1b, 0x1a, 0x1e, 0x5e, 0x12, 0x1b, 0x1c, 0x18, 0x14, 0x12, 0x1c, 0x29, 0x28, 0x12, 0x1e, 0x15, 0x1e, 0x6e, 0x16, 0x1c, 0x1f, 0x22, 0x1a, 0x16, 0x19, 0x18, 0x17, 0x2e, 0x1d, 0x1e, 0x6e, 0x16, 0x1b, 0x2e, 0x1a, 0x16, 0x11, 0x12, 0x28, 0x2e, 0x19, 0x1e, 0x5e, 0x11, 0x16, 0x2e, 0x15, 0x13, 0x15, 0x2e, 0x15, 0x1b, 0x2e, 0x16, 0x1e, 0x5e, 0x17, 0x19, 0x2e, 0x13, 0x16, 0x2e, 0x12, 0x17, 0x2e, 0x15, 0x2e, 0x4e, 0x15, 0x1a, 0x1e, 0x1c, 0x15, 0x19, 0x18,
0x1e, 0x10, 0x17, 0x12, 0x17, 0x1c, 0x16, 0x2e, 0xfe, 0x5e, 0xfe, 0x5e,
// Compressed size: 236 bytes original pixels: 12544 uint16_t → ~25088 bytes uncompressed)

// AMPHIPTERE / Amphiptere Auraflow V0.3 000 S3731477540 Th0.100 20 [Folder: AMPHIPTERE] - RLE compressed data (offset: 1505, size: 149)
0xf0, 0x50, 0xf0, 0x50, 0xf0, 0x50, 0xc0, 0x12, 0x50, 0x17, 0x10, 0x19, 0xb0, 0x16, 0x40, 0x14, 0x20, 0x10, 0x19, 0x13, 0x50, 0x11, 0x40, 0x12, 0x20, 0x15, 0x1e, 0x20, 0x10, 0x16, 0x17, 0x14, 0x13, 0x1a, 0x70, 0x1b, 0x13, 0x18, 0x16, 0x14, 0x20, 0x10, 0x3b, 0x15, 0x18, 0x20, 0x16, 0x20, 0x11, 0x10, 0x16, 0x19, 0x16, 0x1a, 0x1b, 0x20, 0x10, 0x17, 0x1a, 0x14, 0x17, 0x1e, 0x13, 0x10, 0x21, 0x16, 0x10, 0x16, 0x2f, 0x17, 0x2b, 0x20, 0x20, 0x15, 0x1e, 0x1f, 0x1b, 0x1f, 0x17, 0x12, 0x1c, 0x11, 0x15, 0x2f, 0x1e, 0x1f, 0x1b, 0x30, 0x20, 0x19, 0x3f, 0x17, 0x1c, 0x19, 0x16, 0x12, 0x18, 0x1f, 0x1d, 0x13, 0x1b, 0x1d, 0x30, 0x20, 0x12, 0x20, 0x13, 0x15, 0x16, 0x12, 0x1e, 0x15,
0x1b, 0x13, 0x70, 0x70, 0x1e, 0x23, 0x16, 0x13, 0x80, 0x70, 0x15, 0x22, 0x34, 0x13, 0x11, 0x50, 0x70, 0x19, 0x10, 0x13, 0x11, 0x30, 0x14, 0x13, 0x15, 0x30, 0x60, 0x13, 0xd0, 0xf0, 0x50, 0xf0, 0x50, 0xf0, 0x50, 0xf0, 0x50,
// Compressed size: 149 bytes original pixels: 12544 uint16_t → ~25088 bytes uncompressed)

// AMPHISBAENA / Amphisbaena Auraflow V0.3 000 S3301791329 Th0.100 20 [Folder: AMPHISBAENA] - RLE compressed data (offset: 1654, size: 175)
0xfe, 0x5e, 0x7e, 0x13, 0x11, 0x13, 0x10, 0x16, 0x13, 0x7e, 0x6e, 0x16, 0x14, 0x2d, 0x12, 0x1d, 0x10, 0x15, 0x6e, 0x5e, 0x2d, 0x15, 0x1c, 0x13, 0x1b, 0x1c, 0x1a, 0x1d, 0x1a, 0x10, 0x4e, 0x7e, 0x1a, 0x14, 0x1d, 0x12, 0x13, 0x2d, 0x1c, 0x5e, 0x6e, 0x10, 0x14, 0x11, 0x2e, 0x1a, 0x14, 0x1d, 0x11, 0x5e, 0xbe, 0x1d, 0x17, 0x1d, 0x6e, 0x7e, 0x14, 0x15, 0x1d, 0x11, 0x18, 0x8e, 0x8e, 0x11, 0x14, 0x19, 0x9e, 0x7e, 0x16, 0x18, 0x15, 0x3e, 0x1b, 0x14, 0x5e, 0x6e, 0x18, 0x12, 0x19, 0x3e, 0x2a, 0x15, 0x14, 0x4e, 0x5e, 0x11, 0x2a, 0x3e, 0x1a, 0x1f, 0x29, 0x15, 0x17, 0x3e, 0x4e, 0x11, 0x10, 0x1b, 0x3e, 0x18, 0x14, 0x1b, 0x1e, 0x35, 0x3e, 0x4e, 0x12, 0x1b, 0x1a, 0x1d, 0x1c, 0x19,
0x18, 0x1c, 0x1a, 0x1c, 0x15, 0x10, 0x15, 0x3e, 0x3e, 0x19, 0x11, 0x16, 0x15, 0x1c, 0x3d, 0x1c, 0x17, 0x12, 0x25, 0x13, 0x3e, 0x3e, 0x1a, 0x12, 0x11, 0x12, 0x15, 0x19, 0x3a, 0x13, 0x15, 0x29, 0x4e, 0x4e, 0x1c, 0x25, 0x11, 0x17, 0x12, 0x13, 0x26, 0x13, 0x1c, 0x5e, 0x4e, 0x1a, 0x1c, 0x19, 0x15, 0x1b, 0x17, 0x10, 0x17, 0x1d, 0x17, 0x6e, 0x6e, 0x4d, 0x1b, 0x17, 0x8e, 0xfe, 0x5e,
// Compressed size: 175 bytes original pixels: 12544 uint16_t → ~25088 bytes uncompressed)

// ANANSI / Anansi Auraflow V0.3 000 S3948616145 Th0.100 20 [Folder: ANANSI] - RLE compressed data (offset: 1829, size: 253)
0xaf, 0x10, 0x9f, 0x6f, 0x11, 0x13, 0x1f, 0x11, 0xaf, 0x5f, 0x15, 0x16, 0x15, 0x17, 0x16, 0x13, 0x3f, 0x13, 0x17, 0x13, 0x11, 0x2f, 0x4f, 0x17, 0x19, 0x16, 0x17, 0x14, 0x18, 0x11, 0x16, 0x13, 0x10, 0x3f, 0x23, 0x1f, 0x3f, 0x1c, 0x17, 0x18, 0x3c, 0x12, 0x1e, 0x12, 0x15, 0x13, 0x4f, 0x15, 0x1f, 0x2f, 0x13, 0x19, 0x2a, 0x14, 0x18, 0x14, 0x1e, 0x1b, 0x14, 0x1b, 0x13, 0x11, 0x2f, 0x12, 0x13, 0x1f, 0x2f, 0x1b, 0x18, 0x2a, 0x18, 0x1c, 0x1e, 0x1d, 0x2e, 0x1c, 0x1a, 0x12, 0x2f, 0x16, 0x13, 0x1f, 0x1f, 0x13, 0x1b, 0x1d, 0x23, 0x2d, 0x1e, 0x18, 0x2d, 0x18, 0x1d, 0x1c, 0x1f, 0x11, 0x1a, 0x12, 0x1f, 0x2f, 0x10, 0x19, 0x1a, 0x12, 0x1c, 0x1e, 0x18, 0x14, 0x18, 0x2c, 0x2b, 0x18,
0x16, 0x12, 0x2f, 0x2f, 0x10, 0x11, 0x18, 0x1b, 0x1e, 0x1c, 0x1d, 0x18, 0x1d, 0x1b, 0x1e, 0x39, 0x1c, 0x13, 0x2f, 0x4f, 0x18, 0x1d, 0x1a, 0x1c, 0x1d, 0x1a, 0x14, 0x1d, 0x1b, 0x16, 0x17, 0x1a, 0x19, 0x3f, 0x3f, 0x29, 0x1a, 0x1d, 0x19, 0x1a, 0x1b, 0x18, 0x1c, 0x1e, 0x17, 0x12, 0x14, 0x10, 0x3f, 0x3f, 0x15, 0x17, 0x19, 0x17, 0x11, 0x13, 0x1b, 0x14, 0x1c, 0x16, 0x1e, 0x1b, 0x19, 0x4f, 0x2f, 0x13, 0x18, 0x10, 0x15, 0x18, 0x10, 0x13, 0x10, 0x12, 0x1c, 0x1f, 0x32, 0x15, 0x1b, 0x16, 0x1f, 0x2f, 0x19, 0x10, 0x1f, 0x12, 0x19, 0x1f, 0x11, 0x1f, 0x1b, 0x12, 0x2f, 0x19, 0x16, 0x2f, 0x19, 0x1f, 0x2f, 0x13, 0x2f, 0x15, 0x10, 0x3f, 0x1d, 0x17, 0x6f, 0x19, 0x1f, 0x2f, 0x15, 0x2f,
0x12, 0x13, 0x3f, 0x27, 0x6f, 0x17, 0x1f, 0x3f, 0x28, 0x19, 0x18, 0x17, 0x2f, 0x13, 0x12, 0x18, 0x3f, 0x14, 0x15, 0x2f, 0x5f, 0x13, 0x5f, 0x1b, 0x2a, 0x18, 0x5f, 0xff, 0x5f,
// Compressed size: 253 bytes original pixels: 12544 uint16_t → ~25088 bytes uncompressed)

// ANKHEG / Ankheg Auraflow V0.3 000 S2035904424 Th0.100 20 [Folder: ANKHEG] - RLE compressed data (offset: 2082, size: 169)
0xfe, 0x5e, 0xfe, 0x5e, 0xfe, 0x5e, 0xfe, 0x5e, 0x1e, 0x14, 0x12, 0x8e, 0x11, 0x33, 0x16, 0x4e, 0x3e, 0x15, 0x11, 0x3e, 0x11, 0x10, 0x11, 0x13, 0x17, 0x15, 0x17, 0x1b, 0x17, 0x3e, 0x1e, 0x19, 0x3e, 0x1a, 0x13, 0x10, 0x14, 0x17, 0x1d, 0x1f, 0x11, 0x3b, 0x1a, 0x16, 0x2e, 0x2e, 0x11, 0x14, 0x1e, 0x19, 0x2a, 0x17, 0x1d, 0x14, 0x1d, 0x1b, 0x11, 0x1c, 0x13, 0x1d, 0x1f, 0x2e, 0x4e, 0x18, 0x14, 0x18, 0x15, 0x1f, 0x1d, 0x16, 0x2d, 0x1b, 0x4e, 0x13, 0x1e, 0x3e, 0x17, 0x12, 0x10, 0x1b, 0x1a, 0x1c, 0x2b, 0x17, 0x1c, 0x1d, 0x4e, 0x16, 0x1e, 0x3e, 0x19, 0x15, 0x12, 0x19, 0x2d, 0x19, 0x13, 0x14, 0x1a, 0x1c, 0x1b, 0x19, 0x4e, 0x5e, 0x18, 0x19, 0x13, 0x15, 0x19, 0x11, 0x1a, 0x2f,
0x1d, 0x1e, 0x1b, 0x11, 0x2e, 0x4e, 0x22, 0x14, 0x29, 0x1c, 0x1d, 0x1a, 0x1e, 0x1c, 0x1e, 0x17, 0x1a, 0x1b, 0x2e, 0x4e, 0x12, 0x11, 0x1a, 0x14, 0x1e, 0x25, 0x12, 0x3e, 0x13, 0x19, 0x3e, 0x4e, 0x12, 0x15, 0x1a, 0x2e, 0x14, 0x4e, 0x1c, 0x14, 0x19, 0x3e, 0x8e, 0x12, 0x11, 0x4e, 0x25, 0x4e, 0xae, 0x1c, 0x9e, 0xfe, 0x5e, 0xfe, 0x5e, 0xfe, 0x5e,
// Compressed size: 169 bytes original pixels: 12544 uint16_t → ~25088 bytes uncompressed)

// ANKYLOSAURUS / Ankylosaurus Auraflow V0.3 000 S1863660793 Th0.100 20 [Folder: ANKYLOSAURUS] - RLE compressed data (offset: 2251, size: 189)
0xfe, 0x5e, 0xfe, 0x5e, 0xfe, 0x5e, 0x3e, 0x13, 0x1c, 0x12, 0xee, 0x4e, 0x1d, 0x1b, 0x3e, 0x11, 0x10, 0x17, 0x10, 0x7e, 0x3e, 0x10, 0x11, 0x4e, 0x17, 0x1a, 0x12, 0x11, 0x14, 0x6e, 0x2e, 0x24, 0x4e, 0x1d, 0x18, 0x11, 0x19, 0x13, 0x10, 0x18, 0x5e, 0x2e, 0x13, 0x3e, 0x15, 0x1c, 0x19, 0x16, 0x20, 0x11, 0x16, 0x1a, 0x12, 0x4e, 0x2e, 0x15, 0x13, 0x10, 0x18, 0x16, 0x10, 0x15, 0x17, 0x13, 0x11, 0x16, 0x13, 0x26, 0x14, 0x3e, 0x2e, 0x1f, 0x13, 0x15, 0x11, 0x13, 0x21, 0x1a, 0x13, 0x17, 0x1a, 0x19, 0x23, 0x18, 0x3e, 0x2e, 0x1b, 0x1c, 0x1a, 0x16, 0x15, 0x16, 0x13, 0x19, 0x1c, 0x1b, 0x13, 0x18, 0x17, 0x26, 0x10, 0x2e, 0x3e, 0x2f, 0x1d, 0x1f, 0x19, 0x1a, 0x16, 0x1d, 0x1c, 0x11,
0x1c, 0x1d, 0x17, 0x16, 0x11, 0x2e, 0x4e, 0x1f, 0x18, 0x1c, 0x1f, 0x1d, 0x21, 0x1f, 0x17, 0x15, 0x2c, 0x16, 0x1f, 0x15, 0x1e, 0x5e, 0x19, 0x2b, 0x1e, 0x1d, 0x19, 0x1e, 0x1b, 0x17, 0x1e, 0x1c, 0x13, 0x1e, 0x19, 0x1e, 0x5e, 0x18, 0x14, 0x19, 0x1e, 0x19, 0x1b, 0x2e, 0x1c, 0x15, 0x19, 0x1e, 0x19, 0x15, 0x1e, 0x7e, 0x19, 0x2e, 0x1f, 0x2e, 0x1b, 0x16, 0x5e, 0x5e, 0x1b, 0x12, 0x1e, 0x1b, 0x1a, 0x15, 0x1e, 0x19, 0x1b, 0x6e, 0x5e, 0x17, 0xee, 0xfe, 0x5e, 0xfe, 0x5e,
// Compressed size: 189 bytes original pixels: 12544 uint16_t → ~25088 bytes uncompressed)

// ANZU / Anzu Auraflow V0.3 000 S3254319709 Th0.100 20 [Folder: ANZU] - RLE compressed data (offset: 2440, size: 178)
0xff, 0x5f, 0x7f, 0x11, 0x10, 0x3c, 0x8f, 0x7f, 0x10, 0x16, 0x14, 0x1b, 0x15, 0x8f, 0x6f, 0x11, 0x2a, 0x32, 0x1b, 0x1d, 0x6f, 0x7f, 0x19, 0x12, 0x11, 0x1a, 0x19, 0x1e, 0x19, 0x6f, 0x7f, 0x10, 0x22, 0x2a, 0x2e, 0x6f, 0x7f, 0x11, 0x14, 0x3b, 0x1a, 0x1e, 0x1c, 0x1e, 0x4f, 0x7f, 0x15, 0x12, 0x23, 0x1b, 0x12, 0x13, 0x6f, 0x4f, 0x11, 0x2f, 0x1b, 0x19, 0x18, 0x1d, 0x17, 0x14, 0x1b, 0x6f, 0x3f, 0x12, 0x10, 0x1f, 0x10, 0x19, 0x1a, 0x17, 0x1d, 0x13, 0x12, 0x26, 0x5f, 0x4f, 0x20, 0x1a, 0x1b, 0x12, 0x14, 0x1b, 0x14, 0x1e, 0x2a, 0x13, 0x4f, 0x7f, 0x11, 0x15, 0x18, 0x1d, 0x1e, 0x1c, 0x1b, 0x14, 0x16, 0x1e, 0x3f, 0x6f, 0x1a, 0x2e, 0x2c, 0x16, 0x18, 0x13, 0x1e, 0x1d, 0x13, 0x1d,
0x2f, 0x6f, 0x1a, 0x1f, 0x11, 0x17, 0x1c, 0x13, 0x1c, 0x16, 0x17, 0x15, 0x28, 0x2f, 0x6f, 0x17, 0x1f, 0x19, 0x1b, 0x1c, 0x27, 0x13, 0x1c, 0x1e, 0x1d, 0x1e, 0x2f, 0x6f, 0x14, 0x1f, 0x15, 0x18, 0x17, 0x18, 0x3f, 0x18, 0x13, 0x17, 0x2f, 0x6f, 0x17, 0x1f, 0x16, 0x1f, 0x17, 0x15, 0x4f, 0x17, 0x18, 0x1c, 0x1f, 0x9f, 0x19, 0x13, 0x15, 0x6f, 0x1e, 0x1f, 0x7f, 0x11, 0x25, 0x1f, 0x19, 0x8f, 0xff, 0x5f,
// Compressed size: 178 bytes original pixels: 12544 uint16_t → ~25088 bytes uncompressed)

// ARCHON / Archon Auraflow V0.3 000 S684482464 Th0.100 20 [Folder: ARCHON] - RLE compressed data (offset: 2618, size: 204)
0xf0, 0x50, 0x50, 0x1a, 0x13, 0x14, 0x13, 0xb0, 0x30, 0x12, 0x16, 0x2d, 0x23, 0x12, 0x13, 0x90, 0x30, 0x1d, 0x18, 0x1b, 0x2c, 0x13, 0x1a, 0x1b, 0x13, 0x12, 0x70, 0x30, 0x1e, 0x1a, 0x17, 0x1d, 0x18, 0x16, 0x19, 0x12, 0x18, 0x24, 0x11, 0x50, 0x40, 0x5d, 0x1f, 0x1e, 0x15, 0x14, 0x1c, 0x15, 0x50, 0x40, 0x1a, 0x1e, 0x1d, 0x19, 0x1e, 0x14, 0x1e, 0x2b, 0x25, 0x50, 0x40, 0x11, 0x1e, 0x1c, 0x1a, 0x12, 0x3e, 0x17, 0x11, 0x18, 0x17, 0x40, 0x40, 0x1a, 0x1d, 0x17, 0x1a, 0x2d, 0x2e, 0x1c, 0x1e, 0x18, 0x15, 0x40, 0x40, 0x16, 0x1a, 0x1d, 0x2b, 0x1e, 0x11, 0x18, 0x1d, 0x1e, 0x18, 0x15, 0x40, 0x30, 0x11, 0x14, 0x17, 0x1a, 0x1b, 0x18, 0x2e, 0x1d, 0x18, 0x1d, 0x1c, 0x15, 0x40, 0x30,
0x12, 0x14, 0x26, 0x1d, 0x17, 0x1e, 0x3d, 0x27, 0x50, 0x30, 0x16, 0x12, 0x1a, 0x17, 0x1b, 0x1c, 0x2b, 0x2c, 0x17, 0x60, 0x30, 0x16, 0x18, 0x17, 0x28, 0x1b, 0x18, 0x10, 0x1b, 0x12, 0x11, 0x20, 0x13, 0x30, 0x30, 0x16, 0x17, 0x1a, 0x18, 0x1b, 0x17, 0x20, 0x16, 0x17, 0x30, 0x11, 0x30, 0x30, 0x16, 0x17, 0x18, 0x1b, 0x17, 0x1b, 0x17, 0x50, 0x14, 0x13, 0x30, 0x40, 0x16, 0x19, 0x2a, 0x2b, 0x17, 0x13, 0x10, 0x16, 0x12, 0x13, 0x40, 0x40, 0x14, 0x16, 0x29, 0x17, 0x1a, 0x17, 0x18, 0x22, 0x13, 0x50, 0x60, 0x13, 0x24, 0x13, 0x14, 0x13, 0x22, 0x60, 0xf0, 0x50,
// Compressed size: 204 bytes original pixels: 12544 uint16_t → ~25088 bytes uncompressed)

// BABA YAGA / Baba Yaga Auraflow V0.3 000 S3468953874 Th0.100 20 [Folder: BABA_YAGA] - RLE compressed data (offset: 2822, size: 140)
0xff, 0x5f, 0x6f, 0x10, 0xdf, 0x6f, 0x20, 0xcf, 0x7f, 0x1b, 0x14, 0x11, 0xaf, 0x7f, 0x15, 0x19, 0x12, 0x27, 0x8f, 0x5f, 0x11, 0x1f, 0x1b, 0x19, 0x1c, 0x19, 0x14, 0x25, 0x6f, 0x6f, 0x39, 0x1e, 0x1a, 0x1d, 0x16, 0x11, 0x6f, 0x4f, 0x14, 0x1f, 0x18, 0x1c, 0x1e, 0x16, 0x1a, 0x2e, 0x19, 0x14, 0x5f, 0x4f, 0x13, 0x10, 0x1f, 0x10, 0x15, 0x19, 0x17, 0x1b, 0x1a, 0x16, 0x10, 0x5f, 0x4f, 0x2a, 0x3f, 0x1d, 0x1a, 0x1d, 0x19, 0x11, 0x19, 0x5f, 0x8f, 0x10, 0x14, 0x15, 0x1a, 0x1b, 0x14, 0x6f, 0x6f, 0x17, 0x1f, 0x19, 0x1d, 0x14, 0x19, 0x13, 0x1f, 0x1c, 0x5f, 0x5f, 0x11, 0x18, 0x15, 0x12, 0x19, 0x1b, 0x15, 0x2f, 0x1c, 0x19, 0x4f, 0x5f, 0x14, 0x18, 0x1c, 0x1f, 0x10, 0x19, 0x3f, 0x13,
0x5f, 0x6f, 0x27, 0x15, 0x2f, 0x11, 0x1c, 0x7f, 0x6f, 0x13, 0x19, 0x17, 0x3f, 0x19, 0x12, 0x6f, 0xcf, 0x14, 0x1e, 0x6f, 0xbf, 0x13, 0x14, 0x7f, 0xff, 0x5f, 0xff, 0x5f,
// Compressed size: 140 bytes original pixels: 12544 uint16_t → ~25088 bytes uncompressed)

// BALOR / Balor Auraflow V0.3 000 S4249392702 Th0.100 20 [Folder: BALOR] - RLE compressed data (offset: 2962, size: 179)
0xff, 0x5f, 0xff, 0x5f, 0x5f, 0x14, 0x3f, 0x27, 0x9f, 0x5f, 0x13, 0x3f, 0x1d, 0x1c, 0x11, 0x8f, 0x5f, 0x12, 0x1f, 0x11, 0x16, 0x1e, 0x1d, 0x1a, 0x8f, 0x5f, 0x13, 0x1f, 0x1b, 0x2d, 0x15, 0x2d, 0x7f, 0x7f, 0x1d, 0x1e, 0x1d, 0x1e, 0x1a, 0x1c, 0x7f, 0x6f, 0x1b, 0x1a, 0x2e, 0x17, 0x1d, 0x17, 0x14, 0x6f, 0x4f, 0x11, 0x1f, 0x1d, 0x1a, 0x17, 0x3e, 0x1a, 0x1b, 0x6f, 0x4f, 0x1d, 0x1f, 0x1b, 0x18, 0x19, 0x1b, 0x1e, 0x1d, 0x18, 0x19, 0x6f, 0x6f, 0x1b, 0x3e, 0x1b, 0x17, 0x1b, 0x19, 0x18, 0x5f, 0x6f, 0x1b, 0x19, 0x1e, 0x3d, 0x1b, 0x15, 0x6f, 0x4f, 0x16, 0x2f, 0x14, 0x1d, 0x1e, 0x2a, 0x1b, 0x19, 0x13, 0x5f, 0x4f, 0x1d, 0x2f, 0x1c, 0x2b, 0x1d, 0x1b, 0x19, 0x23, 0x12, 0x11, 0x3f,
0x4f, 0x14, 0x1c, 0x14, 0x2c, 0x1b, 0x18, 0x1b, 0x19, 0x13, 0x22, 0x1f, 0x12, 0x2f, 0x4f, 0x14, 0x1f, 0x28, 0x1d, 0x16, 0x17, 0x1a, 0x28, 0x1f, 0x12, 0x13, 0x11, 0x2f, 0x3f, 0x11, 0x26, 0x2a, 0x13, 0x16, 0x18, 0x2a, 0x17, 0x3f, 0x13, 0x2f, 0x4f, 0x12, 0x14, 0x1c, 0x26, 0x58, 0x4f, 0x15, 0x1f, 0x3f, 0x16, 0x14, 0x17, 0x16, 0x17, 0x16, 0x17, 0x26, 0x18, 0x16, 0x24, 0x2f, 0x11, 0x1f, 0xbf, 0x12, 0x8f,
// Compressed size: 179 bytes original pixels: 12544 uint16_t → ~25088 bytes uncompressed)

// BANSHEE / Banshee Auraflow V0.3 000 S309418803 Th0.100 20 [Folder: BANSHEE] - RLE compressed data (offset: 3141, size: 199)
0xfe, 0x5e, 0x6e, 0x1c, 0x30, 0xae, 0x6e, 0x20, 0x21, 0x10, 0x9e, 0x6e, 0x14, 0x10, 0x1a, 0x11, 0x10, 0x11, 0x8e, 0x6e, 0x12, 0x13, 0x1c, 0x11, 0x20, 0x2e, 0x1c, 0x1e, 0x1a, 0x14, 0x2e, 0x7e, 0x12, 0x19, 0x22, 0x10, 0x18, 0x11, 0x3e, 0x12, 0x2e, 0x7e, 0x12, 0x17, 0x1a, 0x1c, 0x15, 0x17, 0x11, 0x13, 0x1e, 0x19, 0x3e, 0x3e, 0x1d, 0x2e, 0x17, 0x11, 0x1b, 0x19, 0x2a, 0x16, 0x11, 0x15, 0x1a, 0x4e, 0x4e, 0x12, 0x2e, 0x13, 0x1a, 0x1c, 0x1a, 0x19, 0x13, 0x12, 0x13, 0x5e, 0x4e, 0x19, 0x10, 0x1e, 0x1a, 0x1c, 0x2a, 0x1b, 0x1d, 0x15, 0x11, 0x1e, 0x1a, 0x3e, 0x4e, 0x1b, 0x19, 0x2e, 0x1a, 0x18, 0x1a, 0x1c, 0x15, 0x11, 0x14, 0x19, 0x4e, 0x4e, 0x1c, 0x17, 0x2e, 0x15, 0x1b, 0x19,
0x1a, 0x12, 0x19, 0x14, 0x5e, 0x6e, 0x18, 0x1b, 0x1d, 0x26, 0x17, 0x16, 0x13, 0x17, 0x13, 0x4e, 0x6e, 0x13, 0x2c, 0x19, 0x14, 0x1b, 0x16, 0x19, 0x14, 0x11, 0x19, 0x3e, 0x6e, 0x17, 0x3d, 0x15, 0x17, 0x22, 0x15, 0x14, 0x15, 0x3e, 0x6e, 0x1a, 0x1c, 0x2d, 0x57, 0x13, 0x1e, 0x19, 0x2e, 0x6e, 0x1b, 0x1f, 0x1a, 0x1c, 0x15, 0x14, 0x23, 0x15, 0x18, 0x4e, 0x7e, 0x2d, 0x1a, 0x16, 0x1a, 0x16, 0x14, 0x18, 0x1a, 0x19, 0x3e, 0x7e, 0x1c, 0x19, 0x58, 0x14, 0x13, 0x19, 0x17, 0x2e, 0x7e, 0x1d, 0x1a, 0x19, 0x15, 0x37, 0x14, 0x1b, 0x4e,
// Compressed size: 199 bytes original pixels: 12544 uint16_t → ~25088 bytes uncompressed)

// BARGHEST / Barghest Auraflow V0.3 000 S1098647668 Th0.100 20 [Folder: BARGHEST] - RLE compressed data (offset: 3340, size: 213)
0xff, 0x5f, 0x5f, 0x17, 0x5f, 0x10, 0x8f, 0x2f, 0x10, 0x2f, 0x1d, 0x2f, 0x21, 0x10, 0x9f, 0x3f, 0x18, 0x1a, 0x1d, 0x1c, 0x25, 0x13, 0xaf, 0x3f, 0x1c, 0x1b, 0x1d, 0x1b, 0x1d, 0x18, 0x1b, 0x19, 0x13, 0x1f, 0x11, 0x12, 0x5f, 0x3f, 0x2b, 0x2a, 0x1e, 0x19, 0x14, 0x1a, 0x18, 0x13, 0x5f, 0x11, 0x1f, 0x2f, 0x19, 0x14, 0x1e, 0x1c, 0x1a, 0x17, 0x1c, 0x1d, 0x18, 0x19, 0x18, 0x1d, 0x1b, 0x17, 0x20, 0x11, 0x1f, 0x1f, 0x1e, 0x2a, 0x1d, 0x10, 0x13, 0x1b, 0x1d, 0x1e, 0x1c, 0x18, 0x2b, 0x2e, 0x16, 0x11, 0x2f, 0x3f, 0x17, 0x2f, 0x16, 0x18, 0x1c, 0x1e, 0x1b, 0x1c, 0x1d, 0x1b, 0x1e, 0x25, 0x3f, 0x6f, 0x11, 0x1a, 0x1e, 0x1a, 0x1e, 0x1a, 0x2e, 0x1d, 0x1e, 0x1b, 0x15, 0x2f, 0x7f, 0x18,
0x1e, 0x1d, 0x1e, 0x2a, 0x13, 0x1a, 0x1d, 0x1c, 0x1a, 0x2f, 0x6f, 0x12, 0x29, 0x16, 0x2b, 0x15, 0x19, 0x16, 0x15, 0x1d, 0x17, 0x10, 0x1f, 0x5f, 0x12, 0x16, 0x15, 0x13, 0x1f, 0x18, 0x19, 0x10, 0x16, 0x2f, 0x1a, 0x1b, 0x2f, 0x4f, 0x16, 0x13, 0x11, 0x12, 0x1f, 0x10, 0x16, 0x11, 0x1f, 0x16, 0x2f, 0x18, 0x1a, 0x10, 0x1f, 0x3f, 0x13, 0x15, 0x4f, 0x10, 0x18, 0x3f, 0x14, 0x2f, 0x15, 0x2f, 0x4f, 0x18, 0x13, 0x4f, 0x16, 0x3f, 0x16, 0x2f, 0x10, 0x12, 0x1f, 0x5f, 0x19, 0x3f, 0x14, 0x13, 0x6f, 0x21, 0x1f, 0xaf, 0x1a, 0x13, 0x1f, 0x13, 0x3f, 0x10, 0x2f, 0x9f, 0x18, 0x1a, 0x12, 0x24, 0x3f, 0x19, 0x2f, 0xff, 0x5f,
// Compressed size: 213 bytes original pixels: 12544 uint16_t → ~25088 bytes uncompressed)

// BASILISK / Basilisk Auraflow V0.3 000 S3408620142 Th0.100 20 [Folder: BASILISK] - RLE compressed data (offset: 3553, size: 165)
0xfe, 0x5e, 0xce, 0x10, 0x7e, 0xfe, 0x5e, 0xfe, 0x5e, 0x8e, 0x1c, 0xbe, 0x7e, 0x10, 0x12, 0x24, 0x11, 0x12, 0x7e, 0x7e, 0x1a, 0x1c, 0x1b, 0x11, 0x1d, 0x19, 0x10, 0x6e, 0x6e, 0x15, 0x11, 0x19, 0x11, 0x1d, 0x1c, 0x13, 0x12, 0x6e, 0x6e, 0x30, 0x27, 0x13, 0x1c, 0x17, 0x10, 0x11, 0x4e, 0x5e, 0x21, 0x17, 0x1a, 0x10, 0x2f, 0x1b, 0x19, 0x17, 0x1a, 0x16, 0x3e, 0x5e, 0x17, 0x14, 0x1d, 0x15, 0x1f, 0x2e, 0x2a, 0x19, 0x11, 0x12, 0x10, 0x2e, 0x1e, 0x19, 0x13, 0x10, 0x2e, 0x1d, 0x14, 0x5e, 0x14, 0x1c, 0x1d, 0x12, 0x10, 0x13, 0x1e, 0x1e, 0x19, 0x15, 0x13, 0xae, 0x17, 0x1a, 0x16, 0x10, 0x19, 0x1e, 0x1e, 0x1c, 0x19, 0x15, 0x11, 0x29, 0x10, 0x7e, 0x17, 0x11, 0x17, 0x15, 0x1e, 0x2e,
0x15, 0x1c, 0x14, 0x15, 0x26, 0x20, 0x16, 0x11, 0x15, 0x13, 0x17, 0x23, 0x15, 0x17, 0x1e, 0x2e, 0x2c, 0x39, 0x13, 0x16, 0x12, 0x15, 0x13, 0x16, 0x33, 0x1c, 0x18, 0x2e, 0x3e, 0x3c, 0x19, 0x18, 0x19, 0x2c, 0x19, 0x1b, 0x17, 0x1b, 0x18, 0x1b, 0x19, 0x2e, 0x6e, 0x5c, 0x28, 0x19, 0x1a, 0x1c, 0x4e, 0xfe, 0x5e, 0xfe, 0x5e,
// Compressed size: 165 bytes original pixels: 12544 uint16_t → ~25088 bytes uncompressed)

// BEHOLDER / Beholder Auraflow V0.3 000 S548486631 Th0.100 20 [Folder: BEHOLDER] - RLE compressed data (offset: 3718, size: 232)
0xff, 0x5f, 0x6f, 0x1a, 0x50, 0x8f, 0x5f, 0x11, 0x20, 0x11, 0x10, 0x11, 0x10, 0x12, 0x10, 0x6f, 0x3f, 0x15, 0x21, 0x24, 0x12, 0x21, 0x14, 0x11, 0x24, 0x13, 0x4f, 0x3f, 0x11, 0x12, 0x24, 0x17, 0x12, 0x14, 0x17, 0x1a, 0x12, 0x1c, 0x22, 0x4f, 0x3f, 0x13, 0x15, 0x10, 0x23, 0x38, 0x13, 0x1a, 0x16, 0x18, 0x14, 0x11, 0x3f, 0x2f, 0x11, 0x17, 0x2c, 0x1d, 0x19, 0x13, 0x14, 0x18, 0x1c, 0x16, 0x1d, 0x27, 0x14, 0x11, 0x2f, 0x2f, 0x12, 0x33, 0x18, 0x16, 0x13, 0x16, 0x1e, 0x14, 0x2a, 0x2b, 0x24, 0x2f, 0x2f, 0x13, 0x15, 0x1e, 0x13, 0x19, 0x1e, 0x18, 0x10, 0x3e, 0x16, 0x1b, 0x18, 0x27, 0x2f, 0x2f, 0x13, 0x18, 0x16, 0x11, 0x19, 0x13, 0x1d, 0x1e, 0x13, 0x1a, 0x1d, 0x13, 0x1d, 0x1c,
0x1b, 0x18, 0x2f, 0x2f, 0x14, 0x1c, 0x11, 0x1d, 0x2e, 0x18, 0x1d, 0x1b, 0x1d, 0x3e, 0x1d, 0x1c, 0x18, 0x1a, 0x1f, 0x2f, 0x14, 0x18, 0x1e, 0x1a, 0x1c, 0x2e, 0x1a, 0x1e, 0x1b, 0x18, 0x17, 0x1c, 0x1e, 0x28, 0x2f, 0x2f, 0x13, 0x18, 0x2d, 0x18, 0x1e, 0x14, 0x1e, 0x1b, 0x1e, 0x2a, 0x1d, 0x1c, 0x18, 0x1c, 0x2f, 0x2f, 0x13, 0x2a, 0x1d, 0x14, 0x17, 0x14, 0x1e, 0x1b, 0x2d, 0x1e, 0x19, 0x16, 0x1a, 0x17, 0x2f, 0x3f, 0x11, 0x2a, 0x18, 0x15, 0x1a, 0x1e, 0x2b, 0x1a, 0x15, 0x19, 0x1d, 0x18, 0x3f, 0x3f, 0x19, 0x26, 0x1d, 0x19, 0x1b, 0x29, 0x2d, 0x1a, 0x1d, 0x1b, 0x19, 0x3f, 0x4f, 0x29, 0x1a, 0x4b, 0x1c, 0x1e, 0x1d, 0x1b, 0x19, 0x4f, 0x5f, 0x29, 0x2b, 0x19, 0x1b, 0x1a, 0x1b, 0x1d,
0x6f, 0x8f, 0x1b, 0x1e, 0x1d, 0x9f, 0xff, 0x5f,
// Compressed size: 232 bytes original pixels: 12544 uint16_t → ~25088 bytes uncompressed)

// BOGGART / Boggart Auraflow V0.3 000 S2349510836 Th0.100 20 [Folder: BOGGART] - RLE compressed data (offset: 3950, size: 203)
0xfe, 0x5e, 0x9e, 0x1c, 0xae, 0x6e, 0x15, 0x14, 0x1a, 0x16, 0x11, 0x1f, 0x8e, 0x4e, 0x34, 0x1b, 0x18, 0x15, 0x12, 0x18, 0x17, 0x7e, 0x2e, 0x14, 0x15, 0x16, 0x15, 0x12, 0x15, 0x1d, 0x14, 0x13, 0x10, 0x18, 0x7e, 0x1e, 0x17, 0x1e, 0x17, 0x1b, 0x17, 0x1c, 0x1b, 0x11, 0x10, 0x17, 0x11, 0x1b, 0x7e, 0x2e, 0x15, 0x12, 0x11, 0x14, 0x1d, 0x1a, 0x11, 0x19, 0x14, 0x2d, 0x7e, 0x2e, 0x1b, 0x17, 0x14, 0x3d, 0x18, 0x19, 0x2e, 0x18, 0x1b, 0x6e, 0x2e, 0x15, 0x1b, 0x1e, 0x2d, 0x17, 0x1b, 0x16, 0x2e, 0x2b, 0x6e, 0x1e, 0x17, 0x1b, 0x13, 0x1e, 0x1d, 0x1b, 0x1d, 0x1c, 0x2d, 0x2e, 0x10, 0x6e, 0x2e, 0x1f, 0x13, 0x1e, 0x1b, 0x16, 0x11, 0x1e, 0x14, 0x17, 0x1b, 0x1e, 0x1c, 0x15, 0x5e, 0x2e,
0x17, 0x14, 0x2e, 0x17, 0x15, 0x14, 0x1e, 0x1b, 0x1a, 0x1e, 0x27, 0x1c, 0x4e, 0x3e, 0x1a, 0x3e, 0x15, 0x11, 0x1e, 0x14, 0x10, 0x18, 0x1e, 0x16, 0x1d, 0x4e, 0x3e, 0x15, 0x2e, 0x14, 0x13, 0x1a, 0x1f, 0x18, 0x11, 0x3e, 0x1c, 0x4e, 0x3e, 0x1b, 0x2e, 0x1d, 0x1b, 0x2e, 0x1d, 0x4e, 0x1b, 0x4e, 0x3e, 0x12, 0x2e, 0x12, 0x3e, 0x1b, 0x4e, 0x11, 0x4e, 0x3e, 0x14, 0x16, 0x1e, 0x1d, 0x4e, 0x1b, 0x3e, 0x1c, 0x4e, 0x3e, 0x12, 0x27, 0x11, 0x4e, 0x18, 0x16, 0x17, 0x1e, 0x1a, 0x4e, 0x4e, 0x1c, 0x17, 0x19, 0x1e, 0x21, 0x6e, 0x17, 0x14, 0x1b, 0x1e, 0xfe, 0x5e,
// Compressed size: 203 bytes original pixels: 12544 uint16_t → ~25088 bytes uncompressed)

// BOGIE / Bogie Auraflow V0.3 000 S3462539655 Th0.100 20 [Folder: BOGIE] - RLE compressed data (offset: 4153, size: 102)
0xfe, 0x5e, 0xfe, 0x5e, 0xfe, 0x5e, 0xfe, 0x5e, 0x9e, 0x11, 0x1a, 0x10, 0x13, 0x7e, 0x7e, 0x21, 0x18, 0x1f, 0x22, 0x7e, 0x7e, 0x22, 0x1d, 0x19, 0x14, 0x11, 0x7e, 0x7e, 0x17, 0x1d, 0x1a, 0x18, 0x1e, 0x15, 0x18, 0x6e, 0x7e, 0x11, 0x1b, 0x17, 0x1a, 0x13, 0x14, 0x15, 0x6e, 0x6e, 0x18, 0x1f, 0x1b, 0x1c, 0x3e, 0x1a, 0x6e, 0x7e, 0x14, 0x2d, 0x2e, 0x1c, 0x7e, 0x6e, 0x13, 0x1c, 0x1d, 0x1e, 0x1a, 0x9e, 0x7e, 0x19, 0x17, 0x1e, 0x1c, 0x16, 0x8e, 0x7e, 0x1b, 0x19, 0x1c, 0x19, 0x9e, 0x6e, 0x15, 0xde, 0x6e, 0x19, 0xde, 0x6e, 0x1b, 0x14, 0x1a, 0x2e, 0x1c, 0x15, 0x14, 0x6e, 0x7e, 0x18, 0xce, 0x8e, 0x16, 0xbe, 0xfe, 0x5e,
// Compressed size: 102 bytes original pixels: 12544 uint16_t → ~25088 bytes uncompressed)

// BONNACON / Bonnacon Auraflow V0.3 000 S3021272209 Th0.100 20 [Folder: BONNACON] - RLE compressed data (offset: 4255, size: 233)
0xfe, 0x5e, 0x9e, 0x36, 0x8e, 0x8e, 0x66, 0x6e, 0x7e, 0x16, 0x13, 0x1b, 0x17, 0x26, 0x27, 0x5e, 0x6e, 0x13, 0x37, 0x1b, 0x26, 0x27, 0x16, 0x4e, 0x6e, 0x14, 0x1c, 0x1a, 0x13, 0x17, 0x2b, 0x17, 0x26, 0x1e, 0x1c, 0x2e, 0x4e, 0x13, 0x14, 0x18, 0x1a, 0x17, 0x13, 0x1b, 0x15, 0x2b, 0x2c, 0x1b, 0x16, 0x2e, 0x4e, 0x12, 0x11, 0x19, 0x1a, 0x1d, 0x1f, 0x1c, 0x17, 0x13, 0x1f, 0x17, 0x1f, 0x1b, 0x17, 0x2e, 0x3e, 0x12, 0x21, 0x1f, 0x15, 0x1f, 0x13, 0x1f, 0x17, 0x19, 0x1a, 0x15, 0x1b, 0x1a, 0x1d, 0x1b, 0x1e, 0x2e, 0x12, 0x11, 0x12, 0x18, 0x1f, 0x14, 0x17, 0x5f, 0x1d, 0x1f, 0x2c, 0x1a, 0x1e, 0x2e, 0x12, 0x11, 0x14, 0x19, 0x1f, 0x19, 0x15, 0x1f, 0x1b, 0x1d, 0x19, 0x1f, 0x1a, 0x1b,
0x1d, 0x1b, 0x1c, 0x1e, 0x3e, 0x12, 0x18, 0x29, 0x10, 0x1a, 0x1d, 0x1f, 0x1d, 0x39, 0x2d, 0x2c, 0x1e, 0x2e, 0x14, 0x11, 0x18, 0x12, 0x11, 0x19, 0x1d, 0x19, 0x2f, 0x18, 0x24, 0x1a, 0x2d, 0x1c, 0x1e, 0x2e, 0x10, 0x22, 0x10, 0x18, 0x14, 0x1a, 0x1f, 0x1d, 0x1f, 0x1a, 0x29, 0x1d, 0x1c, 0x1d, 0x1b, 0x1e, 0x2e, 0x12, 0x11, 0x10, 0x11, 0x18, 0x29, 0x1a, 0x12, 0x1f, 0x2c, 0x1e, 0x1f, 0x1c, 0x3e, 0x1e, 0x14, 0x11, 0x10, 0x11, 0x12, 0x18, 0x21, 0x18, 0x11, 0x19, 0x1d, 0x19, 0x1e, 0x1d, 0x1a, 0x3e, 0x1e, 0x12, 0x20, 0x11, 0x12, 0x14, 0x19, 0x1a, 0x1e, 0x18, 0x1a, 0x3e, 0x1a, 0x4e, 0x1e, 0x12, 0x20, 0x11, 0x10, 0x3e, 0x11, 0x1a, 0x1d, 0x1e, 0x11, 0x17, 0x15, 0x4e, 0x3e, 0x18,
0x11, 0x10, 0x11, 0x10, 0x22, 0x18, 0x9e, 0xfe, 0x5e,
// Compressed size: 233 bytes original pixels: 12544 uint16_t → ~25088 bytes uncompressed)

// BRAG / Brag Auraflow V0.3 000 S2334811446 Th0.100 20 [Folder: BRAG] - RLE compressed data (offset: 4488, size: 151)
0xfe, 0x5e, 0xfe, 0x5e, 0x5e, 0x13, 0x1e, 0x19, 0xce, 0x4e, 0x13, 0x16, 0x10, 0xde, 0x3e, 0x10, 0x16, 0x12, 0x19, 0x13, 0x15, 0xbe, 0x2e, 0x11, 0x14, 0x13, 0x1b, 0x19, 0x10, 0x13, 0x15, 0x10, 0x9e, 0x3e, 0x12, 0x19, 0x1f, 0x1d, 0x13, 0x1b, 0x16, 0x11, 0x12, 0x13, 0x27, 0x12, 0x4e, 0x4e, 0x11, 0x1e, 0x1f, 0x1b, 0x17, 0x1b, 0x17, 0x13, 0x17, 0x19, 0x1d, 0x1c, 0x10, 0x3e, 0x6e, 0x1c, 0x1d, 0x2b, 0x1d, 0x13, 0x1a, 0x17, 0x18, 0x1d, 0x10, 0x3e, 0x7e, 0x1b, 0x17, 0x16, 0x1b, 0x1d, 0x3a, 0x18, 0x1e, 0x14, 0x2e, 0x7e, 0x1a, 0x1c, 0x1d, 0x1c, 0x1b, 0x18, 0x1a, 0x14, 0x12, 0x4e, 0x7e, 0x13, 0x1a, 0x1c, 0x1d, 0x28, 0x14, 0x1e, 0x19, 0x4e, 0x7e, 0x17, 0x1f, 0x1e, 0x1c, 0x1e,
0x19, 0x18, 0x1e, 0x1a, 0x10, 0x3e, 0x7e, 0x17, 0x2e, 0x16, 0x1e, 0x16, 0x19, 0x1e, 0x1a, 0x13, 0x3e, 0xae, 0x1a, 0x2e, 0x19, 0x6e, 0x6e, 0x10, 0x5e, 0x18, 0x2e, 0x10, 0x4e, 0xbe, 0x15, 0x8e, 0xbe, 0x15, 0x8e, 0xfe, 0x5e, 0xfe, 0x5e,
// Compressed size: 151 bytes original pixels: 12544 uint16_t → ~25088 bytes uncompressed)

// BROWNIE / Brownie Auraflow V0.3 000 S1223270348 Th0.100 20 [Folder: BROWNIE] - RLE compressed data (offset: 4639, size: 192)
0xfe, 0x5e, 0x8e, 0x10, 0x11, 0x20, 0x1e, 0x10, 0x6e, 0x7e, 0x10, 0x12, 0x1c, 0x26, 0x14, 0x10, 0x6e, 0x6e, 0x10, 0x18, 0x1c, 0x14, 0x17, 0x15, 0x1a, 0x13, 0x6e, 0x6e, 0x11, 0x3d, 0x1b, 0x1a, 0x1d, 0x13, 0x10, 0x5e, 0x5e, 0x10, 0x1c, 0x1d, 0x1c, 0x1d, 0x13, 0x12, 0x14, 0x11, 0x6e, 0x5e, 0x12, 0x19, 0x2b, 0x18, 0x1c, 0x16, 0x12, 0x14, 0x13, 0x5e, 0x4e, 0x16, 0x28, 0x17, 0x1c, 0x19, 0x15, 0x11, 0x15, 0x10, 0x6e, 0x4e, 0x12, 0x18, 0x15, 0x16, 0x1d, 0x16, 0x1c, 0x13, 0x12, 0x14, 0x6e, 0x5e, 0x18, 0x1b, 0x15, 0x17, 0x46, 0x15, 0x6e, 0x4e, 0x19, 0x1c, 0x15, 0x17, 0x1a, 0x33, 0x22, 0x6e, 0x4e, 0x11, 0x1d, 0x16, 0x1b, 0x19, 0x1a, 0x14, 0x13, 0x14, 0x17, 0x11, 0x5e, 0x4e,
0x10, 0x1d, 0x12, 0x1b, 0x1a, 0x1c, 0x19, 0x14, 0x17, 0x13, 0x6e, 0x4e, 0x11, 0x1d, 0x16, 0x1d, 0x18, 0x1b, 0x19, 0x1d, 0x16, 0x1a, 0x6e, 0x5e, 0x27, 0x2d, 0x3c, 0x11, 0x1e, 0x19, 0x5e, 0x4e, 0x19, 0x1e, 0x15, 0x1b, 0x13, 0x16, 0x18, 0x15, 0x24, 0x19, 0x16, 0x13, 0x3e, 0x7e, 0x1b, 0x2e, 0x18, 0x19, 0x11, 0x2b, 0x1c, 0x4e, 0x2e, 0x10, 0x17, 0x3e, 0x18, 0x15, 0x1e, 0x13, 0x19, 0x17, 0x1a, 0x16, 0x15, 0x4e, 0x2e, 0x15, 0x12, 0x2e, 0x1b, 0x1f, 0x1d, 0x1c, 0x19, 0x9e, 0xfe, 0x5e,
// Compressed size: 192 bytes original pixels: 12544 uint16_t → ~25088 bytes uncompressed)

// BUGBEAR / Bugbear Auraflow V0.3 000 S1105632564 Th0.100 20 [Folder: BUGBEAR] - RLE compressed data (offset: 4831, size: 213)
0xfe, 0x5e, 0xfe, 0x5e, 0xae, 0x26, 0x8e, 0x8e, 0x28, 0x23, 0x10, 0x21, 0x5e, 0x6e, 0x13, 0x16, 0x19, 0x17, 0x18, 0x13, 0x20, 0x14, 0x5e, 0x6e, 0x11, 0x16, 0x19, 0x15, 0x1b, 0x1d, 0x14, 0x11, 0x12, 0x10, 0x4e, 0x5e, 0x13, 0x16, 0x2b, 0x1d, 0x18, 0x25, 0x17, 0x15, 0x11, 0x4e, 0x3e, 0x15, 0x16, 0x13, 0x16, 0x1d, 0x19, 0x27, 0x1d, 0x1f, 0x11, 0x19, 0x14, 0x4e, 0x3e, 0x15, 0x17, 0x1b, 0x18, 0x1b, 0x18, 0x1d, 0x19, 0x1a, 0x17, 0x28, 0x11, 0x10, 0x13, 0x2e, 0x3e, 0x18, 0x12, 0x1f, 0x2d, 0x1b, 0x1f, 0x1d, 0x15, 0x1a, 0x19, 0x17, 0x25, 0x12, 0x2e, 0x3e, 0x27, 0x16, 0x18, 0x1d, 0x1b, 0x18, 0x1b, 0x1d, 0x19, 0x1c, 0x2b, 0x14, 0x10, 0x16, 0x1e, 0x3e, 0x1b, 0x17, 0x1e, 0x18,
0x1d, 0x4b, 0x17, 0x15, 0x1e, 0x13, 0x12, 0x15, 0x11, 0x1e, 0x3e, 0x1d, 0x12, 0x3e, 0x19, 0x3b, 0x16, 0x1d, 0x2e, 0x15, 0x14, 0x13, 0x1e, 0x3e, 0x18, 0x15, 0x3e, 0x16, 0x1b, 0x1a, 0x1b, 0x19, 0x1c, 0x1b, 0x16, 0x12, 0x14, 0x16, 0x1e, 0x3e, 0x14, 0x18, 0x2e, 0x15, 0x19, 0x1f, 0x3b, 0x2c, 0x22, 0x13, 0x2e, 0x1e, 0x13, 0x12, 0x10, 0x13, 0x15, 0x16, 0x17, 0x19, 0x1d, 0x1b, 0x1a, 0x10, 0x17, 0x1c, 0x12, 0x11, 0x12, 0x2e, 0x1e, 0x19, 0x2e, 0x16, 0x19, 0x1e, 0x1b, 0x1c, 0x1b, 0x1a, 0x18, 0x2f, 0x1d, 0x12, 0x1e, 0x12, 0x17, 0x1e, 0x5e, 0x10, 0x7e, 0x1b, 0x1d, 0x14, 0x1e, 0x15, 0x2e, 0xfe, 0x5e, 0xfe, 0x5e,
// Compressed size: 213 bytes original pixels: 12544 uint16_t → ~25088 bytes uncompressed)

// BUGGANE / Buggane Auraflow V0.3 000 S1102605429 Th0.100 20 [Folder: BUGGANE] - RLE compressed data (offset: 5044, size: 170)
0xf0, 0x50, 0xf0, 0x50, 0x90, 0x15, 0x14, 0x19, 0x10, 0x11, 0x60, 0x70, 0x11, 0x15, 0x1f, 0x1a, 0x1c, 0x2b, 0x19, 0x50, 0x60, 0x15, 0x18, 0x12, 0x1c, 0x1a, 0x1e, 0x1f, 0x2c, 0x12, 0x40, 0x60, 0x15, 0x18, 0x17, 0x3c, 0x1f, 0x1e, 0x1f, 0x19, 0x40, 0x60, 0x17, 0x1c, 0x1d, 0x1f, 0x1e, 0x2f, 0x1a, 0x1f, 0x50, 0x60, 0x18, 0x26, 0x1c, 0x2f, 0x1e, 0x10, 0x1c, 0x16, 0x40, 0x50, 0x18, 0x13, 0x20, 0x1a, 0x1e, 0x1a, 0x1d, 0x1a, 0x2c, 0x40, 0x40, 0x16, 0x1a, 0x14, 0x20, 0x19, 0x1b, 0x1a, 0x20, 0x1c, 0x1d, 0x40, 0x40, 0x15, 0x1a, 0x20, 0x15, 0x1b, 0x28, 0x20, 0x1c, 0x50, 0x40, 0x13, 0x1a, 0x20, 0x14, 0x18, 0x19, 0x18, 0x17, 0x10, 0x1c, 0x17, 0x40, 0x40, 0x21, 0x20, 0x13, 0x1a,
0x10, 0x29, 0x15, 0x1a, 0x19, 0x40, 0x40, 0x15, 0x20, 0x13, 0x16, 0x1a, 0x20, 0x17, 0x10, 0x1a, 0x12, 0x40, 0x50, 0x12, 0x20, 0x17, 0x14, 0x10, 0x14, 0x15, 0x10, 0x12, 0x50, 0x80, 0x15, 0x20, 0x14, 0x16, 0x10, 0x14, 0x50, 0x70, 0x11, 0x12, 0x30, 0x14, 0x15, 0x60, 0x60, 0x11, 0x22, 0x11, 0x10, 0x15, 0x23, 0x60, 0x70, 0x12, 0x11, 0xb0, 0xf0, 0x50,
// Compressed size: 170 bytes original pixels: 12544 uint16_t → ~25088 bytes uncompressed)

// BULETTE / Bulette Auraflow V0.3 000 S2223099457 Th0.100 20 [Folder: BULETTE] - RLE compressed data (offset: 5214, size: 180)
0xfe, 0x5e, 0xfe, 0x5e, 0x5e, 0x1b, 0x10, 0xde, 0x6e, 0x1a, 0x16, 0x11, 0x17, 0x30, 0x1e, 0x20, 0x1a, 0x3e, 0x6e, 0x13, 0x16, 0x23, 0x10, 0x21, 0x13, 0x10, 0x15, 0x19, 0x3e, 0x3e, 0x27, 0x1e, 0x17, 0x14, 0x16, 0x1b, 0x13, 0x14, 0x1a, 0x2c, 0x1f, 0x18, 0x3e, 0x5e, 0x24, 0x10, 0x14, 0x1c, 0x1d, 0x17, 0x18, 0x1f, 0x2c, 0x16, 0x3e, 0x4e, 0x13, 0x14, 0x17, 0x14, 0x1a, 0x1d, 0x16, 0x18, 0x1f, 0x18, 0x1f, 0x10, 0x4e, 0x3e, 0x10, 0x1b, 0x19, 0x1d, 0x19, 0x1d, 0x19, 0x1c, 0x19, 0x11, 0x10, 0x1d, 0x5e, 0x2e, 0x1b, 0x17, 0x1d, 0x1c, 0x1d, 0x2c, 0x1d, 0x3c, 0x12, 0x18, 0x5e, 0x2e, 0x2a, 0x2e, 0x1d, 0x19, 0x1c, 0x1d, 0x1c, 0x17, 0x14, 0x19, 0x15, 0x13, 0x4e, 0x1e, 0x17, 0x1b,
0x13, 0x2e, 0x1b, 0x29, 0x1a, 0x26, 0x2e, 0x1a, 0x17, 0x14, 0x11, 0x2e, 0x2e, 0x1c, 0x16, 0x10, 0x1e, 0x17, 0x2b, 0x1a, 0x13, 0x6e, 0x16, 0x2e, 0x1e, 0x17, 0x1a, 0x1c, 0x2e, 0x3b, 0x1a, 0x17, 0x11, 0x5e, 0x11, 0x2e, 0x1e, 0x17, 0x1e, 0x1b, 0x1e, 0x1a, 0x17, 0x1b, 0x37, 0x13, 0x11, 0x7e, 0x4e, 0x1b, 0x17, 0x13, 0x27, 0x24, 0x16, 0x13, 0x7e, 0x4e, 0x13, 0x1e, 0x12, 0xde, 0xfe, 0x5e, 0xfe, 0x5e, 0xfe, 0x5e,
// Compressed size: 180 bytes original pixels: 12544 uint16_t → ~25088 bytes uncompressed)

// BYAKHEE / Byakhee Auraflow V0.3 000 S3237102415 Th0.100 20 [Folder: BYAKHEE] - RLE compressed data (offset: 5394, size: 224)
0xfe, 0x5e, 0x7e, 0x10, 0x16, 0x10, 0xae, 0x6e, 0x13, 0x16, 0x15, 0x14, 0x1a, 0x18, 0x11, 0x7e, 0x5e, 0x12, 0x19, 0x1d, 0x17, 0x1a, 0x1d, 0x14, 0x1a, 0x13, 0x11, 0x12, 0x20, 0x2e, 0x4e, 0x19, 0x12, 0x17, 0x2d, 0x1c, 0x1d, 0x13, 0x10, 0x1d, 0x20, 0x1e, 0x10, 0x2e, 0x3e, 0x12, 0x1f, 0x1d, 0x1b, 0x15, 0x1f, 0x2d, 0x25, 0x1d, 0x18, 0x11, 0x2e, 0x11, 0x1e, 0x3e, 0x18, 0x2d, 0x1b, 0x16, 0x2d, 0x1f, 0x1c, 0x14, 0x1b, 0x19, 0x1e, 0x25, 0x2e, 0x3e, 0x19, 0x1c, 0x13, 0x1e, 0x17, 0x16, 0x1b, 0x2c, 0x19, 0x13, 0x17, 0x14, 0x2e, 0x15, 0x1e, 0x3e, 0x10, 0x19, 0x10, 0x1e, 0x17, 0x1e, 0x10, 0x19, 0x1d, 0x1a, 0x15, 0x1e, 0x2a, 0x24, 0x1e, 0x3e, 0x11, 0x1b, 0x3e, 0x17, 0x16, 0x17,
0x1c, 0x1b, 0x1a, 0x1e, 0x13, 0x1a, 0x11, 0x2e, 0x4e, 0x10, 0x3e, 0x19, 0x18, 0x13, 0x17, 0x1c, 0x16, 0x1e, 0x10, 0x1a, 0x3e, 0x3e, 0x1a, 0x4e, 0x19, 0x1f, 0x17, 0x1e, 0x18, 0x12, 0x1e, 0x12, 0x1d, 0x3e, 0x3e, 0x15, 0x3e, 0x2a, 0x17, 0x11, 0x1e, 0x18, 0x14, 0x11, 0x1e, 0x1b, 0x13, 0x2e, 0x1e, 0x10, 0x16, 0x13, 0x3e, 0x17, 0x4e, 0x1c, 0x3e, 0x1f, 0x15, 0x16, 0x1e, 0x1e, 0x1c, 0x1e, 0x10, 0x3e, 0x18, 0x4e, 0x12, 0x15, 0x2e, 0x1b, 0x27, 0x1e, 0x1e, 0x16, 0x4e, 0x11, 0x5e, 0x19, 0x3e, 0x10, 0x1e, 0x1a, 0x1e, 0x4e, 0x12, 0x10, 0x19, 0x4e, 0x13, 0x8e, 0x2e, 0x12, 0x1e, 0x17, 0x14, 0x1a, 0x2e, 0x16, 0x19, 0x14, 0x12, 0x7e, 0x5e, 0x14, 0x13, 0xae, 0x1a, 0x2e, 0xfe, 0x5e,
// Compressed size: 224 bytes original pixels: 12544 uint16_t → ~25088 bytes uncompressed)

// CAILLEACH / Cailleach Auraflow V0.3 000 S1335714766 Th0.100 20 [Folder: CAILLEACH] - RLE compressed data (offset: 5618, size: 164)
0xff, 0x5f, 0xaf, 0x13, 0x16, 0x8f, 0x9f, 0x16, 0x1c, 0x1a, 0x8f, 0x7f, 0x11, 0x19, 0x17, 0x1d, 0x17, 0x11, 0x7f, 0x7f, 0x11, 0x14, 0x1d, 0x27, 0x11, 0x7f, 0x7f, 0x14, 0x18, 0x1c, 0x27, 0x16, 0x7f, 0x6f, 0x13, 0x1b, 0x18, 0x1c, 0x19, 0x25, 0x7f, 0x6f, 0x11, 0x18, 0x15, 0x1c, 0x3e, 0x7f, 0x6f, 0x24, 0x1c, 0x1e, 0x1c, 0x1a, 0x1c, 0x15, 0x6f, 0x3f, 0x10, 0x12, 0x10, 0x12, 0x14, 0x1c, 0x1d, 0x1e, 0x19, 0x1c, 0x1f, 0x18, 0x5f, 0x3f, 0x18, 0x1a, 0x1b, 0x19, 0x1d, 0x29, 0x1e, 0x1d, 0x1c, 0x7f, 0x1f, 0x11, 0x12, 0x1b, 0x15, 0x18, 0x17, 0x14, 0x1d, 0x3e, 0x18, 0x12, 0x6f, 0x1f, 0x20, 0x15, 0x1d, 0x1e, 0x17, 0x1b, 0x19, 0x1c, 0x1e, 0x18, 0x24, 0x6f, 0x2f, 0x10, 0x14, 0x17,
0x1c, 0x18, 0x1b, 0x1d, 0x1e, 0x1c, 0x15, 0x19, 0x7f, 0x2f, 0x10, 0x14, 0x16, 0x11, 0x19, 0x17, 0x2a, 0x19, 0x1b, 0x19, 0x7f, 0x11, 0x14, 0x4f, 0x14, 0x18, 0x16, 0x10, 0x19, 0x17, 0x11, 0x7f, 0x6f, 0x12, 0x11, 0x13, 0x2f, 0x1a, 0x1f, 0x1a, 0x6f, 0x8f, 0x13, 0x2f, 0x1b, 0x1f, 0x18, 0x6f, 0xff, 0x5f, 0xff, 0x5f,
// Compressed size: 164 bytes original pixels: 12544 uint16_t → ~25088 bytes uncompressed)

// CALADRIUS / Caladrius Auraflow V0.3 000 S3028079315 Th0.100 20 [Folder: CALADRIUS] - RLE compressed data (offset: 5782, size: 175)
0x4f, 0x10, 0xff, 0x4f, 0x11, 0x14, 0x16, 0x14, 0x2f, 0x11, 0x9f, 0x4f, 0x10, 0x16, 0x13, 0x15, 0x12, 0x10, 0xaf, 0x5f, 0x14, 0x13, 0x18, 0x16, 0x15, 0x13, 0x12, 0x10, 0x11, 0x6f, 0x6f, 0x12, 0x17, 0x45, 0x16, 0x24, 0x5f, 0x6f, 0x20, 0x15, 0x14, 0x16, 0x1b, 0x16, 0x10, 0x11, 0x5f, 0x8f, 0x13, 0x14, 0x15, 0x18, 0x1c, 0x19, 0x13, 0x10, 0x4f, 0x9f, 0x12, 0x24, 0x18, 0x1c, 0x18, 0x10, 0x4f, 0xaf, 0x10, 0x11, 0x18, 0x1a, 0x22, 0x4f, 0x9f, 0x14, 0x10, 0x13, 0x27, 0x16, 0x15, 0x10, 0x3f, 0x8f, 0x12, 0x15, 0x17, 0x16, 0x14, 0x19, 0x18, 0x16, 0x4f, 0x8f, 0x17, 0x3a, 0x19, 0x1a, 0x16, 0x15, 0x4f, 0x7f, 0x16, 0x18, 0x1a, 0x1b, 0x1c, 0x1d, 0x1b, 0x19, 0x14, 0x4f, 0x6f, 0x11,
0x17, 0x19, 0x4d, 0x1a, 0x17, 0x5f, 0x4f, 0x13, 0x16, 0x1a, 0x1b, 0x1d, 0x1e, 0x1d, 0x1c, 0x1a, 0x16, 0x6f, 0x3f, 0x15, 0x1c, 0x18, 0x2c, 0x1e, 0x2c, 0x15, 0x8f, 0x2f, 0x15, 0x1f, 0x1d, 0x1e, 0x18, 0x27, 0x1c, 0xaf, 0x2f, 0x19, 0x18, 0x1f, 0x1c, 0x15, 0x18, 0x1f, 0x1c, 0xaf, 0x1f, 0x15, 0x1f, 0x12, 0x1b, 0x17, 0x11, 0x2f, 0x18, 0x1b, 0x1e, 0x1d, 0x7f, 0x3f, 0x17, 0xff, 0x1f,
// Compressed size: 175 bytes original pixels: 12544 uint16_t → ~25088 bytes uncompressed)

// CALLICANTZARO / Callicantzaro Auraflow V0.3 000 S3498817103 Th0.100 20 [Folder: CALLICANTZARO] - RLE compressed data (offset: 5957, size: 204)
0xfe, 0x5e, 0xfe, 0x5e, 0x7e, 0x1d, 0x13, 0x16, 0x17, 0x6e, 0x12, 0x2e, 0x5e, 0x1a, 0x11, 0x29, 0x1d, 0x10, 0x4e, 0x19, 0x1e, 0x12, 0x2e, 0x5e, 0x17, 0x15, 0x1f, 0x1c, 0x17, 0x11, 0x13, 0x3e, 0x18, 0x13, 0x14, 0x2e, 0x4e, 0x27, 0x19, 0x1b, 0x1d, 0x20, 0x1a, 0x3e, 0x12, 0x10, 0x11, 0x2e, 0x3e, 0x17, 0x1b, 0x2d, 0x16, 0x1d, 0x14, 0x1d, 0x1b, 0x14, 0x16, 0x1e, 0x11, 0x1d, 0x12, 0x2e, 0x2e, 0x1d, 0x13, 0x1f, 0x1d, 0x1a, 0x19, 0x1b, 0x17, 0x2e, 0x1c, 0x16, 0x12, 0x15, 0x10, 0x15, 0x2e, 0x3e, 0x15, 0x16, 0x17, 0x25, 0x19, 0x3e, 0x1f, 0x19, 0x1d, 0x1a, 0x11, 0x3e, 0x4e, 0x13, 0x12, 0x11, 0x14, 0x13, 0x1a, 0x3e, 0x13, 0x1e, 0x12, 0x4e, 0x3e, 0x19, 0x17, 0x13, 0x1b, 0x16,
0x1b, 0x17, 0x5e, 0x18, 0x4e, 0x2e, 0x13, 0x16, 0x1a, 0x17, 0x1f, 0x14, 0x19, 0x15, 0x12, 0x3e, 0x14, 0x5e, 0x2e, 0x17, 0x1e, 0x1f, 0x11, 0x1f, 0x15, 0x1f, 0x1d, 0x1b, 0x11, 0x2e, 0x12, 0x5e, 0x1e, 0x1b, 0x2e, 0x1b, 0x15, 0x3f, 0x2d, 0x13, 0x2e, 0x12, 0x5e, 0x1e, 0x1b, 0x2e, 0x15, 0x13, 0x12, 0x4f, 0x19, 0x2e, 0x15, 0x5e, 0x1e, 0x1b, 0x13, 0x1e, 0x18, 0x15, 0x1c, 0x1d, 0x1f, 0x1c, 0x2d, 0x16, 0x7e, 0x1e, 0x13, 0x1c, 0x1e, 0x2d, 0x11, 0x1d, 0x12, 0x1c, 0x2a, 0x1d, 0x18, 0x6e, 0x5e, 0x1b, 0x1f, 0x1a, 0x11, 0x4e, 0x19, 0x6e, 0xfe, 0x5e, 0xfe, 0x5e,
// Compressed size: 204 bytes original pixels: 12544 uint16_t → ~25088 bytes uncompressed)

// CAMBION / Cambion Auraflow V0.3 000 S2203680252 Th0.100 20 [Folder: CAMBION] - RLE compressed data (offset: 6161, size: 166)
0xfe, 0x5e, 0x3e, 0x15, 0x1a, 0xfe, 0x3e, 0x11, 0x15, 0x5e, 0x1b, 0x2e, 0x1c, 0x6e, 0x1e, 0x15, 0x14, 0x11, 0x16, 0x3e, 0x16, 0x4e, 0x17, 0x6e, 0x2e, 0x14, 0x11, 0x15, 0x3e, 0x1c, 0x1d, 0x1e, 0x1a, 0x15, 0x7e, 0x2e, 0x15, 0x1c, 0x19, 0x15, 0x1e, 0x11, 0x1d, 0x13, 0x18, 0x1a, 0x1d, 0x1c, 0x6e, 0x3e, 0x1a, 0x2e, 0x22, 0x15, 0x1f, 0x1d, 0x17, 0x1d, 0x13, 0x27, 0x4e, 0x2e, 0x11, 0x12, 0x3e, 0x15, 0x18, 0x1e, 0x2d, 0x1b, 0x2e, 0x16, 0x13, 0x3e, 0x3e, 0x1c, 0x12, 0x18, 0x19, 0x3e, 0x12, 0x15, 0x1c, 0x3e, 0x1d, 0x19, 0x2e, 0x3e, 0x19, 0x1f, 0x24, 0x5e, 0x1c, 0x17, 0x3e, 0x13, 0x2e, 0x3e, 0x1f, 0x7e, 0x1f, 0x1d, 0x1a, 0x3e, 0x17, 0x2e, 0x9e, 0x24, 0x2d, 0x1a, 0x3e, 0x17,
0x2e, 0x7e, 0x14, 0x19, 0x18, 0x3e, 0x1c, 0x13, 0x2e, 0x17, 0x2e, 0x7e, 0x18, 0x5e, 0x1c, 0x13, 0x1e, 0x1c, 0x1b, 0x2e, 0x7e, 0x1d, 0x14, 0x5e, 0x16, 0x2e, 0x19, 0x2e, 0x8e, 0x15, 0x5e, 0x19, 0x1f, 0x4e, 0x9e, 0x19, 0x6e, 0x1a, 0x3e, 0x3e, 0x1c, 0x19, 0x3e, 0x15, 0x7e, 0x1c, 0x3e, 0x3e, 0x1d, 0x3e, 0x19, 0xce, 0xfe, 0x5e,
// Compressed size: 166 bytes original pixels: 12544 uint16_t → ~25088 bytes uncompressed)

// CATOBLEPAS / Catoblepas Auraflow V0.3 000 S1458307595 Th0.100 20 [Folder: CATOBLEPAS] - RLE compressed data (offset: 6327, size: 176)
0xfe, 0x5e, 0xfe, 0x5e, 0xfe, 0x5e, 0x9e, 0x10, 0x18, 0x11, 0x1b, 0x14, 0x13, 0x5e, 0x7e, 0x16, 0x12, 0x1b, 0x14, 0x15, 0x1c, 0x1d, 0x14, 0x15, 0x4e, 0x6e, 0x13, 0x11, 0x17, 0x13, 0x15, 0x1d, 0x13, 0x11, 0x17, 0x24, 0x3e, 0x5e, 0x10, 0x21, 0x19, 0x1b, 0x16, 0x1c, 0x21, 0x26, 0x14, 0x3e, 0x5e, 0x24, 0x19, 0x1f, 0x16, 0x1f, 0x1b, 0x18, 0x17, 0x19, 0x1c, 0x15, 0x3e, 0x4e, 0x13, 0x12, 0x13, 0x1c, 0x1d, 0x1a, 0x15, 0x1c, 0x1d, 0x1c, 0x19, 0x14, 0x19, 0x16, 0x2e, 0x4e, 0x12, 0x19, 0x18, 0x1d, 0x1c, 0x1d, 0x10, 0x1a, 0x1b, 0x17, 0x14, 0x13, 0x1b, 0x16, 0x2e, 0x5e, 0x16, 0x1d, 0x1b, 0x1d, 0x2e, 0x1c, 0x18, 0x2a, 0x15, 0x17, 0x18, 0x2e, 0x5e, 0x1c, 0x1f, 0x1d, 0x3e, 0x2c,
0x19, 0x17, 0x15, 0x17, 0x3e, 0x6e, 0x1a, 0x4e, 0x13, 0x19, 0x1e, 0x1a, 0x18, 0x1a, 0x3e, 0x6e, 0x1c, 0x4e, 0x28, 0x1e, 0x18, 0x1a, 0x19, 0x3e, 0x7e, 0x12, 0x3e, 0x12, 0x2e, 0x13, 0x1e, 0x29, 0x2e, 0xbe, 0x16, 0x2e, 0x19, 0x1e, 0x10, 0x18, 0x2e, 0x9e, 0x19, 0x17, 0x18, 0x17, 0x14, 0x19, 0x17, 0x1c, 0x1a, 0x2e, 0xbe, 0x1b, 0x1d, 0x13, 0x1a, 0x12, 0x19, 0x3e, 0xfe, 0x5e, 0xfe, 0x5e,
// Compressed size: 176 bytes original pixels: 12544 uint16_t → ~25088 bytes uncompressed)

// CAT SITH / Cat Sith Auraflow V0.3 000 S157106960 Th0.100 20 [Folder: CAT_SITH] - RLE compressed data (offset: 6503, size: 282)
0x7a, 0x20, 0x2a, 0x10, 0x8a, 0x2a, 0x17, 0x21, 0x10, 0x21, 0x13, 0x16, 0x33, 0x11, 0x14, 0x12, 0x18, 0x3a, 0x2a, 0x13, 0x1f, 0x18, 0x29, 0x1e, 0x18, 0x22, 0x14, 0x19, 0x16, 0x1e, 0x19, 0x11, 0x1a, 0x10, 0x1a, 0x2a, 0x14, 0x18, 0x19, 0x1e, 0x1d, 0x19, 0x14, 0x1c, 0x18, 0x1e, 0x1b, 0x19, 0x16, 0x18, 0x16, 0x11, 0x2a, 0x2a, 0x10, 0x27, 0x19, 0x1c, 0x15, 0x12, 0x1f, 0x1c, 0x1f, 0x12, 0x15, 0x16, 0x29, 0x11, 0x2a, 0x1a, 0x10, 0x13, 0x28, 0x1f, 0x16, 0x25, 0x1f, 0x2c, 0x15, 0x19, 0x2d, 0x19, 0x12, 0x2a, 0x1a, 0x13, 0x16, 0x19, 0x4f, 0x12, 0x1f, 0x13, 0x16, 0x19, 0x1f, 0x1e, 0x18, 0x1f, 0x16, 0x10, 0x1a, 0x1a, 0x13, 0x24, 0x1f, 0x1c, 0x2f, 0x14, 0x11, 0x1d, 0x26, 0x1f,
0x29, 0x26, 0x2a, 0x1a, 0x10, 0x13, 0x14, 0x1f, 0x14, 0x2f, 0x1e, 0x16, 0x1d, 0x1f, 0x29, 0x1f, 0x19, 0x1c, 0x11, 0x2a, 0x1a, 0x10, 0x11, 0x12, 0x16, 0x1e, 0x2d, 0x1f, 0x29, 0x2e, 0x2f, 0x1e, 0x18, 0x21, 0x1a, 0x2a, 0x16, 0x17, 0x14, 0x1c, 0x17, 0x1d, 0x19, 0x1e, 0x1f, 0x17, 0x1d, 0x1e, 0x1f, 0x12, 0x13, 0x11, 0x2a, 0x2a, 0x16, 0x17, 0x1c, 0x17, 0x4e, 0x1c, 0x19, 0x1d, 0x1c, 0x19, 0x1e, 0x14, 0x11, 0x2a, 0x1a, 0x10, 0x14, 0x2e, 0x1c, 0x19, 0x18, 0x29, 0x3c, 0x19, 0x18, 0x24, 0x11, 0x2a, 0x1a, 0x10, 0x13, 0x1c, 0x39, 0x18, 0x17, 0x19, 0x16, 0x29, 0x18, 0x19, 0x18, 0x17, 0x11, 0x2a, 0x1a, 0x13, 0x27, 0x28, 0x16, 0x14, 0x16, 0x14, 0x26, 0x38, 0x17, 0x16, 0x13, 0x2a,
0x1a, 0x10, 0x16, 0x17, 0x18, 0x16, 0x11, 0x34, 0x23, 0x16, 0x19, 0x17, 0x18, 0x14, 0x11, 0x2a, 0x2a, 0x16, 0x14, 0x16, 0x1a, 0x11, 0x13, 0x12, 0x13, 0x21, 0x16, 0x18, 0x26, 0x20, 0x2a, 0x2a, 0x13, 0x24, 0x1a, 0x10, 0x41, 0x10, 0x28, 0x16, 0x11, 0x10, 0x3a, 0x2a, 0x17, 0x1c, 0x17, 0x1b, 0x1a, 0x21, 0x20, 0x18, 0x13, 0x1e, 0x11, 0x5a, 0xfa, 0x5a,
// Compressed size: 282 bytes original pixels: 12544 uint16_t → ~25088 bytes uncompressed)

// CENTAUR / Centaur Auraflow V0.3 000 S3959337613 Th0.100 20 [Folder: CENTAUR] - RLE compressed data (offset: 6785, size: 202)
0xfe, 0x5e, 0x4e, 0x12, 0x1e, 0x14, 0x21, 0xbe, 0x5e, 0x15, 0x17, 0x14, 0x17, 0x12, 0x1e, 0x11, 0x15, 0x13, 0x6e, 0x6e, 0x19, 0x1f, 0x14, 0x21, 0x18, 0x1d, 0x12, 0x13, 0x5e, 0x2e, 0x1d, 0x3e, 0x19, 0x12, 0x1a, 0x17, 0x14, 0x12, 0x28, 0x14, 0x19, 0x4e, 0x2e, 0x15, 0x10, 0x4e, 0x14, 0x12, 0x19, 0x16, 0x18, 0x1b, 0x1e, 0x1a, 0x4e, 0x2e, 0x1d, 0x17, 0x6e, 0x17, 0x1f, 0x1c, 0x16, 0x6e, 0x2e, 0x17, 0x1e, 0x13, 0x15, 0x1d, 0x1b, 0x14, 0x10, 0x11, 0x13, 0x1c, 0x1b, 0x6e, 0x5e, 0x26, 0x28, 0x19, 0x12, 0x1c, 0x15, 0x13, 0x6e, 0x4e, 0x13, 0x16, 0x1c, 0x26, 0x1b, 0x1c, 0x13, 0x1d, 0x21, 0x5e, 0x3e, 0x14, 0x1c, 0x13, 0x18, 0x1a, 0x16, 0x18, 0x1c, 0x16, 0x14, 0x12, 0x11, 0x10,
0x4e, 0x2e, 0x1f, 0x18, 0x19, 0x1c, 0x18, 0x1a, 0x1d, 0x1a, 0x17, 0x12, 0x1d, 0x13, 0x11, 0x1c, 0x1d, 0x12, 0x2e, 0x1e, 0x16, 0x15, 0x1e, 0x1b, 0x1c, 0x2e, 0x1b, 0x4e, 0x11, 0x16, 0x2e, 0x1b, 0x2e, 0x1e, 0x13, 0x1a, 0x13, 0x18, 0x2e, 0x19, 0x1b, 0x3e, 0x15, 0x16, 0x1d, 0x2e, 0x17, 0x2e, 0x2e, 0x1d, 0x17, 0x13, 0x3e, 0x1d, 0x5e, 0x1c, 0x2e, 0x12, 0x2e, 0x3e, 0x1a, 0x1d, 0x4e, 0x19, 0x5e, 0x11, 0x1e, 0x17, 0x2e, 0x5e, 0x1d, 0x3e, 0x1a, 0x15, 0x4e, 0x18, 0x4e, 0x6e, 0x13, 0x3e, 0x1d, 0x12, 0x19, 0x1e, 0x1f, 0x5e, 0xfe, 0x5e, 0xfe, 0x5e,
// Compressed size: 202 bytes original pixels: 12544 uint16_t → ~25088 bytes uncompressed)

// CERBERUS / Cerberus Auraflow V0.3 000 S1373201993 Th0.100 20 [Folder: CERBERUS] - RLE compressed data (offset: 6987, size: 265)
0xf1, 0x51, 0xe1, 0x14, 0x51, 0x71, 0x19, 0x11, 0x16, 0x41, 0x18, 0x51, 0x51, 0x12, 0x11, 0x16, 0x17, 0x12, 0x10, 0x1a, 0x21, 0x10, 0x1a, 0x14, 0x31, 0x31, 0x16, 0x10, 0x19, 0x1a, 0x12, 0x14, 0x10, 0x18, 0x1a, 0x11, 0x13, 0x14, 0x17, 0x14, 0x16, 0x21, 0x21, 0x22, 0x38, 0x1e, 0x16, 0x14, 0x1c, 0x1b, 0x19, 0x1a, 0x13, 0x18, 0x14, 0x15, 0x13, 0x11, 0x11, 0x14, 0x15, 0x14, 0x1e, 0x1d, 0x19, 0x18, 0x14, 0x1f, 0x1a, 0x18, 0x12, 0x15, 0x1f, 0x10, 0x16, 0x12, 0x19, 0x11, 0x11, 0x27, 0x2f, 0x18, 0x26, 0x1c, 0x10, 0x1e, 0x19, 0x14, 0x26, 0x11, 0x1c, 0x11, 0x1c, 0x11, 0x21, 0x15, 0x2a, 0x1d, 0x19, 0x16, 0x1b, 0x17, 0x1c, 0x19, 0x1e, 0x19, 0x1f, 0x11, 0x13, 0x10, 0x21, 0x21,
0x1c, 0x11, 0x12, 0x1e, 0x16, 0x12, 0x1f, 0x1b, 0x18, 0x16, 0x1e, 0x1d, 0x1b, 0x21, 0x19, 0x21, 0x41, 0x10, 0x16, 0x10, 0x15, 0x1a, 0x14, 0x16, 0x18, 0x1f, 0x1d, 0x19, 0x21, 0x1e, 0x21, 0x51, 0x16, 0x17, 0x14, 0x1f, 0x1b, 0x28, 0x1c, 0x1f, 0x1c, 0x51, 0x41, 0x19, 0x18, 0x1c, 0x1f, 0x1e, 0x2f, 0x1b, 0x19, 0x11, 0x15, 0x1b, 0x15, 0x12, 0x21, 0x41, 0x12, 0x1d, 0x19, 0x16, 0x11, 0x18, 0x1f, 0x14, 0x16, 0x11, 0x19, 0x21, 0x16, 0x21, 0x41, 0x1a, 0x1f, 0x18, 0x21, 0x16, 0x18, 0x11, 0x1b, 0x11, 0x1a, 0x31, 0x14, 0x11, 0x31, 0x13, 0x1f, 0x13, 0x41, 0x1d, 0x11, 0x16, 0x19, 0x1e, 0x31, 0x16, 0x11, 0x31, 0x14, 0x10, 0x13, 0x11, 0x16, 0x18, 0x16, 0x21, 0x15, 0x14, 0x19, 0x1f,
0x1b, 0x16, 0x18, 0x11, 0x11, 0x1c, 0x19, 0x10, 0x18, 0x1e, 0x1b, 0x16, 0x1b, 0x23, 0x1a, 0x18, 0x25, 0x1a, 0x1f, 0x1c, 0x21, 0x11, 0x15, 0x18, 0x16, 0x10, 0x14, 0x19, 0x1f, 0x1d, 0x16, 0x18, 0x16, 0x1f, 0x11, 0x1a, 0x21, 0x1f, 0x21, 0xf1, 0x51,
// Compressed size: 265 bytes original pixels: 12544 uint16_t → ~25088 bytes uncompressed)

// CHANGELING / Changeling Auraflow V0.3 000 S1189705772 Th0.100 20 [Folder: CHANGELING] - RLE compressed data (offset: 7252, size: 155)
0xfe, 0x5e, 0xfe, 0x5e, 0x6e, 0x17, 0x18, 0x10, 0x18, 0x20, 0x8e, 0x4e, 0x21, 0x12, 0x1c, 0x12, 0x1d, 0x18, 0x10, 0x8e, 0x3e, 0x21, 0x14, 0x19, 0x1c, 0x16, 0x13, 0x1d, 0x1c, 0x12, 0x7e, 0x3e, 0x16, 0x12, 0x1d, 0x12, 0x2c, 0x12, 0x16, 0x1c, 0x18, 0x12, 0x6e, 0x3e, 0x15, 0x1b, 0x19, 0x1e, 0x16, 0x1b, 0x19, 0x10, 0x2c, 0x18, 0x1b, 0x5e, 0x5e, 0x16, 0x2e, 0x1f, 0x1c, 0x16, 0x10, 0x1c, 0x14, 0x10, 0x5e, 0x8e, 0x17, 0x2e, 0x14, 0x1b, 0x14, 0x6e, 0x7e, 0x11, 0x12, 0x2e, 0x14, 0x1b, 0x14, 0x6e, 0x7e, 0x15, 0x1d, 0x2e, 0x17, 0x10, 0x1c, 0x6e, 0x7e, 0x26, 0x2e, 0x13, 0x14, 0x16, 0x1e, 0x12, 0x4e, 0x7e, 0x17, 0x18, 0x2e, 0x2b, 0x12, 0x1e, 0x11, 0x4e, 0x7e, 0x19, 0x14, 0x2e,
0x1c, 0x18, 0x15, 0x6e, 0x7e, 0x17, 0x15, 0x3e, 0x1d, 0x7e, 0x7e, 0x15, 0x5e, 0x14, 0x6e, 0x7e, 0x1b, 0x3e, 0x15, 0x1e, 0x10, 0x6e, 0x6e, 0x11, 0x18, 0x2e, 0x11, 0x18, 0x1e, 0x1a, 0x6e, 0x4e, 0x25, 0x2e, 0x1c, 0x19, 0x14, 0x1e, 0x19, 0x18, 0x6e, 0xfe, 0x5e,
// Compressed size: 155 bytes original pixels: 12544 uint16_t → ~25088 bytes uncompressed)

// CHIMERA / Chimera Auraflow V0.3 000 S3703832376 Th0.100 20 [Folder: CHIMERA] - RLE compressed data (offset: 7407, size: 240)
0xf0, 0x50, 0x40, 0x1c, 0x10, 0x12, 0x13, 0x12, 0x13, 0x20, 0x34, 0x50, 0x10, 0x12, 0x1a, 0x19, 0x1a, 0x11, 0x13, 0x1c, 0x1a, 0x18, 0x10, 0x15, 0x1c, 0x16, 0x12, 0x16, 0x40, 0x10, 0x13, 0x18, 0x10, 0x29, 0x1e, 0x16, 0x1e, 0x1d, 0x17, 0x1a, 0x20, 0x1a, 0x11, 0x40, 0x20, 0x15, 0x10, 0x11, 0x1e, 0x14, 0x2e, 0x1b, 0x1d, 0x1a, 0x30, 0x27, 0x30, 0x10, 0x13, 0x20, 0x14, 0x12, 0x18, 0x14, 0x16, 0x27, 0x1b, 0x13, 0x10, 0x15, 0x1a, 0x15, 0x30, 0x10, 0x11, 0x12, 0x10, 0x1d, 0x12, 0x2a, 0x1e, 0x18, 0x16, 0x2b, 0x26, 0x14, 0x40, 0x30, 0x25, 0x1a, 0x12, 0x1a, 0x1c, 0x12, 0x1e, 0x17, 0x1e, 0x1b, 0x15, 0x30, 0x16, 0x10, 0x40, 0x11, 0x14, 0x1a, 0x1d, 0x12, 0x1e, 0x1d, 0x1b, 0x17,
0x15, 0x30, 0x12, 0x20, 0x40, 0x1a, 0x15, 0x29, 0x1d, 0x1e, 0x1b, 0x1e, 0x1b, 0x44, 0x16, 0x20, 0x30, 0x11, 0x19, 0x10, 0x1c, 0x1e, 0x1d, 0x4e, 0x24, 0x1d, 0x17, 0x1d, 0x20, 0x40, 0x15, 0x10, 0x11, 0x3e, 0x17, 0x1b, 0x17, 0x16, 0x14, 0x17, 0x14, 0x17, 0x20, 0x50, 0x15, 0x1c, 0x1f, 0x19, 0x1f, 0x15, 0x1d, 0x17, 0x1d, 0x2e, 0x17, 0x1c, 0x20, 0x60, 0x14, 0x1c, 0x1a, 0x20, 0x19, 0x1d, 0x1a, 0x15, 0x1c, 0x28, 0x20, 0x60, 0x2a, 0x10, 0x15, 0x10, 0x15, 0x12, 0x15, 0x1a, 0x10, 0x11, 0x1b, 0x20, 0x50, 0x17, 0x18, 0x10, 0x16, 0x12, 0x10, 0x18, 0x20, 0x1a, 0x10, 0x11, 0x14, 0x20, 0x50, 0x1a, 0x30, 0x11, 0x15, 0x1d, 0x10, 0x13, 0x19, 0x10, 0x1d, 0x10, 0x12, 0x10, 0x30, 0x1b,
0x1d, 0x1a, 0x40, 0x11, 0x1d, 0x19, 0x1c, 0x10, 0x11, 0x1b, 0x30, 0xa0, 0x1e, 0x90, 0xf0, 0x50,
// Compressed size: 240 bytes original pixels: 12544 uint16_t → ~25088 bytes uncompressed)

// CHONCHON / Chonchon Auraflow V0.3 000 S1295691175 Th0.100 20 [Folder: CHONCHON] - RLE compressed data (offset: 7647, size: 189)
0xf0, 0x50, 0x50, 0x13, 0x14, 0xd0, 0x30, 0x16, 0x13, 0x11, 0x34, 0xb0, 0x30, 0x19, 0x13, 0x1a, 0x18, 0x1b, 0x19, 0x1c, 0x17, 0x90, 0x30, 0x1b, 0x19, 0x1a, 0x1d, 0x14, 0x18, 0x17, 0x1c, 0x24, 0x70, 0x30, 0x19, 0x15, 0x1e, 0x18, 0x11, 0x1b, 0x2e, 0x1b, 0x80, 0x30, 0x11, 0x19, 0x12, 0x1e, 0x1c, 0x1d, 0x16, 0x13, 0x28, 0x1c, 0x60, 0x40, 0x13, 0x16, 0x2e, 0x1d, 0x16, 0x13, 0x2e, 0x24, 0x50, 0x40, 0x15, 0x18, 0x19, 0x15, 0x12, 0x1e, 0x1b, 0x1d, 0x1e, 0x1c, 0x11, 0x14, 0x40, 0x40, 0x1d, 0x18, 0x11, 0x13, 0x2e, 0x1b, 0x28, 0x10, 0x1b, 0x12, 0x14, 0x30, 0x40, 0x18, 0x10, 0x15, 0x13, 0x1b, 0x17, 0x1d, 0x16, 0x10, 0x1b, 0x20, 0x1c, 0x15, 0x20, 0x70, 0x15, 0x1e, 0x23, 0x27,
0x30, 0x12, 0x15, 0x20, 0x90, 0x1c, 0x1e, 0x1b, 0x50, 0x16, 0x20, 0x80, 0x19, 0x16, 0x1c, 0x50, 0x13, 0x30, 0x40, 0x19, 0x20, 0x14, 0x15, 0x13, 0x19, 0x1c, 0x50, 0x1b, 0x20, 0x40, 0x1b, 0x30, 0x2b, 0x1f, 0x1b, 0x11, 0x30, 0x12, 0x30, 0x40, 0x18, 0x10, 0x1c, 0x50, 0x11, 0x30, 0x1a, 0x30, 0x40, 0x17, 0x12, 0x60, 0x13, 0x20, 0x12, 0x15, 0x30, 0x30, 0x14, 0x1a, 0x28, 0x70, 0x11, 0x13, 0x14, 0x30, 0x20, 0x18, 0x1b, 0x19, 0x16, 0x70, 0x1b, 0x1a, 0x17, 0x1d, 0x30,
// Compressed size: 189 bytes original pixels: 12544 uint16_t → ~25088 bytes uncompressed)

// CHUPACABRA / Chupacabra Auraflow V0.3 000 S2241541212 Th0.100 20 [Folder: CHUPACABRA] - RLE compressed data (offset: 7836, size: 206)
0xfe, 0x5e, 0xfe, 0x5e, 0xae, 0x16, 0x1a, 0x4e, 0x10, 0x3e, 0x4e, 0x13, 0x3e, 0x15, 0x16, 0x1d, 0x17, 0x13, 0x3a, 0x4e, 0x3e, 0x15, 0x19, 0x1d, 0x1c, 0x12, 0x16, 0x13, 0x17, 0x1c, 0x22, 0x17, 0x12, 0x4e, 0x3e, 0x17, 0x12, 0x3d, 0x1b, 0x13, 0x10, 0x16, 0x1a, 0x15, 0x17, 0x1a, 0x10, 0x3e, 0x2e, 0x1c, 0x10, 0x18, 0x4d, 0x1c, 0x19, 0x17, 0x16, 0x1d, 0x17, 0x16, 0x11, 0x3e, 0x2e, 0x11, 0x18, 0x1f, 0x17, 0x2b, 0x3d, 0x2b, 0x19, 0x1a, 0x1c, 0x13, 0x12, 0x2e, 0x1e, 0x15, 0x18, 0x10, 0x1d, 0x2e, 0x2b, 0x1c, 0x1d, 0x2c, 0x2a, 0x1c, 0x1a, 0x15, 0x2e, 0x3e, 0x18, 0x1e, 0x10, 0x1e, 0x14, 0x1b, 0x19, 0x1a, 0x2d, 0x14, 0x2c, 0x1a, 0x16, 0x2e, 0x7e, 0x15, 0x17, 0x29, 0x1d, 0x1c,
0x1d, 0x2a, 0x13, 0x19, 0x2e, 0x3e, 0x18, 0x3e, 0x15, 0x3e, 0x19, 0x1d, 0x2c, 0x2b, 0x17, 0x15, 0x1e, 0x7e, 0x17, 0x2e, 0x11, 0x16, 0x27, 0x1a, 0x15, 0x19, 0x13, 0x15, 0x1e, 0x7e, 0x17, 0x2e, 0x12, 0x13, 0x15, 0x17, 0x19, 0x13, 0x2e, 0x15, 0x1e, 0x7e, 0x17, 0x4e, 0x13, 0x15, 0x11, 0x1c, 0x1e, 0x13, 0x16, 0x1e, 0x8e, 0x17, 0x5e, 0x17, 0x1d, 0x12, 0x13, 0x16, 0x1e, 0x6e, 0x17, 0x19, 0x3e, 0x19, 0x14, 0x15, 0x1a, 0x1c, 0x24, 0x10, 0x1e, 0x3e, 0x19, 0x10, 0x15, 0x12, 0x13, 0x2e, 0x24, 0x1b, 0x1d, 0x17, 0x19, 0x11, 0x20, 0x1e, 0xfe, 0x1e, 0x18, 0x3e, 0xfe, 0x5e,
// Compressed size: 206 bytes original pixels: 12544 uint16_t → ~25088 bytes uncompressed)

// CLURICAUN / Cluricaun Auraflow V0.3 000 S3618531019 Th0.100 20 [Folder: CLURICAUN] - RLE compressed data (offset: 8042, size: 87)
0xfe, 0x5e, 0xfe, 0x5e, 0xfe, 0x5e, 0xfe, 0x5e, 0x8e, 0x1b, 0xbe, 0x6e, 0x1c, 0x1d, 0x16, 0x1c, 0x16, 0x9e, 0x6e, 0x16, 0x1b, 0x17, 0x12, 0x13, 0x19, 0x8e, 0x7e, 0x15, 0x11, 0x12, 0x1b, 0x9e, 0x7e, 0x16, 0x1f, 0x2d, 0x9e, 0x8e, 0x16, 0x1d, 0x17, 0x9e, 0x6e, 0x17, 0x1e, 0x1b, 0x12, 0xae, 0x8e, 0x15, 0x1c, 0x12, 0x9e, 0x7e, 0x1a, 0x15, 0x12, 0x19, 0x17, 0x8e, 0x8e, 0x1c, 0x16, 0x1e, 0x19, 0x8e, 0x7e, 0x1c, 0x3e, 0x17, 0x8e, 0x7e, 0x1b, 0x3e, 0x1a, 0x8e, 0x6e, 0x1b, 0x14, 0xce, 0xce, 0x18, 0x7e, 0xfe, 0x5e, 0xfe, 0x5e,
// Compressed size: 87 bytes original pixels: 12544 uint16_t → ~25088 bytes uncompressed)

// COCKATRICE / Cockatrice Auraflow V0.3 000 S4214171910 Th0.100 20 [Folder: COCKATRICE] - RLE compressed data (offset: 8129, size: 177)
0xfe, 0x5e, 0x6e, 0x10, 0xde, 0x4e, 0x17, 0x22, 0xde, 0x3e, 0x14, 0x11, 0x17, 0x15, 0x10, 0xce, 0x3e, 0x14, 0x19, 0x13, 0x19, 0x5e, 0x23, 0x11, 0x16, 0x20, 0x2e, 0x2e, 0x10, 0x1e, 0x1f, 0x24, 0x4e, 0x25, 0x1a, 0x10, 0x1d, 0x25, 0x2e, 0x4e, 0x12, 0x19, 0x1f, 0x19, 0x3e, 0x13, 0x10, 0x1d, 0x15, 0x18, 0x1d, 0x11, 0x2e, 0x4e, 0x16, 0x1f, 0x1d, 0x1f, 0x2e, 0x13, 0x18, 0x1c, 0x13, 0x1d, 0x1c, 0x18, 0x1c, 0x1a, 0x1e, 0x3e, 0x13, 0x1c, 0x18, 0x11, 0x15, 0x20, 0x11, 0x26, 0x1b, 0x1d, 0x17, 0x2d, 0x2e, 0x3e, 0x1b, 0x36, 0x18, 0x33, 0x16, 0x1b, 0x18, 0x1d, 0x18, 0x16, 0x17, 0x13, 0x1e, 0x3e, 0x13, 0x1a, 0x18, 0x1c, 0x1b, 0x26, 0x11, 0x15, 0x16, 0x2d, 0x1a, 0x1e, 0x15, 0x2e,
0x4e, 0x18, 0x3c, 0x18, 0x19, 0x14, 0x17, 0x1a, 0x2d, 0x1a, 0x1e, 0x15, 0x2e, 0x4e, 0x15, 0x16, 0x18, 0x1d, 0x19, 0x1a, 0x14, 0x1b, 0x1d, 0x2e, 0x15, 0x1e, 0x15, 0x2e, 0x5e, 0x25, 0x1c, 0x1d, 0x1c, 0x1d, 0x1c, 0x15, 0x7e, 0x8e, 0x2d, 0x1a, 0x1d, 0x8e, 0x9e, 0x18, 0xae, 0x8e, 0x12, 0x2e, 0x17, 0x8e, 0x7e, 0x10, 0x3e, 0x17, 0x8e, 0x4e, 0x10, 0x1c, 0x17, 0x1a, 0x3e, 0x15, 0x8e, 0xfe, 0x5e,
// Compressed size: 177 bytes original pixels: 12544 uint16_t → ~25088 bytes uncompressed)

// CU SITH / Cu Sith Auraflow V0.3 000 S2496896710 Th0.100 20 [Folder: CU_SITH] - RLE compressed data (offset: 8306, size: 177)
0xfe, 0x5e, 0xfe, 0x5e, 0xfe, 0x5e, 0xfe, 0x5e, 0xee, 0x13, 0x1d, 0x11, 0x1a, 0x2e, 0xce, 0x11, 0x19, 0x16, 0x1a, 0x13, 0x1d, 0x2e, 0x9e, 0x21, 0x16, 0x1b, 0x1d, 0x14, 0x17, 0x12, 0x1c, 0x2e, 0x7e, 0x15, 0x18, 0x27, 0x1b, 0x1d, 0x19, 0x18, 0x1c, 0x1b, 0x3e, 0x6e, 0x14, 0x16, 0x1a, 0x1c, 0x1b, 0x19, 0x1d, 0x18, 0x24, 0x1f, 0x3e, 0x3e, 0x12, 0x13, 0x1e, 0x12, 0x1a, 0x1c, 0x17, 0x12, 0x1c, 0x2b, 0x18, 0x1a, 0x16, 0x1b, 0x2e, 0x2e, 0x12, 0x17, 0x16, 0x12, 0x1e, 0x1c, 0x1a, 0x1b, 0x1c, 0x1b, 0x1c, 0x1d, 0x18, 0x1d, 0x11, 0x3e, 0x2e, 0x17, 0x15, 0x3e, 0x18, 0x1b, 0x15, 0x17, 0x16, 0x1d, 0x2c, 0x19, 0x4e, 0x2e, 0x17, 0x15, 0x3e, 0x17, 0x19, 0x16, 0x1e, 0x1c, 0x1b, 0x18,
0x1d, 0x1b, 0x4e, 0x2e, 0x13, 0x17, 0x15, 0x1e, 0x16, 0x15, 0x13, 0x2e, 0x1d, 0x19, 0x1e, 0x14, 0x17, 0x4e, 0x3e, 0x11, 0x13, 0x11, 0x14, 0x1e, 0x14, 0x3e, 0x17, 0x2e, 0x14, 0x4e, 0x5e, 0x12, 0x2e, 0x13, 0x3e, 0x1c, 0x14, 0x1e, 0x13, 0x4e, 0x4e, 0x11, 0x12, 0x21, 0x4e, 0x19, 0x2e, 0x17, 0x4e, 0x4e, 0x21, 0x1e, 0x10, 0x2e, 0x11, 0x19, 0x4e, 0x15, 0x16, 0x2e, 0x3e, 0x20, 0xfe, 0xfe, 0x5e,
// Compressed size: 177 bytes original pixels: 12544 uint16_t → ~25088 bytes uncompressed)

// CWN ANNWN / Cwn Annwn Auraflow V0.3 000 S3778379010 Th0.100 20 [Folder: CWN_ANNWN] - RLE compressed data (offset: 8483, size: 156)
0xff, 0x5f, 0x7f, 0x11, 0x6f, 0x13, 0x1a, 0x4f, 0x5f, 0x25, 0x6f, 0x18, 0x1d, 0x1b, 0x4f, 0x6f, 0x19, 0x2f, 0x11, 0x12, 0x2f, 0x11, 0x18, 0x5f, 0x7f, 0x15, 0x13, 0x18, 0x16, 0x17, 0x14, 0x23, 0x5f, 0x9f, 0x1a, 0x16, 0x9f, 0x7f, 0x11, 0x15, 0x18, 0x15, 0x14, 0x8f, 0x7f, 0x18, 0x1a, 0x19, 0x27, 0x8f, 0x7f, 0x19, 0x1c, 0x1e, 0x1d, 0x19, 0x14, 0x7f, 0x6f, 0x12, 0x1c, 0x1d, 0x1e, 0x19, 0x1d, 0x1b, 0x13, 0x6f, 0x6f, 0x19, 0x2c, 0x18, 0x2e, 0x19, 0x18, 0x6f, 0x6f, 0x2b, 0x18, 0x19, 0x1e, 0x1d, 0x17, 0x1d, 0x6f, 0x5f, 0x18, 0x14, 0x1d, 0x1a, 0x1b, 0x19, 0x16, 0x13, 0x7f, 0x5f, 0x14, 0x13, 0x19, 0x1b, 0x17, 0x1e, 0x1b, 0x18, 0x7f, 0x7f, 0x1c, 0x1a, 0x19, 0x1a, 0x17, 0x25,
0x6f, 0x6f, 0x11, 0x1c, 0x18, 0x16, 0x1a, 0x18, 0x13, 0x7f, 0x3f, 0x11, 0x10, 0x12, 0x16, 0x18, 0x1a, 0x17, 0x16, 0x17, 0x8f, 0x3f, 0x10, 0x12, 0x10, 0x17, 0x15, 0x16, 0x18, 0x11, 0x13, 0x8f, 0x4f, 0x11, 0x13, 0x27, 0x14, 0x16, 0x21, 0x10, 0x7f, 0x9f, 0x12, 0xaf,
// Compressed size: 156 bytes original pixels: 12544 uint16_t → ~25088 bytes uncompressed)

// CYCLOPS / Cyclops Auraflow V0.3 000 S566305032 Th0.100 20 [Folder: CYCLOPS] - RLE compressed data (offset: 8639, size: 266)
0xfc, 0x5c, 0x6c, 0x15, 0x14, 0x21, 0x14, 0x18, 0x24, 0x1f, 0x5c, 0x5c, 0x12, 0x17, 0x14, 0x1f, 0x18, 0x12, 0x24, 0x11, 0x12, 0x1f, 0x4c, 0x4c, 0x13, 0x15, 0x19, 0x13, 0x16, 0x13, 0x12, 0x1a, 0x24, 0x22, 0x4c, 0x4c, 0x29, 0x1e, 0x16, 0x14, 0x18, 0x17, 0x1a, 0x15, 0x17, 0x14, 0x15, 0x19, 0x3c, 0x4c, 0x12, 0x1b, 0x16, 0x12, 0x11, 0x1f, 0x17, 0x2a, 0x1b, 0x1f, 0x18, 0x11, 0x12, 0x2c, 0x4c, 0x13, 0x1f, 0x1a, 0x1e, 0x4a, 0x1e, 0x19, 0x12, 0x15, 0x12, 0x18, 0x2c, 0x4c, 0x15, 0x17, 0x1e, 0x19, 0x1f, 0x3a, 0x1e, 0x1f, 0x1b, 0x17, 0x12, 0x14, 0x2c, 0x3c, 0x11, 0x1e, 0x26, 0x19, 0x15, 0x18, 0x1b, 0x2a, 0x19, 0x13, 0x14, 0x1a, 0x15, 0x12, 0x1c, 0x3c, 0x24, 0x1a, 0x1b, 0x17,
0x16, 0x1b, 0x19, 0x1f, 0x1a, 0x2c, 0x19, 0x18, 0x12, 0x14, 0x1c, 0x2c, 0x1a, 0x1e, 0x1f, 0x1d, 0x1b, 0x16, 0x1a, 0x2e, 0x1a, 0x18, 0x14, 0x1c, 0x11, 0x18, 0x19, 0x14, 0x1c, 0x1c, 0x12, 0x11, 0x1b, 0x2c, 0x15, 0x1a, 0x1f, 0x2b, 0x12, 0x19, 0x15, 0x1c, 0x13, 0x17, 0x12, 0x15, 0x1c, 0x1c, 0x1b, 0x1e, 0x2c, 0x16, 0x12, 0x1a, 0x16, 0x1b, 0x22, 0x14, 0x2c, 0x14, 0x17, 0x12, 0x2c, 0x2c, 0x1b, 0x2c, 0x14, 0x12, 0x1a, 0x1d, 0x1b, 0x17, 0x18, 0x1a, 0x2c, 0x1a, 0x13, 0x1f, 0x2c, 0x1c, 0x16, 0x3c, 0x13, 0x1a, 0x17, 0x1d, 0x1b, 0x1a, 0x17, 0x1a, 0x17, 0x1b, 0x1e, 0x1b, 0x1e, 0x2c, 0x1c, 0x15, 0x1c, 0x10, 0x1c, 0x17, 0x2a, 0x16, 0x1e, 0x16, 0x1e, 0x1b, 0x19, 0x3b, 0x10, 0x1a,
0x1c, 0x1c, 0x13, 0x12, 0x11, 0x20, 0x1b, 0x1d, 0x1f, 0x3b, 0x11, 0x12, 0x20, 0x16, 0x10, 0x19, 0x1c, 0x2c, 0x1b, 0x22, 0x16, 0x13, 0x16, 0x18, 0x2d, 0x20, 0x14, 0x12, 0x18, 0x20, 0x13, 0x1c, 0x1c, 0x15, 0x1b, 0x15, 0x26, 0x1d, 0x1a, 0xcc, 0xfc, 0x5c,
// Compressed size: 266 bytes original pixels: 12544 uint16_t → ~25088 bytes uncompressed)

// DEMON / Demon Auraflow V0.3 000 S2749317762 Th0.100 20 [Folder: DEMON] - RLE compressed data (offset: 8905, size: 169)
0xf0, 0x50, 0xa0, 0x11, 0x90, 0x70, 0x12, 0x1e, 0x10, 0x14, 0x90, 0x60, 0x13, 0x17, 0x12, 0x11, 0x15, 0x11, 0x13, 0x70, 0x40, 0x27, 0x25, 0x14, 0x1a, 0x1f, 0x15, 0x80, 0x40, 0x15, 0x29, 0x17, 0x1c, 0x1a, 0x1f, 0x1b, 0x11, 0x13, 0x60, 0x40, 0x1a, 0x19, 0x1f, 0x1a, 0x1d, 0x1c, 0x1a, 0x1f, 0x13, 0x70, 0x30, 0x17, 0x1c, 0x1f, 0x15, 0x1f, 0x1c, 0x1f, 0x1c, 0x1a, 0x17, 0x13, 0x60, 0x30, 0x15, 0x19, 0x15, 0x18, 0x1c, 0x1f, 0x1c, 0x11, 0x10, 0x1e, 0x13, 0x60, 0x30, 0x16, 0x17, 0x10, 0x13, 0x1c, 0x1f, 0x1c, 0x13, 0x10, 0x18, 0x1a, 0x60, 0x30, 0x15, 0x20, 0x1b, 0x1f, 0x1e, 0x1f, 0x17, 0x10, 0x12, 0x1c, 0x60, 0x30, 0x18, 0x20, 0x1e, 0x2f, 0x1c, 0x1a, 0x10, 0x14, 0x70, 0x30,
0x19, 0x18, 0x10, 0x18, 0x14, 0x1b, 0x1a, 0x16, 0x11, 0x10, 0x1a, 0x60, 0x30, 0x17, 0x20, 0x1a, 0x10, 0x13, 0x14, 0x11, 0x13, 0x20, 0x18, 0x50, 0x30, 0x17, 0x20, 0x17, 0x10, 0x12, 0x13, 0x10, 0x14, 0x80, 0x40, 0x12, 0x10, 0x14, 0x10, 0x21, 0x10, 0x18, 0x80, 0x70, 0x22, 0x20, 0x12, 0x80, 0x60, 0x12, 0x40, 0x22, 0x70, 0xf0, 0x50, 0xf0, 0x50,
// Compressed size: 169 bytes original pixels: 12544 uint16_t → ~25088 bytes uncompressed)

// DEVA / Deva Auraflow V0.3 000 S894704238 Th0.100 20 [Folder: DEVA] - RLE compressed data (offset: 9074, size: 224)
0x1c, 0xff, 0x2f, 0x15, 0x1f, 0x1e, 0x17, 0x19, 0xff, 0x17, 0x1f, 0x1f, 0x18, 0x13, 0x15, 0xcf, 0x14, 0x11, 0x16, 0x1f, 0x1c, 0x16, 0x18, 0x22, 0x15, 0x8f, 0x11, 0x22, 0x11, 0x16, 0x1c, 0x1f, 0x17, 0x12, 0x15, 0x12, 0x11, 0x13, 0x2f, 0x18, 0x10, 0x2f, 0x13, 0x21, 0x14, 0x27, 0x1f, 0x1f, 0x29, 0x13, 0x15, 0x11, 0x10, 0x11, 0x1f, 0x15, 0x2f, 0x20, 0x11, 0x22, 0x14, 0x16, 0x1f, 0x1f, 0x1c, 0x17, 0x18, 0x14, 0x13, 0x21, 0x13, 0x11, 0x16, 0x31, 0x13, 0x14, 0x13, 0x16, 0x1d, 0x1f, 0x3f, 0x26, 0x13, 0x11, 0x12, 0x1c, 0x1b, 0x1e, 0x19, 0x11, 0x10, 0x13, 0x18, 0x16, 0x1b, 0x2f, 0x2f, 0x1d, 0x1f, 0x26, 0x12, 0x11, 0x10, 0x19, 0x1c, 0x11, 0x12, 0x13, 0x26, 0x4f, 0x4f, 0x15,
0x17, 0x15, 0x22, 0x1d, 0x19, 0x11, 0x19, 0x15, 0x29, 0x4f, 0x4f, 0x19, 0x17, 0x19, 0x1f, 0x15, 0x16, 0x1a, 0x15, 0x1f, 0x19, 0x18, 0x5f, 0x5f, 0x1c, 0x2f, 0x17, 0x18, 0x17, 0x12, 0x2f, 0x1b, 0x5f, 0x7f, 0x12, 0x17, 0x14, 0x11, 0x14, 0x8f, 0x7f, 0x14, 0x19, 0x1b, 0x26, 0x17, 0x7f, 0x4f, 0x18, 0x19, 0x16, 0x17, 0x19, 0x1b, 0x16, 0x15, 0x17, 0x13, 0x2f, 0x1b, 0x3f, 0x6f, 0x1b, 0x1a, 0x1c, 0x18, 0x15, 0x1a, 0x29, 0x16, 0x1b, 0x1c, 0x1d, 0x2f, 0x6f, 0x2b, 0x1d, 0x19, 0x14, 0x2c, 0x3b, 0x4f, 0x5f, 0x1b, 0x1c, 0x1d, 0x1a, 0x18, 0x11, 0x1a, 0x1c, 0x1d, 0x1c, 0x5f, 0x5f, 0x1c, 0x1e, 0x2d, 0x1c, 0x1d, 0x19, 0x2d, 0x6f, 0x6f, 0x1d, 0x1c, 0x3d, 0x15, 0x1c, 0x1d, 0x15, 0x5f,
// Compressed size: 224 bytes original pixels: 12544 uint16_t → ~25088 bytes uncompressed)

// DINGONEK / Dingonek Auraflow V0.3 000 S2423286001 Th0.100 20 [Folder: DINGONEK] - RLE compressed data (offset: 9298, size: 197)
0xff, 0x5f, 0x8f, 0x24, 0x12, 0x14, 0x8f, 0x6f, 0x14, 0x22, 0x11, 0x12, 0x16, 0x14, 0x16, 0x6f, 0x5f, 0x14, 0x12, 0x1b, 0x12, 0x18, 0x16, 0x12, 0x1c, 0x17, 0x18, 0x2f, 0x17, 0x2f, 0x5f, 0x24, 0x16, 0x24, 0x16, 0x17, 0x14, 0x17, 0x1e, 0x5f, 0x5f, 0x22, 0x1d, 0x1b, 0x11, 0x12, 0x18, 0x12, 0x17, 0x1d, 0x1c, 0x1f, 0x11, 0x2f, 0x5f, 0x12, 0x1a, 0x1b, 0x18, 0x1a, 0x17, 0x14, 0x19, 0x1b, 0x11, 0x1c, 0x11, 0x19, 0x2f, 0x4f, 0x17, 0x18, 0x1b, 0x18, 0x1e, 0x17, 0x1d, 0x1e, 0x13, 0x11, 0x1e, 0x29, 0x3f, 0x4f, 0x17, 0x14, 0x1d, 0x15, 0x2e, 0x2d, 0x15, 0x19, 0x2e, 0x17, 0x3f, 0x4f, 0x18, 0x17, 0x18, 0x1b, 0x1e, 0x1c, 0x1d, 0x19, 0x2b, 0x1e, 0x1d, 0x17, 0x3f, 0x2f, 0x1a, 0x17,
0x11, 0x12, 0x1b, 0x1e, 0x1c, 0x1e, 0x16, 0x29, 0x2d, 0x1b, 0x1d, 0x3f, 0x3f, 0x1a, 0x13, 0x16, 0x2f, 0x1e, 0x1d, 0x1b, 0x15, 0x16, 0x2f, 0x1b, 0x19, 0x1d, 0x2f, 0x3f, 0x1e, 0x1c, 0x1a, 0x13, 0x4f, 0x1b, 0x4f, 0x18, 0x15, 0x2f, 0x3f, 0x1c, 0x1b, 0x14, 0xaf, 0x1a, 0x18, 0x2f, 0x4f, 0x1d, 0x15, 0x13, 0x7f, 0x13, 0x15, 0x13, 0x17, 0x2f, 0x4f, 0x17, 0x14, 0x16, 0x12, 0x4f, 0x11, 0x1a, 0x14, 0x18, 0x2a, 0x2f, 0x4f, 0x14, 0x17, 0x2a, 0x13, 0x12, 0xaf, 0x4f, 0x15, 0x2a, 0x15, 0x1a, 0xbf, 0xff, 0x5f, 0xff, 0x5f,
// Compressed size: 197 bytes original pixels: 12544 uint16_t → ~25088 bytes uncompressed)

// DOBBIE / Dobbie Auraflow V0.3 000 S3563330203 Th0.100 20 [Folder: DOBBIE] - RLE compressed data (offset: 9495, size: 188)
0xff, 0x5f, 0xff, 0x5f, 0x7f, 0x1d, 0x2f, 0x14, 0x18, 0x8f, 0x4f, 0x2a, 0x16, 0x23, 0x15, 0x17, 0x13, 0x16, 0x7f, 0x4f, 0x2a, 0x13, 0x12, 0x18, 0x12, 0x31, 0x12, 0x6f, 0x3f, 0x1d, 0x1e, 0x16, 0x19, 0x1b, 0x19, 0x15, 0x12, 0x13, 0x32, 0x5f, 0x3f, 0x1e, 0x1b, 0x28, 0x16, 0x1b, 0x1c, 0x1d, 0x1e, 0x19, 0x18, 0x12, 0x1b, 0x4f, 0x3f, 0x14, 0x1e, 0x1d, 0x16, 0x18, 0x1b, 0x14, 0x3b, 0x22, 0x16, 0x4f, 0x2f, 0x1a, 0x13, 0x18, 0x1c, 0x15, 0x1b, 0x14, 0x18, 0x1b, 0x1a, 0x19, 0x1b, 0x1a, 0x14, 0x4f, 0x2f, 0x1a, 0x35, 0x27, 0x1b, 0x17, 0x18, 0x17, 0x1d, 0x1b, 0x6f, 0x2f, 0x1a, 0x16, 0x19, 0x1c, 0x1d, 0x1c, 0x1a, 0x14, 0x1e, 0x2f, 0x1a, 0x6f, 0x2f, 0x1e, 0x18, 0x12, 0x1c, 0x1e,
0x16, 0x13, 0x1e, 0x1a, 0x1d, 0x1f, 0x11, 0x6f, 0x2f, 0x1d, 0x1b, 0x1a, 0x19, 0x1e, 0x17, 0x15, 0x1f, 0x1b, 0x9f, 0x2f, 0x1a, 0x1e, 0x1c, 0x16, 0x2e, 0x13, 0x1f, 0x18, 0x1a, 0x8f, 0x3f, 0x1e, 0x1b, 0x1d, 0x15, 0x1c, 0x16, 0x2f, 0x1a, 0x8f, 0x3f, 0x1c, 0x1a, 0x1c, 0x15, 0x11, 0x1b, 0x11, 0x1f, 0x1c, 0x16, 0x18, 0x6f, 0x3f, 0x1c, 0x16, 0x18, 0x1b, 0x1a, 0x18, 0x1b, 0x26, 0x17, 0x7f, 0x3f, 0x25, 0x1f, 0x18, 0x12, 0x15, 0x12, 0xaf, 0xff, 0x5f, 0xff, 0x5f,
// Compressed size: 188 bytes original pixels: 12544 uint16_t → ~25088 bytes uncompressed)

// DOBHRAN / Dobhran Auraflow V0.3 000 S2071196924 Th0.100 20 [Folder: DOBHRAN] - RLE compressed data (offset: 9683, size: 238)
0xfe, 0x5e, 0x8e, 0x10, 0x1e, 0x17, 0x24, 0x17, 0x6e, 0x8e, 0x15, 0x2d, 0x17, 0x1b, 0x2c, 0x1b, 0x4e, 0x7e, 0x1d, 0x12, 0x1c, 0x15, 0x28, 0x23, 0x16, 0x14, 0x3e, 0x5e, 0x10, 0x1c, 0x25, 0x1f, 0x1d, 0x1c, 0x1d, 0x19, 0x13, 0x1b, 0x12, 0x19, 0x2e, 0x4e, 0x11, 0x1b, 0x18, 0x1d, 0x12, 0x1a, 0x1c, 0x2d, 0x1c, 0x1d, 0x1f, 0x17, 0x13, 0x2e, 0x4e, 0x1c, 0x14, 0x19, 0x3f, 0x1b, 0x1d, 0x1f, 0x2d, 0x12, 0x1b, 0x11, 0x2e, 0x3e, 0x14, 0x15, 0x18, 0x1f, 0x1d, 0x2f, 0x15, 0x1d, 0x2f, 0x1b, 0x13, 0x1d, 0x17, 0x2e, 0x3e, 0x14, 0x1c, 0x19, 0x1c, 0x2a, 0x1f, 0x1c, 0x1f, 0x19, 0x1c, 0x17, 0x13, 0x1f, 0x19, 0x2e, 0x2e, 0x12, 0x17, 0x1c, 0x1a, 0x15, 0x1c, 0x14, 0x17, 0x1c, 0x2d, 0x2f,
0x19, 0x4e, 0x1e, 0x10, 0x11, 0x17, 0x1f, 0x17, 0x15, 0x18, 0x17, 0x19, 0x2d, 0x1c, 0x13, 0x6e, 0x1e, 0x11, 0x19, 0x1f, 0x35, 0x18, 0x1d, 0x11, 0x12, 0x18, 0x10, 0x7e, 0x1e, 0x10, 0x1b, 0x1f, 0x17, 0x13, 0x1b, 0x1c, 0x30, 0x12, 0x17, 0x10, 0x17, 0x19, 0x1a, 0x1e, 0x10, 0x1e, 0x1e, 0x11, 0x18, 0x15, 0x14, 0x15, 0x1d, 0x19, 0x12, 0x30, 0x21, 0x17, 0x10, 0x11, 0x19, 0x15, 0x1e, 0x1e, 0x18, 0x2f, 0x19, 0x15, 0x18, 0x1f, 0x15, 0x11, 0x30, 0x12, 0x27, 0x13, 0x10, 0x17, 0x1e, 0x1e, 0x27, 0x1f, 0x1d, 0x1b, 0x14, 0x13, 0x1a, 0x1d, 0x1b, 0x25, 0x1b, 0x14, 0x12, 0x10, 0x17, 0x16, 0x1e, 0x2e, 0x11, 0x1d, 0x1b, 0x19, 0x18, 0x14, 0x16, 0x1a, 0x27, 0x1c, 0x17, 0x26, 0x4e, 0x3e,
0x13, 0x17, 0x1f, 0x1a, 0x15, 0x1a, 0x19, 0x1a, 0x18, 0x8e, 0xfe, 0x5e, 0xfe, 0x5e,
// Compressed size: 238 bytes original pixels: 12544 uint16_t → ~25088 bytes uncompressed)

// DOLOR / Dolor Auraflow V0.3 000 S1805371442 Th0.100 20 [Folder: DOLOR] - RLE compressed data (offset: 9921, size: 112)
0xfe, 0x5e, 0x9e, 0x16, 0x1a, 0x9e, 0x5e, 0x20, 0x13, 0x2e, 0x19, 0x9e, 0x5e, 0x1a, 0x1c, 0x1b, 0x1d, 0x16, 0x1b, 0x1a, 0x8e, 0x6e, 0x12, 0x1f, 0x1e, 0x1c, 0x10, 0x13, 0x1a, 0x7e, 0x7e, 0x12, 0x1e, 0x1b, 0x1e, 0x1c, 0x17, 0x7e, 0x8e, 0x11, 0x1e, 0x13, 0x1e, 0x1c, 0x7e, 0x5e, 0x1b, 0x1d, 0x13, 0xce, 0x6e, 0x10, 0x4e, 0x13, 0x8e, 0x6e, 0x1c, 0x4e, 0x22, 0x7e, 0xae, 0x10, 0x13, 0x1c, 0x7e, 0xae, 0x11, 0x1e, 0x13, 0x7e, 0x5e, 0x16, 0x6e, 0x11, 0x7e, 0x5e, 0x17, 0x3e, 0x11, 0x2e, 0x15, 0x7e, 0x9e, 0x14, 0x1c, 0x1e, 0x11, 0x7e, 0x4e, 0x16, 0x5e, 0x10, 0x9e, 0xfe, 0x5e, 0x3e, 0x1a, 0x6e, 0x16, 0x18, 0x17, 0x7e, 0x3e, 0x1c, 0x4e, 0x1a, 0x15, 0x1d, 0x1c, 0x8e, 0xfe, 0x5e,
// Compressed size: 112 bytes original pixels: 12544 uint16_t → ~25088 bytes uncompressed)

// DOMOVOI / Domovoi Auraflow V0.3 000 S3311252536 Th0.100 20 [Folder: DOMOVOI] - RLE compressed data (offset: 10033, size: 157)
0xfe, 0x5e, 0xfe, 0x5e, 0x9e, 0x15, 0xae, 0x6e, 0x10, 0x22, 0x11, 0x12, 0x17, 0x8e, 0x4e, 0x11, 0x14, 0x20, 0x13, 0x18, 0x14, 0x11, 0x18, 0x7e, 0x4e, 0x11, 0x12, 0x17, 0x11, 0x1c, 0x16, 0x14, 0x19, 0x25, 0x6e, 0x3e, 0x21, 0x12, 0x13, 0x15, 0x17, 0x1c, 0x17, 0x22, 0x14, 0x1b, 0x5e, 0x3e, 0x15, 0x17, 0x29, 0x12, 0x16, 0x2a, 0x12, 0x38, 0x5e, 0x4e, 0x16, 0x3b, 0x15, 0x1d, 0x1b, 0x17, 0x23, 0x1d, 0x1c, 0x4e, 0x5e, 0x12, 0x1e, 0x1b, 0x1c, 0x19, 0x16, 0x1b, 0x16, 0x15, 0x1a, 0x19, 0x4e, 0x7e, 0x15, 0x17, 0x19, 0x16, 0x1c, 0x1d, 0x13, 0x26, 0x4e, 0x8e, 0x1c, 0x1b, 0x1c, 0x15, 0x1b, 0x11, 0x15, 0x16, 0x4e, 0x7e, 0x27, 0x1b, 0x19, 0x16, 0x1a, 0x14, 0x16, 0x18, 0x4e, 0x7e,
0x11, 0x15, 0x17, 0x1f, 0x1d, 0x1b, 0x19, 0x13, 0x1c, 0x4e, 0x7e, 0x12, 0x16, 0x18, 0x2c, 0x1b, 0x17, 0x13, 0x5e, 0x8e, 0x27, 0x3c, 0x17, 0x19, 0x5e, 0x6e, 0x1b, 0x17, 0x1e, 0x1a, 0x15, 0x11, 0x12, 0x11, 0x18, 0x19, 0x4e, 0xce, 0x15, 0x10, 0x6e, 0xfe, 0x5e, 0xfe, 0x5e,
// Compressed size: 157 bytes original pixels: 12544 uint16_t → ~25088 bytes uncompressed)

// DOPPELGANGER / Doppelganger Auraflow V0.3 000 S3756026953 Th0.100 20 [Folder: DOPPELGANGER] - RLE compressed data (offset: 10190, size: 202)
0xf1, 0x51, 0xf1, 0x51, 0x31, 0x15, 0xf1, 0x11, 0x31, 0x14, 0x51, 0x36, 0x81, 0x21, 0x1b, 0x15, 0x1b, 0x31, 0x16, 0x1b, 0x13, 0x16, 0x1e, 0x71, 0x21, 0x13, 0x24, 0x31, 0x14, 0x1c, 0x1d, 0x1b, 0x1f, 0x18, 0x61, 0x21, 0x13, 0x22, 0x21, 0x14, 0x13, 0x3f, 0x19, 0x17, 0x1a, 0x51, 0x21, 0x13, 0x22, 0x21, 0x1a, 0x19, 0x1a, 0x2f, 0x1e, 0x1f, 0x1c, 0x51, 0x21, 0x24, 0x12, 0x11, 0x12, 0x1b, 0x11, 0x1b, 0x1d, 0x19, 0x1e, 0x1f, 0x1d, 0x51, 0x21, 0x1d, 0x35, 0x13, 0x19, 0x1a, 0x14, 0x1d, 0x1e, 0x1f, 0x1c, 0x1f, 0x51, 0x21, 0x13, 0x15, 0x21, 0x1b, 0x11, 0x12, 0x1c, 0x1f, 0x1c, 0x1f, 0x11, 0x1c, 0x51, 0x21, 0x17, 0x31, 0x1c, 0x11, 0x16, 0x1d, 0x1f, 0x19, 0x1f, 0x11, 0x1e, 0x1a,
0x41, 0x21, 0x13, 0x31, 0x14, 0x1d, 0x1b, 0x1f, 0x18, 0x1c, 0x1f, 0x11, 0x1e, 0x51, 0x21, 0x19, 0x21, 0x13, 0x1c, 0x15, 0x1f, 0x19, 0x1c, 0x1d, 0x1f, 0x11, 0x1f, 0x18, 0x41, 0x21, 0x19, 0x11, 0x1b, 0x1f, 0x29, 0x1d, 0x21, 0x16, 0x19, 0x11, 0x1c, 0x51, 0x21, 0x16, 0x11, 0x1d, 0x11, 0x19, 0x11, 0x1c, 0x21, 0x1c, 0x21, 0x1c, 0x51, 0x21, 0x18, 0x31, 0x27, 0x1c, 0x29, 0x16, 0x1c, 0x18, 0x1f, 0x51, 0x21, 0x16, 0x17, 0x21, 0x19, 0x16, 0x1c, 0x31, 0x19, 0x2c, 0x19, 0x41, 0x21, 0x2c, 0x1a, 0x81, 0x16, 0x19, 0x17, 0x41, 0x11, 0x1d, 0xf1, 0x31,
// Compressed size: 202 bytes original pixels: 12544 uint16_t → ~25088 bytes uncompressed)

// DRACOLICH / Dracolich Auraflow V0.3 000 S3614650088 Th0.100 20 [Folder: DRACOLICH] - RLE compressed data (offset: 10392, size: 206)
0xbf, 0x18, 0x8f, 0xff, 0x5f, 0x5f, 0x17, 0x1b, 0x3f, 0x11, 0x1f, 0x12, 0x17, 0x6f, 0x3f, 0x18, 0x1c, 0x1b, 0x19, 0x3f, 0x1e, 0x19, 0x1f, 0x2d, 0x17, 0x19, 0x3f, 0x1f, 0x17, 0x18, 0x2b, 0x16, 0x1b, 0x4f, 0x19, 0x12, 0x2d, 0x13, 0x12, 0x11, 0x2f, 0x24, 0x17, 0x46, 0x5f, 0x11, 0x16, 0x1e, 0x15, 0x1d, 0x1e, 0x2f, 0x1f, 0x16, 0x17, 0x1e, 0x13, 0x1c, 0x1a, 0x1c, 0x1a, 0x11, 0x1d, 0x17, 0x12, 0x1d, 0x1e, 0x27, 0x1e, 0x18, 0x1f, 0x26, 0x15, 0x17, 0x16, 0x1c, 0x1b, 0x1d, 0x1c, 0x1d, 0x1e, 0x1d, 0x1e, 0x1c, 0x2f, 0x1e, 0x3f, 0x14, 0x16, 0x15, 0x18, 0x13, 0x1c, 0x16, 0x17, 0x14, 0x1d, 0x1e, 0x1a, 0x1e, 0x17, 0x2f, 0x1e, 0x3f, 0x1f, 0x17, 0x13, 0x16, 0x13, 0x1a, 0x2f, 0x14,
0x1d, 0x1c, 0x2e, 0x17, 0x6f, 0x1f, 0x18, 0x12, 0x1c, 0x1f, 0x11, 0x1f, 0x1c, 0x16, 0x1a, 0x2e, 0x1d, 0x18, 0x1f, 0x17, 0x4f, 0x1f, 0x18, 0x1f, 0x12, 0x3f, 0x11, 0x1c, 0x19, 0x16, 0x2f, 0x18, 0x6f, 0x1f, 0x17, 0x3f, 0x1a, 0x1d, 0x1c, 0x17, 0x1b, 0x1a, 0x18, 0x2f, 0x1b, 0x1a, 0x1b, 0x3f, 0x4f, 0x15, 0x1f, 0x18, 0x11, 0x14, 0x1f, 0x11, 0x17, 0x1e, 0x11, 0x6f, 0x3f, 0x11, 0x1f, 0x1c, 0x15, 0x1f, 0x18, 0x3f, 0x1b, 0x7f, 0x2f, 0x12, 0x1f, 0x1b, 0x3f, 0x18, 0x1f, 0x1d, 0x1f, 0x1b, 0x19, 0x6f, 0x4f, 0x17, 0x1a, 0x3f, 0x1a, 0xaf, 0xff, 0x5f, 0xff, 0x5f, 0xff, 0x5f,
// Compressed size: 206 bytes original pixels: 12544 uint16_t → ~25088 bytes uncompressed)

// DRAGON / Dragon Auraflow V0.3 000 S1959400188 Th0.100 20 [Folder: DRAGON] - RLE compressed data (offset: 10598, size: 210)
0xf0, 0x50, 0xb0, 0x1d, 0x11, 0x70, 0x50, 0x13, 0x1f, 0x50, 0x1e, 0x1d, 0x60, 0x40, 0x19, 0x18, 0x1a, 0x60, 0x17, 0x1b, 0x1a, 0x40, 0x20, 0x13, 0x19, 0x18, 0x1b, 0x13, 0x60, 0x1b, 0x1a, 0x15, 0x1a, 0x14, 0x20, 0x10, 0x1a, 0x27, 0x19, 0x1a, 0x16, 0x60, 0x17, 0x18, 0x1e, 0x17, 0x1a, 0x17, 0x10, 0x11, 0x1b, 0x17, 0x16, 0x19, 0x1a, 0x14, 0x10, 0x11, 0x1d, 0x30, 0x15, 0x1b, 0x26, 0x17, 0x19, 0x13, 0x16, 0x19, 0x17, 0x26, 0x2a, 0x18, 0x15, 0x14, 0x1d, 0x11, 0x1c, 0x1a, 0x19, 0x1b, 0x15, 0x19, 0x1a, 0x12, 0x14, 0x1a, 0x16, 0x25, 0x16, 0x1c, 0x18, 0x1d, 0x18, 0x2a, 0x17, 0x15, 0x18, 0x16, 0x12, 0x15, 0x19, 0x16, 0x11, 0x17, 0x15, 0x10, 0x18, 0x14, 0x10, 0x15, 0x1c, 0x1d,
0x16, 0x1e, 0x11, 0x10, 0x12, 0x14, 0x20, 0x17, 0x16, 0x14, 0x17, 0x12, 0x10, 0x16, 0x20, 0x15, 0x13, 0x18, 0x19, 0x17, 0x30, 0x16, 0x20, 0x15, 0x13, 0x10, 0x17, 0x40, 0x13, 0x18, 0x17, 0x15, 0x14, 0x1e, 0x18, 0x50, 0x14, 0x12, 0x10, 0x12, 0x10, 0x14, 0x17, 0x14, 0x1e, 0x18, 0x10, 0x18, 0x1d, 0x1a, 0x19, 0x50, 0x1a, 0x10, 0x20, 0x14, 0x20, 0x19, 0x18, 0x20, 0x1d, 0x1c, 0x27, 0x19, 0x30, 0x1f, 0x14, 0x10, 0x20, 0x17, 0x20, 0x1d, 0x15, 0x1c, 0x10, 0x14, 0x10, 0x19, 0x10, 0x1a, 0x17, 0x18, 0x1a, 0x16, 0x20, 0xe0, 0x17, 0x12, 0x40, 0xc0, 0x1e, 0x70, 0xf0, 0x50, 0xf0, 0x50, 0xf0, 0x50,
// Compressed size: 210 bytes original pixels: 12544 uint16_t → ~25088 bytes uncompressed)

// DRAKE / Drake Auraflow V0.3 000 S2145938515 Th0.100 20 [Folder: DRAKE] - RLE compressed data (offset: 10808, size: 119)
0xff, 0x5f, 0xff, 0x5f, 0xff, 0x5f, 0xff, 0x5f, 0xff, 0x5f, 0xff, 0x5f, 0x9f, 0x13, 0x12, 0x16, 0x12, 0x2f, 0x12, 0x4f, 0x7f, 0x17, 0x24, 0x17, 0x15, 0x13, 0x11, 0x17, 0x5f, 0x6f, 0x11, 0x15, 0x21, 0x29, 0x1b, 0x1d, 0x1a, 0x12, 0x4f, 0x5f, 0x11, 0x12, 0x1d, 0x1c, 0x17, 0x1b, 0x19, 0x1e, 0x17, 0x1e, 0x1d, 0x4f, 0x5f, 0x12, 0x1e, 0x1a, 0x1c, 0x16, 0x1a, 0x2e, 0x1c, 0x14, 0x18, 0x19, 0x3f, 0x4f, 0x13, 0x15, 0x1e, 0x18, 0x19, 0x17, 0x1e, 0x1c, 0x1e, 0x1f, 0x17, 0x13, 0x15, 0x3f, 0x5f, 0x27, 0x2f, 0x18, 0x1a, 0x3f, 0x17, 0x1e, 0x18, 0x3f, 0x9f, 0x1a, 0x18, 0x3f, 0x1c, 0x1e, 0x4f, 0x7f, 0x1c, 0x27, 0x4f, 0x19, 0x1e, 0x4f, 0xcf, 0x14, 0x12, 0x17, 0x1c, 0x4f, 0xef, 0x17,
0x5f, 0xff, 0x5f, 0xff, 0x5f, 0xff, 0x5f,
// Compressed size: 119 bytes original pixels: 12544 uint16_t → ~25088 bytes uncompressed)

// DRAUGR / Draugr Auraflow V0.3 000 S3603437481 Th0.100 20 [Folder: DRAUGR] - RLE compressed data (offset: 10927, size: 150)
0xfe, 0x5e, 0xfe, 0x5e, 0xfe, 0x5e, 0xae, 0x10, 0x17, 0x8e, 0x8e, 0x13, 0x11, 0x1b, 0x14, 0x8e, 0x7e, 0x11, 0x1a, 0x2c, 0x14, 0x16, 0x7e, 0x7e, 0x2d, 0x1b, 0x23, 0x12, 0x1b, 0x6e, 0x6e, 0x13, 0x1e, 0x1d, 0x19, 0x17, 0x14, 0x1c, 0x18, 0x6e, 0x5e, 0x1b, 0x1e, 0x17, 0x1d, 0x1c, 0x14, 0x1b, 0x1c, 0x19, 0x11, 0x5e, 0x5e, 0x1f, 0x1e, 0x19, 0x3d, 0x1c, 0x28, 0x24, 0x4e, 0x4e, 0x11, 0x15, 0x1e, 0x13, 0x1d, 0x1b, 0x1a, 0x1c, 0x13, 0x15, 0x11, 0x16, 0x4e, 0x4e, 0x16, 0x2e, 0x13, 0x17, 0x1d, 0x1c, 0x1d, 0x1f, 0x1c, 0x21, 0x12, 0x11, 0x2e, 0x4e, 0x17, 0x2e, 0x16, 0x13, 0x17, 0x1c, 0x18, 0x1d, 0x18, 0x16, 0x11, 0x16, 0x3e, 0x4e, 0x15, 0x18, 0x1e, 0x11, 0x1d, 0x29, 0x1c, 0x1b,
0x22, 0x10, 0x16, 0x3e, 0x4e, 0x19, 0x2e, 0x1b, 0x1d, 0x1c, 0x16, 0x1b, 0x18, 0x14, 0x1e, 0x14, 0x11, 0x3e, 0x3e, 0x15, 0x2e, 0x15, 0x1b, 0x7e, 0x19, 0x18, 0x3e, 0x6e, 0x1b, 0xde, 0x2e, 0x16, 0xfe, 0x2e, 0xfe, 0x5e, 0xfe, 0x5e,
// Compressed size: 150 bytes original pixels: 12544 uint16_t → ~25088 bytes uncompressed)

// DRYAD / Dryad Auraflow V0.3 000 S666512973 Th0.100 20 [Folder: DRYAD] - RLE compressed data (offset: 11077, size: 157)
0xff, 0x5f, 0xff, 0x5f, 0xff, 0x5f, 0x9f, 0x11, 0x14, 0x10, 0x8f, 0x9f, 0x16, 0x1e, 0x1c, 0x12, 0x7f, 0x8f, 0x13, 0x1d, 0x1c, 0x16, 0x1f, 0x14, 0x6f, 0x7f, 0x12, 0x17, 0x2e, 0x11, 0x8f, 0x6f, 0x1a, 0x18, 0x1e, 0x12, 0x1e, 0x12, 0x8f, 0x7f, 0x18, 0x2f, 0x19, 0x14, 0x1a, 0x7f, 0xaf, 0x1c, 0x3f, 0x10, 0x5f, 0x7f, 0x12, 0x1f, 0x19, 0x1a, 0x11, 0x3f, 0x19, 0x4f, 0x8f, 0x13, 0x2e, 0x17, 0x8f, 0x5f, 0x15, 0x12, 0x17, 0x12, 0x1e, 0x1d, 0x11, 0x14, 0x7f, 0x5f, 0x14, 0x15, 0x16, 0x4c, 0x15, 0x7f, 0x4f, 0x16, 0x15, 0x13, 0x16, 0x18, 0x12, 0x1d, 0x1b, 0x12, 0x10, 0x6f, 0x4f, 0x11, 0x1f, 0x1c, 0x1f, 0x14, 0x1b, 0x1a, 0x1d, 0x29, 0x20, 0x4f, 0x4f, 0x1c, 0x1f, 0x12, 0x14, 0x2f,
0x16, 0x1b, 0x1a, 0x1b, 0x15, 0x12, 0x11, 0x13, 0x16, 0x1f, 0x5f, 0x1a, 0x18, 0x2f, 0x1b, 0x1f, 0x14, 0x13, 0x27, 0x11, 0x10, 0x11, 0x2f, 0x5f, 0x1e, 0x1a, 0x17, 0x1f, 0x1b, 0x3f, 0x18, 0x15, 0x17, 0x16, 0x17, 0x2f, 0x7f, 0x1e, 0x2c, 0x18, 0x2a, 0x14, 0x3f, 0x1a, 0x2f,
// Compressed size: 157 bytes original pixels: 12544 uint16_t → ~25088 bytes uncompressed)

// DUERGAR / Duergar Auraflow V0.3 000 S1156301299 Th0.100 20 [Folder: DUERGAR] - RLE compressed data (offset: 11234, size: 284)
0xf6, 0x56, 0x66, 0x21, 0x10, 0xb6, 0x56, 0x1a, 0x11, 0x10, 0x11, 0x16, 0x1f, 0x26, 0x19, 0x66, 0x56, 0x18, 0x17, 0x11, 0x13, 0x11, 0x10, 0x19, 0x17, 0x2b, 0x10, 0x17, 0x36, 0x16, 0x10, 0x36, 0x18, 0x17, 0x13, 0x19, 0x13, 0x1d, 0x19, 0x13, 0x17, 0x1b, 0x13, 0x11, 0x10, 0x26, 0x16, 0x23, 0x26, 0x17, 0x1a, 0x10, 0x11, 0x1d, 0x13, 0x1d, 0x17, 0x18, 0x1e, 0x17, 0x19, 0x13, 0x10, 0x16, 0x16, 0x14, 0x36, 0x18, 0x13, 0x18, 0x1b, 0x18, 0x2b, 0x28, 0x17, 0x23, 0x1d, 0x15, 0x16, 0x26, 0x1c, 0x26, 0x18, 0x12, 0x1c, 0x1b, 0x2d, 0x1a, 0x27, 0x1b, 0x18, 0x1e, 0x1f, 0x1d, 0x1b, 0x26, 0x14, 0x36, 0x1e, 0x15, 0x17, 0x1d, 0x18, 0x1d, 0x14, 0x25, 0x3d, 0x1e, 0x16, 0x26, 0x14, 0x26,
0x1d, 0x1c, 0x1f, 0x1d, 0x2e, 0x1c, 0x2d, 0x22, 0x18, 0x2d, 0x16, 0x26, 0x14, 0x26, 0x1b, 0x17, 0x1d, 0x15, 0x12, 0x35, 0x1e, 0x1d, 0x28, 0x1a, 0x19, 0x16, 0x36, 0x12, 0x18, 0x1e, 0x18, 0x1d, 0x1e, 0x15, 0x14, 0x2c, 0x1d, 0x1b, 0x17, 0x1b, 0x27, 0x16, 0x16, 0x17, 0x11, 0x14, 0x17, 0x1c, 0x15, 0x3f, 0x14, 0x13, 0x1c, 0x11, 0x13, 0x19, 0x1a, 0x18, 0x1d, 0x16, 0x16, 0x17, 0x1d, 0x18, 0x25, 0x1c, 0x1e, 0x1f, 0x14, 0x11, 0x19, 0x18, 0x1a, 0x17, 0x1c, 0x1a, 0x18, 0x1d, 0x16, 0x16, 0x18, 0x1a, 0x12, 0x15, 0x1c, 0x15, 0x18, 0x11, 0x17, 0x1b, 0x17, 0x1a, 0x1e, 0x2a, 0x1b, 0x1d, 0x17, 0x1e, 0x16, 0x1b, 0x14, 0x12, 0x14, 0x12, 0x15, 0x1c, 0x18, 0x13, 0x17, 0x2d, 0x1e, 0x1d,
0x13, 0x27, 0x1b, 0x1e, 0x17, 0x18, 0x1a, 0x22, 0x20, 0x15, 0x10, 0x1c, 0x1a, 0x18, 0x1b, 0x2d, 0x19, 0x1b, 0x1f, 0x1e, 0x1b, 0x19, 0x18, 0x1e, 0x12, 0x20, 0x22, 0x14, 0x25, 0x18, 0x17, 0x1b, 0x21, 0x19, 0x13, 0x11, 0x1b, 0x26, 0x1f, 0x17, 0x13, 0x1a, 0x17, 0x23, 0x17, 0x13, 0x27, 0x19, 0x1d, 0x13, 0x17, 0x2f, 0x1d, 0x66, 0x2f, 0x1b, 0x1d, 0x1b, 0x1d, 0x8f,
// Compressed size: 284 bytes original pixels: 12544 uint16_t → ~25088 bytes uncompressed)

// DULLAHAN / Dullahan Auraflow V0.3 000 S2247841765 Th0.100 20 [Folder: DULLAHAN] - RLE compressed data (offset: 11518, size: 164)
0xfe, 0x5e, 0xae, 0x14, 0x16, 0x8e, 0xae, 0x17, 0x1d, 0x12, 0x7e, 0x4e, 0x1a, 0x11, 0x14, 0x2c, 0x14, 0x1e, 0x1d, 0x19, 0x7e, 0x4e, 0x1a, 0x1e, 0x17, 0x14, 0x12, 0x1c, 0x1e, 0x12, 0x2e, 0x1d, 0x5e, 0x4e, 0x17, 0x1e, 0x14, 0x15, 0x17, 0x1c, 0x15, 0x2e, 0x13, 0x6e, 0x3e, 0x13, 0x2e, 0x14, 0x1a, 0x17, 0x18, 0x3e, 0x1f, 0x6e, 0x4e, 0x14, 0x2e, 0x13, 0x15, 0x17, 0x5e, 0x1d, 0x11, 0x3e, 0x8e, 0x16, 0x14, 0x2e, 0x1b, 0x1e, 0x1c, 0x5e, 0x6e, 0x10, 0x1e, 0x1b, 0x16, 0x1e, 0x1c, 0x29, 0x2e, 0x12, 0x3e, 0x6e, 0x3c, 0x1d, 0x2e, 0x16, 0x17, 0x1e, 0x1b, 0x15, 0x3e, 0x5e, 0x13, 0x1e, 0x15, 0x19, 0x1b, 0x18, 0x1e, 0x1a, 0x2e, 0x19, 0x10, 0x3e, 0x4e, 0x14, 0x18, 0x1e, 0x14, 0x2e,
0x1c, 0x4e, 0x1d, 0x12, 0x3e, 0x4e, 0x14, 0x1a, 0x1e, 0x1c, 0x1e, 0x1c, 0x1e, 0x1b, 0x1e, 0x11, 0x2e, 0x19, 0x3e, 0x5e, 0x16, 0x3e, 0x17, 0x1e, 0x17, 0x8e, 0xfe, 0x5e, 0x3e, 0x11, 0x4e, 0x11, 0x3e, 0x10, 0x1e, 0x1c, 0x1e, 0x1c, 0x3e, 0x3e, 0x1c, 0x2e, 0x16, 0x5e, 0x19, 0x1b, 0x6e, 0x5e, 0x19, 0xee, 0xfe, 0x5e,
// Compressed size: 164 bytes original pixels: 12544 uint16_t → ~25088 bytes uncompressed)

// DUNNIE / Dunnie Auraflow V0.3 000 S3136596090 Th0.100 20 [Folder: DUNNIE] - RLE compressed data (offset: 11682, size: 152)
0xf0, 0x50, 0xf0, 0x50, 0xf0, 0x50, 0x80, 0x13, 0x14, 0x16, 0x23, 0x70, 0x70, 0x12, 0x1b, 0x15, 0x17, 0x13, 0x22, 0x60, 0x60, 0x16, 0x12, 0x1d, 0x15, 0x1c, 0x14, 0x12, 0x18, 0x14, 0x50, 0x50, 0x11, 0x15, 0x1a, 0x1c, 0x1d, 0x13, 0x18, 0x1e, 0x1f, 0x11, 0x50, 0x40, 0x11, 0x14, 0x1a, 0x18, 0x1e, 0x17, 0x18, 0x1f, 0x1b, 0x1f, 0x14, 0x50, 0x40, 0x15, 0x1a, 0x13, 0x1b, 0x14, 0x1c, 0x1b, 0x1e, 0x1b, 0x1f, 0x11, 0x50, 0x30, 0x14, 0x16, 0x1c, 0x1d, 0x19, 0x1f, 0x1c, 0x16, 0x1b, 0x1c, 0x1e, 0x1d, 0x50, 0x30, 0x12, 0x1c, 0x1a, 0x1f, 0x1c, 0x1f, 0x1b, 0x14, 0x17, 0x1a, 0x1b, 0x17, 0x50, 0x30, 0x12, 0x1b, 0x1d, 0x3f, 0x14, 0x20, 0x12, 0x16, 0x18, 0x50, 0x30, 0x16, 0x1e, 0x1f,
0x17, 0x2a, 0x40, 0x1d, 0x19, 0x50, 0x30, 0x29, 0x16, 0x10, 0x17, 0x14, 0x40, 0x15, 0x60, 0x20, 0x14, 0x1d, 0x1a, 0x20, 0x19, 0x12, 0xb0, 0x20, 0x13, 0x17, 0x2f, 0x10, 0x1a, 0x19, 0xb0, 0x80, 0x17, 0xb0, 0xf0, 0x50, 0xf0, 0x50, 0xf0, 0x50,
// Compressed size: 152 bytes original pixels: 12544 uint16_t → ~25088 bytes uncompressed)

// DWARF / Dwarf Auraflow V0.3 000 S3001039483 Th0.100 20 [Folder: DWARF] - RLE compressed data (offset: 11834, size: 241)
0xf2, 0x52, 0x82, 0x16, 0x10, 0xa2, 0x72, 0x1f, 0x13, 0x10, 0x11, 0x92, 0x82, 0x1c, 0x1e, 0x18, 0x1a, 0x14, 0x72, 0x82, 0x23, 0x15, 0x13, 0x24, 0x62, 0x72, 0x15, 0x19, 0x15, 0x1d, 0x1a, 0x1e, 0x1d, 0x17, 0x52, 0x62, 0x15, 0x19, 0x1a, 0x1b, 0x14, 0x10, 0x15, 0x16, 0x1e, 0x52, 0x52, 0x21, 0x1f, 0x10, 0x1e, 0x1c, 0x1d, 0x20, 0x21, 0x42, 0x42, 0x14, 0x17, 0x15, 0x1b, 0x16, 0x14, 0x15, 0x11, 0x10, 0x15, 0x13, 0x15, 0x42, 0x32, 0x1b, 0x11, 0x1a, 0x17, 0x1e, 0x14, 0x15, 0x23, 0x19, 0x16, 0x14, 0x1a, 0x1b, 0x32, 0x32, 0x14, 0x1a, 0x19, 0x1c, 0x1b, 0x17, 0x1d, 0x1e, 0x2f, 0x16, 0x11, 0x15, 0x17, 0x32, 0x22, 0x1a, 0x24, 0x12, 0x18, 0x13, 0x21, 0x1b, 0x1f, 0x1d, 0x1f, 0x16,
0x15, 0x16, 0x32, 0x22, 0x1b, 0x16, 0x1d, 0x12, 0x1c, 0x2a, 0x15, 0x17, 0x16, 0x1d, 0x1f, 0x1e, 0x18, 0x15, 0x32, 0x32, 0x14, 0x1e, 0x12, 0x16, 0x1d, 0x18, 0x17, 0x15, 0x29, 0x1e, 0x1c, 0x13, 0x11, 0x1b, 0x22, 0x12, 0x1c, 0x1e, 0x1d, 0x18, 0x12, 0x1f, 0x14, 0x1a, 0x1b, 0x17, 0x10, 0x1a, 0x17, 0x1b, 0x16, 0x14, 0x1b, 0x22, 0x32, 0x1b, 0x1e, 0x14, 0x16, 0x1b, 0x1e, 0x1c, 0x11, 0x17, 0x1b, 0x1e, 0x1f, 0x1c, 0x14, 0x17, 0x1a, 0x12, 0x52, 0x1a, 0x1f, 0x19, 0x1c, 0x17, 0x14, 0x19, 0x2a, 0x1b, 0x1d, 0x1f, 0x2c, 0x12, 0x42, 0x14, 0x1c, 0x1f, 0x1b, 0x1c, 0x1f, 0x18, 0x1e, 0x16, 0x1c, 0x1a, 0x15, 0x1d, 0x16, 0x1a, 0x12, 0x42, 0x1a, 0x16, 0x2d, 0x2a, 0x3f, 0x27, 0x20, 0x1a,
0x18, 0x12, 0x32, 0x38, 0x1d, 0x2b, 0x1a, 0x1b, 0x16, 0x1b, 0x1d, 0x1e, 0x17, 0x15, 0x10, 0x15, 0x12,
// Compressed size: 241 bytes original pixels: 12544 uint16_t → ~25088 bytes uncompressed)

// EBON / Ebon Auraflow V0.3 000 S3283218596 Th0.100 20 [Folder: EBON] - RLE compressed data (offset: 12075, size: 196)
0xfe, 0x5e, 0x8e, 0x18, 0x13, 0xae, 0x7e, 0x16, 0x1a, 0x18, 0x2e, 0x12, 0x7e, 0x5e, 0x14, 0x1e, 0x1a, 0x19, 0x18, 0x14, 0x9e, 0x3e, 0x12, 0x15, 0x17, 0x2b, 0x19, 0x1f, 0x1c, 0x1b, 0x19, 0x7e, 0x4e, 0x22, 0x1c, 0x1d, 0x1f, 0x1d, 0x1c, 0x1b, 0x19, 0x17, 0x6e, 0x5e, 0x14, 0x1a, 0x1b, 0x1d, 0x1f, 0x19, 0x1c, 0x1f, 0x1b, 0x14, 0x5e, 0x5e, 0x11, 0x13, 0x1b, 0x1c, 0x1f, 0x2c, 0x1b, 0x17, 0x19, 0x17, 0x4e, 0x6e, 0x2a, 0x12, 0x1d, 0x1c, 0x2d, 0x29, 0x1a, 0x4e, 0x6e, 0x29, 0x1e, 0x12, 0x1b, 0x2f, 0x19, 0x12, 0x19, 0x12, 0x3e, 0x5e, 0x18, 0x1a, 0x12, 0x1e, 0x14, 0x1d, 0x1f, 0x1b, 0x19, 0x14, 0x16, 0x4e, 0x5e, 0x18, 0x1e, 0x12, 0x17, 0x1c, 0x1a, 0x19, 0x18, 0x19, 0x14, 0x16,
0x11, 0x3e, 0x4e, 0x15, 0x19, 0x1e, 0x1a, 0x1c, 0x2d, 0x29, 0x17, 0x12, 0x11, 0x14, 0x3e, 0x2e, 0x11, 0x15, 0x19, 0x1e, 0x13, 0x1b, 0x1c, 0x1a, 0x1c, 0x17, 0x15, 0x14, 0x15, 0x10, 0x13, 0x3e, 0x3e, 0x11, 0x1e, 0x11, 0x2a, 0x18, 0x1a, 0x16, 0x19, 0x17, 0x22, 0x5e, 0x3e, 0x15, 0x1e, 0x17, 0x26, 0x1b, 0x17, 0x16, 0x14, 0x12, 0x11, 0x10, 0x5e, 0x4e, 0x13, 0x10, 0x25, 0x16, 0x14, 0x13, 0x12, 0x10, 0x11, 0x6e, 0x5e, 0x10, 0x12, 0x30, 0x12, 0x11, 0x10, 0x7e, 0x7e, 0x12, 0x1e, 0x11, 0x10, 0x9e, 0xfe, 0x5e,
// Compressed size: 196 bytes original pixels: 12544 uint16_t → ~25088 bytes uncompressed)

// EFREET / Efreet Auraflow V0.3 000 S3523175277 Th0.100 20 [Folder: EFREET] - RLE compressed data (offset: 12271, size: 150)
0xaf, 0x1c, 0x18, 0x1a, 0x2f, 0x17, 0x4f, 0x8f, 0x1c, 0x1d, 0x12, 0x16, 0x2d, 0x1f, 0x2d, 0x3f, 0x3f, 0x1b, 0x1c, 0x2f, 0x1e, 0x1a, 0x1b, 0x22, 0x16, 0x12, 0x1f, 0x17, 0x4f, 0x4f, 0x2e, 0x16, 0x17, 0x1b, 0x12, 0x13, 0x1a, 0x11, 0x15, 0x1c, 0x5f, 0x5f, 0x1a, 0x19, 0x1a, 0x11, 0x28, 0x11, 0x2a, 0x6f, 0x6f, 0x3b, 0x1e, 0x1c, 0x14, 0x19, 0x17, 0x6f, 0x7f, 0x1e, 0x2d, 0x1a, 0x1c, 0x14, 0x7f, 0x5f, 0x1d, 0x1f, 0x1a, 0x1b, 0x1e, 0x15, 0x18, 0x14, 0x18, 0x16, 0x5f, 0x6f, 0x1c, 0x1f, 0x12, 0x19, 0x18, 0x13, 0x15, 0x17, 0x6f, 0x9f, 0x16, 0x15, 0x1b, 0x15, 0x1a, 0x6f, 0x7f, 0x11, 0x1f, 0x35, 0x16, 0x11, 0x6f, 0x6f, 0x12, 0x33, 0x21, 0x16, 0x13, 0x6f, 0x7f, 0x1a, 0x1e, 0x1d,
0x1e, 0x19, 0x1e, 0x7f, 0x7f, 0x12, 0x18, 0x2e, 0x1a, 0x8f, 0x8f, 0x1d, 0x2c, 0x19, 0x8f, 0x9f, 0x18, 0x17, 0x9f, 0x7f, 0x19, 0x12, 0x13, 0x19, 0x14, 0x1c, 0x7f, 0x7f, 0x18, 0x2d, 0x1c, 0x1e, 0x14, 0x7f, 0xff, 0x5f, 0xff, 0x5f,
// Compressed size: 150 bytes original pixels: 12544 uint16_t → ~25088 bytes uncompressed)

// ELEMENTAL AIR / Elemental Air Auraflow V0.3 000 S235276443 Th0.100 20 [Folder: ELEMENTAL_AIR] - RLE compressed data (offset: 12421, size: 210)
0xff, 0x5f, 0x2f, 0x17, 0x2f, 0x19, 0x1b, 0x12, 0x1a, 0x1d, 0x12, 0x19, 0x8f, 0x1f, 0x1b, 0x15, 0x1f, 0x1b, 0x1f, 0x19, 0x14, 0x10, 0x15, 0x12, 0x13, 0x15, 0x1b, 0x6f, 0x1f, 0x1a, 0x19, 0x1a, 0x16, 0x22, 0x11, 0x10, 0x31, 0x10, 0x12, 0x33, 0x3f, 0x2f, 0x18, 0x14, 0x11, 0x10, 0x12, 0x15, 0x11, 0x22, 0x16, 0x15, 0x20, 0x15, 0x11, 0x13, 0x2f, 0x2f, 0x1a, 0x25, 0x22, 0x14, 0x32, 0x15, 0x18, 0x13, 0x10, 0x11, 0x12, 0x10, 0x2f, 0x2f, 0x15, 0x16, 0x14, 0x12, 0x14, 0x15, 0x18, 0x1c, 0x12, 0x15, 0x19, 0x25, 0x21, 0x13, 0x2f, 0x2f, 0x18, 0x14, 0x10, 0x15, 0x18, 0x1d, 0x18, 0x3e, 0x1c, 0x16, 0x21, 0x4f, 0x2f, 0x1c, 0x1d, 0x18, 0x15, 0x28, 0x14, 0x18, 0x1e, 0x16, 0x1e, 0x19,
0x16, 0x13, 0x4f, 0x1f, 0x1b, 0x1f, 0x1b, 0x14, 0x19, 0x18, 0x29, 0x2d, 0x1c, 0x2e, 0x13, 0x16, 0x4f, 0x4f, 0x1a, 0x1b, 0x19, 0x1d, 0x19, 0x2c, 0x2d, 0x16, 0x6f, 0x4f, 0x3b, 0x19, 0x16, 0x1c, 0x1e, 0x16, 0x1c, 0x1a, 0x6f, 0x3f, 0x1a, 0x1f, 0x15, 0x19, 0x16, 0x1c, 0x1a, 0x16, 0x1e, 0x15, 0x1e, 0x6f, 0x1f, 0x1b, 0x19, 0x2b, 0x1f, 0x15, 0x13, 0x15, 0x1b, 0x1d, 0x1e, 0x19, 0x7f, 0x1f, 0x1b, 0x2f, 0x1a, 0x16, 0x4f, 0x1c, 0x1e, 0x15, 0x7f, 0x3f, 0x17, 0x1a, 0x2b, 0x2f, 0x1c, 0x1f, 0x18, 0x1b, 0x7f, 0x3f, 0x1a, 0x4f, 0x1b, 0x1f, 0x1c, 0x9f, 0x9f, 0x1d, 0x19, 0x9f, 0xff, 0x5f, 0xff, 0x5f,
// Compressed size: 210 bytes original pixels: 12544 uint16_t → ~25088 bytes uncompressed)

// ELEMENTAL EARTH / Elemental Earth Auraflow V0.3 000 S2106330908 Th0.100 20 [Folder: ELEMENTAL_EARTH] - RLE compressed data (offset: 12631, size: 244)
0xfe, 0x5e, 0x7e, 0x13, 0x12, 0x10, 0x12, 0x4e, 0x12, 0x4e, 0x5e, 0x13, 0x12, 0x11, 0x22, 0x21, 0x12, 0x10, 0x1e, 0x11, 0x4e, 0x4e, 0x12, 0x18, 0x29, 0x18, 0x13, 0x19, 0x11, 0x10, 0x19, 0x11, 0x5e, 0x4e, 0x12, 0x18, 0x12, 0x19, 0x1c, 0x1a, 0x1b, 0x15, 0x12, 0x10, 0x11, 0x18, 0x4e, 0x4e, 0x11, 0x15, 0x1b, 0x19, 0x17, 0x15, 0x19, 0x1c, 0x25, 0x12, 0x18, 0x4e, 0x4e, 0x19, 0x1d, 0x17, 0x1d, 0x1a, 0x19, 0x14, 0x19, 0x1c, 0x19, 0x2f, 0x18, 0x10, 0x2e, 0x5e, 0x18, 0x1a, 0x1d, 0x1a, 0x16, 0x1a, 0x1d, 0x1b, 0x19, 0x1d, 0x1f, 0x14, 0x12, 0x2e, 0x3e, 0x25, 0x1b, 0x16, 0x19, 0x1c, 0x1a, 0x1b, 0x1d, 0x1a, 0x18, 0x1e, 0x1d, 0x11, 0x18, 0x2e, 0x3e, 0x19, 0x16, 0x1a, 0x16, 0x1e,
0x15, 0x1a, 0x3d, 0x17, 0x1e, 0x19, 0x11, 0x18, 0x2e, 0x2e, 0x13, 0x19, 0x1a, 0x1d, 0x10, 0x2e, 0x1b, 0x1a, 0x1d, 0x1a, 0x19, 0x13, 0x1e, 0x18, 0x15, 0x19, 0x1e, 0x2e, 0x15, 0x1c, 0x1e, 0x15, 0x1e, 0x13, 0x16, 0x1a, 0x1d, 0x19, 0x1d, 0x16, 0x17, 0x1e, 0x1d, 0x1c, 0x13, 0x1e, 0x2e, 0x1c, 0x27, 0x1e, 0x15, 0x3a, 0x1c, 0x1b, 0x15, 0x11, 0x1a, 0x2e, 0x17, 0x2e, 0x3e, 0x12, 0x2e, 0x16, 0x17, 0x1c, 0x1b, 0x2e, 0x19, 0x1a, 0x13, 0x2e, 0x17, 0x2e, 0x5e, 0x15, 0x2a, 0x1e, 0x16, 0x2e, 0x1a, 0x29, 0x18, 0x4e, 0x6e, 0x1a, 0x1b, 0x5e, 0x17, 0x18, 0x15, 0x17, 0x3e, 0x6e, 0x17, 0x1a, 0x6e, 0x1a, 0x2c, 0x10, 0x2e, 0x4e, 0x12, 0x13, 0x17, 0x1b, 0x6e, 0x19, 0x1c, 0x1d, 0x18, 0x2e,
0x3e, 0x15, 0x16, 0x12, 0x13, 0x11, 0x13, 0x11, 0x13, 0x15, 0x13, 0x15, 0x1d, 0x17, 0x1d, 0x1c, 0x1d, 0x1e, 0xfe, 0x5e,
// Compressed size: 244 bytes original pixels: 12544 uint16_t → ~25088 bytes uncompressed)

// ELEMENTAL FIRE / Elemental Fire Auraflow V0.3 000 S1907003806 Th0.100 20 [Folder: ELEMENTAL_FIRE] - RLE compressed data (offset: 12875, size: 155)
0xfe, 0x5e, 0x9e, 0x20, 0x3e, 0x15, 0x5e, 0x9e, 0x12, 0x15, 0x10, 0x12, 0x17, 0x15, 0x5e, 0x8e, 0x12, 0x10, 0x1c, 0x15, 0x12, 0x15, 0x13, 0x5e, 0x8e, 0x10, 0x1b, 0x1f, 0x1c, 0x15, 0x7e, 0x8e, 0x12, 0x14, 0x10, 0x15, 0x10, 0x7e, 0x7e, 0x2f, 0x1c, 0x18, 0x19, 0x8e, 0x7e, 0x2d, 0x1f, 0x1d, 0x1e, 0x18, 0x7e, 0x6e, 0x1a, 0x2e, 0x1c, 0x1d, 0x1e, 0x16, 0x15, 0x17, 0x16, 0x4e, 0x3e, 0x14, 0x4e, 0x16, 0x2a, 0x9e, 0x4e, 0x11, 0x2e, 0x17, 0x1a, 0x1d, 0x17, 0x1c, 0x8e, 0x3e, 0x14, 0x17, 0x16, 0x17, 0x1c, 0x1d, 0x2b, 0x19, 0x16, 0x3e, 0x13, 0x3e, 0x4e, 0x19, 0x16, 0x17, 0x2d, 0x19, 0x2c, 0x17, 0x19, 0x16, 0x14, 0x13, 0x1e, 0x13, 0x1e, 0x4e, 0x17, 0x2a, 0x3d, 0x19, 0x1a, 0x1c,
0x1b, 0x17, 0x19, 0x1e, 0x13, 0x2e, 0x5e, 0x16, 0x1e, 0x19, 0x1c, 0x24, 0x1a, 0x1d, 0x19, 0x14, 0x1a, 0x4e, 0x7e, 0x16, 0x1b, 0x11, 0x13, 0x1a, 0x11, 0x13, 0x19, 0x5e, 0x7e, 0x11, 0x19, 0x6e, 0x13, 0x4e, 0x8e, 0x1a, 0x6e, 0x11, 0x4e, 0xfe, 0x5e, 0xfe, 0x5e,
// Compressed size: 155 bytes original pixels: 12544 uint16_t → ~25088 bytes uncompressed)

// ELEMENTAL WATER / Elemental Water Auraflow V0.3 000 S520840673 Th0.100 20 [Folder: ELEMENTAL_WATER] - RLE compressed data (offset: 13030, size: 234)
0xff, 0x5f, 0xaf, 0x14, 0x10, 0x1f, 0x14, 0x6f, 0x8f, 0x16, 0x11, 0x2f, 0x17, 0x7f, 0x6f, 0x13, 0x27, 0x1c, 0x16, 0x11, 0x1f, 0x11, 0x3f, 0x11, 0x2f, 0x5f, 0x17, 0x1a, 0x1c, 0x14, 0x29, 0x16, 0x12, 0x13, 0x10, 0x26, 0x3f, 0x5f, 0x1a, 0x17, 0x1b, 0x1c, 0x1e, 0x1a, 0x13, 0x25, 0x13, 0x5f, 0x4f, 0x12, 0x1c, 0x2d, 0x1e, 0x1c, 0x1e, 0x1d, 0x26, 0x1b, 0x16, 0x1f, 0x18, 0x2f, 0x5f, 0x16, 0x13, 0x29, 0x1e, 0x1c, 0x1e, 0x1a, 0x28, 0x1a, 0x4f, 0x4f, 0x12, 0x18, 0x1a, 0x1d, 0x1c, 0x1d, 0x1e, 0x4c, 0x19, 0x10, 0x1f, 0x11, 0x1f, 0x6f, 0x1b, 0x10, 0x1a, 0x1d, 0x1e, 0x1c, 0x17, 0x1a, 0x1c, 0x28, 0x16, 0x2f, 0x6f, 0x11, 0x12, 0x1c, 0x1e, 0x1c, 0x11, 0x1e, 0x1a, 0x1b, 0x18, 0x1a,
0x13, 0x2f, 0x7f, 0x18, 0x2d, 0x19, 0x1d, 0x1b, 0x1a, 0x1d, 0x25, 0x16, 0x10, 0x1f, 0x6f, 0x2d, 0x1c, 0x1d, 0x19, 0x18, 0x1a, 0x1b, 0x1c, 0x18, 0x12, 0x18, 0x11, 0x1f, 0x4f, 0x19, 0x1a, 0x1b, 0x18, 0x1d, 0x1c, 0x1d, 0x18, 0x14, 0x25, 0x12, 0x17, 0x1a, 0x2f, 0x3f, 0x10, 0x1f, 0x19, 0x1f, 0x12, 0x1b, 0x1c, 0x19, 0x17, 0x10, 0x1a, 0x13, 0x11, 0x17, 0x12, 0x11, 0x1f, 0x3f, 0x16, 0x18, 0x2f, 0x18, 0x19, 0x1b, 0x1c, 0x22, 0x15, 0x13, 0x17, 0x14, 0x1f, 0x10, 0x1f, 0x3f, 0x20, 0x1f, 0x11, 0x18, 0x15, 0x10, 0x14, 0x25, 0x17, 0x15, 0x18, 0x14, 0x12, 0x2f, 0x3f, 0x21, 0x14, 0x22, 0x13, 0x15, 0x12, 0x25, 0x17, 0x12, 0x14, 0x11, 0x10, 0x2f, 0x4f, 0x10, 0x11, 0x14, 0x15, 0x13,
0x1b, 0x12, 0x16, 0x19, 0x18, 0x14, 0x5f, 0x7f, 0x40, 0x9f,
// Compressed size: 234 bytes original pixels: 12544 uint16_t → ~25088 bytes uncompressed)

// ELF DARK / Elf Dark Auraflow V0.3 000 S3126500254 Th0.100 20 [Folder: ELF_DARK] - RLE compressed data (offset: 13264, size: 185)
0xfe, 0x5e, 0x6e, 0x13, 0xde, 0x5e, 0x12, 0x11, 0x10, 0x12, 0x10, 0x12, 0x16, 0x10, 0x12, 0x1d, 0x15, 0x10, 0x3e, 0x3e, 0x12, 0x16, 0x13, 0x27, 0x16, 0x1b, 0x3d, 0x1a, 0x1d, 0x1c, 0x18, 0x3e, 0x6e, 0x12, 0x10, 0x2a, 0x1c, 0x3d, 0x1f, 0x1d, 0x18, 0x14, 0x2e, 0x7e, 0x15, 0x17, 0x12, 0x1c, 0x2d, 0x1b, 0x1f, 0x1c, 0x17, 0x10, 0x2e, 0x3e, 0x10, 0x15, 0x12, 0x4e, 0x16, 0x19, 0x2d, 0x14, 0x5e, 0x3e, 0x56, 0x18, 0x14, 0x1a, 0x1f, 0x1a, 0x14, 0x6e, 0x2e, 0x14, 0x16, 0x18, 0x17, 0x15, 0x19, 0x18, 0x1c, 0x2d, 0x19, 0x7e, 0x3e, 0x17, 0x16, 0x19, 0x1b, 0x1a, 0x1c, 0x1f, 0x1d, 0x1c, 0x16, 0x7e, 0x3e, 0x15, 0x12, 0x29, 0x18, 0x1c, 0x1d, 0x1a, 0x1b, 0x1d, 0x1b, 0x6e, 0x4e, 0x11,
0x18, 0x1b, 0x29, 0x1c, 0x2d, 0x1a, 0x17, 0x1e, 0x16, 0x17, 0x3e, 0x4e, 0x16, 0x13, 0x15, 0x18, 0x16, 0x1b, 0x1c, 0x1d, 0x1b, 0x1a, 0x19, 0x1e, 0x11, 0x3e, 0x3e, 0x12, 0x1e, 0x11, 0x30, 0x36, 0x3a, 0x5e, 0x4e, 0x12, 0x11, 0x10, 0x14, 0x19, 0x1a, 0x28, 0x19, 0x1a, 0x6e, 0x5e, 0x12, 0x24, 0x3e, 0x10, 0x1e, 0x14, 0x6e, 0x3e, 0x21, 0x12, 0xee, 0x4e, 0x12, 0x13, 0x6e, 0x16, 0x15, 0x6e, 0x5e, 0x12, 0x8e, 0x12, 0x13, 0x11, 0x3e, 0xfe, 0x5e,
// Compressed size: 185 bytes original pixels: 12544 uint16_t → ~25088 bytes uncompressed)

// ELF FOREST / Elf Forest Auraflow V0.3 000 S3542251170 Th0.100 20 [Folder: ELF_FOREST] - RLE compressed data (offset: 13449, size: 202)
0xae, 0x13, 0x9e, 0x2e, 0x16, 0x1e, 0x16, 0x9e, 0x14, 0x17, 0x15, 0x3e, 0x4e, 0x14, 0x7e, 0x17, 0x3e, 0x11, 0x3e, 0x1e, 0x18, 0x2e, 0x1f, 0x3e, 0x10, 0x2e, 0x10, 0x11, 0x19, 0x1e, 0x16, 0x19, 0x3e, 0x2e, 0x13, 0x1e, 0x18, 0x4e, 0x11, 0x10, 0x12, 0x1d, 0x16, 0x11, 0x5e, 0x3e, 0x22, 0x4e, 0x10, 0x11, 0x18, 0x1d, 0x1b, 0x1c, 0x10, 0x4e, 0x4e, 0x1b, 0x17, 0x12, 0x18, 0x1a, 0x19, 0x1d, 0x18, 0x1a, 0x16, 0x13, 0x11, 0x15, 0x3e, 0x4e, 0x11, 0x1f, 0x1d, 0x3e, 0x15, 0x2c, 0x19, 0x11, 0x18, 0x4e, 0x4e, 0x1d, 0x5e, 0x1b, 0x16, 0x1a, 0x1c, 0x19, 0x1a, 0x4e, 0x2e, 0x10, 0x1e, 0x16, 0x1b, 0x4e, 0x15, 0x13, 0x2c, 0x1e, 0x1b, 0x16, 0x3e, 0x4e, 0x12, 0x15, 0x4e, 0x13, 0x12, 0x1b,
0x16, 0x2e, 0x19, 0x3e, 0x4e, 0x1b, 0x4e, 0x1d, 0x13, 0x18, 0x16, 0x1b, 0x12, 0x1e, 0x1d, 0x3e, 0x4e, 0x1b, 0x3e, 0x1d, 0x1b, 0x1a, 0x29, 0x13, 0x2e, 0x18, 0x3e, 0x3e, 0x18, 0x4e, 0x19, 0x1c, 0x17, 0x12, 0x1a, 0x1c, 0x15, 0x18, 0x1d, 0x3e, 0x3e, 0x19, 0x4e, 0x19, 0x4e, 0x1b, 0x2e, 0x18, 0x3e, 0x3e, 0x16, 0x4e, 0x10, 0x5e, 0x12, 0x1e, 0x19, 0x3e, 0x3e, 0x19, 0x3e, 0x1b, 0x12, 0x2e, 0x14, 0x16, 0x13, 0x17, 0x1e, 0x15, 0x3e, 0x2e, 0x15, 0x4e, 0x12, 0x1d, 0x2e, 0x15, 0x1e, 0x1c, 0x1b, 0x5e, 0x7e, 0x17, 0x5e, 0x16, 0x1d, 0x5e, 0xfe, 0x5e,
// Compressed size: 202 bytes original pixels: 12544 uint16_t → ~25088 bytes uncompressed)

// ELF HIGH / Elf High Auraflow V0.3 000 S2470544392 Th0.100 20 [Folder: ELF_HIGH] - RLE compressed data (offset: 13651, size: 231)
0x7d, 0x11, 0x2d, 0x10, 0x9d, 0x3d, 0x10, 0x22, 0x15, 0x13, 0x41, 0x3d, 0x20, 0x3d, 0x3d, 0x12, 0x16, 0x14, 0x15, 0x13, 0x12, 0x14, 0x13, 0x12, 0x14, 0x20, 0x5d, 0x3d, 0x16, 0x15, 0x19, 0x15, 0x19, 0x35, 0x13, 0x12, 0x10, 0x6d, 0x3d, 0x16, 0x1a, 0x16, 0x14, 0x15, 0x17, 0x19, 0x14, 0x23, 0x22, 0x20, 0x3d, 0x3d, 0x26, 0x29, 0x17, 0x16, 0x2f, 0x25, 0x14, 0x13, 0x14, 0x10, 0x3d, 0x4d, 0x19, 0x16, 0x1c, 0x16, 0x1a, 0x2f, 0x13, 0x16, 0x10, 0x13, 0x14, 0x10, 0x11, 0x2d, 0x4d, 0x11, 0x1d, 0x13, 0x16, 0x2e, 0x1a, 0x1f, 0x23, 0x14, 0x13, 0x20, 0x2d, 0x6d, 0x1f, 0x1c, 0x1f, 0x1c, 0x19, 0x1b, 0x1c, 0x16, 0x11, 0x1d, 0x11, 0x10, 0x2d, 0x6d, 0x1a, 0x1c, 0x19, 0x17, 0x1e, 0x1f,
0x1e, 0x1c, 0x11, 0x5d, 0x5d, 0x12, 0x15, 0x19, 0x1e, 0x1f, 0x1e, 0x4c, 0x5d, 0x5d, 0x17, 0x1b, 0x17, 0x1e, 0x1f, 0x1c, 0x1f, 0x1a, 0x1e, 0x1b, 0x10, 0x4d, 0x4d, 0x25, 0x1c, 0x1f, 0x2e, 0x1a, 0x1e, 0x1c, 0x18, 0x1b, 0x17, 0x4d, 0x3d, 0x12, 0x18, 0x15, 0x1c, 0x1e, 0x2f, 0x1a, 0x1e, 0x1b, 0x28, 0x16, 0x4d, 0x3d, 0x1b, 0x1c, 0x19, 0x1f, 0x1c, 0x1e, 0x1f, 0x19, 0x1a, 0x2b, 0x18, 0x17, 0x4d, 0x3d, 0x26, 0x2b, 0x1c, 0x2f, 0x1e, 0x1a, 0x48, 0x12, 0x3d, 0x3d, 0x14, 0x18, 0x27, 0x2c, 0x1f, 0x2c, 0x2b, 0x28, 0x11, 0x3d, 0x3d, 0x14, 0x37, 0x1e, 0x2c, 0x1b, 0x18, 0x2b, 0x28, 0x10, 0x3d, 0x3d, 0x14, 0x15, 0x16, 0x1a, 0x1b, 0x1c, 0x2b, 0x28, 0x1b, 0x18, 0x16, 0x23, 0x1d, 0x10,
0x3d, 0x25, 0x29, 0x88, 0x17, 0x12, 0x3d,
// Compressed size: 231 bytes original pixels: 12544 uint16_t → ~25088 bytes uncompressed)

// ENFIELD / Enfield Auraflow V0.3 000 S88026938 Th0.100 20 [Folder: ENFIELD] - RLE compressed data (offset: 13882, size: 142)
0xff, 0x5f, 0xff, 0x5f, 0xff, 0x5f, 0xff, 0x5f, 0x3f, 0x13, 0x1d, 0x21, 0x13, 0xcf, 0x4f, 0x13, 0x24, 0x13, 0x11, 0x13, 0xaf, 0x3f, 0x13, 0x1b, 0x1e, 0x19, 0x17, 0x13, 0x11, 0x10, 0x11, 0x14, 0x10, 0x17, 0x1a, 0x4f, 0x3f, 0x10, 0x16, 0x1a, 0x1e, 0x1a, 0x13, 0x16, 0x14, 0x13, 0x26, 0x13, 0x17, 0x4f, 0x3f, 0x14, 0x17, 0x1f, 0x17, 0x1c, 0x1e, 0x2c, 0x17, 0x11, 0x17, 0x13, 0x1c, 0x17, 0x3f, 0x3f, 0x15, 0x3f, 0x17, 0x2c, 0x1d, 0x17, 0x14, 0x17, 0x1e, 0x17, 0x18, 0x3f, 0x7f, 0x1c, 0x2a, 0x1e, 0x17, 0x2d, 0x1e, 0x1a, 0x15, 0x3f, 0x7f, 0x2b, 0x1d, 0x18, 0x2e, 0x19, 0x18, 0x1d, 0x12, 0x15, 0x2f, 0x7f, 0x1e, 0x1f, 0x1e, 0x2f, 0x1b, 0x1f, 0x15, 0x19, 0x10, 0x15, 0x2f, 0x9f,
0x1b, 0x2f, 0x19, 0x3f, 0x10, 0x3f, 0x9f, 0x1b, 0x2f, 0x1b, 0x7f, 0x9f, 0x1e, 0x1f, 0x18, 0x8f, 0x7f, 0x15, 0x1f, 0x1b, 0x1f, 0x12, 0x8f, 0x9f, 0x18, 0xaf, 0xff, 0x5f, 0xff, 0x5f,
// Compressed size: 142 bytes original pixels: 12544 uint16_t → ~25088 bytes uncompressed)

// ERINYES / Erinyes Auraflow V0.3 000 S3646425829 Th0.100 20 [Folder: ERINYES] - RLE compressed data (offset: 14024, size: 214)
0xa0, 0x14, 0x90, 0x80, 0x24, 0x10, 0x1a, 0x19, 0x70, 0x30, 0x1c, 0x30, 0x19, 0x1c, 0x14, 0x1e, 0x19, 0x14, 0x1a, 0x60, 0x30, 0x17, 0x20, 0x12, 0x1c, 0x19, 0x1a, 0x3c, 0x20, 0x19, 0x10, 0x1a, 0x20, 0x30, 0x16, 0x10, 0x13, 0x1c, 0x22, 0x1e, 0x2c, 0x19, 0x1c, 0x1a, 0x1c, 0x14, 0x30, 0x40, 0x13, 0x2b, 0x11, 0x1f, 0x12, 0x1f, 0x1c, 0x19, 0x1c, 0x1a, 0x14, 0x10, 0x14, 0x20, 0x60, 0x11, 0x14, 0x1f, 0x1e, 0x1f, 0x1c, 0x1a, 0x18, 0x10, 0x1a, 0x10, 0x19, 0x20, 0x50, 0x15, 0x18, 0x3f, 0x1c, 0x1f, 0x18, 0x16, 0x10, 0x19, 0x40, 0x60, 0x15, 0x1d, 0x12, 0x1c, 0x18, 0x2f, 0x1e, 0x10, 0x14, 0x10, 0x1a, 0x20, 0x60, 0x11, 0x1d, 0x13, 0x3f, 0x19, 0x1f, 0x14, 0x50, 0x30, 0x11, 0x16,
0x10, 0x16, 0x10, 0x18, 0x1d, 0x1b, 0x14, 0x1c, 0x10, 0x1c, 0x19, 0x40, 0x40, 0x11, 0x18, 0x20, 0x16, 0x1c, 0x1d, 0x18, 0x15, 0x20, 0x1c, 0x40, 0x50, 0x1d, 0x10, 0x12, 0x18, 0x11, 0x13, 0x1c, 0x10, 0x14, 0x10, 0x18, 0x14, 0x30, 0x20, 0x11, 0x1b, 0x23, 0x10, 0x25, 0x1d, 0x1a, 0x1e, 0x10, 0x15, 0x20, 0x16, 0x30, 0x40, 0x1b, 0x18, 0x10, 0x17, 0x26, 0x18, 0x1f, 0x19, 0x30, 0x12, 0x30, 0x40, 0x16, 0x1b, 0x18, 0x30, 0x1d, 0x18, 0x17, 0x30, 0x1c, 0x19, 0x20, 0x50, 0x1d, 0x14, 0x90, 0x14, 0x1b, 0x20, 0x50, 0x16, 0x50, 0x12, 0x40, 0x15, 0x1a, 0x17, 0x10, 0xa0, 0x14, 0x1c, 0x1d, 0x10, 0x1c, 0x16, 0x40, 0xf0, 0x50,
// Compressed size: 214 bytes original pixels: 12544 uint16_t → ~25088 bytes uncompressed)

// ERLKING / Erlking Auraflow V0.3 000 S3562126472 Th0.100 20 [Folder: ERLKING] - RLE compressed data (offset: 14238, size: 175)
0xf0, 0x50, 0xb0, 0x13, 0x80, 0xb0, 0x12, 0x80, 0x80, 0x12, 0x1c, 0xa0, 0x70, 0x14, 0x17, 0x10, 0x17, 0x1c, 0x80, 0x50, 0x1e, 0x12, 0x1e, 0x1b, 0x1a, 0x12, 0x26, 0x19, 0x60, 0x40, 0x1b, 0x12, 0x15, 0x1e, 0x11, 0x13, 0x11, 0x1c, 0x12, 0x11, 0x60, 0x40, 0x1b, 0x18, 0x15, 0x1c, 0x15, 0x1c, 0x14, 0x1a, 0x1c, 0x1a, 0x11, 0x50, 0x40, 0x15, 0x18, 0x1b, 0x1a, 0x15, 0x16, 0x1c, 0x1e, 0x2f, 0x16, 0x11, 0x40, 0x40, 0x11, 0x19, 0x13, 0x19, 0x1f, 0x14, 0x16, 0x1f, 0x11, 0x14, 0x2a, 0x40, 0x40, 0x14, 0x1c, 0x19, 0x10, 0x18, 0x14, 0x16, 0x1c, 0x18, 0x16, 0x11, 0x1e, 0x40, 0x40, 0x14, 0x15, 0x13, 0x20, 0x14, 0x18, 0x1c, 0x18, 0x2e, 0x16, 0x18, 0x30, 0x40, 0x11, 0x13, 0x10, 0x2c,
0x18, 0x2f, 0x1e, 0x1f, 0x18, 0x1f, 0x1a, 0x30, 0x40, 0x18, 0x1c, 0x10, 0x1f, 0x14, 0x1e, 0x1b, 0x3f, 0x18, 0x1f, 0x1c, 0x30, 0x50, 0x2c, 0x11, 0x14, 0x1d, 0x1f, 0x2e, 0x2f, 0x15, 0x2b, 0x20, 0x10, 0x1b, 0x1c, 0x1b, 0x18, 0x1c, 0x10, 0x28, 0x10, 0x15, 0x2b, 0x4f, 0x18, 0x20, 0x50, 0x15, 0x1a, 0x60, 0x13, 0x1d, 0x1b, 0x12, 0x1a, 0x20, 0x50, 0x18, 0xe0, 0xf0, 0x50, 0xf0, 0x50,
// Compressed size: 175 bytes original pixels: 12544 uint16_t → ~25088 bytes uncompressed)

// FACHAN / Fachan Auraflow V0.3 000 S1642279328 Th0.100 20 [Folder: FACHAN] - RLE compressed data (offset: 14413, size: 201)
0xff, 0x5f, 0xff, 0x5f, 0xaf, 0x22, 0x8f, 0x7f, 0x11, 0x17, 0x1e, 0x11, 0x19, 0x12, 0x7f, 0x6f, 0x12, 0x28, 0x1b, 0x1e, 0x11, 0x1c, 0x17, 0x11, 0x5f, 0x5f, 0x12, 0x14, 0x15, 0x1d, 0x4e, 0x1b, 0x12, 0x5f, 0x5f, 0x13, 0x1b, 0x2d, 0x1e, 0x15, 0x1d, 0x28, 0x19, 0x5f, 0x4f, 0x15, 0x1c, 0x14, 0x17, 0x18, 0x1d, 0x1e, 0x1b, 0x1f, 0x14, 0x18, 0x12, 0x4f, 0x4f, 0x1b, 0x1a, 0x13, 0x16, 0x14, 0x2d, 0x1b, 0x2f, 0x18, 0x1d, 0x11, 0x3f, 0x3f, 0x13, 0x17, 0x18, 0x17, 0x1b, 0x2c, 0x1d, 0x18, 0x2f, 0x16, 0x1a, 0x13, 0x3f, 0x3f, 0x12, 0x18, 0x1e, 0x14, 0x2d, 0x2e, 0x1a, 0x11, 0x2f, 0x1c, 0x13, 0x3f, 0x3f, 0x14, 0x13, 0x1f, 0x17, 0x14, 0x1a, 0x16, 0x1d, 0x1e, 0x15, 0x2f, 0x1a, 0x13,
0x3f, 0x3f, 0x14, 0x2f, 0x15, 0x13, 0x19, 0x1c, 0x1a, 0x1c, 0x16, 0x2f, 0x14, 0x18, 0x3f, 0x3f, 0x15, 0x17, 0x1f, 0x13, 0x2a, 0x19, 0x18, 0x1c, 0x18, 0x3f, 0x14, 0x3f, 0x3f, 0x1e, 0x2f, 0x1b, 0x1a, 0x18, 0x1d, 0x17, 0x18, 0x14, 0x13, 0x1f, 0x19, 0x4f, 0x5f, 0x11, 0x1b, 0x1a, 0x18, 0x19, 0x2a, 0x16, 0x11, 0x6f, 0x6f, 0x19, 0x1f, 0x17, 0x15, 0x18, 0x15, 0x14, 0x11, 0x6f, 0x5f, 0x11, 0x18, 0x1f, 0x12, 0x25, 0x13, 0x17, 0x7f, 0x11, 0x1f, 0x13, 0x17, 0x14, 0x15, 0x14, 0x18, 0x1e, 0x1b, 0x18, 0x17, 0x28, 0x25, 0x11, 0x3f, 0xff, 0x5f,
// Compressed size: 201 bytes original pixels: 12544 uint16_t → ~25088 bytes uncompressed)

// FAIRY / Fairy Auraflow V0.3 000 S504753225 Th0.100 20 [Folder: FAIRY] - RLE compressed data (offset: 14614, size: 122)
0xff, 0x5f, 0xff, 0x5f, 0xff, 0x1d, 0x4f, 0xff, 0x15, 0x4f, 0xff, 0x1b, 0x4f, 0x4f, 0x18, 0xaf, 0x19, 0x4f, 0x4f, 0x1b, 0x16, 0x8f, 0x10, 0x1a, 0x14, 0x3f, 0x4f, 0x14, 0x13, 0x12, 0x6f, 0x1b, 0x17, 0x1a, 0x14, 0x3f, 0x5f, 0x13, 0x11, 0x13, 0x1f, 0x18, 0x2f, 0x17, 0x11, 0x24, 0x4f, 0x5f, 0x13, 0x17, 0x21, 0x1e, 0x13, 0x11, 0x13, 0x18, 0x1b, 0x5f, 0x7f, 0x23, 0x1b, 0x1e, 0x17, 0x16, 0x7f, 0x8f, 0x15, 0x10, 0x1e, 0x2f, 0x16, 0x2f, 0x10, 0x3f, 0x4f, 0x10, 0x25, 0x21, 0x2e, 0x10, 0x8f, 0x4f, 0x18, 0x16, 0x12, 0x15, 0x18, 0x1e, 0x1b, 0x19, 0x11, 0x7f, 0x5f, 0x1e, 0x2c, 0x17, 0x1c, 0x1b, 0x1c, 0x18, 0x1a, 0x1e, 0x1c, 0x4f, 0x7f, 0x18, 0x1a, 0x1d, 0x2c, 0x8f, 0xff, 0x5f,
0xff, 0x5f, 0x7f, 0x15, 0x1c, 0x2f, 0x1d, 0x8f, 0xff, 0x5f,
// Compressed size: 122 bytes original pixels: 12544 uint16_t → ~25088 bytes uncompressed)

// FAR DARRIG / Far Darrig Auraflow V0.3 000 S371784372 Th0.100 20 [Folder: FAR_DARRIG] - RLE compressed data (offset: 14736, size: 148)
0xfe, 0x5e, 0xfe, 0x5e, 0x9e, 0x12, 0xae, 0x7e, 0x15, 0x16, 0x25, 0x12, 0x8e, 0x6e, 0x16, 0x1d, 0x1f, 0x36, 0x25, 0x6e, 0x6e, 0x16, 0x1d, 0x1f, 0x18, 0x26, 0x15, 0x12, 0x6e, 0x6e, 0x15, 0x1c, 0x1b, 0x14, 0x2a, 0x19, 0x14, 0x6e, 0x6e, 0x1c, 0x17, 0x1b, 0x14, 0x10, 0x13, 0x21, 0x1a, 0x5e, 0x5e, 0x1b, 0x2c, 0x1b, 0x1d, 0x1b, 0x16, 0x1f, 0x11, 0x10, 0x5e, 0x6e, 0x1c, 0x13, 0x19, 0x11, 0x14, 0x18, 0x10, 0x1f, 0x6e, 0x6e, 0x1c, 0x17, 0x1b, 0x19, 0x1c, 0x10, 0x29, 0x6e, 0x7e, 0x1c, 0x1a, 0x2c, 0x16, 0x14, 0x1d, 0x18, 0x5e, 0x7e, 0x27, 0x1c, 0x1b, 0x1a, 0x17, 0x1b, 0x10, 0x5e, 0x7e, 0x13, 0x1c, 0x17, 0x13, 0x18, 0x14, 0x1d, 0x13, 0x5e, 0x7e, 0x13, 0x1c, 0x1d, 0x1a, 0x16,
0x14, 0x1c, 0x10, 0x5e, 0x7e, 0x16, 0x1c, 0x1d, 0x27, 0x1c, 0x1d, 0x10, 0x5e, 0x6e, 0x11, 0x1b, 0x1f, 0x1c, 0x1b, 0x19, 0x2b, 0x13, 0x18, 0x17, 0x3e, 0x6e, 0x24, 0x12, 0x14, 0x10, 0x9e, 0x6e, 0x19, 0xde, 0xfe, 0x5e,
// Compressed size: 148 bytes original pixels: 12544 uint16_t → ~25088 bytes uncompressed)

// FENODEREE / Fenoderee Auraflow V0.3 000 S2358566675 Th0.100 20 [Folder: FENODEREE] - RLE compressed data (offset: 14884, size: 202)
0xff, 0x5f, 0xff, 0x5f, 0x9f, 0x11, 0x14, 0x13, 0x8f, 0x6f, 0x11, 0x13, 0x12, 0x14, 0x11, 0x10, 0x11, 0x7f, 0x6f, 0x11, 0x15, 0x28, 0x15, 0x12, 0x21, 0x6f, 0x5f, 0x16, 0x13, 0x14, 0x1c, 0x10, 0x12, 0x17, 0x1c, 0x11, 0x13, 0x5f, 0x4f, 0x17, 0x18, 0x19, 0x1b, 0x19, 0x1e, 0x2c, 0x27, 0x13, 0x5f, 0x4f, 0x19, 0x15, 0x19, 0x2e, 0x1b, 0x1a, 0x1b, 0x1d, 0x19, 0x12, 0x5f, 0x4f, 0x28, 0x11, 0x1f, 0x1c, 0x1e, 0x1d, 0x1b, 0x2e, 0x10, 0x16, 0x4f, 0x3f, 0x15, 0x1b, 0x19, 0x12, 0x1f, 0x1d, 0x1c, 0x2a, 0x11, 0x17, 0x1a, 0x10, 0x4f, 0x3f, 0x1b, 0x2c, 0x13, 0x16, 0x1e, 0x2d, 0x1c, 0x11, 0x29, 0x11, 0x4f, 0x3f, 0x1b, 0x2f, 0x11, 0x1d, 0x1e, 0x2c, 0x1e, 0x1a, 0x16, 0x17, 0x11, 0x13,
0x3f, 0x5f, 0x13, 0x12, 0x13, 0x1e, 0x1b, 0x18, 0x1b, 0x1f, 0x13, 0x16, 0x18, 0x10, 0x3f, 0x5f, 0x19, 0x1e, 0x1f, 0x1d, 0x1e, 0x1f, 0x17, 0x2f, 0x13, 0x15, 0x10, 0x3f, 0x5f, 0x1c, 0x1f, 0x1a, 0x1f, 0x13, 0x1f, 0x16, 0x2f, 0x21, 0x18, 0x3f, 0x5f, 0x1b, 0x1a, 0x7f, 0x1e, 0x18, 0x17, 0x3f, 0x4f, 0x15, 0x1f, 0x19, 0x1f, 0x1e, 0x2f, 0x11, 0x1f, 0x1a, 0x1f, 0x17, 0x15, 0x11, 0x2f, 0x4f, 0x14, 0x27, 0x4f, 0x11, 0x2f, 0x12, 0x19, 0x15, 0x14, 0x13, 0x1f, 0x4f, 0x37, 0x5f, 0x12, 0x18, 0x16, 0x1c, 0x1a, 0x28, 0x14, 0xff, 0x2f, 0x14, 0x13, 0x1f,
// Compressed size: 202 bytes original pixels: 12544 uint16_t → ~25088 bytes uncompressed)

// FENRIR / Fenrir Auraflow V0.3 000 S2048405772 Th0.100 20 [Folder: FENRIR] - RLE compressed data (offset: 15086, size: 160)
0xfe, 0x5e, 0xfe, 0x5e, 0xbe, 0x1c, 0x8e, 0x7e, 0x13, 0x1e, 0x16, 0x13, 0x10, 0x11, 0x13, 0x6e, 0x7e, 0x10, 0x11, 0x13, 0x15, 0x1a, 0x13, 0x10, 0x6e, 0x6e, 0x11, 0x16, 0x1a, 0x1d, 0x1a, 0x13, 0x16, 0x33, 0x4e, 0x6e, 0x17, 0x15, 0x26, 0x17, 0x1a, 0x2d, 0x13, 0x11, 0x16, 0x3e, 0x5e, 0x22, 0x1c, 0x1a, 0x17, 0x12, 0x3d, 0x13, 0x11, 0x16, 0x3e, 0x5e, 0x12, 0x10, 0x1b, 0x1a, 0x1d, 0x1a, 0x3d, 0x2c, 0x16, 0x17, 0x2e, 0x7e, 0x19, 0x18, 0x1d, 0x19, 0x18, 0x1b, 0x24, 0x2a, 0x1d, 0x2e, 0x7e, 0x14, 0x18, 0x12, 0x18, 0x1d, 0x2b, 0x15, 0x17, 0x13, 0x1d, 0x1a, 0x1e, 0x7e, 0x12, 0x15, 0x1b, 0x19, 0x18, 0x1f, 0x1d, 0x10, 0x1d, 0x1a, 0x11, 0x2e, 0x9e, 0x1d, 0x18, 0x22, 0x1b, 0x1a,
0x11, 0x16, 0x15, 0x2e, 0xae, 0x1a, 0x39, 0x15, 0x1a, 0x1d, 0x3e, 0x9e, 0x1b, 0x14, 0x18, 0x14, 0x18, 0x16, 0x1a, 0x16, 0x3e, 0x7e, 0x12, 0x18, 0x14, 0x1b, 0x19, 0x1b, 0x11, 0x2c, 0x4e, 0xbe, 0x11, 0x16, 0x17, 0x10, 0x5e, 0xae, 0x15, 0x1d, 0x1a, 0x15, 0x1d, 0x5e, 0xfe, 0x5e, 0xfe, 0x5e,
// Compressed size: 160 bytes original pixels: 12544 uint16_t → ~25088 bytes uncompressed)

// FETCH / Fetch Auraflow V0.3 000 S2088305033 Th0.100 20 [Folder: FETCH] - RLE compressed data (offset: 15246, size: 190)
0xff, 0x5f, 0xff, 0x5f, 0x8f, 0x22, 0x11, 0x10, 0x8f, 0x6f, 0x10, 0x12, 0x11, 0x14, 0x16, 0x17, 0x13, 0x11, 0x6f, 0x6f, 0x16, 0x1e, 0x10, 0x1b, 0x1a, 0x1b, 0x27, 0x13, 0x5f, 0x5f, 0x11, 0x1c, 0x18, 0x10, 0x1d, 0x1e, 0x19, 0x1c, 0x15, 0x12, 0x13, 0x4f, 0x6f, 0x18, 0x1d, 0x1e, 0x1d, 0x2e, 0x1b, 0x17, 0x18, 0x17, 0x10, 0x3f, 0x6f, 0x18, 0x1e, 0x1b, 0x19, 0x2e, 0x1d, 0x1b, 0x29, 0x15, 0x3f, 0x7f, 0x1d, 0x12, 0x4e, 0x28, 0x11, 0x19, 0x3f, 0x7f, 0x18, 0x2e, 0x1d, 0x3e, 0x17, 0x13, 0x19, 0x3f, 0x7f, 0x13, 0x19, 0x1c, 0x1a, 0x1b, 0x2e, 0x1a, 0x1e, 0x1b, 0x12, 0x2f, 0x7f, 0x10, 0x13, 0x19, 0x1b, 0x1a, 0x2c, 0x13, 0x1d, 0x2b, 0x2f, 0x7f, 0x13, 0x1f, 0x19, 0x28, 0x29, 0x18,
0x1a, 0x14, 0x1a, 0x2f, 0x8f, 0x13, 0x17, 0x15, 0x26, 0x17, 0x16, 0x1a, 0x14, 0x18, 0x2f, 0x7f, 0x11, 0x10, 0x15, 0x12, 0x13, 0x12, 0x13, 0x14, 0x1b, 0x16, 0x17, 0x14, 0x1f, 0x7f, 0x10, 0x15, 0x13, 0x2f, 0x12, 0x2f, 0x37, 0x13, 0x1f, 0x4f, 0x14, 0x12, 0x14, 0x15, 0x12, 0x3f, 0x11, 0x15, 0x11, 0x1b, 0x18, 0x1f, 0x13, 0x1f, 0x1f, 0x24, 0x27, 0x16, 0x14, 0x3f, 0x14, 0x1d, 0x1b, 0x14, 0x1c, 0x13, 0x1a, 0x12, 0x11, 0x1f, 0xdf, 0x14, 0x1f, 0x13, 0x31, 0x1f, 0xff, 0x5f,
// Compressed size: 190 bytes original pixels: 12544 uint16_t → ~25088 bytes uncompressed)

// FIR DARRIG / Fir Darrig Auraflow V0.3 000 S2799286049 Th0.100 20 [Folder: FIR_DARRIG] - RLE compressed data (offset: 15436, size: 187)
0xf0, 0x50, 0xf0, 0x50, 0x70, 0x11, 0x22, 0x21, 0x12, 0x70, 0x60, 0x14, 0x16, 0x13, 0x14, 0x16, 0x14, 0x18, 0x12, 0x60, 0x40, 0x11, 0x23, 0x16, 0x13, 0x12, 0x14, 0x16, 0x17, 0x18, 0x14, 0x12, 0x40, 0x40, 0x16, 0x13, 0x1e, 0x29, 0x13, 0x1f, 0x19, 0x1b, 0x16, 0x14, 0x17, 0x40, 0x40, 0x16, 0x1b, 0x1e, 0x19, 0x12, 0x13, 0x15, 0x1f, 0x1d, 0x1e, 0x1a, 0x1d, 0x40, 0x30, 0x12, 0x2c, 0x2f, 0x19, 0x4f, 0x2d, 0x1a, 0x17, 0x30, 0x40, 0x18, 0x2e, 0x6f, 0x2d, 0x2a, 0x16, 0x20, 0x40, 0x18, 0x4e, 0x2f, 0x18, 0x1f, 0x1b, 0x11, 0x16, 0x19, 0x1a, 0x20, 0x40, 0x17, 0x1c, 0x1b, 0x17, 0x1c, 0x3f, 0x1e, 0x1a, 0x10, 0x12, 0x1b, 0x1d, 0x20, 0x30, 0x12, 0x14, 0x1a, 0x12, 0x18, 0x1b, 0x2e,
0x1b, 0x18, 0x1d, 0x20, 0x1d, 0x1a, 0x20, 0x40, 0x18, 0x1d, 0x1b, 0x1a, 0x18, 0x1e, 0x10, 0x17, 0x1b, 0x1d, 0x10, 0x12, 0x1d, 0x14, 0x20, 0x40, 0x16, 0x18, 0x10, 0x28, 0x20, 0x12, 0x1c, 0x1b, 0x14, 0x19, 0x15, 0x1d, 0x20, 0x40, 0x13, 0x16, 0x10, 0x16, 0x17, 0x14, 0x10, 0x16, 0x18, 0x17, 0x12, 0x10, 0x23, 0x20, 0x50, 0x15, 0x27, 0x16, 0x17, 0x20, 0x17, 0x16, 0x60, 0x40, 0x19, 0x14, 0x10, 0x12, 0x23, 0xa0, 0x50, 0x18, 0xe0, 0xf0, 0x50, 0xf0, 0x50,
// Compressed size: 187 bytes original pixels: 12544 uint16_t → ~25088 bytes uncompressed)

// FOLLET / Follet Auraflow V0.3 000 S800421204 Th0.100 20 [Folder: FOLLET] - RLE compressed data (offset: 15623, size: 199)
0xf0, 0x50, 0xf0, 0x50, 0x60, 0x12, 0x14, 0x16, 0x13, 0x26, 0x12, 0x13, 0x60, 0x40, 0x14, 0x18, 0x15, 0x1c, 0x4b, 0x14, 0x19, 0x16, 0x50, 0x30, 0x13, 0x11, 0x14, 0x1f, 0x14, 0x1e, 0x18, 0x1b, 0x18, 0x19, 0x17, 0x1c, 0x12, 0x40, 0x20, 0x12, 0x20, 0x17, 0x1c, 0x1d, 0x19, 0x1d, 0x1f, 0x19, 0x16, 0x1c, 0x1b, 0x17, 0x40, 0x50, 0x19, 0x1e, 0x1d, 0x18, 0x1f, 0x1e, 0x16, 0x28, 0x1a, 0x19, 0x40, 0x40, 0x1d, 0x1e, 0x18, 0x2e, 0x1d, 0x1f, 0x17, 0x15, 0x1f, 0x1b, 0x15, 0x40, 0x40, 0x1f, 0x14, 0x3d, 0x18, 0x1d, 0x1f, 0x1b, 0x1d, 0x15, 0x50, 0x30, 0x1c, 0x18, 0x13, 0x1c, 0x1f, 0x1d, 0x19, 0x1e, 0x13, 0x16, 0x15, 0x60, 0x20, 0x17, 0x19, 0x10, 0x17, 0x2f, 0x1d, 0x1f, 0x19, 0x10,
0x13, 0x15, 0x60, 0x20, 0x17, 0x1b, 0x10, 0x1e, 0x1b, 0x1d, 0x1f, 0x1d, 0x1c, 0x15, 0x10, 0x13, 0x60, 0x30, 0x18, 0x14, 0x1c, 0x1e, 0x1c, 0x1b, 0x14, 0x17, 0x1b, 0x20, 0x19, 0x50, 0x30, 0x16, 0x10, 0x28, 0x15, 0x12, 0x11, 0x16, 0x18, 0x13, 0x10, 0x13, 0x50, 0x30, 0x28, 0x16, 0x17, 0x20, 0x11, 0x17, 0x16, 0x11, 0x10, 0x11, 0x50, 0x30, 0x23, 0x10, 0x1b, 0x12, 0x10, 0x13, 0x14, 0x30, 0x2c, 0x40, 0x50, 0x15, 0x13, 0x16, 0x10, 0x15, 0x11, 0x30, 0x14, 0x50, 0x60, 0x17, 0x20, 0x13, 0x15, 0x12, 0x80, 0xf0, 0x50, 0xf0, 0x50,
// Compressed size: 199 bytes original pixels: 12544 uint16_t → ~25088 bytes uncompressed)

// FOMORIAN / Fomorian Auraflow V0.3 000 S2685710871 Th0.100 20 [Folder: FOMORIAN] - RLE compressed data (offset: 15822, size: 233)
0xfe, 0x5e, 0x8e, 0x1c, 0x13, 0x11, 0x26, 0x7e, 0x7e, 0x1a, 0x16, 0x12, 0x17, 0x21, 0x10, 0x6e, 0x5e, 0x13, 0x67, 0x14, 0x11, 0x6e, 0x4e, 0x13, 0x1b, 0x10, 0x15, 0x1a, 0x17, 0x19, 0x1a, 0x19, 0x13, 0x20, 0x4e, 0x4e, 0x17, 0x1b, 0x12, 0x10, 0x18, 0x19, 0x2f, 0x1d, 0x18, 0x20, 0x4e, 0x4e, 0x1c, 0x1b, 0x14, 0x18, 0x1c, 0x1a, 0x1c, 0x28, 0x1e, 0x19, 0x18, 0x12, 0x21, 0x1e, 0x4e, 0x1b, 0x1c, 0x1f, 0x10, 0x14, 0x1f, 0x18, 0x14, 0x1a, 0x19, 0x1e, 0x1c, 0x1a, 0x12, 0x11, 0x1e, 0x3e, 0x16, 0x1c, 0x11, 0x19, 0x18, 0x2d, 0x1f, 0x1c, 0x18, 0x3e, 0x1b, 0x11, 0x1d, 0x1e, 0x3e, 0x16, 0x13, 0x14, 0x1e, 0x1f, 0x2d, 0x19, 0x18, 0x16, 0x17, 0x2e, 0x1b, 0x13, 0x2e, 0x3e, 0x16, 0x1c,
0x2e, 0x1d, 0x1a, 0x1d, 0x1c, 0x1b, 0x23, 0x2e, 0x13, 0x11, 0x2e, 0x3e, 0x1b, 0x15, 0x1e, 0x2b, 0x1d, 0x1a, 0x1c, 0x1f, 0x13, 0x11, 0x2e, 0x14, 0x19, 0x2e, 0x4e, 0x13, 0x17, 0x14, 0x2c, 0x27, 0x1d, 0x13, 0x10, 0x2e, 0x11, 0x15, 0x2e, 0x4e, 0x17, 0x1d, 0x1c, 0x16, 0x1e, 0x1b, 0x1c, 0x1e, 0x1a, 0x15, 0x1e, 0x18, 0x1f, 0x14, 0x2e, 0x1e, 0x10, 0x18, 0x1e, 0x1c, 0x19, 0x17, 0x10, 0x1e, 0x1c, 0x1b, 0x1e, 0x17, 0x14, 0x18, 0x2e, 0x18, 0x2e, 0x1e, 0x18, 0x1e, 0x10, 0x2e, 0x1c, 0x2e, 0x19, 0x1b, 0x1e, 0x18, 0x1f, 0x12, 0x5e, 0x1e, 0x11, 0x18, 0x3e, 0x1c, 0x13, 0x6e, 0x17, 0x13, 0x4e, 0x1e, 0x1d, 0x1f, 0x2e, 0x16, 0x11, 0x1c, 0x6e, 0x15, 0x11, 0x4e, 0x2e, 0x1f, 0x12, 0x1e,
0x19, 0x6e, 0x1b, 0x24, 0x1e, 0x1a, 0x3e, 0xfe, 0x5e,
// Compressed size: 233 bytes original pixels: 12544 uint16_t → ~25088 bytes uncompressed)

// FOSSEGRIM / Fossegrim Auraflow V0.3 000 S1567032257 Th0.100 20 [Folder: FOSSEGRIM] - RLE compressed data (offset: 16055, size: 179)
0xff, 0x5f, 0xff, 0x5f, 0xbf, 0x13, 0x19, 0x7f, 0x4f, 0x10, 0x5f, 0x16, 0x11, 0x30, 0x24, 0x11, 0x1a, 0x1f, 0x3f, 0x11, 0x10, 0x4f, 0x12, 0x23, 0x1c, 0x15, 0x10, 0x2f, 0x13, 0x2f, 0x3f, 0x10, 0x1f, 0x15, 0x20, 0x12, 0x15, 0x1e, 0x1c, 0x15, 0x17, 0x10, 0x16, 0x1f, 0x15, 0x2f, 0x3f, 0x17, 0x2f, 0x13, 0x15, 0x1f, 0x1c, 0x13, 0x12, 0x10, 0x11, 0x1e, 0x20, 0x1d, 0x2f, 0xaf, 0x1d, 0x13, 0x17, 0x1d, 0x1f, 0x12, 0x16, 0x3f, 0x8f, 0x2c, 0x12, 0x1a, 0x1e, 0x15, 0x6f, 0x7f, 0x17, 0x1d, 0x15, 0x14, 0x1a, 0x2e, 0x1a, 0x5f, 0x6f, 0x14, 0x23, 0x22, 0x1d, 0x15, 0x1b, 0x1c, 0x5f, 0x3f, 0x1b, 0x14, 0x1b, 0x25, 0x1c, 0x2e, 0x15, 0x10, 0x1b, 0x6f, 0x2f, 0x13, 0x1b, 0x1d, 0x14, 0x1b,
0x1c, 0x1e, 0x18, 0x1e, 0x1d, 0x22, 0x6f, 0x3f, 0x1b, 0x1f, 0x19, 0x1c, 0x1d, 0x19, 0x2e, 0x1c, 0x11, 0x10, 0x1e, 0x5f, 0x5f, 0x17, 0x1b, 0x16, 0x1f, 0x2e, 0x15, 0x11, 0x17, 0x1c, 0x5f, 0x5f, 0x17, 0x18, 0x2f, 0x19, 0x1c, 0x14, 0x2d, 0x1e, 0x5f, 0x4f, 0x16, 0x1f, 0x17, 0x4f, 0x1d, 0x1e, 0x1b, 0x1f, 0x16, 0x4f, 0x3f, 0x14, 0x2f, 0x12, 0x3f, 0x17, 0x13, 0x15, 0x7f, 0x9f, 0x15, 0x18, 0x9f, 0xff, 0x5f,
// Compressed size: 179 bytes original pixels: 12544 uint16_t → ~25088 bytes uncompressed)

// GALLYBEG / Gallybeg Auraflow V0.3 000 S3403074066 Th0.100 20 [Folder: GALLYBEG] - RLE compressed data (offset: 16234, size: 151)
0xff, 0x5f, 0xff, 0x5f, 0xff, 0x5f, 0xff, 0x5f, 0xef, 0x17, 0x15, 0x11, 0x12, 0x2f, 0xdf, 0x1b, 0x13, 0x11, 0x12, 0x11, 0x13, 0x1f, 0xcf, 0x17, 0x1c, 0x13, 0x16, 0x1c, 0x13, 0x2f, 0x7f, 0x12, 0x34, 0x12, 0x15, 0x1a, 0x19, 0x1c, 0x18, 0x3f, 0x6f, 0x12, 0x15, 0x13, 0x27, 0x2a, 0x17, 0x16, 0x18, 0x15, 0x3f, 0x5f, 0x24, 0x1b, 0x17, 0x15, 0x11, 0x1c, 0x18, 0x1c, 0x16, 0x15, 0x19, 0x3f, 0x4f, 0x18, 0x14, 0x27, 0x19, 0x12, 0x17, 0x14, 0x1d, 0x18, 0x16, 0x15, 0x1c, 0x3f, 0x3f, 0x14, 0x4b, 0x17, 0x19, 0x1d, 0x14, 0x19, 0x1d, 0x16, 0x1e, 0x18, 0x3f, 0x1f, 0x17, 0x28, 0x14, 0x17, 0x2b, 0x17, 0x1d, 0x1c, 0x2a, 0x1d, 0x1c, 0x18, 0x4f, 0x1a, 0x1c, 0x18, 0x19, 0x16, 0x12, 0x2e,
0x2d, 0x1c, 0x1e, 0x1d, 0x17, 0x1d, 0x1b, 0x11, 0x3f, 0x1b, 0x3f, 0x1c, 0x18, 0x19, 0x1d, 0x19, 0x16, 0x1b, 0x1d, 0x1e, 0x1d, 0x18, 0x16, 0x14, 0x3f, 0x5f, 0x15, 0x7f, 0x16, 0x1a, 0x5f, 0xff, 0x5f, 0xff, 0x5f, 0xff, 0x5f, 0xff, 0x5f,
// Compressed size: 151 bytes original pixels: 12544 uint16_t → ~25088 bytes uncompressed)

// GALLYTROT / Gallytrot Auraflow V0.3 000 S1889561332 Th0.100 20 [Folder: GALLYTROT] - RLE compressed data (offset: 16385, size: 166)
0xff, 0x5f, 0xff, 0x5f, 0x9f, 0x11, 0x12, 0x15, 0x11, 0x7f, 0x7f, 0x12, 0x11, 0x16, 0x1b, 0x17, 0x13, 0x11, 0x6f, 0x7f, 0x12, 0x13, 0x12, 0x1a, 0x15, 0x1e, 0x18, 0x13, 0x5f, 0x6f, 0x11, 0x13, 0x16, 0x14, 0x1b, 0x19, 0x1c, 0x15, 0x6f, 0x5f, 0x17, 0x16, 0x18, 0x1e, 0x15, 0x18, 0x1e, 0x18, 0x1e, 0x17, 0x5f, 0x4f, 0x18, 0x15, 0x18, 0x15, 0x2e, 0x1b, 0x1e, 0x1c, 0x12, 0x16, 0x5f, 0x4f, 0x19, 0x12, 0x13, 0x1e, 0x1b, 0x19, 0x18, 0x1d, 0x1f, 0x12, 0x18, 0x11, 0x4f, 0x4f, 0x17, 0x16, 0x1b, 0x1c, 0x1d, 0x16, 0x1b, 0x1c, 0x1f, 0x1a, 0x17, 0x15, 0x16, 0x3f, 0x4f, 0x17, 0x18, 0x13, 0x1c, 0x1b, 0x1d, 0x1a, 0x1d, 0x14, 0x1f, 0x2a, 0x19, 0x3f, 0x5f, 0x18, 0x15, 0x3b, 0x1c, 0x18,
0x1a, 0x1f, 0x1a, 0x14, 0x1b, 0x15, 0x2f, 0x4f, 0x16, 0x1b, 0x1e, 0x16, 0x1f, 0x14, 0x1a, 0x17, 0x16, 0x3f, 0x18, 0x1b, 0x2f, 0x5f, 0x1c, 0x18, 0x14, 0x3f, 0x1a, 0x19, 0x4f, 0x1c, 0x2f, 0x6f, 0x1a, 0x3f, 0x17, 0x1a, 0x17, 0x7f, 0xaf, 0x14, 0x17, 0x1a, 0x7f, 0xbf, 0x17, 0x16, 0x13, 0x6f, 0xff, 0x5f, 0xff, 0x5f, 0xff, 0x5f,
// Compressed size: 166 bytes original pixels: 12544 uint16_t → ~25088 bytes uncompressed)

// GANCANOGH / Gancanogh Auraflow V0.3 000 S3390702380 Th0.100 20 [Folder: GANCANOGH] - RLE compressed data (offset: 16551, size: 178)
0xff, 0x5f, 0x8f, 0x11, 0x13, 0x12, 0x1f, 0x12, 0x7f, 0x7f, 0x13, 0x14, 0x15, 0x1d, 0x13, 0x11, 0x7f, 0x5f, 0x10, 0x11, 0x14, 0x16, 0x18, 0x1e, 0x13, 0x12, 0x7f, 0x5f, 0x11, 0x13, 0x1b, 0x2e, 0x29, 0x10, 0x7f, 0x6f, 0x2d, 0x2e, 0x17, 0x15, 0x8f, 0x4f, 0x11, 0x16, 0x18, 0x1a, 0x1e, 0x2f, 0x13, 0x8f, 0x3f, 0x11, 0x1f, 0x11, 0x18, 0x19, 0x1e, 0x19, 0x12, 0x9f, 0x4f, 0x12, 0x15, 0x1a, 0x1e, 0x1c, 0x14, 0x13, 0x9f, 0x5f, 0x10, 0x2a, 0x1e, 0x24, 0x9f, 0x4f, 0x13, 0x18, 0x15, 0x18, 0x1a, 0x1d, 0x12, 0x9f, 0x5f, 0x1d, 0x2f, 0x17, 0x1c, 0x15, 0x11, 0x2f, 0x13, 0x19, 0x15, 0x3f, 0x4f, 0x18, 0x11, 0x1f, 0x10, 0x1a, 0x1e, 0x17, 0x12, 0x10, 0x11, 0x2f, 0x13, 0x3f, 0x4f, 0x11,
0x1f, 0x12, 0x1b, 0x1c, 0x1d, 0x17, 0x25, 0x17, 0x6f, 0x4f, 0x17, 0x1f, 0x12, 0x2c, 0x18, 0x1b, 0x14, 0x13, 0x15, 0x6f, 0x3f, 0x14, 0x2f, 0x18, 0x16, 0x1e, 0x19, 0x12, 0x1f, 0x16, 0x7f, 0x4f, 0x10, 0x12, 0x1d, 0x1e, 0x1c, 0x1e, 0x1c, 0x9f, 0x1f, 0x11, 0x2f, 0x24, 0x1d, 0x1c, 0x1d, 0x2e, 0x9f, 0x2f, 0x10, 0x14, 0x10, 0x18, 0x1d, 0x2c, 0x1d, 0x1a, 0x9f, 0x3f, 0x10, 0x18, 0x3a, 0x28, 0x16, 0x9f,
// Compressed size: 178 bytes original pixels: 12544 uint16_t → ~25088 bytes uncompressed)

// GARGOYLE / Gargoyle Auraflow V0.3 000 S912500852 Th0.100 20 [Folder: GARGOYLE] - RLE compressed data (offset: 16729, size: 251)
0xec, 0x11, 0x16, 0x14, 0x13, 0x14, 0x15, 0x7c, 0x1e, 0x6c, 0x24, 0x29, 0x16, 0x14, 0x6c, 0x16, 0x29, 0x5c, 0x17, 0x15, 0x1e, 0x1b, 0x23, 0x6c, 0x10, 0x14, 0x11, 0x22, 0x3c, 0x17, 0x15, 0x19, 0x23, 0x14, 0x6c, 0x18, 0x1f, 0x1d, 0x1b, 0x13, 0x10, 0x1c, 0x23, 0x1f, 0x11, 0x16, 0x24, 0x6c, 0x1f, 0x15, 0x13, 0x2f, 0x16, 0x11, 0x12, 0x2e, 0x12, 0x15, 0x17, 0x16, 0x6c, 0x11, 0x1c, 0x1f, 0x1d, 0x1b, 0x19, 0x13, 0x1d, 0x2f, 0x12, 0x14, 0x15, 0x14, 0x7c, 0x12, 0x1b, 0x18, 0x19, 0x17, 0x1b, 0x1f, 0x1d, 0x14, 0x17, 0x1f, 0x15, 0x1d, 0x7c, 0x10, 0x1f, 0x1e, 0x17, 0x1d, 0x1b, 0x1d, 0x19, 0x11, 0x1c, 0x1b, 0x1a, 0x1d, 0x6c, 0x1b, 0x10, 0x15, 0x1f, 0x1d, 0x1f, 0x1a, 0x19, 0x1b,
0x11, 0x1c, 0x1a, 0x18, 0x1b, 0x6c, 0x26, 0x18, 0x16, 0x19, 0x1b, 0x14, 0x16, 0x1b, 0x2c, 0x1a, 0x13, 0x14, 0x6c, 0x1d, 0x15, 0x29, 0x2b, 0x14, 0x1f, 0x1d, 0x2c, 0x19, 0x16, 0x1d, 0x5c, 0x19, 0x2c, 0x19, 0x1e, 0x19, 0x18, 0x11, 0x2f, 0x1c, 0x12, 0x36, 0x4c, 0x16, 0x3c, 0x1d, 0x1f, 0x3a, 0x1b, 0x2c, 0x13, 0x1b, 0x18, 0x12, 0x8c, 0x18, 0x16, 0x1f, 0x18, 0x1b, 0x1d, 0x2c, 0x14, 0x1a, 0x18, 0x15, 0x5c, 0x13, 0x18, 0x13, 0x18, 0x11, 0x15, 0x12, 0x16, 0x1b, 0x2c, 0x11, 0x12, 0x14, 0x13, 0x3c, 0x11, 0x13, 0x22, 0x11, 0x10, 0x33, 0x14, 0x18, 0x11, 0x18, 0x12, 0x16, 0x14, 0x18, 0x2c, 0x11, 0x15, 0x24, 0x15, 0x12, 0x11, 0x13, 0x24, 0x13, 0x24, 0x16, 0x14, 0x18, 0x14, 0x13,
0x2c, 0x18, 0x4b, 0x2f, 0x2d, 0x5f, 0x13, 0x17, 0x1b, 0x1a, 0x3c, 0x10, 0x19, 0x13, 0x1a, 0x16, 0x19, 0x15, 0x16, 0x1a, 0x18, 0x1b, 0x17, 0x1e, 0x24, 0x16, 0x19,
// Compressed size: 251 bytes original pixels: 12544 uint16_t → ~25088 bytes uncompressed)

// GHOST / Ghost Auraflow V0.3 000 S600981842 Th0.100 20 [Folder: GHOST] - RLE compressed data (offset: 16980, size: 203)
0xf1, 0x51, 0x41, 0x19, 0x1e, 0x17, 0x1c, 0x17, 0x1e, 0xa1, 0x41, 0x1d, 0x14, 0x12, 0x16, 0x22, 0x13, 0x91, 0x51, 0x16, 0x19, 0x16, 0x24, 0x23, 0x12, 0x1d, 0x1a, 0x1f, 0x41, 0x61, 0x1f, 0x1b, 0x1a, 0x1d, 0x17, 0x24, 0x12, 0x11, 0x1f, 0x41, 0x71, 0x19, 0x1f, 0x1d, 0x19, 0x1a, 0x1b, 0x13, 0x14, 0x18, 0x41, 0x61, 0x1d, 0x17, 0x1e, 0x2f, 0x1b, 0x1a, 0x35, 0x1e, 0x31, 0x61, 0x1f, 0x1a, 0x31, 0x1b, 0x2a, 0x17, 0x15, 0x19, 0x31, 0x51, 0x1f, 0x1b, 0x19, 0x31, 0x1b, 0x17, 0x1c, 0x17, 0x1c, 0x18, 0x31, 0x61, 0x17, 0x11, 0x1e, 0x11, 0x1c, 0x1a, 0x18, 0x1b, 0x18, 0x1b, 0x17, 0x31, 0x41, 0x2c, 0x17, 0x21, 0x1f, 0x17, 0x15, 0x2c, 0x18, 0x15, 0x1e, 0x31, 0x41, 0x1d, 0x16, 0x31,
0x19, 0x1c, 0x19, 0x11, 0x2e, 0x51, 0x31, 0x1f, 0x2d, 0x31, 0x1d, 0x1f, 0x21, 0x1b, 0x17, 0x51, 0x41, 0x1b, 0x16, 0x31, 0x19, 0x11, 0x1e, 0x11, 0x15, 0x1c, 0x51, 0x41, 0x1c, 0x1b, 0x41, 0x15, 0x1d, 0x11, 0x1b, 0x1e, 0x51, 0x41, 0x1d, 0x18, 0x31, 0x1e, 0x17, 0x1b, 0x11, 0x1d, 0x61, 0x41, 0x2c, 0x21, 0x2c, 0x15, 0x18, 0x21, 0x17, 0x51, 0x41, 0x19, 0x18, 0x11, 0x15, 0x1a, 0x23, 0x17, 0x26, 0x15, 0x51, 0x11, 0x19, 0x15, 0x19, 0x25, 0x13, 0x22, 0x13, 0x16, 0x12, 0x13, 0x1c, 0x14, 0x17, 0x14, 0x31, 0x39, 0x17, 0x22, 0x14, 0x16, 0x12, 0x23, 0x91,
// Compressed size: 203 bytes original pixels: 12544 uint16_t → ~25088 bytes uncompressed)

// GHOUL / Ghoul Auraflow V0.3 000 S2002421739 Th0.100 20 [Folder: GHOUL] - RLE compressed data (offset: 17183, size: 201)
0xfe, 0x5e, 0xae, 0x20, 0x8e, 0x8e, 0x11, 0x10, 0x13, 0x11, 0x15, 0x1a, 0x16, 0x5e, 0x7e, 0x12, 0x21, 0x10, 0x11, 0x13, 0x17, 0x1b, 0x19, 0x4e, 0x6e, 0x1b, 0x15, 0x16, 0x17, 0x12, 0x1b, 0x18, 0x1f, 0x1d, 0x1f, 0x4e, 0x4e, 0x13, 0x16, 0x17, 0x15, 0x1d, 0x18, 0x15, 0x13, 0x1c, 0x1b, 0x1f, 0x17, 0x4e, 0x4e, 0x17, 0x10, 0x18, 0x1e, 0x1d, 0x1a, 0x13, 0x12, 0x1d, 0x18, 0x1b, 0x16, 0x4e, 0x3e, 0x16, 0x17, 0x18, 0x2e, 0x1d, 0x18, 0x10, 0x18, 0x13, 0x28, 0x17, 0x4e, 0x3e, 0x19, 0x1d, 0x1b, 0x3e, 0x1f, 0x15, 0x18, 0x14, 0x12, 0x1d, 0x16, 0x4e, 0x3e, 0x14, 0x5e, 0x1b, 0x14, 0x18, 0x1c, 0x2d, 0x16, 0x4e, 0x3e, 0x17, 0x4e, 0x17, 0x2b, 0x18, 0x1c, 0x1d, 0x1e, 0x14, 0x4e, 0x2e,
0x19, 0x12, 0x4e, 0x15, 0x26, 0x1d, 0x15, 0x1a, 0x1e, 0x1f, 0x17, 0x3e, 0x2e, 0x16, 0x12, 0x3e, 0x18, 0x14, 0x1e, 0x16, 0x1d, 0x18, 0x16, 0x1e, 0x15, 0x1a, 0x3e, 0x2e, 0x16, 0x10, 0x23, 0x1e, 0x11, 0x1b, 0x4e, 0x12, 0x15, 0x1e, 0x1b, 0x3e, 0x2e, 0x1c, 0x4e, 0x1f, 0x1d, 0x17, 0x3e, 0x15, 0x18, 0x1e, 0x16, 0x3e, 0x2e, 0x15, 0x1e, 0x14, 0x4e, 0x1f, 0x1d, 0x2e, 0x15, 0x2e, 0x1a, 0x3e, 0x2e, 0x1b, 0x14, 0x5e, 0x1d, 0x1a, 0x17, 0x11, 0x17, 0x10, 0x13, 0x10, 0x15, 0x2e, 0xde, 0x11, 0x2c, 0x17, 0x19, 0x1d, 0x1e, 0xfe, 0x5e, 0xfe, 0x5e,
// Compressed size: 201 bytes original pixels: 12544 uint16_t → ~25088 bytes uncompressed)

// GIANT FROST / Giant Frost Auraflow V0.3 000 S2702214752 Th0.100 20 [Folder: GIANT_FROST] - RLE compressed data (offset: 17384, size: 252)
0xfd, 0x5d, 0x4d, 0x12, 0x18, 0x10, 0x16, 0x10, 0x12, 0x10, 0x9d, 0x3d, 0x16, 0x18, 0x16, 0x28, 0x13, 0x20, 0x4d, 0x12, 0x4d, 0x2d, 0x14, 0x18, 0x13, 0x19, 0x16, 0x1b, 0x38, 0x12, 0x13, 0x10, 0x11, 0x1d, 0x11, 0x3d, 0x2d, 0x15, 0x13, 0x1a, 0x1f, 0x19, 0x3c, 0x1b, 0x18, 0x26, 0x13, 0x1d, 0x13, 0x3d, 0x2d, 0x39, 0x18, 0x1b, 0x1e, 0x16, 0x1e, 0x1f, 0x19, 0x16, 0x1f, 0x13, 0x12, 0x15, 0x3d, 0x3d, 0x14, 0x13, 0x28, 0x1a, 0x1f, 0x1e, 0x1c, 0x1f, 0x1e, 0x1a, 0x2c, 0x16, 0x3d, 0x3d, 0x18, 0x11, 0x2d, 0x18, 0x2e, 0x1f, 0x19, 0x1f, 0x1a, 0x1e, 0x1c, 0x18, 0x16, 0x2d, 0x3d, 0x26, 0x2d, 0x17, 0x1c, 0x1e, 0x3f, 0x17, 0x2f, 0x19, 0x11, 0x2d, 0x2d, 0x13, 0x16, 0x3d, 0x14, 0x1c,
0x1e, 0x19, 0x3f, 0x2e, 0x1c, 0x16, 0x12, 0x1d, 0x2d, 0x10, 0x16, 0x3d, 0x10, 0x29, 0x1e, 0x2f, 0x2e, 0x1f, 0x19, 0x18, 0x15, 0x1d, 0x1d, 0x12, 0x13, 0x10, 0x12, 0x4d, 0x17, 0x2e, 0x2f, 0x2a, 0x1e, 0x18, 0x11, 0x10, 0x1d, 0x13, 0x7d, 0x16, 0x1a, 0x1f, 0x1c, 0x1b, 0x1e, 0x1b, 0x19, 0x1e, 0x1a, 0x1d, 0x1d, 0x12, 0x10, 0x6d, 0x17, 0x19, 0x1c, 0x1e, 0x1f, 0x1e, 0x1b, 0x19, 0x1c, 0x19, 0x1d, 0x7d, 0x24, 0x19, 0x2c, 0x19, 0x1f, 0x1e, 0x19, 0x14, 0x1c, 0x1b, 0x1d, 0x6d, 0x10, 0x19, 0x1b, 0x17, 0x1c, 0x2a, 0x17, 0x29, 0x15, 0x1c, 0x18, 0x1d, 0x6d, 0x18, 0x19, 0x1b, 0x2c, 0x1a, 0x19, 0x15, 0x17, 0x14, 0x12, 0x17, 0x16, 0x1d, 0x5d, 0x12, 0x19, 0x1a, 0x19, 0x1a, 0x29, 0x25,
0x22, 0x2c, 0x12, 0x1d, 0x4d, 0x12, 0x15, 0x47, 0x10, 0x14, 0x22, 0x11, 0x10, 0x17, 0x19, 0x1a, 0x1d, 0x3d, 0x11, 0x14, 0x25, 0x14, 0x22, 0x50, 0x12, 0x1e, 0x2a, 0x1d,
// Compressed size: 252 bytes original pixels: 12544 uint16_t → ~25088 bytes uncompressed)

// GIANT STONE / Giant Stone Auraflow V0.3 000 S2820862258 Th0.100 20 [Folder: GIANT_STONE] - RLE compressed data (offset: 17636, size: 223)
0xfe, 0x5e, 0xfe, 0x5e, 0x9e, 0x17, 0x11, 0x10, 0x11, 0x7e, 0x8e, 0x19, 0x21, 0x10, 0x15, 0x11, 0x6e, 0x6e, 0x21, 0x10, 0x1c, 0x13, 0x14, 0x10, 0x11, 0x14, 0x19, 0x4e, 0x6e, 0x16, 0x1a, 0x18, 0x1a, 0x13, 0x18, 0x12, 0x13, 0x14, 0x12, 0x4e, 0x6e, 0x1a, 0x16, 0x17, 0x15, 0x1b, 0x1a, 0x19, 0x1c, 0x11, 0x12, 0x4e, 0x5e, 0x27, 0x1c, 0x1b, 0x16, 0x19, 0x18, 0x15, 0x19, 0x12, 0x15, 0x4e, 0x4e, 0x1b, 0x19, 0x14, 0x1e, 0x2d, 0x1a, 0x1c, 0x16, 0x19, 0x1e, 0x12, 0x18, 0x16, 0x2e, 0x3e, 0x1c, 0x19, 0x17, 0x1b, 0x1e, 0x1a, 0x1b, 0x2a, 0x14, 0x2e, 0x13, 0x12, 0x19, 0x2e, 0x3e, 0x1c, 0x1f, 0x19, 0x2e, 0x1a, 0x1b, 0x1a, 0x16, 0x17, 0x2e, 0x15, 0x1a, 0x19, 0x2e, 0x3e, 0x1b, 0x18,
0x12, 0x2e, 0x2a, 0x16, 0x1a, 0x14, 0x13, 0x2e, 0x17, 0x18, 0x2e, 0x2e, 0x1d, 0x1c, 0x15, 0x14, 0x2e, 0x17, 0x19, 0x1c, 0x15, 0x14, 0x2e, 0x11, 0x1c, 0x1a, 0x2e, 0x2e, 0x1c, 0x19, 0x1d, 0x15, 0x2e, 0x27, 0x1d, 0x18, 0x1a, 0x2e, 0x19, 0x18, 0x16, 0x2e, 0x2e, 0x26, 0x12, 0x3d, 0x1a, 0x13, 0x1d, 0x19, 0x14, 0x12, 0x1e, 0x14, 0x1b, 0x15, 0x2e, 0x1e, 0x1c, 0x2a, 0x12, 0x10, 0x2d, 0x1c, 0x1b, 0x1a, 0x1d, 0x14, 0x13, 0x2e, 0x1b, 0x3e, 0x1e, 0x2c, 0x13, 0x1a, 0x11, 0x1c, 0x2d, 0x18, 0x17, 0x1d, 0x1b, 0x14, 0x6e, 0x1e, 0x1b, 0x1c, 0x1a, 0x1b, 0x27, 0x1a, 0x19, 0x26, 0x18, 0x19, 0x15, 0x18, 0x5e, 0x3e, 0x13, 0x12, 0x23, 0x11, 0x30, 0x9e, 0x3e, 0x1a, 0x1b, 0x13, 0xee,
// Compressed size: 223 bytes original pixels: 12544 uint16_t → ~25088 bytes uncompressed)

// GILLY DHU / Gilly Dhu Auraflow V0.3 000 S3774256892 Th0.100 20 [Folder: GILLY_DHU] - RLE compressed data (offset: 17859, size: 89)
0xff, 0x5f, 0xff, 0x5f, 0xff, 0x5f, 0xff, 0x5f, 0x9f, 0x15, 0x16, 0x11, 0x8f, 0x9f, 0x12, 0x21, 0x8f, 0x8f, 0x12, 0x2a, 0x16, 0x8f, 0x8f, 0x1e, 0x16, 0x1c, 0x9f, 0x7f, 0x1a, 0x19, 0x18, 0x14, 0x9f, 0x6f, 0x22, 0x17, 0x28, 0x12, 0x8f, 0x6f, 0x14, 0x1f, 0x18, 0x1c, 0x1b, 0x1f, 0x15, 0x7f, 0x6f, 0x13, 0x1f, 0x1a, 0x1d, 0x16, 0x1f, 0x15, 0x12, 0x6f, 0x7f, 0x13, 0x1b, 0x17, 0x14, 0x1f, 0x13, 0x7f, 0x7f, 0x1a, 0x1f, 0x1d, 0x14, 0x9f, 0x9f, 0x15, 0xaf, 0x9f, 0x14, 0xaf, 0x5f, 0x17, 0x15, 0x1b, 0xcf, 0xff, 0x5f, 0xff, 0x5f, 0xff, 0x5f,
// Compressed size: 89 bytes original pixels: 12544 uint16_t → ~25088 bytes uncompressed)

// GLASHTIG / Glashtig Auraflow V0.3 000 S3939623373 Th0.100 20 [Folder: GLASHTIG] - RLE compressed data (offset: 17948, size: 194)
0xf0, 0x50, 0xf0, 0x50, 0xf0, 0x50, 0xb0, 0x16, 0x1d, 0x11, 0x12, 0x11, 0x10, 0x11, 0x20, 0x90, 0x13, 0x12, 0x13, 0x1e, 0x14, 0x17, 0x16, 0x14, 0x13, 0x20, 0x70, 0x11, 0x14, 0x17, 0x1a, 0x13, 0x1f, 0x19, 0x1a, 0x24, 0x12, 0x20, 0x60, 0x11, 0x26, 0x1f, 0x1a, 0x1f, 0x1d, 0x28, 0x13, 0x1d, 0x30, 0x50, 0x12, 0x17, 0x16, 0x14, 0x17, 0x1f, 0x14, 0x13, 0x16, 0x13, 0x19, 0x1f, 0x30, 0x40, 0x11, 0x17, 0x1d, 0x14, 0x16, 0x14, 0x1e, 0x1c, 0x1a, 0x1e, 0x1c, 0x18, 0x12, 0x30, 0x40, 0x14, 0x1d, 0x17, 0x14, 0x2c, 0x1a, 0x1f, 0x17, 0x1d, 0x28, 0x40, 0x40, 0x16, 0x1c, 0x2b, 0x2e, 0x1f, 0x3e, 0x17, 0x15, 0x40, 0x10, 0x11, 0x13, 0x10, 0x2a, 0x27, 0x1c, 0x1e, 0x16, 0x1a, 0x1d, 0x16,
0x1a, 0x10, 0x18, 0x30, 0x10, 0x17, 0x16, 0x10, 0x16, 0x2d, 0x2a, 0x1c, 0x1f, 0x14, 0x1a, 0x1d, 0x11, 0x10, 0x13, 0x30, 0x20, 0x17, 0x10, 0x1d, 0x16, 0x1d, 0x16, 0x13, 0x14, 0x10, 0x17, 0x1a, 0x16, 0x60, 0x10, 0x17, 0x13, 0x10, 0x1d, 0x10, 0x1a, 0x23, 0x12, 0x20, 0x1b, 0x16, 0x60, 0x10, 0x1d, 0x20, 0x1f, 0x10, 0x1c, 0x14, 0x1c, 0x16, 0x20, 0x1c, 0x70, 0x10, 0x11, 0x2a, 0x1c, 0x2e, 0x17, 0x10, 0x1c, 0x14, 0x10, 0x1d, 0x1a, 0x60, 0x60, 0x1a, 0x26, 0x50, 0x17, 0x50, 0xf0, 0x50, 0xf0, 0x50,
// Compressed size: 194 bytes original pixels: 12544 uint16_t → ~25088 bytes uncompressed)

// GNOME / Gnome Auraflow V0.3 000 S2406118906 Th0.100 20 [Folder: GNOME] - RLE compressed data (offset: 18142, size: 132)
0xff, 0x5f, 0xaf, 0x10, 0x9f, 0x9f, 0x12, 0x10, 0x9f, 0x9f, 0x14, 0x13, 0x9f, 0x8f, 0x26, 0x19, 0x12, 0x10, 0x1f, 0x15, 0x17, 0x4f, 0x4f, 0x15, 0x2f, 0x10, 0x19, 0x13, 0x26, 0x1b, 0x23, 0x5f, 0x5f, 0x15, 0x1a, 0x19, 0x1c, 0x1a, 0x19, 0x12, 0x1d, 0x19, 0x11, 0x5f, 0x6f, 0x14, 0x1b, 0x2d, 0x1e, 0x1a, 0x15, 0x7f, 0x8f, 0x10, 0x1d, 0x18, 0x1a, 0x10, 0x7f, 0x6f, 0x14, 0x13, 0x15, 0x1e, 0x19, 0x17, 0x12, 0x10, 0x6f, 0x6f, 0x1a, 0x1b, 0x18, 0x12, 0x1a, 0x14, 0x17, 0x16, 0x6f, 0x7f, 0x12, 0x17, 0x2e, 0x19, 0x11, 0x1c, 0x6f, 0x8f, 0x19, 0x1e, 0x14, 0x13, 0x17, 0x7f, 0x8f, 0x1e, 0x1d, 0x1c, 0x14, 0x1b, 0x17, 0x6f, 0x8f, 0x2c, 0x1e, 0x19, 0x1c, 0x14, 0x6f, 0x9f, 0x1e, 0x28,
0x8f, 0x8f, 0x15, 0x13, 0x14, 0x1b, 0x1a, 0x11, 0x6f, 0x7f, 0x1d, 0x2e, 0x1d, 0x1f, 0x1d, 0x7f, 0xff, 0x5f, 0xff, 0x5f,
// Compressed size: 132 bytes original pixels: 12544 uint16_t → ~25088 bytes uncompressed)

// GOANNOTGH / Goannotgh Auraflow V0.3 000 S2836379213 Th0.100 20 [Folder: GOANNOTGH] - RLE compressed data (offset: 18274, size: 144)
0xff, 0x5f, 0xff, 0x5f, 0xff, 0x5f, 0xff, 0x5f, 0xdf, 0x10, 0x6f, 0xcf, 0x12, 0x13, 0x6f, 0x2f, 0x15, 0x1f, 0x1a, 0x18, 0x1a, 0x10, 0x3f, 0x12, 0x10, 0x16, 0x10, 0x2f, 0x19, 0x2f, 0x18, 0x3f, 0x13, 0x1b, 0x12, 0x14, 0x19, 0x14, 0x10, 0x16, 0x12, 0x13, 0x10, 0x5f, 0x3f, 0x18, 0x14, 0x16, 0x23, 0x16, 0x14, 0x13, 0x17, 0x1a, 0x17, 0x16, 0x10, 0x4f, 0x5f, 0x16, 0x13, 0x19, 0x18, 0x1a, 0x2c, 0x1b, 0x1d, 0x18, 0x1e, 0x4f, 0x5f, 0x18, 0x14, 0x13, 0x19, 0x1d, 0x2e, 0x1d, 0x15, 0x1c, 0x10, 0x4f, 0x4f, 0x27, 0x12, 0x1a, 0x1e, 0x15, 0x19, 0x1c, 0x1a, 0x18, 0x6f, 0x4f, 0x15, 0x1f, 0x12, 0x1e, 0x1d, 0x18, 0x1e, 0x2c, 0x12, 0x6f, 0x3f, 0x18, 0x3f, 0x17, 0x1d, 0x15, 0x2e, 0x13,
0x7f, 0x7f, 0x1d, 0x1c, 0x1d, 0x1a, 0x9f, 0x4f, 0x15, 0x1c, 0x1b, 0x1d, 0x1e, 0x1a, 0x10, 0x1f, 0x11, 0x7f, 0x5f, 0x18, 0x1d, 0x2f, 0x15, 0x1c, 0x18, 0x8f, 0xff, 0x5f, 0xff, 0x5f, 0xff, 0x5f,
// Compressed size: 144 bytes original pixels: 12544 uint16_t → ~25088 bytes uncompressed)

// GOBLIN / Goblin Auraflow V0.3 000 S3624267429 Th0.100 20 [Folder: GOBLIN] - RLE compressed data (offset: 18418, size: 228)
0xfe, 0x5e, 0x9e, 0x15, 0x1e, 0x17, 0x8e, 0x7e, 0x17, 0x32, 0x11, 0x8e, 0x3e, 0x1a, 0x1e, 0x11, 0x13, 0x12, 0x24, 0x10, 0x12, 0x19, 0x3e, 0x17, 0x3e, 0x4e, 0x1b, 0x15, 0x14, 0x17, 0x24, 0x11, 0x10, 0x16, 0x19, 0x2e, 0x18, 0x1a, 0x1d, 0x1e, 0x5e, 0x10, 0x1a, 0x19, 0x17, 0x14, 0x1a, 0x15, 0x1c, 0x1b, 0x3e, 0x15, 0x19, 0x1e, 0x4e, 0x11, 0x14, 0x1d, 0x17, 0x12, 0x1c, 0x12, 0x19, 0x1a, 0x1b, 0x3e, 0x1b, 0x2e, 0x4e, 0x13, 0x1b, 0x13, 0x1a, 0x12, 0x1a, 0x2c, 0x19, 0x1d, 0x1b, 0x2e, 0x19, 0x2e, 0x3e, 0x13, 0x17, 0x2e, 0x1b, 0x18, 0x1c, 0x15, 0x19, 0x2c, 0x17, 0x15, 0x17, 0x3e, 0x3e, 0x17, 0x13, 0x1e, 0x16, 0x1a, 0x1b, 0x12, 0x1a, 0x2d, 0x1c, 0x1d, 0x1a, 0x16, 0x3e, 0x3e,
0x1a, 0x12, 0x1e, 0x13, 0x19, 0x1a, 0x1b, 0x1d, 0x2c, 0x1d, 0x17, 0x15, 0x4e, 0x4e, 0x1a, 0x16, 0x11, 0x1a, 0x19, 0x3a, 0x19, 0x16, 0x1d, 0x5e, 0x2e, 0x16, 0x18, 0x1f, 0x15, 0x17, 0x1e, 0x1b, 0x1d, 0x1c, 0x1e, 0x1d, 0x15, 0x1b, 0x5e, 0x1e, 0x10, 0x18, 0x10, 0x18, 0x19, 0x12, 0x1e, 0x19, 0x1f, 0x1d, 0x17, 0x1e, 0x17, 0x1b, 0x5e, 0x1e, 0x12, 0x10, 0x1d, 0x12, 0x2c, 0x1e, 0x1a, 0x17, 0x3e, 0x1c, 0x6e, 0x1e, 0x16, 0x13, 0x14, 0x27, 0x1b, 0x5e, 0x17, 0x7e, 0x1e, 0x1a, 0x17, 0x1a, 0x1c, 0x1a, 0x19, 0x5e, 0x16, 0x19, 0x16, 0x5e, 0x2e, 0x1b, 0x2d, 0x13, 0x15, 0x1e, 0x1d, 0x18, 0x11, 0x17, 0x1d, 0x1a, 0x12, 0x19, 0x4e, 0x6e, 0x1c, 0x1b, 0x1c, 0x18, 0x1f, 0x10, 0x13, 0x12,
0x11, 0x5e, 0xfe, 0x5e,
// Compressed size: 228 bytes original pixels: 12544 uint16_t → ~25088 bytes uncompressed)

// GOLEM / Golem Auraflow V0.3 000 S569925259 Th0.100 20 [Folder: GOLEM] - RLE compressed data (offset: 18646, size: 169)
0xfe, 0x5e, 0xbe, 0x11, 0x22, 0x6e, 0xbe, 0x15, 0x1d, 0x1a, 0x19, 0x5e, 0x8e, 0x15, 0x12, 0x10, 0x17, 0x1d, 0x17, 0x6e, 0x7e, 0x18, 0x15, 0x13, 0x14, 0x1f, 0x1d, 0x7e, 0x7e, 0x15, 0x14, 0x1d, 0x14, 0x1b, 0x1a, 0x1f, 0x6e, 0x6e, 0x15, 0x1d, 0x19, 0x1d, 0x16, 0x1d, 0x1a, 0x19, 0x6e, 0x4e, 0x12, 0x1b, 0x14, 0x2e, 0x19, 0x2b, 0x1d, 0x19, 0x6e, 0x3e, 0x10, 0x1b, 0x17, 0x3e, 0x17, 0x15, 0x19, 0x1e, 0x19, 0x6e, 0x2e, 0x16, 0x1b, 0x4e, 0x13, 0x14, 0x1d, 0x1b, 0x1a, 0x10, 0x18, 0x5e, 0x2e, 0x1a, 0x4e, 0x13, 0x14, 0x19, 0x1b, 0x1c, 0x1f, 0x10, 0x17, 0x5e, 0x1e, 0x19, 0x6e, 0x14, 0x1c, 0x16, 0x1f, 0x19, 0x1e, 0x11, 0x1a, 0x4e, 0x1e, 0x19, 0x5e, 0x11, 0x19, 0x1a, 0x1e, 0x1f,
0x3e, 0x16, 0x4e, 0x1e, 0x17, 0x6e, 0x17, 0x14, 0x1e, 0x1c, 0x2e, 0x15, 0x17, 0x4e, 0x7e, 0x13, 0x1d, 0x10, 0x1e, 0x13, 0x16, 0x2e, 0x18, 0x4e, 0x7e, 0x1b, 0x14, 0x2e, 0x17, 0x16, 0x7e, 0x8e, 0x18, 0x3e, 0x18, 0x7e, 0x7e, 0x14, 0x16, 0x2e, 0x11, 0x17, 0x1b, 0x6e, 0x6e, 0x13, 0x1b, 0x12, 0x10, 0x12, 0x2e, 0x1c, 0x13, 0x1a, 0x4e, 0xfe, 0x5e,
// Compressed size: 169 bytes original pixels: 12544 uint16_t → ~25088 bytes uncompressed)

// GRIM REAPER / Grim Reaper Auraflow V0.3 000 S1054974352 Th0.100 20 [Folder: GRIM_REAPER] - RLE compressed data (offset: 18815, size: 177)
0x7f, 0x11, 0x13, 0xbf, 0x5f, 0x26, 0x2f, 0x19, 0x11, 0x17, 0x8f, 0x4f, 0x13, 0x1b, 0x19, 0x2f, 0x1b, 0x1d, 0x14, 0x8f, 0x4f, 0x18, 0x2f, 0x18, 0x1f, 0x1c, 0x1b, 0x17, 0x8f, 0x4f, 0x14, 0x18, 0x2f, 0x15, 0x1e, 0x1d, 0x1a, 0x15, 0x7f, 0x4f, 0x16, 0x3f, 0x18, 0x19, 0x1c, 0x1a, 0x1e, 0x14, 0x6f, 0x4f, 0x16, 0x3f, 0x17, 0x1e, 0x1d, 0x1b, 0x27, 0x6f, 0x7f, 0x11, 0x19, 0x1c, 0x18, 0x1e, 0x1b, 0x17, 0x6f, 0x8f, 0x17, 0x1c, 0x2d, 0x2b, 0x11, 0x5f, 0x8f, 0x1e, 0x19, 0x1e, 0x1a, 0x2b, 0x12, 0x5f, 0x7f, 0x14, 0x15, 0x1d, 0x2e, 0x11, 0x1d, 0x12, 0x14, 0x4f, 0x7f, 0x17, 0x1d, 0x15, 0x2e, 0x1c, 0x1b, 0x16, 0x5f, 0x6f, 0x12, 0x14, 0x1c, 0x18, 0x1b, 0x19, 0x2e, 0x13, 0x5f, 0x5f,
0x11, 0x15, 0x1a, 0x1b, 0x1c, 0x1b, 0x1e, 0x19, 0x1a, 0x19, 0x5f, 0x4f, 0x12, 0x11, 0x13, 0x14, 0x15, 0x17, 0x1c, 0x1d, 0x19, 0x1e, 0x1b, 0x5f, 0x5f, 0x21, 0x24, 0x13, 0x19, 0x2a, 0x1b, 0x14, 0x5f, 0x7f, 0x13, 0x12, 0x13, 0x18, 0x1a, 0x17, 0x1a, 0x14, 0x13, 0x4f, 0x6f, 0x10, 0x1f, 0x11, 0x13, 0x27, 0x24, 0x32, 0x3f, 0x8f, 0x10, 0x11, 0x14, 0x10, 0x23, 0x14, 0x11, 0x4f, 0xef, 0x10, 0x5f,
// Compressed size: 177 bytes original pixels: 12544 uint16_t → ~25088 bytes uncompressed)

// GRINDYLOW / Grindylow Auraflow V0.3 000 S251623451 Th0.100 20 [Folder: GRINDYLOW] - RLE compressed data (offset: 18992, size: 157)
0xfe, 0x5e, 0x7e, 0x11, 0x2e, 0x14, 0x1f, 0x8e, 0x7e, 0x10, 0x11, 0x16, 0x1e, 0x12, 0x8e, 0x7e, 0x11, 0x12, 0x14, 0xae, 0x7e, 0x13, 0x17, 0x18, 0x24, 0x22, 0x1e, 0x1d, 0x4e, 0x6e, 0x17, 0x1e, 0x1f, 0x17, 0x1c, 0x1a, 0x12, 0x13, 0x1a, 0x5e, 0x8e, 0x12, 0x15, 0x1d, 0x3c, 0x14, 0x5e, 0x8e, 0x13, 0x1e, 0x1b, 0x17, 0x1d, 0x12, 0x1b, 0x1c, 0x4e, 0x7e, 0x18, 0x1e, 0x1f, 0x19, 0x1d, 0x13, 0x1d, 0x1e, 0x14, 0x4e, 0x6e, 0x18, 0x1f, 0x1e, 0x1a, 0x2e, 0x1d, 0x1f, 0x11, 0x1d, 0x4e, 0x2e, 0x1a, 0x18, 0x1e, 0x11, 0x3e, 0x1a, 0x1b, 0x1a, 0x1f, 0x1a, 0x1b, 0x5e, 0x4e, 0x19, 0x3e, 0x14, 0x1e, 0x10, 0x1e, 0x11, 0x15, 0x14, 0x17, 0x4e, 0x3e, 0x15, 0x2e, 0x18, 0x1e, 0x13, 0x1b, 0x2e,
0x1c, 0x2e, 0x1d, 0x14, 0x3e, 0x8e, 0x1c, 0x2e, 0x10, 0x4e, 0x12, 0x3e, 0x5e, 0x17, 0x1e, 0x16, 0x19, 0x2e, 0x1c, 0x8e, 0x3e, 0x17, 0x1e, 0x12, 0x1e, 0x18, 0x1a, 0x2e, 0x18, 0x3e, 0x15, 0x1a, 0x3e, 0x4e, 0x10, 0x11, 0xce, 0x1b, 0x1e, 0xfe, 0x5e, 0xfe, 0x5e, 0xfe, 0x5e,
// Compressed size: 157 bytes original pixels: 12544 uint16_t → ~25088 bytes uncompressed)

// GROAC H / Groac H Auraflow V0.3 000 S3468131882 Th0.100 20 [Folder: GROAC_H] - RLE compressed data (offset: 19149, size: 192)
0xf0, 0x50, 0xf0, 0x50, 0x50, 0x14, 0x1b, 0x11, 0xc0, 0x40, 0x1b, 0x12, 0x13, 0x21, 0x23, 0x50, 0x13, 0x30, 0x30, 0x1b, 0x18, 0x1f, 0x13, 0x1d, 0x18, 0x15, 0x13, 0x11, 0x14, 0x70, 0x20, 0x1e, 0x1a, 0x1c, 0x1b, 0x16, 0x18, 0x1f, 0x13, 0x19, 0x1e, 0x1a, 0x11, 0x30, 0x15, 0x20, 0x20, 0x18, 0x1a, 0x10, 0x1c, 0x10, 0x1e, 0x1f, 0x1d, 0x19, 0x17, 0x10, 0x1e, 0x10, 0x1a, 0x13, 0x11, 0x20, 0x20, 0x12, 0x20, 0x16, 0x20, 0x1b, 0x2f, 0x12, 0x60, 0x15, 0x10, 0x10, 0x1b, 0x1f, 0x20, 0x14, 0x20, 0x1b, 0x2f, 0x13, 0x40, 0x13, 0x30, 0x10, 0x1e, 0x13, 0x20, 0x17, 0x30, 0x1e, 0x1f, 0x1c, 0x15, 0x10, 0x17, 0x16, 0x40, 0x20, 0x18, 0x10, 0x1f, 0x18, 0x17, 0x12, 0x10, 0x1e, 0x1f, 0x1a,
0x19, 0x40, 0x13, 0x20, 0x30, 0x1e, 0x50, 0x2e, 0x1f, 0x23, 0x60, 0x30, 0x1c, 0x40, 0x18, 0x2f, 0x1e, 0x1c, 0x12, 0x40, 0x1b, 0x10, 0x30, 0x14, 0x20, 0x14, 0x11, 0x1b, 0x3f, 0x21, 0x20, 0x14, 0x17, 0x20, 0x30, 0x14, 0x18, 0x10, 0x24, 0x3f, 0x2e, 0x13, 0x30, 0x16, 0x20, 0x50, 0x22, 0x1b, 0x1f, 0x1e, 0x1f, 0x16, 0x1a, 0x14, 0x60, 0x30, 0x14, 0x22, 0x16, 0x18, 0x16, 0x1b, 0x13, 0x2a, 0x12, 0x60, 0x30, 0x37, 0x24, 0x16, 0x1b, 0x18, 0x1b, 0x16, 0x12, 0x60, 0xf0, 0x50, 0xf0, 0x50,
// Compressed size: 192 bytes original pixels: 12544 uint16_t → ~25088 bytes uncompressed)

// GROOTSLANG / Grootslang Auraflow V0.3 000 S445792689 Th0.100 20 [Folder: GROOTSLANG] - RLE compressed data (offset: 19341, size: 148)
0xff, 0x5f, 0xff, 0x5f, 0x6f, 0x14, 0x17, 0x12, 0x14, 0x11, 0x10, 0x8f, 0x3f, 0x16, 0x20, 0x11, 0x1d, 0x1c, 0x1b, 0x31, 0x15, 0x10, 0x5f, 0x3f, 0x18, 0x11, 0x14, 0x13, 0x1e, 0x1d, 0x1c, 0x1e, 0x1c, 0x10, 0x13, 0x10, 0x5f, 0x2f, 0x18, 0x16, 0x3c, 0x3e, 0x1b, 0x14, 0x17, 0x13, 0x10, 0x11, 0x4f, 0x2f, 0x2b, 0x1a, 0x1b, 0x18, 0x17, 0x18, 0x15, 0x1c, 0x1e, 0x15, 0x10, 0x12, 0x11, 0x4f, 0x1f, 0x1e, 0x37, 0x24, 0x2f, 0x17, 0x1c, 0x12, 0x1a, 0x1e, 0x17, 0x18, 0x4f, 0x1f, 0x1e, 0x1c, 0x1b, 0x14, 0x17, 0x4f, 0x1b, 0x12, 0x2e, 0x1c, 0x1e, 0x4f, 0x1d, 0x1e, 0x1c, 0x14, 0x13, 0x6f, 0x19, 0x1d, 0x19, 0x17, 0x1d, 0x4f, 0x1e, 0x1d, 0x1c, 0x17, 0x12, 0x6f, 0x18, 0x1d, 0x13, 0x1f,
0x19, 0x4f, 0x1d, 0x1e, 0x1c, 0x11, 0x13, 0x7f, 0x1e, 0x15, 0x6f, 0x1d, 0x18, 0x16, 0xff, 0x2f, 0x2d, 0x17, 0x13, 0xff, 0x1f, 0x1f, 0x1d, 0x17, 0xff, 0x2f, 0xff, 0x5f, 0xff, 0x5f, 0xff, 0x5f, 0xff, 0x5f, 0xff, 0x5f,
// Compressed size: 148 bytes original pixels: 12544 uint16_t → ~25088 bytes uncompressed)

// GRUAGACH / Gruagach Auraflow V0.3 000 S1925339115 Th0.100 20 [Folder: GRUAGACH] - RLE compressed data (offset: 19489, size: 182)
0xff, 0x5f, 0x7f, 0x10, 0x1f, 0x10, 0x1f, 0x11, 0x1f, 0x11, 0x6f, 0x4f, 0x10, 0x13, 0x1f, 0x10, 0x15, 0x10, 0x12, 0x11, 0x16, 0x12, 0x6f, 0x7f, 0x27, 0x13, 0x1c, 0x1b, 0x1d, 0x18, 0x11, 0x5f, 0x7f, 0x13, 0x12, 0x10, 0x17, 0x1d, 0x1e, 0x19, 0x17, 0x5f, 0x8f, 0x13, 0x19, 0x3d, 0x1b, 0x13, 0x5f, 0x7f, 0x12, 0x17, 0x1c, 0x1e, 0x19, 0x1a, 0x7f, 0x8f, 0x17, 0x1a, 0x1e, 0x1c, 0x14, 0x10, 0x6f, 0x7f, 0x10, 0x1b, 0x1e, 0x1c, 0x1a, 0x1c, 0x7f, 0x4f, 0x22, 0x10, 0x17, 0x16, 0x1e, 0x14, 0x1e, 0x10, 0x7f, 0x3f, 0x17, 0x2f, 0x13, 0x1b, 0x1e, 0x26, 0x1e, 0x8f, 0x2f, 0x10, 0x2f, 0x11, 0x1d, 0x16, 0x1e, 0x1d, 0x2e, 0x8f, 0x1f, 0x13, 0x2f, 0x15, 0x19, 0x1b, 0x1c, 0x1d, 0x1e, 0x2c,
0x8f, 0x2f, 0x11, 0x10, 0x13, 0x1c, 0x3d, 0x1e, 0x2a, 0x8f, 0x2f, 0x29, 0x13, 0x15, 0x29, 0x1d, 0x1e, 0x1d, 0x1a, 0x1c, 0x7f, 0x10, 0x17, 0x13, 0x17, 0x1b, 0x19, 0x18, 0x1a, 0x1e, 0x1d, 0x2a, 0x12, 0x7f, 0x10, 0x1f, 0x10, 0x19, 0x17, 0x18, 0x1c, 0x1d, 0x16, 0x17, 0x10, 0x1d, 0x8f, 0x11, 0x17, 0x29, 0x1b, 0x29, 0x25, 0x11, 0x1f, 0x1c, 0x8f, 0x39, 0x1a, 0x17, 0x18, 0x25, 0x14, 0x22, 0x9f, 0x18, 0x12, 0x16, 0x54, 0xcf,
// Compressed size: 182 bytes original pixels: 12544 uint16_t → ~25088 bytes uncompressed)

// GRUAGHAIR / Gruaghair Auraflow V0.3 000 S484925568 Th0.100 20 [Folder: GRUAGHAIR] - RLE compressed data (offset: 19671, size: 215)
0xfe, 0x5e, 0xfe, 0x5e, 0x8e, 0x20, 0x14, 0x11, 0x10, 0x7e, 0x6e, 0x11, 0x12, 0x11, 0x12, 0x13, 0x18, 0x16, 0x11, 0x6e, 0x3e, 0x10, 0x11, 0x12, 0x18, 0x1a, 0x24, 0x13, 0x18, 0x1c, 0x12, 0x11, 0x5e, 0x2e, 0x10, 0x13, 0x28, 0x16, 0x18, 0x15, 0x12, 0x14, 0x17, 0x1c, 0x14, 0x10, 0x5e, 0x2e, 0x18, 0x19, 0x16, 0x18, 0x16, 0x1c, 0x19, 0x18, 0x13, 0x1c, 0x1d, 0x26, 0x11, 0x4e, 0x1e, 0x17, 0x11, 0x1a, 0x17, 0x18, 0x14, 0x13, 0x19, 0x1a, 0x1b, 0x1f, 0x1b, 0x1a, 0x18, 0x10, 0x4e, 0x1e, 0x15, 0x11, 0x17, 0x1d, 0x1a, 0x14, 0x19, 0x14, 0x18, 0x1b, 0x1d, 0x14, 0x18, 0x16, 0x18, 0x12, 0x3e, 0x1e, 0x1a, 0x1c, 0x17, 0x2d, 0x10, 0x12, 0x2d, 0x19, 0x2d, 0x1c, 0x1b, 0x17, 0x10, 0x3e,
0x1e, 0x13, 0x17, 0x19, 0x1c, 0x2b, 0x27, 0x4d, 0x1b, 0x1a, 0x1c, 0x13, 0x3e, 0x1e, 0x13, 0x19, 0x1f, 0x18, 0x1b, 0x18, 0x1a, 0x15, 0x1d, 0x17, 0x1a, 0x19, 0x1c, 0x1b, 0x11, 0x4e, 0x1e, 0x17, 0x13, 0x2b, 0x1a, 0x12, 0x1b, 0x19, 0x1b, 0x1a, 0x1b, 0x1e, 0x1a, 0x17, 0x1c, 0x4e, 0x1e, 0x1b, 0x13, 0x2b, 0x1c, 0x25, 0x1c, 0x1e, 0x13, 0x11, 0x2e, 0x1b, 0x5e, 0x3e, 0x14, 0x17, 0x2e, 0x17, 0x16, 0x15, 0x1a, 0x15, 0x8e, 0x3e, 0x17, 0x15, 0x1e, 0x1b, 0x13, 0x16, 0x1e, 0x1a, 0x13, 0x8e, 0x2e, 0x12, 0x16, 0x1b, 0x1a, 0x22, 0x38, 0x17, 0x12, 0x17, 0x6e, 0x3e, 0x13, 0x1a, 0x15, 0x13, 0x1e, 0x1a, 0xbe, 0xfe, 0x5e, 0xfe, 0x5e,
// Compressed size: 215 bytes original pixels: 12544 uint16_t → ~25088 bytes uncompressed)

// GRUFF / Gruff Auraflow V0.3 000 S3326696378 Th0.100 20 [Folder: GRUFF] - RLE compressed data (offset: 19886, size: 143)
0xff, 0x5f, 0xff, 0x5f, 0xff, 0x5f, 0x9f, 0x13, 0x11, 0x13, 0x8f, 0x8f, 0x10, 0x1e, 0x1d, 0x1b, 0x13, 0x1f, 0x11, 0x5f, 0x5f, 0x18, 0x13, 0x1f, 0x14, 0x12, 0x1d, 0x1c, 0x27, 0x23, 0x4f, 0x4f, 0x20, 0x2f, 0x18, 0x2e, 0x1d, 0x1c, 0x16, 0x27, 0x4f, 0x5f, 0x12, 0x18, 0x1f, 0x10, 0x28, 0x1a, 0x1d, 0x27, 0x1c, 0x4f, 0x4f, 0x13, 0x14, 0x11, 0x12, 0x14, 0x18, 0x1e, 0x18, 0x1d, 0x1a, 0x2b, 0x4f, 0x3f, 0x28, 0x16, 0x1a, 0x16, 0x1a, 0x10, 0x12, 0x1a, 0x16, 0x1e, 0x2c, 0x4f, 0x5f, 0x13, 0x17, 0x1b, 0x1f, 0x24, 0x11, 0x26, 0x1b, 0x19, 0x4f, 0x5f, 0x1e, 0x25, 0x13, 0x12, 0x18, 0x1a, 0x3d, 0x19, 0x4f, 0x9f, 0x1e, 0x14, 0x2d, 0x2c, 0x5f, 0x9f, 0x19, 0x16, 0x1c, 0x2d, 0x19, 0x5f,
0x9f, 0x27, 0x1b, 0x1f, 0x27, 0x5f, 0x9f, 0x23, 0x15, 0x17, 0x1f, 0x1c, 0x5f, 0x7f, 0x1b, 0x15, 0x1b, 0x19, 0x3f, 0x2c, 0x4f, 0xcf, 0x11, 0x16, 0x1b, 0x1c, 0x4f, 0xff, 0x5f, 0xff, 0x5f,
// Compressed size: 143 bytes original pixels: 12544 uint16_t → ~25088 bytes uncompressed)

// GWILLION / Gwillion Auraflow V0.3 000 S2745053194 Th0.100 20 [Folder: GWILLION] - RLE compressed data (offset: 20029, size: 124)
0xf0, 0x50, 0xa0, 0x11, 0x90, 0x90, 0x12, 0x16, 0x90, 0x90, 0x14, 0x16, 0x90, 0x70, 0x11, 0x13, 0x12, 0x16, 0x1c, 0x80, 0x60, 0x22, 0x1d, 0x14, 0x16, 0x1d, 0x11, 0x70, 0x60, 0x1d, 0x1e, 0x1b, 0x14, 0x15, 0x1a, 0x1f, 0x70, 0x40, 0x1d, 0x20, 0x1c, 0x1b, 0x18, 0x1d, 0x1b, 0x11, 0x70, 0x70, 0x1d, 0x1a, 0x2b, 0x1a, 0x80, 0x70, 0x14, 0x1e, 0x19, 0x1b, 0x19, 0x10, 0x1a, 0x60, 0x50, 0x12, 0x10, 0x14, 0x19, 0x2b, 0x19, 0x10, 0x17, 0x1e, 0x50, 0x50, 0x13, 0x11, 0x10, 0x2b, 0x19, 0x1b, 0x80, 0x50, 0x1d, 0x11, 0x10, 0x17, 0x1b, 0x19, 0x12, 0x30, 0x1f, 0x40, 0x70, 0x11, 0x16, 0x10, 0x19, 0x14, 0x30, 0x1f, 0x40, 0x70, 0x13, 0x1d, 0x21, 0x15, 0x80, 0x70, 0x18, 0x30, 0x1b, 0x80,
0x80, 0x14, 0xb0, 0x80, 0x1e, 0xb0, 0xc0, 0x1d, 0x1c, 0x60, 0xf0, 0x50,
// Compressed size: 124 bytes original pixels: 12544 uint16_t → ~25088 bytes uncompressed)

// GWYLLGI / Gwyllgi Auraflow V0.3 000 S4115794875 Th0.100 20 [Folder: GWYLLGI] - RLE compressed data (offset: 20153, size: 138)
0xf0, 0x50, 0xf0, 0x50, 0xf0, 0x50, 0xb0, 0x1f, 0x10, 0x12, 0x60, 0xb0, 0x1e, 0x16, 0x1b, 0x1a, 0x50, 0x30, 0x17, 0x1a, 0x17, 0x15, 0x12, 0x20, 0x11, 0x18, 0x14, 0x16, 0x1b, 0x50, 0x30, 0x17, 0x2b, 0x1d, 0x12, 0x17, 0x15, 0x17, 0x2c, 0x13, 0x14, 0x50, 0x50, 0x16, 0x1f, 0x17, 0x1a, 0x1f, 0x1b, 0x1a, 0x1d, 0x18, 0x16, 0x50, 0x60, 0x2d, 0x1a, 0x1e, 0x2f, 0x1d, 0x18, 0x1a, 0x50, 0x70, 0x1f, 0x1b, 0x6e, 0x50, 0x70, 0x1b, 0x1d, 0x2a, 0x1c, 0x1e, 0x19, 0x1c, 0x11, 0x40, 0x70, 0x15, 0x1a, 0x13, 0x2e, 0x48, 0x40, 0x80, 0x17, 0x14, 0x1c, 0x28, 0x11, 0x18, 0x1a, 0x40, 0x50, 0x25, 0x26, 0x10, 0x17, 0x23, 0x20, 0x14, 0x1a, 0x30, 0x50, 0x25, 0x16, 0x12, 0x10, 0x16, 0x10, 0x12,
0x30, 0x14, 0x1b, 0x20, 0x70, 0x13, 0x20, 0x16, 0x50, 0x13, 0x1a, 0x20, 0xa0, 0x14, 0x50, 0x13, 0x30, 0x80, 0x11, 0x14, 0x13, 0x90, 0xf0, 0x50, 0xf0, 0x50,
// Compressed size: 138 bytes original pixels: 12544 uint16_t → ~25088 bytes uncompressed)

// HAG / Hag Auraflow V0.3 000 S2710279116 Th0.100 20 [Folder: HAG] - RLE compressed data (offset: 20291, size: 201)
0xfe, 0x5e, 0x7e, 0x33, 0xae, 0x7e, 0x26, 0x13, 0x16, 0x9e, 0x6e, 0x1b, 0x1a, 0x1b, 0x15, 0x10, 0x1d, 0x8e, 0x4e, 0x18, 0x11, 0x1d, 0x24, 0x1b, 0x1c, 0x9e, 0x4e, 0x11, 0x16, 0x18, 0x1c, 0x1d, 0x18, 0x1d, 0x9e, 0x4e, 0x10, 0x13, 0x18, 0x1c, 0x2d, 0x18, 0x5e, 0x16, 0x17, 0x2e, 0x4e, 0x1b, 0x1c, 0x18, 0x19, 0x2b, 0xae, 0x3e, 0x10, 0x1e, 0x16, 0x18, 0x1d, 0x12, 0x1d, 0x7e, 0x15, 0x2e, 0x3e, 0x1d, 0x1e, 0x28, 0x8e, 0x17, 0x4e, 0x3e, 0x13, 0x1e, 0x15, 0x1f, 0x1a, 0x3e, 0x13, 0x3e, 0x18, 0x4e, 0x2e, 0x22, 0x18, 0x1a, 0x19, 0x18, 0x15, 0x2e, 0x15, 0x2e, 0x13, 0x1e, 0x17, 0x3e, 0x2e, 0x1b, 0x5e, 0x12, 0x13, 0x1e, 0x16, 0x13, 0x12, 0x1d, 0x17, 0x1b, 0x17, 0x2e, 0x2e, 0x16,
0x1e, 0x1d, 0x18, 0x3e, 0x13, 0x4e, 0x1c, 0x13, 0x17, 0x1f, 0x2e, 0x1e, 0x16, 0x19, 0x1e, 0x1d, 0x18, 0x3e, 0x19, 0x2e, 0x1a, 0x11, 0x23, 0x24, 0x2e, 0x1e, 0x11, 0x10, 0x1e, 0x1c, 0x16, 0x3e, 0x1a, 0x3e, 0x14, 0x21, 0x14, 0x1f, 0x2e, 0x1e, 0x17, 0x2e, 0x13, 0x16, 0x15, 0x31, 0x1a, 0x16, 0x2d, 0x1b, 0x1d, 0x17, 0x1d, 0x2e, 0x1e, 0x18, 0x1e, 0x16, 0x19, 0x22, 0x10, 0x19, 0x1c, 0x12, 0x10, 0x2c, 0x4d, 0x16, 0x1e, 0x1e, 0x2d, 0x1c, 0x22, 0x1a, 0x20, 0x18, 0x15, 0x10, 0x13, 0x19, 0x34, 0x18, 0x1d, 0x1e, 0xae, 0x1d, 0x1a, 0x1d, 0x7e,
// Compressed size: 201 bytes original pixels: 12544 uint16_t → ~25088 bytes uncompressed)

// HARPY / Harpy Auraflow V0.3 000 S3503501111 Th0.100 20 [Folder: HARPY] - RLE compressed data (offset: 20492, size: 192)
0xfe, 0x5e, 0x6e, 0x1a, 0x17, 0x12, 0xbe, 0x4e, 0x14, 0x12, 0x25, 0x1a, 0x10, 0x3e, 0x19, 0x11, 0x19, 0x12, 0x3e, 0x5e, 0x15, 0x17, 0x2f, 0x12, 0x3e, 0x24, 0x1a, 0x1c, 0x13, 0x2e, 0x4e, 0x11, 0x13, 0x1b, 0x17, 0x1f, 0x14, 0x3e, 0x18, 0x1a, 0x19, 0x13, 0x3e, 0x3e, 0x16, 0x13, 0x1b, 0x13, 0x1b, 0x1f, 0x1d, 0x13, 0x2e, 0x12, 0x1a, 0x1c, 0x1a, 0x3e, 0x2e, 0x16, 0x1c, 0x15, 0x23, 0x17, 0x19, 0x1d, 0x11, 0x14, 0x18, 0x17, 0x15, 0x14, 0x17, 0x3e, 0x1e, 0x16, 0x19, 0x1c, 0x15, 0x16, 0x13, 0x16, 0x19, 0x1a, 0x1d, 0x14, 0x19, 0x14, 0x15, 0x1c, 0x15, 0x3e, 0x1e, 0x19, 0x27, 0x16, 0x15, 0x1c, 0x16, 0x1c, 0x1f, 0x1a, 0x13, 0x25, 0x1a, 0x1c, 0x12, 0x3e, 0x1e, 0x17, 0x1e, 0x1c,
0x17, 0x1e, 0x1f, 0x1c, 0x17, 0x1c, 0x1a, 0x16, 0x15, 0x1c, 0x19, 0x15, 0x4e, 0x7e, 0x1c, 0x1e, 0x13, 0x26, 0x17, 0x1c, 0x15, 0x1b, 0x16, 0x3e, 0xae, 0x10, 0x13, 0x17, 0x1c, 0x1b, 0x17, 0x16, 0x3e, 0xae, 0x1d, 0x1c, 0x1b, 0x16, 0x1e, 0x15, 0x4e, 0x9e, 0x11, 0x2c, 0x1a, 0x1b, 0x6e, 0x9e, 0x14, 0x19, 0x17, 0x26, 0x6e, 0xae, 0x1d, 0x1e, 0x1c, 0x7e, 0x7e, 0x15, 0x14, 0x10, 0x2e, 0x11, 0x7e, 0x8e, 0x19, 0x4e, 0x11, 0x6e, 0xae, 0x10, 0x17, 0x15, 0x19, 0x1b, 0x10, 0x4e, 0xfe, 0x5e,
// Compressed size: 192 bytes original pixels: 12544 uint16_t → ~25088 bytes uncompressed)

// HIPPOGRIFF / Hippogriff Auraflow V0.3 000 S246794764 Th0.100 20 [Folder: HIPPOGRIFF] - RLE compressed data (offset: 20684, size: 207)
0xfe, 0x5e, 0x5e, 0x11, 0x1b, 0x11, 0x18, 0x12, 0x18, 0x11, 0x8e, 0x4e, 0x14, 0x18, 0x1c, 0x14, 0x19, 0x1d, 0x25, 0x16, 0x10, 0x1e, 0x11, 0x4e, 0x4e, 0x1a, 0x1d, 0x10, 0x24, 0x2a, 0x1d, 0x1a, 0x1e, 0x13, 0x5e, 0x4e, 0x13, 0x12, 0x18, 0x1a, 0x11, 0x18, 0x1d, 0x15, 0x11, 0x18, 0x14, 0x5e, 0x4e, 0x10, 0x1a, 0x1e, 0x18, 0x12, 0x1a, 0x1e, 0x1b, 0x1c, 0x17, 0x1f, 0x10, 0x4e, 0x4e, 0x1d, 0x1f, 0x1e, 0x14, 0x1a, 0x29, 0x9e, 0x6e, 0x1a, 0x15, 0x16, 0x17, 0x19, 0x15, 0x10, 0x11, 0x6e, 0x6e, 0x1a, 0x1f, 0x16, 0x15, 0x1a, 0x19, 0x20, 0x15, 0x5e, 0x6e, 0x1c, 0x16, 0x11, 0x19, 0x15, 0x16, 0x13, 0x18, 0x25, 0x17, 0x3e, 0x6e, 0x22, 0x27, 0x3a, 0x1f, 0x11, 0x19, 0x1d, 0x1c, 0x2e,
0x7e, 0x1d, 0x17, 0x15, 0x1a, 0x1d, 0x1c, 0x1d, 0x12, 0x16, 0x1d, 0x1b, 0x2e, 0x7e, 0x1c, 0x1e, 0x15, 0x13, 0x1e, 0x17, 0x2d, 0x19, 0x1e, 0x1d, 0x2e, 0x7e, 0x16, 0x1e, 0x1f, 0x3e, 0x1d, 0x1e, 0x19, 0x1e, 0x1f, 0x1d, 0x1e, 0x6e, 0x14, 0x2e, 0x13, 0x3e, 0x1c, 0x1a, 0x10, 0x1b, 0x1e, 0x1d, 0x1e, 0x6e, 0x1a, 0x2e, 0x1b, 0x4e, 0x1d, 0x1e, 0x1c, 0x1e, 0x1b, 0x1e, 0x6e, 0x17, 0x19, 0x1e, 0x17, 0x10, 0x2e, 0x17, 0x2e, 0x1b, 0x3e, 0x6e, 0x1f, 0x2e, 0x1c, 0x1b, 0x2e, 0x1b, 0x2e, 0x1c, 0x10, 0x2e, 0x5e, 0x11, 0x1a, 0x1e, 0x13, 0x1a, 0x2e, 0x1b, 0x2e, 0x16, 0x4e, 0xfe, 0x5e,
// Compressed size: 207 bytes original pixels: 12544 uint16_t → ~25088 bytes uncompressed)

// HOB / Hob Auraflow V0.3 000 S4176648461 Th0.100 20 [Folder: HOB] - RLE compressed data (offset: 20891, size: 150)
0xff, 0x5f, 0xff, 0x5f, 0xaf, 0x16, 0x9f, 0x7f, 0x14, 0x11, 0x14, 0x12, 0x17, 0x11, 0x16, 0x18, 0x5f, 0x5f, 0x17, 0x18, 0x13, 0x17, 0x14, 0x19, 0x17, 0x1b, 0x18, 0x11, 0x12, 0x4f, 0x6f, 0x12, 0x19, 0x14, 0x11, 0x12, 0x19, 0x1b, 0x15, 0x11, 0x13, 0x1f, 0x17, 0x13, 0x1f, 0x6f, 0x13, 0x16, 0x1b, 0x1e, 0x18, 0x14, 0x1c, 0x16, 0x1c, 0x15, 0x4f, 0x6f, 0x17, 0x1b, 0x24, 0x1e, 0x1d, 0x19, 0x26, 0x5f, 0x7f, 0x29, 0x4e, 0x13, 0x6f, 0x8f, 0x17, 0x1e, 0x1b, 0x1e, 0x1d, 0x11, 0x16, 0x5f, 0x8f, 0x19, 0x1e, 0x19, 0x1d, 0x1b, 0x1e, 0x1f, 0x17, 0x4f, 0x8f, 0x19, 0x17, 0x14, 0x18, 0x1d, 0x17, 0x1c, 0x13, 0x4f, 0x8f, 0x1c, 0x36, 0x1c, 0x1a, 0x6f, 0x8f, 0x15, 0x1f, 0x1c, 0x19, 0x1c,
0x15, 0x1f, 0x16, 0x4f, 0xaf, 0x1d, 0x1e, 0x1c, 0x11, 0x6f, 0x7f, 0x16, 0x2f, 0x1b, 0x1f, 0x19, 0x7f, 0x7f, 0x19, 0x2f, 0x17, 0x1f, 0x1e, 0x18, 0x6f, 0x7f, 0x18, 0x5f, 0x18, 0x6f, 0x9f, 0x14, 0x3f, 0x19, 0x6f, 0xdf, 0x14, 0x6f,
// Compressed size: 150 bytes original pixels: 12544 uint16_t → ~25088 bytes uncompressed)

// HOBGOBLIN / Hobgoblin Auraflow V0.3 000 S3804446646 Th0.100 20 [Folder: HOBGOBLIN] - RLE compressed data (offset: 21041, size: 131)
0xf1, 0x51, 0xf1, 0x51, 0xf1, 0x51, 0xf1, 0x51, 0x81, 0x12, 0x1a, 0x25, 0x81, 0x71, 0x14, 0x19, 0x13, 0x17, 0x15, 0x1d, 0x15, 0x61, 0x71, 0x12, 0x13, 0x17, 0x19, 0x14, 0x1b, 0x71, 0x41, 0x12, 0x24, 0x11, 0x12, 0x1f, 0x1c, 0x1e, 0x11, 0x15, 0x61, 0x51, 0x16, 0x21, 0x13, 0x16, 0x2f, 0x18, 0x71, 0x81, 0x18, 0x13, 0x15, 0x1c, 0x18, 0x15, 0x61, 0x61, 0x13, 0x1a, 0x11, 0x2a, 0x1f, 0x1b, 0x18, 0x17, 0x51, 0x51, 0x13, 0x21, 0x16, 0x1b, 0x1c, 0x1e, 0x17, 0x11, 0x15, 0x51, 0x61, 0x1c, 0x11, 0x1c, 0x1b, 0x1d, 0x1c, 0x21, 0x1c, 0x51, 0x81, 0x17, 0x18, 0x1a, 0x1e, 0x1d, 0x17, 0x1f, 0x51, 0x81, 0x1a, 0x2f, 0x11, 0x1e, 0x15, 0x61, 0x81, 0x1a, 0x16, 0x14, 0x21, 0x15, 0x61, 0x81,
0x1a, 0x21, 0x13, 0x11, 0x15, 0x61, 0x71, 0x1a, 0x19, 0x31, 0x16, 0x1b, 0x15, 0x51, 0x61, 0x12, 0xd1, 0xf1, 0x51,
// Compressed size: 131 bytes original pixels: 12544 uint16_t → ~25088 bytes uncompressed)

// HOU / Hou Auraflow V0.3 000 S1267918444 Th0.100 20 [Folder: HOU] - RLE compressed data (offset: 21172, size: 102)
0xfe, 0x5e, 0xfe, 0x5e, 0xfe, 0x5e, 0xfe, 0x5e, 0x9e, 0x10, 0x14, 0x9e, 0x9e, 0x18, 0x14, 0x15, 0x1a, 0x14, 0x6e, 0x8e, 0x19, 0x2d, 0x1b, 0x14, 0x15, 0x6e, 0x8e, 0x15, 0x19, 0x1a, 0x19, 0x13, 0x18, 0x6e, 0x8e, 0x10, 0x1b, 0x1a, 0x1d, 0x1b, 0x7e, 0x8e, 0x16, 0x2e, 0x1c, 0x16, 0x17, 0x6e, 0x7e, 0x13, 0x1a, 0x1e, 0x15, 0x2a, 0x14, 0x6e, 0x9e, 0x12, 0x1e, 0x1b, 0x8e, 0x8e, 0x10, 0xbe, 0x8e, 0x18, 0x2e, 0x10, 0x15, 0x1e, 0x18, 0x5e, 0x9e, 0x19, 0x2e, 0x12, 0x7e, 0x9e, 0x15, 0x2e, 0x1f, 0x1e, 0x19, 0x5e, 0x9e, 0x26, 0x1e, 0x12, 0x7e, 0x7e, 0x13, 0x1b, 0x2e, 0x11, 0x16, 0x19, 0x16, 0x5e, 0xfe, 0x5e, 0xfe, 0x5e,
// Compressed size: 102 bytes original pixels: 12544 uint16_t → ~25088 bytes uncompressed)

// HULDRA / Huldra Auraflow V0.3 000 S1791422807 Th0.100 20 [Folder: HULDRA] - RLE compressed data (offset: 21274, size: 254)
0xdf, 0x11, 0x6f, 0x1f, 0x10, 0x18, 0x11, 0x1c, 0x10, 0x17, 0x1f, 0x10, 0x2f, 0x1d, 0x1b, 0x13, 0x6f, 0x1f, 0x16, 0x1d, 0x1b, 0x1d, 0x19, 0x16, 0x1d, 0x12, 0x11, 0x2f, 0x15, 0x12, 0x20, 0x13, 0x18, 0x2f, 0x1f, 0x11, 0x16, 0x18, 0x1b, 0x12, 0x17, 0x14, 0x17, 0x19, 0x14, 0x16, 0x1f, 0x10, 0x13, 0x11, 0x1b, 0x3f, 0x1f, 0x10, 0x1c, 0x16, 0x1d, 0x16, 0x1d, 0x14, 0x1a, 0x1b, 0x2d, 0x1f, 0x14, 0x2f, 0x17, 0x3f, 0x2f, 0x15, 0x1a, 0x17, 0x1c, 0x16, 0x32, 0x14, 0x1c, 0x1a, 0x2f, 0x17, 0x2f, 0x11, 0x1f, 0x3f, 0x27, 0x18, 0x1a, 0x1e, 0x1b, 0x18, 0x17, 0x1b, 0x14, 0x1b, 0x1d, 0x2f, 0x14, 0x16, 0x1f, 0x3f, 0x18, 0x1f, 0x13, 0x17, 0x1b, 0x18, 0x15, 0x1a, 0x1d, 0x12, 0x2d, 0x17,
0x2b, 0x11, 0x1f, 0x3f, 0x13, 0x2f, 0x18, 0x16, 0x14, 0x1a, 0x13, 0x18, 0x1e, 0x12, 0x1a, 0x19, 0x10, 0x3f, 0x6f, 0x10, 0x2a, 0x16, 0x1a, 0x1d, 0x39, 0x1e, 0x1b, 0x13, 0x10, 0x1f, 0x2f, 0x11, 0x3f, 0x1e, 0x13, 0x19, 0x1b, 0x19, 0x14, 0x12, 0x19, 0x1e, 0x1d, 0x1f, 0x11, 0x2f, 0x6f, 0x1d, 0x12, 0x1a, 0x13, 0x17, 0x19, 0x1e, 0x1b, 0x18, 0x1d, 0x1f, 0x1c, 0x1d, 0x1f, 0x6f, 0x11, 0x1c, 0x19, 0x18, 0x17, 0x19, 0x14, 0x1c, 0x25, 0x2f, 0x1d, 0x1f, 0x2f, 0x10, 0x3f, 0x16, 0x12, 0x1e, 0x18, 0x13, 0x1b, 0x1c, 0x1d, 0x28, 0x17, 0x1f, 0x16, 0x1f, 0x8f, 0x18, 0x13, 0x2f, 0x1c, 0x1d, 0x2f, 0x17, 0x1f, 0x10, 0x1f, 0x8f, 0x1c, 0x15, 0x2f, 0x11, 0x1d, 0x2f, 0x15, 0x3f, 0x7f, 0x17,
0x1f, 0x15, 0x3f, 0x13, 0x2f, 0x17, 0x3f, 0x6f, 0x13, 0x17, 0x1f, 0x17, 0x2f, 0x15, 0x3f, 0x1c, 0x3f, 0x5f, 0x1c, 0x1d, 0x2f, 0x18, 0x1f, 0x1a, 0x1c, 0x3f, 0x1c, 0x3f, 0xff, 0x5f,
// Compressed size: 254 bytes original pixels: 12544 uint16_t → ~25088 bytes uncompressed)

// HUMAN / Human Auraflow V0.3 000 S1399884994 Th0.100 20 [Folder: HUMAN] - RLE compressed data (offset: 21528, size: 224)
0xfe, 0x5e, 0x9e, 0x11, 0x3e, 0x30, 0x4e, 0x5e, 0x31, 0x22, 0x7e, 0x10, 0x2e, 0x3e, 0x11, 0x27, 0x12, 0x1c, 0x17, 0x16, 0x11, 0x1e, 0x20, 0x15, 0x10, 0x4e, 0x3e, 0x1f, 0x19, 0x1d, 0x14, 0x1b, 0x1c, 0x1b, 0x16, 0x1b, 0x19, 0x3e, 0x10, 0x3e, 0x2e, 0x1b, 0x17, 0x12, 0x15, 0x1c, 0x1b, 0x1d, 0x16, 0x14, 0x1d, 0x10, 0x13, 0x6e, 0x2e, 0x16, 0x1c, 0x16, 0x1c, 0x1d, 0x1b, 0x26, 0x29, 0x1f, 0x7e, 0x1e, 0x17, 0x14, 0x15, 0x4d, 0x16, 0x18, 0x15, 0x18, 0x14, 0x13, 0x6e, 0x1e, 0x25, 0x1a, 0x12, 0x17, 0x1d, 0x19, 0x3a, 0x19, 0x24, 0x21, 0x4e, 0x1e, 0x13, 0x1d, 0x13, 0x2e, 0x17, 0x1d, 0x16, 0x1a, 0x1c, 0x18, 0x1a, 0x15, 0x14, 0x5e, 0x2e, 0x13, 0x4e, 0x5d, 0x16, 0x1b, 0x1a, 0x5e,
0x2e, 0x1b, 0x5e, 0x17, 0x2d, 0x1c, 0x14, 0x1d, 0x1b, 0x14, 0x12, 0x3e, 0x2e, 0x1d, 0x3e, 0x14, 0x1b, 0x16, 0x1d, 0x1a, 0x1b, 0x16, 0x1f, 0x1a, 0x17, 0x14, 0x11, 0x2e, 0x2e, 0x17, 0x2e, 0x25, 0x1b, 0x2c, 0x1a, 0x17, 0x15, 0x14, 0x1e, 0x17, 0x1c, 0x3e, 0x2e, 0x12, 0x1e, 0x10, 0x17, 0x15, 0x12, 0x13, 0x1e, 0x16, 0x10, 0x1e, 0x1d, 0x27, 0x1b, 0x12, 0x10, 0x1e, 0x6e, 0x10, 0x1e, 0x12, 0x2e, 0x1a, 0x10, 0x2e, 0x16, 0x1a, 0x1d, 0x2e, 0x6e, 0x13, 0x17, 0x3e, 0x16, 0x4e, 0x1a, 0x1e, 0x15, 0x1e, 0x2e, 0x11, 0x5e, 0x17, 0x2e, 0x17, 0x3e, 0x1a, 0x2e, 0x19, 0x1e, 0x3e, 0x12, 0x16, 0x1a, 0x14, 0x16, 0x4e, 0x11, 0x2a, 0x1c, 0x1e, 0x1d, 0x1f, 0x1e, 0x5e, 0x1d, 0x1e, 0x13, 0xce,
// Compressed size: 224 bytes original pixels: 12544 uint16_t → ~25088 bytes uncompressed)

// ILLITHID / Illithid Auraflow V0.3 000 S4065597520 Th0.100 20 [Folder: ILLITHID] - RLE compressed data (offset: 21752, size: 162)
0xfe, 0x5e, 0x8e, 0x20, 0x11, 0x20, 0x7e, 0x7e, 0x20, 0x11, 0x10, 0x14, 0x15, 0x7e, 0x7e, 0x17, 0x11, 0x18, 0x24, 0x27, 0x10, 0x5e, 0x7e, 0x18, 0x14, 0x15, 0x2d, 0x12, 0x11, 0x1e, 0x14, 0x4e, 0x6e, 0x11, 0x27, 0x1b, 0x15, 0x1b, 0x1c, 0x1e, 0x24, 0x4e, 0x7e, 0x2c, 0x1f, 0x18, 0x15, 0x2e, 0x1b, 0x15, 0x4e, 0x5e, 0x11, 0x12, 0x1c, 0x1f, 0x1d, 0x14, 0x28, 0x11, 0x6e, 0x7e, 0x16, 0x18, 0x1d, 0x17, 0x1c, 0x17, 0x7e, 0x6e, 0x13, 0x15, 0x16, 0x1c, 0x17, 0x1b, 0x26, 0x6e, 0x6e, 0x16, 0x1c, 0x1b, 0x12, 0x15, 0x1f, 0x19, 0x7e, 0x5e, 0x13, 0x1a, 0x1c, 0x11, 0x17, 0x2d, 0x19, 0x13, 0x6e, 0x5e, 0x19, 0x1e, 0x14, 0x1c, 0x1b, 0x1c, 0x2a, 0x13, 0x6e, 0x6e, 0x25, 0x1d, 0x19, 0x1c,
0x2e, 0x19, 0x6e, 0x5e, 0x11, 0x1a, 0x17, 0x2a, 0x11, 0x2e, 0x19, 0x6e, 0x6e, 0x19, 0x18, 0x1a, 0x29, 0x2e, 0x19, 0x6e, 0x5e, 0x13, 0x1e, 0x15, 0x1a, 0x12, 0x16, 0x2e, 0x16, 0x6e, 0x6e, 0x19, 0x16, 0x13, 0x1e, 0x16, 0x2e, 0x15, 0x11, 0x5e, 0x7e, 0x16, 0x11, 0x1e, 0x16, 0x2e, 0x16, 0x6e, 0xfe, 0x5e,
// Compressed size: 162 bytes original pixels: 12544 uint16_t → ~25088 bytes uncompressed)

// IMP / Imp Auraflow V0.3 000 S4288746797 Th0.100 20 [Folder: IMP] - RLE compressed data (offset: 21914, size: 188)
0xf0, 0x50, 0xf0, 0x50, 0x70, 0x12, 0x1f, 0x12, 0xa0, 0x70, 0x19, 0x18, 0x14, 0x11, 0x16, 0x13, 0x2a, 0x10, 0x25, 0x20, 0x60, 0x14, 0x17, 0x15, 0x16, 0x1f, 0x11, 0x22, 0x15, 0x14, 0x20, 0x16, 0x10, 0x50, 0x14, 0x26, 0x15, 0x17, 0x12, 0x25, 0x11, 0x19, 0x13, 0x10, 0x1a, 0x20, 0x40, 0x17, 0x1b, 0x1c, 0x17, 0x15, 0x1e, 0x1c, 0x11, 0x22, 0x14, 0x19, 0x40, 0x30, 0x29, 0x2f, 0x2c, 0x27, 0x11, 0x12, 0x1e, 0x17, 0x16, 0x40, 0x30, 0x18, 0x17, 0x2f, 0x1e, 0x1c, 0x27, 0x1e, 0x1f, 0x19, 0x1e, 0x17, 0x40, 0x30, 0x1f, 0x14, 0x2a, 0x1d, 0x1a, 0x18, 0x1a, 0x18, 0x10, 0x1a, 0x15, 0x1d, 0x40, 0x30, 0x13, 0x16, 0x12, 0x1e, 0x1f, 0x1a, 0x18, 0x40, 0x17, 0x50, 0x30, 0x15, 0x1f, 0x1e,
0x13, 0x19, 0x1d, 0x1f, 0x1e, 0x30, 0x1b, 0x19, 0x40, 0x30, 0x2e, 0x14, 0x13, 0x1f, 0x1d, 0x19, 0x14, 0x18, 0x20, 0x15, 0x14, 0x1d, 0x30, 0x30, 0x2c, 0x10, 0x1a, 0x1e, 0x10, 0x1d, 0x26, 0x10, 0x1e, 0x16, 0x15, 0x1d, 0x30, 0x40, 0x1a, 0x20, 0x3f, 0x1a, 0x18, 0x40, 0x14, 0x30, 0x40, 0x26, 0x20, 0x1d, 0x20, 0x16, 0x22, 0x20, 0x12, 0x30, 0x40, 0x1f, 0x19, 0x12, 0x70, 0x16, 0x10, 0x18, 0x2d, 0x10, 0x60, 0x16, 0x13, 0xa0, 0x19, 0x10, 0xf0, 0x50, 0xf0, 0x50,
// Compressed size: 188 bytes original pixels: 12544 uint16_t → ~25088 bytes uncompressed)

// IMPUNDULU / Impundulu Auraflow V0.3 000 S1640010406 Th0.100 20 [Folder: IMPUNDULU] - RLE compressed data (offset: 22102, size: 176)
0xfe, 0x5e, 0xfe, 0x5e, 0xfe, 0x5e, 0x7e, 0x11, 0xce, 0x4e, 0x16, 0x14, 0x1a, 0x6e, 0x13, 0x18, 0x13, 0x4e, 0x4e, 0x28, 0x16, 0x2e, 0x13, 0x11, 0x2e, 0x12, 0x24, 0x1a, 0x3e, 0x3e, 0x12, 0x19, 0x15, 0x16, 0x2e, 0x17, 0x11, 0x16, 0x25, 0x1c, 0x11, 0x14, 0x17, 0x2e, 0x3e, 0x16, 0x1c, 0x1b, 0x16, 0x1a, 0x2c, 0x1b, 0x16, 0x1d, 0x1a, 0x12, 0x13, 0x24, 0x2e, 0x2e, 0x29, 0x15, 0x1c, 0x1b, 0x11, 0x2c, 0x1d, 0x1c, 0x1d, 0x13, 0x19, 0x1a, 0x14, 0x15, 0x2e, 0x2e, 0x14, 0x12, 0x19, 0x1d, 0x1a, 0x1f, 0x1e, 0x1b, 0x1c, 0x1d, 0x1b, 0x1d, 0x25, 0x1c, 0x15, 0x2e, 0x2e, 0x1a, 0x1b, 0x14, 0x15, 0x1e, 0x19, 0x1e, 0x15, 0x1d, 0x1c, 0x12, 0x25, 0x18, 0x1c, 0x18, 0x2e, 0x2e, 0x2c, 0x4e,
0x11, 0x1a, 0x1d, 0x1a, 0x13, 0x1e, 0x10, 0x1d, 0x19, 0x1c, 0x2e, 0x1e, 0x23, 0x4e, 0x16, 0x2b, 0x2d, 0x17, 0x4e, 0x2a, 0x1e, 0x8e, 0x11, 0x1b, 0x1a, 0x1b, 0x11, 0x5e, 0x13, 0x1e, 0x3e, 0x10, 0x4e, 0x17, 0x1c, 0x1e, 0x1b, 0x4e, 0x11, 0x1e, 0x10, 0x1e, 0x7e, 0x13, 0x16, 0x11, 0x1e, 0x1b, 0x8e, 0x8e, 0x1c, 0x2e, 0x13, 0x8e, 0x7e, 0x11, 0x26, 0x17, 0x13, 0x8e, 0xfe, 0x5e, 0xfe, 0x5e,
// Compressed size: 176 bytes original pixels: 12544 uint16_t → ~25088 bytes uncompressed)

// JACKAL / Jackal Auraflow V0.3 000 S2438840693 Th0.100 20 [Folder: JACKAL] - RLE compressed data (offset: 22278, size: 209)
0xff, 0x5f, 0xff, 0x5f, 0xaf, 0x16, 0x12, 0x8f, 0x6f, 0x18, 0x15, 0x14, 0x13, 0x12, 0x15, 0x11, 0x7f, 0x5f, 0x13, 0x28, 0x13, 0x15, 0x12, 0x11, 0x22, 0x13, 0x5f, 0x2f, 0x14, 0x17, 0x1b, 0x12, 0x1a, 0x1e, 0x13, 0x15, 0x2c, 0x24, 0x22, 0x4f, 0x2f, 0x24, 0x1a, 0x14, 0x17, 0x1d, 0x18, 0x1e, 0x1d, 0x14, 0x11, 0x12, 0x17, 0x14, 0x4f, 0x1f, 0x15, 0x12, 0x1a, 0x14, 0x13, 0x17, 0x14, 0x18, 0x1e, 0x1d, 0x1a, 0x15, 0x19, 0x1d, 0x1b, 0x12, 0x3f, 0x1f, 0x28, 0x17, 0x2e, 0x1a, 0x1d, 0x1c, 0x1d, 0x1c, 0x1d, 0x14, 0x16, 0x1d, 0x1a, 0x12, 0x3f, 0x2f, 0x1c, 0x17, 0x13, 0x1e, 0x1d, 0x3e, 0x18, 0x1e, 0x1a, 0x17, 0x19, 0x1b, 0x15, 0x13, 0x1f, 0x12, 0x2f, 0x14, 0x18, 0x15, 0x1d, 0x14,
0x1e, 0x1d, 0x1c, 0x1e, 0x2d, 0x14, 0x1c, 0x1b, 0x1c, 0x18, 0x1f, 0x13, 0x3f, 0x2c, 0x1f, 0x16, 0x1e, 0x1d, 0x15, 0x2b, 0x1e, 0x1a, 0x15, 0x1b, 0x1e, 0x12, 0x16, 0x1f, 0x6f, 0x16, 0x1d, 0x1b, 0x1f, 0x15, 0x1d, 0x1c, 0x1b, 0x1f, 0x19, 0x1a, 0x15, 0x13, 0x1f, 0x7f, 0x1d, 0x16, 0x2f, 0x19, 0x1c, 0x1a, 0x15, 0x1f, 0x16, 0x13, 0x2f, 0x7f, 0x19, 0x4f, 0x1a, 0x19, 0x25, 0x18, 0x16, 0x2f, 0x7f, 0x19, 0x3f, 0x18, 0x1a, 0x17, 0x13, 0x1f, 0x25, 0x2f, 0x6f, 0x17, 0x18, 0x3f, 0x18, 0x14, 0x16, 0x2f, 0x12, 0x14, 0x2f, 0x5f, 0x17, 0x14, 0x3f, 0x29, 0x1c, 0x15, 0x6f, 0xff, 0x5f, 0xff, 0x5f,
// Compressed size: 209 bytes original pixels: 12544 uint16_t → ~25088 bytes uncompressed)

// JACKALOPE / Jackalope Auraflow V0.3 000 S659929946 Th0.100 20 [Folder: JACKALOPE] - RLE compressed data (offset: 22487, size: 157)
0xfe, 0x5e, 0x5e, 0x17, 0xee, 0x3e, 0x10, 0x14, 0xfe, 0x3e, 0x11, 0x3e, 0x15, 0x4e, 0x11, 0x3e, 0x18, 0x19, 0x2e, 0x1e, 0x16, 0x1e, 0x13, 0x3e, 0x1f, 0x4e, 0x10, 0x11, 0x1b, 0x19, 0x4e, 0x2e, 0x18, 0x1d, 0x3e, 0x1b, 0x3e, 0x14, 0x19, 0x1a, 0x15, 0x5e, 0x4e, 0x12, 0x1a, 0x1e, 0x17, 0x10, 0x13, 0x16, 0x9e, 0x4e, 0x13, 0x21, 0x1d, 0x1b, 0xbe, 0x4e, 0x11, 0x14, 0x13, 0x1b, 0x15, 0x23, 0x10, 0x8e, 0x3e, 0x19, 0x11, 0x19, 0x25, 0x1f, 0x18, 0x14, 0x32, 0x6e, 0x1e, 0x15, 0x1e, 0x16, 0x18, 0x2c, 0x18, 0x17, 0x13, 0x1a, 0x18, 0x12, 0x24, 0x5e, 0x5e, 0x15, 0x1c, 0x1d, 0x16, 0x12, 0x16, 0x10, 0x28, 0x11, 0x18, 0x4e, 0x5e, 0x17, 0x2d, 0x19, 0x17, 0x1c, 0x16, 0x1d, 0x1c, 0x1a,
0x19, 0x15, 0x3e, 0x6e, 0x16, 0x2c, 0x1a, 0x19, 0x16, 0x1a, 0x1d, 0x1b, 0x1d, 0x4e, 0x7e, 0x1c, 0x19, 0x1b, 0x18, 0x19, 0x1a, 0x2c, 0x5e, 0x7e, 0x1b, 0x12, 0x18, 0x1b, 0x1c, 0x13, 0x17, 0x16, 0x5e, 0x7e, 0x15, 0x1b, 0x3e, 0x1a, 0x7e, 0xfe, 0x5e, 0xfe, 0x5e, 0xfe, 0x5e,
// Compressed size: 157 bytes original pixels: 12544 uint16_t → ~25088 bytes uncompressed)

// JINN / Jinn Auraflow V0.3 000 S389394992 Th0.100 20 [Folder: JINN] - RLE compressed data (offset: 22644, size: 239)
0x6f, 0x16, 0x11, 0xcf, 0x3f, 0x21, 0x16, 0x18, 0x13, 0x14, 0x16, 0x24, 0x13, 0x7f, 0x1f, 0x11, 0x1f, 0x13, 0x14, 0x16, 0x5b, 0x28, 0x14, 0x6f, 0x1f, 0x10, 0x13, 0x14, 0x16, 0x13, 0x14, 0x18, 0x1b, 0x1c, 0x1d, 0x1e, 0x1d, 0x17, 0x2f, 0x12, 0x3f, 0x1f, 0x10, 0x1f, 0x11, 0x1f, 0x11, 0x18, 0x1b, 0x3d, 0x2e, 0x1a, 0x15, 0x1f, 0x15, 0x3f, 0x5f, 0x13, 0x14, 0x18, 0x1c, 0x2d, 0x1e, 0x1a, 0x1e, 0x15, 0x1f, 0x15, 0x12, 0x2f, 0x4f, 0x11, 0x2f, 0x16, 0x1b, 0x2e, 0x1a, 0x1e, 0x29, 0x1f, 0x25, 0x2f, 0x2f, 0x10, 0x1f, 0x10, 0x14, 0x16, 0x18, 0x1a, 0x2d, 0x1e, 0x29, 0x1f, 0x35, 0x2f, 0x3f, 0x14, 0x1f, 0x14, 0x18, 0x1c, 0x1d, 0x1e, 0x1a, 0x1e, 0x19, 0x2f, 0x15, 0x12, 0x15, 0x2f,
0x2f, 0x21, 0x14, 0x13, 0x18, 0x1c, 0x1d, 0x1a, 0x19, 0x1d, 0x15, 0x2f, 0x10, 0x1e, 0x19, 0x2f, 0x4f, 0x13, 0x18, 0x1b, 0x3e, 0x1a, 0x29, 0x3f, 0x2e, 0x2f, 0x3f, 0x16, 0x23, 0x18, 0x1d, 0x2e, 0x49, 0x1f, 0x1c, 0x1e, 0x3f, 0x3f, 0x16, 0x14, 0x18, 0x1b, 0x1c, 0x1d, 0x1e, 0x2d, 0x1e, 0x19, 0x1a, 0x1f, 0x1e, 0x3f, 0x2f, 0x26, 0x28, 0x16, 0x1b, 0x1c, 0x1d, 0x1c, 0x3d, 0x1b, 0x5f, 0x1f, 0x10, 0x16, 0x18, 0x16, 0x24, 0x1b, 0x1c, 0x1e, 0x3d, 0x17, 0x10, 0x5f, 0x2f, 0x14, 0x18, 0x16, 0x24, 0x28, 0x1b, 0x3d, 0x11, 0x6f, 0x1f, 0x13, 0x1f, 0x18, 0x11, 0x1f, 0x13, 0x26, 0x1b, 0x1c, 0x1b, 0x14, 0x7f, 0x2f, 0x11, 0x18, 0x24, 0x16, 0x1b, 0x12, 0x2c, 0x13, 0x10, 0x7f, 0x2f, 0x10,
0x14, 0x1b, 0x18, 0x1b, 0x17, 0x1b, 0x18, 0x13, 0x11, 0x8f, 0x4f, 0x11, 0x14, 0x13, 0xdf,
// Compressed size: 239 bytes original pixels: 12544 uint16_t → ~25088 bytes uncompressed)

// JORMUNGAND / Jormungand Auraflow V0.3 000 S3254405994 Th0.100 20 [Folder: JORMUNGAND] - RLE compressed data (offset: 22883, size: 232)
0xfe, 0x5e, 0x8e, 0x11, 0x10, 0x11, 0x9e, 0x6e, 0x10, 0x1b, 0x16, 0x11, 0x10, 0x11, 0x10, 0x11, 0x10, 0x5e, 0x6e, 0x15, 0x1d, 0x1a, 0x1c, 0x13, 0x1a, 0x1c, 0x17, 0x13, 0x11, 0x4e, 0x5e, 0x2c, 0x18, 0x1d, 0x1e, 0x2d, 0x1f, 0x18, 0x1a, 0x1d, 0x1f, 0x3e, 0x4e, 0x14, 0x13, 0x1a, 0x18, 0x3e, 0x15, 0x14, 0x17, 0x6e, 0x3e, 0x1d, 0x19, 0x1c, 0x12, 0x17, 0x1a, 0x4e, 0x12, 0x1c, 0x5e, 0x2e, 0x11, 0x2e, 0x2a, 0x12, 0x17, 0x16, 0xae, 0x3e, 0x1a, 0x1e, 0x1c, 0x18, 0x12, 0x11, 0x19, 0x16, 0x9e, 0x3e, 0x28, 0x11, 0x1b, 0x18, 0x29, 0x16, 0x11, 0x10, 0x13, 0x10, 0x21, 0x3e, 0x4e, 0x1d, 0x1c, 0x1b, 0x15, 0x1d, 0x18, 0x16, 0x13, 0x16, 0x19, 0x1b, 0x16, 0x1b, 0x16, 0x2e, 0x2e, 0x12,
0x23, 0x10, 0x1b, 0x1a, 0x1e, 0x1d, 0x1a, 0x19, 0x13, 0x1d, 0x18, 0x1a, 0x16, 0x12, 0x1b, 0x1e, 0x1e, 0x23, 0x15, 0x18, 0x1c, 0x13, 0x3e, 0x1d, 0x15, 0x11, 0x2e, 0x1d, 0x12, 0x11, 0x13, 0x1e, 0x1e, 0x19, 0x18, 0x2e, 0x17, 0x1a, 0x10, 0x2e, 0x1c, 0x12, 0x16, 0x2e, 0x1a, 0x19, 0x11, 0x16, 0x1e, 0x1e, 0x15, 0x1c, 0x12, 0x2e, 0x18, 0x1d, 0x14, 0x20, 0x1b, 0x1d, 0x2e, 0x16, 0x10, 0x19, 0x12, 0x1e, 0x1e, 0x1a, 0x1c, 0x16, 0x10, 0x13, 0x1e, 0x1b, 0x1d, 0x2c, 0x2d, 0x16, 0x21, 0x13, 0x1c, 0x2e, 0x2e, 0x1c, 0x1a, 0x1b, 0x16, 0x18, 0x13, 0x41, 0x10, 0x11, 0x13, 0x16, 0x1a, 0x17, 0x2e, 0x3e, 0x1c, 0x1d, 0x1b, 0x66, 0x1d, 0x16, 0x19, 0x17, 0x1a, 0x3e, 0x5e, 0x18, 0x1a, 0x18,
0x19, 0x18, 0x1a, 0x38, 0x1a, 0x5e, 0xfe, 0x5e,
// Compressed size: 232 bytes original pixels: 12544 uint16_t → ~25088 bytes uncompressed)

// JOTUN / Jotun Auraflow V0.3 000 S2456193996 Th0.100 20 [Folder: JOTUN] - RLE compressed data (offset: 23115, size: 187)
0xff, 0x5f, 0x6f, 0x12, 0x1f, 0x10, 0x19, 0x10, 0x1b, 0x8f, 0x6f, 0x20, 0x21, 0x13, 0x10, 0x16, 0x7f, 0x6f, 0x13, 0x16, 0x12, 0x14, 0x1a, 0x12, 0x10, 0x17, 0x6f, 0x7f, 0x1d, 0x1e, 0x16, 0x1d, 0x19, 0x13, 0x10, 0x6f, 0x4f, 0x1d, 0x1f, 0x1a, 0x14, 0x16, 0x12, 0x1e, 0x16, 0x18, 0x11, 0x6f, 0x7f, 0x19, 0x16, 0x12, 0x1a, 0x1d, 0x1c, 0x15, 0x10, 0x5f, 0x6f, 0x14, 0x1a, 0x19, 0x1b, 0x1d, 0x19, 0x1f, 0x18, 0x16, 0x5f, 0x6f, 0x1a, 0x13, 0x18, 0x1a, 0x1e, 0x1a, 0x1f, 0x24, 0x5f, 0x5f, 0x1a, 0x2f, 0x1d, 0x1a, 0x18, 0x17, 0x2f, 0x1d, 0x2b, 0x3f, 0x3f, 0x18, 0x19, 0x1d, 0x1f, 0x13, 0x14, 0x1b, 0x18, 0x1a, 0x11, 0x1f, 0x1e, 0x1c, 0x4f, 0x3f, 0x1a, 0x1c, 0x1d, 0x15, 0x1d, 0x16,
0x2d, 0x1e, 0x15, 0x1c, 0x14, 0x19, 0x4f, 0x3f, 0x1c, 0x3f, 0x2c, 0x15, 0x1c, 0x17, 0x1c, 0x12, 0x1a, 0x13, 0x4f, 0x6f, 0x15, 0x1a, 0x13, 0x15, 0x13, 0x17, 0x19, 0x10, 0x6f, 0x6f, 0x18, 0x15, 0x1a, 0x1f, 0x13, 0x1a, 0x1d, 0x12, 0x6f, 0x6f, 0x17, 0x1b, 0x13, 0x1f, 0x19, 0x1f, 0x19, 0x12, 0x1f, 0x17, 0x4f, 0x6f, 0x16, 0x14, 0x4f, 0x17, 0x18, 0x6f, 0x6f, 0x24, 0x4f, 0x19, 0x16, 0x12, 0x5f, 0x7f, 0x12, 0x4f, 0x12, 0x16, 0x18, 0x14, 0x4f, 0xff, 0x5f,
// Compressed size: 187 bytes original pixels: 12544 uint16_t → ~25088 bytes uncompressed)

// JUMBIE / Jumbie Auraflow V0.3 000 S76884883 Th0.100 20 [Folder: JUMBIE] - RLE compressed data (offset: 23302, size: 153)
0xf1, 0x51, 0x11, 0x1b, 0x81, 0x17, 0x91, 0x41, 0x17, 0x71, 0x1f, 0x71, 0x41, 0x17, 0x18, 0x11, 0x17, 0x15, 0x12, 0x15, 0x12, 0x16, 0x14, 0x61, 0x61, 0x17, 0x1d, 0x19, 0x15, 0x1e, 0x17, 0x15, 0x13, 0x12, 0x13, 0x41, 0x51, 0x17, 0x15, 0x17, 0x15, 0x1d, 0x19, 0x15, 0x1e, 0x19, 0x18, 0x23, 0x31, 0x51, 0x1b, 0x17, 0x15, 0x1c, 0x1d, 0x1f, 0x1d, 0x17, 0x15, 0x14, 0x12, 0x1a, 0x14, 0x21, 0x41, 0x15, 0x19, 0x21, 0x1c, 0x3f, 0x18, 0x14, 0x13, 0x1f, 0x19, 0x1e, 0x21, 0x31, 0x17, 0x1c, 0x31, 0x2d, 0x2c, 0x2f, 0x12, 0x1b, 0x14, 0x1d, 0x21, 0x11, 0x2b, 0x11, 0x1e, 0x31, 0x5d, 0x17, 0x1e, 0x1d, 0x1e, 0x1a, 0x21, 0x21, 0x1d, 0x11, 0x17, 0x31, 0x3d, 0x1b, 0x1c, 0x15, 0x1f, 0x14,
0x11, 0x12, 0x21, 0x11, 0x1e, 0x81, 0x18, 0x19, 0x11, 0x15, 0x2d, 0x41, 0x21, 0x2b, 0x1d, 0x41, 0x2d, 0x21, 0x12, 0x2f, 0x41, 0x31, 0x17, 0xa1, 0x13, 0x17, 0x41, 0x11, 0x18, 0xf1, 0x31, 0xf1, 0x51, 0xf1, 0x51, 0xf1, 0x51, 0xf1, 0x51, 0xf1, 0x51,
// Compressed size: 153 bytes original pixels: 12544 uint16_t → ~25088 bytes uncompressed)

// KAPPA / Kappa Auraflow V0.3 000 S1206390209 Th0.100 20 [Folder: KAPPA] - RLE compressed data (offset: 23455, size: 192)
0xfe, 0x5e, 0xfe, 0x5e, 0x7e, 0x10, 0x12, 0x30, 0x8e, 0x4e, 0x11, 0x10, 0x13, 0x10, 0x1a, 0x11, 0x20, 0x12, 0x7e, 0x3e, 0x1d, 0x11, 0x1a, 0x17, 0x1f, 0x20, 0x12, 0x14, 0x10, 0x17, 0x6e, 0x3e, 0x1c, 0x1a, 0x13, 0x12, 0x1a, 0x1d, 0x16, 0x10, 0x11, 0x18, 0x22, 0x5e, 0x3e, 0x25, 0x17, 0x14, 0x16, 0x2d, 0x18, 0x21, 0x16, 0x14, 0x12, 0x4e, 0x5e, 0x16, 0x1d, 0x16, 0x18, 0x1c, 0x1d, 0x1b, 0x1d, 0x11, 0x18, 0x15, 0x4e, 0x5e, 0x17, 0x2d, 0x16, 0x14, 0x1d, 0x29, 0x18, 0x12, 0x15, 0x4e, 0x6e, 0x1c, 0x16, 0x1d, 0x1a, 0x17, 0x1c, 0x1a, 0x1d, 0x1b, 0x11, 0x16, 0x3e, 0x6e, 0x1c, 0x27, 0x18, 0x12, 0x13, 0x18, 0x15, 0x1c, 0x18, 0x15, 0x3e, 0x3e, 0x11, 0x14, 0x12, 0x1c, 0x17, 0x16,
0x17, 0x15, 0x17, 0x1b, 0x26, 0x1d, 0x19, 0x3e, 0x3e, 0x1a, 0x15, 0x17, 0x26, 0x17, 0x18, 0x17, 0x15, 0x16, 0x1d, 0x14, 0x1b, 0x17, 0x11, 0x2e, 0x2e, 0x18, 0x1b, 0x13, 0x3e, 0x16, 0x15, 0x19, 0x1a, 0x2d, 0x19, 0x14, 0x1c, 0x1a, 0x16, 0x1e, 0x8e, 0x17, 0x16, 0x19, 0x2c, 0x1a, 0x16, 0x15, 0x4e, 0x8e, 0x16, 0x1b, 0x1a, 0x18, 0x1b, 0x1c, 0x1b, 0x19, 0x4e, 0x9e, 0x1a, 0x2e, 0x18, 0x1e, 0x13, 0x19, 0x17, 0x3e, 0x9e, 0x26, 0x1e, 0x13, 0x2e, 0x16, 0x11, 0x3e, 0xfe, 0x5e, 0xfe, 0x5e,
// Compressed size: 192 bytes original pixels: 12544 uint16_t → ~25088 bytes uncompressed)

// KELPIE / Kelpie Auraflow V0.3 000 S1836060116 Th0.100 20 [Folder: KELPIE] - RLE compressed data (offset: 23647, size: 130)
0xfe, 0x5e, 0xfe, 0x5e, 0xfe, 0x5e, 0x9e, 0x10, 0x1e, 0x14, 0x11, 0x16, 0x6e, 0x5e, 0x10, 0x13, 0x10, 0x16, 0x1b, 0x1c, 0x1a, 0x12, 0x17, 0x1a, 0x1e, 0x1d, 0x3e, 0x4e, 0x10, 0x1e, 0x10, 0x12, 0x19, 0x1b, 0x11, 0x15, 0x2c, 0x14, 0x19, 0x4e, 0x5e, 0x12, 0x16, 0x1f, 0x1a, 0x14, 0x2d, 0x16, 0x1a, 0x1c, 0x13, 0x4e, 0x5e, 0x14, 0x1d, 0x1c, 0x19, 0x2d, 0x1b, 0x16, 0x14, 0x1b, 0x18, 0x4e, 0x4e, 0x14, 0x11, 0x1a, 0x2b, 0x1a, 0x19, 0x16, 0x17, 0x19, 0x14, 0x18, 0x4e, 0x5e, 0x14, 0x15, 0x18, 0x19, 0x1b, 0x1a, 0x1e, 0x2b, 0x2c, 0x17, 0x3e, 0x5e, 0x12, 0x14, 0x27, 0x1c, 0x4e, 0x1d, 0x1a, 0x15, 0x3e, 0x7e, 0x18, 0x11, 0x17, 0x5e, 0x31, 0x2e, 0x7e, 0x14, 0x18, 0x6e, 0x1f, 0x1c,
0x3e, 0x7e, 0x17, 0x11, 0xbe, 0x8e, 0x14, 0xbe, 0xfe, 0x5e, 0xfe, 0x5e, 0xfe, 0x5e, 0xfe, 0x5e, 0xfe, 0x5e,
// Compressed size: 130 bytes original pixels: 12544 uint16_t → ~25088 bytes uncompressed)

// KIRIN / Kirin Auraflow V0.3 000 S2007721137 Th0.100 20 [Folder: KIRIN] - RLE compressed data (offset: 23777, size: 134)
0xfe, 0x5e, 0xfe, 0x5e, 0x6e, 0x10, 0x3e, 0x12, 0x9e, 0x3e, 0x12, 0x1e, 0x13, 0x28, 0x15, 0x11, 0xae, 0x4e, 0x19, 0x18, 0x11, 0x1a, 0x18, 0x1e, 0x12, 0x24, 0x7e, 0x4e, 0x16, 0x1a, 0x1c, 0x18, 0x1c, 0x15, 0x13, 0x12, 0x8e, 0x4e, 0x1d, 0x1e, 0x1d, 0x13, 0x1a, 0x16, 0x11, 0x9e, 0x6e, 0x1d, 0x1a, 0x14, 0x19, 0x16, 0x12, 0x14, 0x7e, 0x6e, 0x1d, 0x34, 0x1a, 0x15, 0x17, 0x7e, 0x6e, 0x1a, 0x1d, 0x1c, 0x1d, 0x2f, 0x1c, 0x2a, 0x19, 0x13, 0x3e, 0x7e, 0x3d, 0x1c, 0x1f, 0x1c, 0x1b, 0x1a, 0x18, 0x14, 0x3e, 0x7e, 0x1c, 0x3e, 0x1d, 0x1c, 0x1e, 0x17, 0x1a, 0x18, 0x14, 0x15, 0x1e, 0x7e, 0x1b, 0x5e, 0x1b, 0x1e, 0x18, 0x19, 0x14, 0x16, 0x1e, 0xde, 0x1b, 0x2e, 0x19, 0x17, 0x16, 0x1e,
0x7e, 0x14, 0x3e, 0x19, 0x4e, 0x15, 0x16, 0x1e, 0x14, 0xde, 0x1b, 0x3e, 0x14, 0x2e, 0xfe, 0x5e, 0xfe, 0x5e, 0xfe, 0x5e, 0xfe, 0x5e,
// Compressed size: 134 bytes original pixels: 12544 uint16_t → ~25088 bytes uncompressed)

// KITSUNE / Kitsune Auraflow V0.3 000 S482689558 Th0.100 20 [Folder: KITSUNE] - RLE compressed data (offset: 23911, size: 225)
0xfe, 0x5e, 0x5e, 0x10, 0x16, 0x14, 0x6e, 0x1d, 0x5e, 0x5e, 0x11, 0x16, 0x15, 0x11, 0x3e, 0x15, 0x28, 0x5e, 0x4e, 0x10, 0x1e, 0x19, 0x1a, 0x18, 0x12, 0x1e, 0x10, 0x1b, 0x1a, 0x15, 0x5e, 0x4e, 0x10, 0x1d, 0x1f, 0x1a, 0x28, 0x22, 0x1f, 0x1b, 0x1a, 0x5e, 0x4e, 0x17, 0x1c, 0x1b, 0x19, 0x1b, 0x15, 0x14, 0x19, 0x1a, 0x15, 0x6e, 0x3e, 0x1a, 0x2b, 0x19, 0x13, 0x1e, 0x1a, 0x15, 0x2a, 0x10, 0x6e, 0x2e, 0x27, 0x19, 0x14, 0x12, 0x1e, 0x1a, 0x10, 0x18, 0x14, 0x1c, 0x12, 0x2e, 0x10, 0x12, 0x2e, 0x2e, 0x1b, 0x10, 0x15, 0x10, 0x1e, 0x11, 0x1b, 0x12, 0x25, 0x16, 0x3e, 0x10, 0x3e, 0x1e, 0x17, 0x1e, 0x17, 0x4e, 0x16, 0x14, 0x15, 0x1b, 0x12, 0x3e, 0x14, 0x3e, 0x1e, 0x17, 0x16, 0x4e,
0x11, 0x14, 0x19, 0x1b, 0x1c, 0x1d, 0x19, 0x2e, 0x16, 0x3e, 0x1e, 0x16, 0x4e, 0x13, 0x28, 0x17, 0x1b, 0x19, 0x15, 0x1a, 0x1e, 0x21, 0x12, 0x2e, 0x1e, 0x1a, 0x13, 0x3e, 0x2b, 0x3d, 0x15, 0x11, 0x3e, 0x11, 0x17, 0x2e, 0x2e, 0x12, 0x3e, 0x17, 0x1a, 0x3d, 0x18, 0x11, 0x13, 0x2e, 0x12, 0x1a, 0x16, 0x1e, 0x3e, 0x30, 0x17, 0x1e, 0x1d, 0x1e, 0x1d, 0x24, 0x1d, 0x2e, 0x12, 0x29, 0x1e, 0x5e, 0x1a, 0x4e, 0x1a, 0x18, 0x10, 0x16, 0x2e, 0x11, 0x1a, 0x17, 0x1e, 0x8e, 0x10, 0x1e, 0x17, 0x1b, 0x12, 0x1e, 0x11, 0x22, 0x19, 0x16, 0x1e, 0x5e, 0x1d, 0x2e, 0x1a, 0x1e, 0x10, 0x1b, 0x16, 0x25, 0x14, 0x1a, 0x1c, 0x2e, 0x5e, 0x1d, 0x2e, 0x1d, 0x2e, 0x10, 0x1a, 0x2b, 0x2a, 0x16, 0x2e, 0xfe,
0x5e,
// Compressed size: 225 bytes original pixels: 12544 uint16_t → ~25088 bytes uncompressed)

// KOBOLD / Kobold Auraflow V0.3 000 S2065122128 Th0.100 20 [Folder: KOBOLD] - RLE compressed data (offset: 24136, size: 132)
0xfe, 0x5e, 0xfe, 0x5e, 0xfe, 0x5e, 0x8e, 0x1a, 0x1c, 0x16, 0x22, 0x3e, 0x18, 0x3e, 0x9e, 0x1b, 0x1f, 0x15, 0x11, 0x12, 0x2e, 0x1a, 0x3e, 0x8e, 0x16, 0x1d, 0x1a, 0x2b, 0x1e, 0x10, 0x17, 0x14, 0x3e, 0x5e, 0x19, 0x15, 0x14, 0x13, 0x1d, 0x1a, 0x1b, 0x14, 0x1e, 0x12, 0x10, 0x11, 0x12, 0x2e, 0x5e, 0x18, 0x3e, 0x15, 0x12, 0x11, 0x16, 0x12, 0x11, 0x10, 0x12, 0x14, 0x2e, 0x5e, 0x18, 0x1b, 0x1e, 0x2c, 0x17, 0x12, 0x1e, 0x14, 0x17, 0x11, 0x13, 0x3e, 0x6e, 0x1c, 0x1e, 0x1a, 0x19, 0x17, 0x11, 0x3e, 0x1d, 0x18, 0x3e, 0x7e, 0x18, 0x1b, 0x1d, 0x14, 0x17, 0x8e, 0x8e, 0x1d, 0x11, 0x1e, 0x1f, 0x13, 0x7e, 0x9e, 0x13, 0x18, 0x11, 0x14, 0x7e, 0x8e, 0x15, 0x2e, 0x1a, 0x8e, 0x7e, 0x1d,
0xce, 0x7e, 0x1d, 0x3e, 0x13, 0x8e, 0x7e, 0x23, 0x2e, 0x1c, 0x14, 0x7e, 0x8e, 0x1d, 0x12, 0xae, 0xfe, 0x5e, 0xfe, 0x5e,
// Compressed size: 132 bytes original pixels: 12544 uint16_t → ~25088 bytes uncompressed)

// KORRED / Korred Auraflow V0.3 000 S3499559113 Th0.100 20 [Folder: KORRED] - RLE compressed data (offset: 24268, size: 223)
0xfe, 0x5e, 0xae, 0x13, 0x9e, 0x8e, 0x10, 0x18, 0x13, 0x18, 0x13, 0x7e, 0x6e, 0x43, 0x18, 0x13, 0x1c, 0x18, 0x6e, 0x5e, 0x33, 0x1c, 0x17, 0x13, 0x17, 0x1c, 0x23, 0x5e, 0x4e, 0x17, 0x18, 0x19, 0x1b, 0x29, 0x17, 0x1a, 0x1d, 0x13, 0x17, 0x18, 0x4e, 0x4e, 0x1d, 0x3b, 0x1f, 0x1b, 0x16, 0x1b, 0x2d, 0x13, 0x1d, 0x1c, 0x3e, 0x3e, 0x18, 0x1d, 0x14, 0x1a, 0x18, 0x1b, 0x12, 0x16, 0x1d, 0x1a, 0x16, 0x12, 0x15, 0x13, 0x1c, 0x2e, 0x3e, 0x18, 0x26, 0x1a, 0x17, 0x1b, 0x11, 0x12, 0x1a, 0x14, 0x1a, 0x14, 0x16, 0x15, 0x13, 0x1c, 0x1e, 0x2e, 0x18, 0x1a, 0x17, 0x18, 0x1c, 0x1d, 0x1a, 0x11, 0x24, 0x1b, 0x1c, 0x17, 0x10, 0x1d, 0x1a, 0x1d, 0x1e, 0x2e, 0x1c, 0x11, 0x1e, 0x13, 0x2d, 0x1b,
0x24, 0x15, 0x1c, 0x18, 0x1e, 0x19, 0x15, 0x1a, 0x1d, 0x1e, 0x2e, 0x19, 0x13, 0x1e, 0x1c, 0x3d, 0x24, 0x2d, 0x18, 0x10, 0x13, 0x17, 0x19, 0x1d, 0x1e, 0x2e, 0x1d, 0x19, 0x11, 0x1c, 0x1d, 0x1b, 0x2a, 0x1d, 0x1b, 0x1a, 0x14, 0x20, 0x1b, 0x1a, 0x2e, 0x2e, 0x1d, 0x19, 0x12, 0x17, 0x2b, 0x17, 0x16, 0x1d, 0x3a, 0x12, 0x20, 0x11, 0x2e, 0x2e, 0x19, 0x15, 0x1a, 0x12, 0x10, 0x29, 0x3e, 0x16, 0x14, 0x1a, 0x1b, 0x19, 0x3e, 0x2e, 0x1c, 0x2a, 0x1d, 0x1f, 0x15, 0x4e, 0x16, 0x10, 0x15, 0x1b, 0x19, 0x3e, 0x2e, 0x18, 0x17, 0x1d, 0x2a, 0x1b, 0x4e, 0x12, 0x10, 0x15, 0x19, 0x13, 0x3e, 0xae, 0x22, 0x20, 0x22, 0x15, 0x12, 0x2e, 0xbe, 0x21, 0x10, 0x11, 0x16, 0x15, 0x3e, 0xfe, 0x5e,
// Compressed size: 223 bytes original pixels: 12544 uint16_t → ~25088 bytes uncompressed)

// KORRIGAN / Korrigan Auraflow V0.3 000 S1989663428 Th0.100 20 [Folder: KORRIGAN] - RLE compressed data (offset: 24491, size: 160)
0xfe, 0x5e, 0x6e, 0x10, 0x23, 0x21, 0x1e, 0x13, 0x1e, 0x17, 0x5e, 0x3e, 0x17, 0x1e, 0x28, 0x2a, 0x15, 0x13, 0x1e, 0x11, 0x1e, 0x13, 0x14, 0x4e, 0x2e, 0x12, 0x15, 0x2e, 0x1a, 0x15, 0x16, 0x18, 0x1d, 0x11, 0x2e, 0x17, 0x10, 0x4e, 0x4e, 0x17, 0x1b, 0x1c, 0x18, 0x1c, 0x1d, 0x15, 0x17, 0x8e, 0x5e, 0x1a, 0x18, 0x1f, 0x1c, 0x1d, 0x1a, 0x12, 0x1e, 0x12, 0x6e, 0x5e, 0x27, 0x1b, 0x1d, 0x17, 0x19, 0x1e, 0x16, 0x7e, 0x5e, 0x18, 0x1f, 0x18, 0x15, 0x2e, 0x19, 0x8e, 0x4e, 0x1f, 0x1e, 0x18, 0x1b, 0x14, 0x5e, 0x10, 0x5e, 0x4e, 0x17, 0x1e, 0x1d, 0x1f, 0x1a, 0x15, 0xae, 0x5e, 0x19, 0x1c, 0x1b, 0x16, 0x15, 0xae, 0x5e, 0x1a, 0x13, 0x1c, 0x19, 0x1b, 0x12, 0x11, 0x8e, 0x7e, 0x1a, 0x1d,
0x1f, 0x1b, 0x15, 0x12, 0x7e, 0x7e, 0x1b, 0x15, 0x1d, 0x1e, 0x17, 0x19, 0x7e, 0x6e, 0x1b, 0x18, 0x16, 0x1e, 0x19, 0x9e, 0x5e, 0x17, 0x18, 0x2e, 0x1c, 0xae, 0x4e, 0x13, 0x1e, 0x12, 0xde, 0x4e, 0x1a, 0x3e, 0x16, 0xbe, 0x4e, 0x10, 0x16, 0x17, 0x13, 0x15, 0x1b, 0x26, 0x17, 0x7e, 0xfe, 0x5e,
// Compressed size: 160 bytes original pixels: 12544 uint16_t → ~25088 bytes uncompressed)

// KOSCHEI / Koschei Auraflow V0.3 000 S650890567 Th0.100 20 [Folder: KOSCHEI] - RLE compressed data (offset: 24651, size: 176)
0xfe, 0x5e, 0x7e, 0x19, 0x31, 0x10, 0x11, 0x7e, 0x7e, 0x14, 0x17, 0x15, 0x14, 0x11, 0x15, 0x7e, 0x7e, 0x26, 0x12, 0x19, 0x1d, 0x12, 0x7e, 0x8e, 0x1a, 0x1c, 0x1d, 0x13, 0x14, 0x7e, 0x9e, 0x2d, 0x1c, 0x1a, 0x7e, 0x8e, 0x1a, 0x1d, 0x12, 0x14, 0x12, 0x11, 0x6e, 0x6e, 0x18, 0x1e, 0x19, 0x1d, 0x17, 0x15, 0x14, 0x11, 0x6e, 0x4e, 0x18, 0x1a, 0x1d, 0x29, 0x2d, 0x19, 0x15, 0x16, 0x6e, 0x3e, 0x1a, 0x1c, 0x1b, 0x2d, 0x1a, 0x1c, 0x18, 0x2d, 0x13, 0x19, 0x5e, 0x3e, 0x1a, 0x14, 0x1d, 0x14, 0x12, 0x1a, 0x17, 0x1f, 0x1c, 0x1b, 0x17, 0x6e, 0x3e, 0x1d, 0x1e, 0x19, 0x25, 0x11, 0x1e, 0x1b, 0x1f, 0x1b, 0x1a, 0x6e, 0x3e, 0x1f, 0x1e, 0x1b, 0x1d, 0x1c, 0x10, 0x1d, 0x1b, 0x11, 0x12, 0x7e,
0x6e, 0x17, 0x1a, 0x15, 0x1e, 0x10, 0x11, 0x1f, 0x13, 0x6e, 0x5e, 0x1a, 0x1c, 0x19, 0x17, 0x14, 0x15, 0x1a, 0x27, 0x6e, 0x6e, 0x2b, 0x1e, 0x10, 0x17, 0x1e, 0x1d, 0x19, 0x6e, 0x7e, 0x1c, 0x12, 0x19, 0x3e, 0x19, 0x6e, 0x7e, 0x1c, 0x12, 0x5e, 0x10, 0x5e, 0x4e, 0x14, 0x2e, 0x1c, 0x1a, 0x18, 0x1a, 0x17, 0x2e, 0x1a, 0x5e, 0x4e, 0x15, 0x1e, 0x1d, 0x29, 0x1c, 0x1a, 0x19, 0x3e, 0x1a, 0x4e,
// Compressed size: 176 bytes original pixels: 12544 uint16_t → ~25088 bytes uncompressed)

// KRAKEN / Kraken Auraflow V0.3 000 S1257537576 Th0.100 20 [Folder: KRAKEN] - RLE compressed data (offset: 24827, size: 225)
0xfe, 0x5e, 0xce, 0x20, 0x6e, 0x7e, 0x13, 0x2e, 0x12, 0x10, 0x11, 0x12, 0x14, 0x10, 0x4e, 0x6e, 0x1d, 0x17, 0x1e, 0x19, 0x10, 0x12, 0x16, 0x24, 0x10, 0x14, 0x3e, 0x4e, 0x1d, 0x1f, 0x2e, 0x15, 0x21, 0x12, 0x17, 0x1f, 0x26, 0x12, 0x13, 0x2e, 0x4e, 0x10, 0x15, 0x2e, 0x16, 0x14, 0x10, 0x3c, 0x17, 0x19, 0x17, 0x18, 0x2e, 0x4e, 0x1c, 0x19, 0x2e, 0x14, 0x16, 0x2c, 0x1d, 0x18, 0x1d, 0x1c, 0x1d, 0x1c, 0x2e, 0x4e, 0x1d, 0x15, 0x17, 0x18, 0x19, 0x15, 0x16, 0x18, 0x1c, 0x1d, 0x1c, 0x1a, 0x1b, 0x18, 0x2e, 0x1e, 0x1c, 0x15, 0x1a, 0x1e, 0x1d, 0x12, 0x13, 0x1a, 0x16, 0x11, 0x16, 0x1a, 0x1d, 0x1a, 0x3e, 0x17, 0x1e, 0x1e, 0x1a, 0x1e, 0x1f, 0x15, 0x19, 0x27, 0x19, 0x1d, 0x14, 0x1d,
0x11, 0x1a, 0x1e, 0x1b, 0x1e, 0x13, 0x2e, 0x6e, 0x13, 0x1d, 0x1a, 0x1d, 0x17, 0x1e, 0x14, 0x12, 0x1d, 0x2e, 0x11, 0x2e, 0x3e, 0x1f, 0x13, 0x14, 0x1e, 0x1d, 0x14, 0x1e, 0x17, 0x1d, 0x1e, 0x14, 0x10, 0x15, 0x2e, 0x1a, 0x1e, 0x2e, 0x19, 0x12, 0x3e, 0x1b, 0x1c, 0x1e, 0x18, 0x1a, 0x1e, 0x1d, 0x12, 0x1d, 0x2e, 0x17, 0x1e, 0x2e, 0x1b, 0x17, 0x2e, 0x1c, 0x2d, 0x1e, 0x18, 0x1a, 0x2e, 0x19, 0x16, 0x1e, 0x18, 0x2e, 0x2e, 0x14, 0x18, 0x2e, 0x1d, 0x1b, 0x3e, 0x1b, 0x17, 0x13, 0x16, 0x19, 0x4e, 0x1e, 0x19, 0x14, 0x10, 0x1e, 0x1c, 0x1d, 0x3e, 0x11, 0x37, 0x1b, 0x1d, 0x4e, 0x2e, 0x1b, 0x27, 0x1a, 0x1d, 0x4e, 0x3d, 0x18, 0x2e, 0x1b, 0x18, 0x1e, 0x4e, 0x1d, 0xfe, 0xfe, 0x5e, 0xfe,
0x5e,
// Compressed size: 225 bytes original pixels: 12544 uint16_t → ~25088 bytes uncompressed)

// LAMASSU / Lamassu Auraflow V0.3 000 S3238470235 Th0.100 20 [Folder: LAMASSU] - RLE compressed data (offset: 25052, size: 289)
0xfe, 0x5e, 0x4e, 0x15, 0x14, 0xee, 0x3e, 0x1a, 0x1d, 0x19, 0x13, 0x7e, 0x10, 0x11, 0x13, 0x3e, 0x2e, 0x19, 0x1f, 0x1d, 0x1a, 0x11, 0x1e, 0x13, 0x1a, 0x18, 0x1b, 0x2e, 0x12, 0x1d, 0x14, 0x13, 0x2e, 0x1e, 0x1f, 0x15, 0x1f, 0x19, 0x1b, 0x13, 0x1e, 0x26, 0x12, 0x14, 0x15, 0x10, 0x12, 0x1c, 0x19, 0x17, 0x2e, 0x1e, 0x11, 0x17, 0x1b, 0x19, 0x18, 0x1a, 0x13, 0x1a, 0x19, 0x12, 0x17, 0x10, 0x19, 0x16, 0x29, 0x11, 0x1f, 0x1e, 0x1e, 0x16, 0x19, 0x2d, 0x19, 0x1d, 0x19, 0x11, 0x12, 0x10, 0x1f, 0x19, 0x12, 0x1b, 0x19, 0x1d, 0x14, 0x15, 0x1e, 0x1e, 0x1a, 0x1c, 0x1d, 0x19, 0x2d, 0x19, 0x15, 0x1a, 0x18, 0x1d, 0x19, 0x10, 0x2d, 0x1f, 0x17, 0x12, 0x1e, 0x2e, 0x1b, 0x1c, 0x1b, 0x1c,
0x19, 0x1f, 0x16, 0x19, 0x18, 0x16, 0x1c, 0x11, 0x1c, 0x19, 0x1c, 0x19, 0x13, 0x1e, 0x1e, 0x1c, 0x15, 0x19, 0x1b, 0x1f, 0x1c, 0x1f, 0x18, 0x13, 0x1a, 0x15, 0x1f, 0x1b, 0x16, 0x15, 0x17, 0x2b, 0x1e, 0x1e, 0x1b, 0x16, 0x1c, 0x1e, 0x18, 0x1d, 0x1e, 0x1d, 0x1a, 0x14, 0x15, 0x19, 0x1d, 0x18, 0x17, 0x15, 0x13, 0x1b, 0x1e, 0x1e, 0x19, 0x1b, 0x17, 0x1e, 0x11, 0x10, 0x14, 0x1d, 0x19, 0x15, 0x11, 0x18, 0x1e, 0x1b, 0x16, 0x25, 0x1d, 0x1e, 0x2e, 0x18, 0x1a, 0x2e, 0x1d, 0x13, 0x1c, 0x1d, 0x2f, 0x11, 0x1e, 0x11, 0x2e, 0x15, 0x11, 0x1e, 0x6e, 0x1b, 0x1d, 0x1f, 0x1d, 0x1f, 0x1d, 0x1a, 0x1e, 0x12, 0x2e, 0x1a, 0x10, 0x1e, 0x5e, 0x13, 0x1c, 0x1d, 0x1e, 0x1f, 0x1d, 0x15, 0x17, 0x4e,
0x11, 0x18, 0x1e, 0x6e, 0x1d, 0x1c, 0x1e, 0x1f, 0x15, 0x1f, 0x1c, 0x4e, 0x11, 0x2e, 0x6e, 0x18, 0x12, 0x1e, 0x1b, 0x17, 0x1e, 0x18, 0x7e, 0x6e, 0x18, 0x16, 0x1e, 0x15, 0x1d, 0x1e, 0x13, 0x10, 0x6e, 0x3e, 0x17, 0x1b, 0x46, 0x15, 0x1a, 0x18, 0x13, 0x17, 0x12, 0x14, 0x27, 0x2e, 0x1e, 0x10, 0x11, 0x15, 0x13, 0x16, 0x18, 0x15, 0x11, 0x16, 0x18, 0x26, 0x15, 0x17, 0x13, 0x12, 0x10, 0x12, 0x1e,
// Compressed size: 289 bytes original pixels: 12544 uint16_t → ~25088 bytes uncompressed)

// LAMIA / Lamia Auraflow V0.3 000 S3275277949 Th0.100 20 [Folder: LAMIA] - RLE compressed data (offset: 25341, size: 222)
0xfe, 0x5e, 0x7e, 0x13, 0x1c, 0x27, 0x9e, 0x5e, 0x13, 0x31, 0x10, 0x19, 0x17, 0x1a, 0x7e, 0x4e, 0x15, 0x10, 0x15, 0x18, 0x1d, 0x12, 0x1d, 0x15, 0x1b, 0x1d, 0x6e, 0x3e, 0x12, 0x10, 0x14, 0x12, 0x1c, 0x18, 0x12, 0x18, 0x16, 0x19, 0x16, 0x6e, 0x2e, 0x11, 0x10, 0x12, 0x11, 0x2d, 0x19, 0x12, 0x18, 0x1d, 0x11, 0x16, 0x1f, 0x5e, 0x3e, 0x12, 0x14, 0x1f, 0x10, 0x17, 0x21, 0x10, 0x1c, 0x14, 0x16, 0x1b, 0x16, 0x1c, 0x3e, 0x4e, 0x1d, 0x12, 0x18, 0x2d, 0x14, 0x1d, 0x1c, 0x17, 0x1a, 0x1d, 0x1c, 0x13, 0x3e, 0x4e, 0x1f, 0x18, 0x1d, 0x28, 0x1d, 0x1f, 0x13, 0x16, 0x2d, 0x17, 0x19, 0x1a, 0x2e, 0x5e, 0x19, 0x14, 0x18, 0x1b, 0x2d, 0x17, 0x1a, 0x1d, 0x1a, 0x15, 0x17, 0x1b, 0x2e, 0x7e,
0x12, 0x1b, 0x17, 0x14, 0x13, 0x15, 0x1c, 0x1b, 0x18, 0x17, 0x15, 0x2e, 0x7e, 0x1d, 0x14, 0x15, 0x1f, 0x13, 0x2b, 0x1d, 0x1b, 0x17, 0x15, 0x2e, 0x6e, 0x15, 0x2b, 0x1e, 0x10, 0x19, 0x13, 0x3e, 0x1a, 0x13, 0x1c, 0x1e, 0x6e, 0x28, 0x1e, 0x24, 0x18, 0x4e, 0x27, 0x1d, 0x1e, 0x3e, 0x10, 0x24, 0x18, 0x11, 0x14, 0x15, 0x17, 0x5e, 0x36, 0x1e, 0x1e, 0x21, 0x17, 0x15, 0x18, 0x14, 0x29, 0x1b, 0x2d, 0x17, 0x1a, 0x15, 0x10, 0x13, 0x1c, 0x2e, 0x1e, 0x10, 0x13, 0x10, 0x11, 0x10, 0x13, 0x15, 0x23, 0x15, 0x13, 0x17, 0x16, 0x27, 0x1a, 0x1d, 0x2e, 0x1e, 0x15, 0x1d, 0x17, 0x15, 0x1a, 0x27, 0x3a, 0x16, 0x1d, 0x1f, 0x14, 0x17, 0x4e, 0x3e, 0x17, 0x15, 0x1d, 0xee, 0xfe, 0x5e,
// Compressed size: 222 bytes original pixels: 12544 uint16_t → ~25088 bytes uncompressed)

// LEANAN SIDHE / Leanan Sidhe Auraflow V0.3 000 S2540244962 Th0.100 20 [Folder: LEANAN_SIDHE] - RLE compressed data (offset: 25563, size: 151)
0xf1, 0x51, 0xf1, 0x51, 0x81, 0x42, 0x81, 0x71, 0x12, 0x17, 0x18, 0x13, 0x1b, 0x18, 0x17, 0x61, 0x71, 0x15, 0x18, 0x13, 0x16, 0x1b, 0x12, 0x71, 0x71, 0x1a, 0x1f, 0x15, 0x17, 0x1a, 0x12, 0x71, 0x71, 0x17, 0x1e, 0x18, 0x1b, 0x1e, 0x13, 0x71, 0x61, 0x18, 0x1a, 0x18, 0x2f, 0x15, 0x81, 0x61, 0x12, 0x17, 0x2c, 0x1f, 0x18, 0x81, 0x71, 0x1a, 0x1e, 0x1b, 0x1e, 0x1f, 0x81, 0x61, 0x1a, 0x17, 0x1d, 0x19, 0x1c, 0x1e, 0x81, 0x61, 0x1b, 0x1a, 0x1f, 0x19, 0x17, 0x1a, 0x1e, 0x71, 0x61, 0x18, 0x1e, 0x16, 0x1b, 0x18, 0x17, 0x1e, 0x71, 0x61, 0x1a, 0x1d, 0x19, 0x1f, 0x1b, 0x18, 0x81, 0x61, 0x1d, 0x17, 0x1f, 0x1d, 0x17, 0x18, 0x81, 0x51, 0x12, 0x16, 0x1d, 0x1f, 0x1e, 0x17, 0x1b, 0x13,
0x71, 0x61, 0x24, 0x1e, 0x1a, 0x16, 0x18, 0x1b, 0x71, 0x51, 0x15, 0x1a, 0x1d, 0x1a, 0x1e, 0x1b, 0x17, 0x13, 0x71, 0x41, 0x14, 0x16, 0x1a, 0x16, 0x14, 0x27, 0x1e, 0x1b, 0x15, 0x61, 0x51, 0x13, 0x12, 0x13, 0x25, 0x18, 0x17, 0x13, 0x71,
// Compressed size: 151 bytes original pixels: 12544 uint16_t → ~25088 bytes uncompressed)

// LEMURE / Lemure Auraflow V0.3 000 S320226756 Th0.100 20 [Folder: LEMURE] - RLE compressed data (offset: 25714, size: 212)
0xf0, 0x50, 0x40, 0x19, 0xf0, 0x30, 0x1e, 0x30, 0x1d, 0x70, 0x2f, 0x16, 0x20, 0x60, 0x14, 0x40, 0x1f, 0x30, 0x1a, 0x28, 0x20, 0x60, 0x14, 0x12, 0x1a, 0x1e, 0x19, 0x1a, 0x1e, 0x30, 0x26, 0x20, 0x20, 0x1d, 0x40, 0x1b, 0x20, 0x1a, 0x18, 0x16, 0x1f, 0x20, 0x36, 0x10, 0x20, 0x1e, 0x50, 0x1d, 0x30, 0x1f, 0x16, 0x1f, 0x10, 0x1e, 0x11, 0x20, 0x30, 0x1f, 0x1a, 0x20, 0x1e, 0x1d, 0x30, 0x1f, 0x11, 0x10, 0x18, 0x10, 0x11, 0x16, 0x10, 0x30, 0x1d, 0x19, 0x20, 0x19, 0x1c, 0x30, 0x1e, 0x1a, 0x1d, 0x10, 0x16, 0x11, 0x16, 0x10, 0x60, 0x14, 0x10, 0x1b, 0x30, 0x1e, 0x1f, 0x30, 0x28, 0x10, 0x30, 0x18, 0x10, 0x12, 0x20, 0x1c, 0x20, 0x1c, 0x3f, 0x20, 0x1e, 0x20, 0x40, 0x1b, 0x30, 0x1b,
0x20, 0x1a, 0x10, 0x2e, 0x20, 0x1e, 0x20, 0x30, 0x17, 0x30, 0x1c, 0x19, 0x40, 0x1e, 0x17, 0x20, 0x1e, 0x20, 0x30, 0x1a, 0x30, 0x15, 0x20, 0x13, 0x20, 0x1c, 0x20, 0x1b, 0x1e, 0x20, 0x30, 0x1d, 0x30, 0x24, 0x10, 0x1b, 0x30, 0x13, 0x10, 0x19, 0x1e, 0x20, 0x30, 0x1d, 0x20, 0x1b, 0x19, 0x15, 0x20, 0x15, 0x20, 0x17, 0x10, 0x14, 0x1e, 0x20, 0x30, 0x1f, 0x20, 0x44, 0x10, 0x19, 0x20, 0x17, 0x15, 0x1b, 0x1e, 0x20, 0x40, 0x15, 0x14, 0x35, 0x10, 0x14, 0x15, 0x20, 0x11, 0x14, 0x10, 0x1e, 0x20, 0x60, 0x24, 0x1a, 0x1b, 0x19, 0x14, 0x13, 0x32, 0x40, 0x70, 0x1d, 0x1e, 0x15, 0x14, 0x1a, 0x17, 0x2a, 0x17, 0x40,
// Compressed size: 212 bytes original pixels: 12544 uint16_t → ~25088 bytes uncompressed)

// LEPRECHAUN / Leprechaun Auraflow V0.3 000 S365087199 Th0.100 20 [Folder: LEPRECHAUN] - RLE compressed data (offset: 25926, size: 165)
0xff, 0x5f, 0x9f, 0x11, 0x10, 0x9f, 0x8f, 0x24, 0x19, 0x11, 0x8f, 0x7f, 0x12, 0x1c, 0x21, 0x10, 0x8f, 0x7f, 0x25, 0x1a, 0x12, 0x10, 0x8f, 0x6f, 0x10, 0x1a, 0x15, 0x16, 0x14, 0x10, 0x1a, 0x7f, 0x6f, 0x13, 0x1d, 0x13, 0x1a, 0x11, 0x12, 0x19, 0x7f, 0x5f, 0x1a, 0x15, 0x1d, 0x17, 0x1d, 0x21, 0x1e, 0x12, 0x6f, 0x5f, 0x13, 0x1d, 0x17, 0x15, 0x1c, 0x17, 0x12, 0x1d, 0x1b, 0x1a, 0x11, 0x4f, 0x4f, 0x11, 0x19, 0x25, 0x17, 0x1e, 0x1b, 0x18, 0x1e, 0x1a, 0x11, 0x18, 0x4f, 0x4f, 0x14, 0x18, 0x1b, 0x17, 0x15, 0x1c, 0x14, 0x1b, 0x1e, 0x1b, 0x18, 0x5f, 0x3f, 0x12, 0x19, 0x1f, 0x12, 0x25, 0x19, 0x18, 0x1b, 0x1e, 0x16, 0x6f, 0x6f, 0x25, 0x13, 0x38, 0x1d, 0x1c, 0x6f, 0x6f, 0x15, 0x17,
0x15, 0x18, 0x16, 0x17, 0x29, 0x1c, 0x19, 0x4f, 0x6f, 0x1b, 0x1d, 0x1e, 0x14, 0x18, 0x1d, 0x19, 0x1d, 0x19, 0x5f, 0x6f, 0x1c, 0x1e, 0x1b, 0x1c, 0x1e, 0x1d, 0x18, 0x7f, 0x6f, 0x12, 0x1c, 0x2f, 0x1c, 0x2f, 0x10, 0x6f, 0x6f, 0x14, 0x19, 0x2f, 0x1d, 0x19, 0x8f, 0x6f, 0x1c, 0x16, 0x24, 0x12, 0x2e, 0x19, 0x6f, 0xff, 0x5f,
// Compressed size: 165 bytes original pixels: 12544 uint16_t → ~25088 bytes uncompressed)

// LESHY / Leshy Auraflow V0.3 000 S987556968 Th0.100 20 [Folder: LESHY] - RLE compressed data (offset: 26091, size: 213)
0xfe, 0x5e, 0x4e, 0x11, 0x1e, 0x10, 0x2e, 0x11, 0x1e, 0x12, 0x14, 0x15, 0x12, 0x11, 0x4e, 0x6e, 0x11, 0x15, 0x11, 0x16, 0x13, 0x18, 0x11, 0x20, 0x5e, 0x2e, 0x11, 0x23, 0x26, 0x15, 0x13, 0x14, 0x15, 0x17, 0x18, 0x15, 0x16, 0x1e, 0x16, 0x3e, 0x2e, 0x14, 0x19, 0x14, 0x1d, 0x29, 0x18, 0x1d, 0x1c, 0x17, 0x15, 0x12, 0x16, 0x11, 0x4e, 0x2e, 0x1b, 0x16, 0x1b, 0x3d, 0x16, 0x1d, 0x19, 0x1b, 0x14, 0x1c, 0x12, 0x1b, 0x10, 0x17, 0x2e, 0x1e, 0x18, 0x13, 0x18, 0x5e, 0x19, 0x3a, 0x1c, 0x15, 0x13, 0x1d, 0x3e, 0x9e, 0x17, 0x16, 0x39, 0x1d, 0x19, 0x1b, 0x3e, 0x9e, 0x15, 0x1b, 0x1e, 0x1b, 0x16, 0x1c, 0x2d, 0x3e, 0x8e, 0x12, 0x17, 0x16, 0x1e, 0x13, 0x1b, 0x18, 0x23, 0x3e, 0x8e, 0x12,
0x1c, 0x19, 0x23, 0x17, 0x1d, 0x10, 0x24, 0x2e, 0x7e, 0x17, 0x12, 0x14, 0x13, 0x12, 0x1b, 0x14, 0x19, 0x12, 0x18, 0x1a, 0x2e, 0x6e, 0x12, 0x11, 0x18, 0x19, 0x17, 0x1a, 0x18, 0x17, 0x1a, 0x13, 0x1c, 0x1f, 0x2e, 0x7e, 0x1b, 0x1a, 0x15, 0x19, 0x1a, 0x2b, 0x1a, 0x1c, 0x19, 0x15, 0x2e, 0x7e, 0x16, 0x1c, 0x12, 0x3e, 0x17, 0x1b, 0x19, 0x1c, 0x19, 0x2e, 0x7e, 0x13, 0x11, 0x1e, 0x18, 0x4e, 0x19, 0x2b, 0x2e, 0x5e, 0x19, 0x1f, 0x1d, 0x2e, 0x1a, 0x3e, 0x18, 0x15, 0x1e, 0x13, 0x15, 0x1e, 0x3e, 0x12, 0x1d, 0x16, 0x1d, 0x1e, 0x14, 0x15, 0x14, 0x2e, 0x14, 0x13, 0x1d, 0x1e, 0x16, 0x14, 0x1e, 0xfe, 0x5e, 0xfe, 0x5e,
// Compressed size: 213 bytes original pixels: 12544 uint16_t → ~25088 bytes uncompressed)

// LEVIATHAN / Leviathan Auraflow V0.3 000 S2146722686 Th0.100 20 [Folder: LEVIATHAN] - RLE compressed data (offset: 26304, size: 149)
0xfe, 0x5e, 0xfe, 0x5e, 0xfe, 0x5e, 0x8e, 0x1a, 0x1e, 0x13, 0x9e, 0x7e, 0x10, 0x17, 0x13, 0x17, 0x13, 0x12, 0x10, 0x6e, 0x7e, 0x27, 0x10, 0x19, 0x1b, 0x25, 0x20, 0x4e, 0x6e, 0x27, 0x16, 0x1b, 0x12, 0x1f, 0x1d, 0x1a, 0x1d, 0x1b, 0x15, 0x10, 0x2e, 0x5e, 0x16, 0x1c, 0x1d, 0x16, 0x19, 0x1f, 0x19, 0x25, 0x29, 0x18, 0x12, 0x2e, 0x4e, 0x16, 0x13, 0x1a, 0x3d, 0x1c, 0x19, 0x14, 0x18, 0x14, 0x1f, 0x18, 0x14, 0x2e, 0x3e, 0x11, 0x1a, 0x17, 0x1a, 0x1b, 0x1a, 0x1d, 0x16, 0x19, 0x12, 0x14, 0x18, 0x5e, 0x3e, 0x11, 0x16, 0x1c, 0x1d, 0x1a, 0x1c, 0x17, 0x19, 0x15, 0x18, 0x10, 0x14, 0x5e, 0x3e, 0x23, 0x1a, 0x1c, 0x2d, 0x1a, 0x1c, 0x15, 0x1d, 0x28, 0x12, 0x4e, 0x4e, 0x1a, 0x26, 0x3c,
0x15, 0x1e, 0x12, 0x19, 0x1b, 0x18, 0x12, 0x3e, 0x4e, 0x11, 0x16, 0x27, 0x1a, 0x13, 0x4e, 0x14, 0x11, 0x10, 0x3e, 0x6e, 0x10, 0x13, 0x11, 0x13, 0xae, 0x7e, 0x23, 0x10, 0xae, 0xfe, 0x5e, 0xfe, 0x5e, 0xfe, 0x5e, 0xfe, 0x5e,
// Compressed size: 149 bytes original pixels: 12544 uint16_t → ~25088 bytes uncompressed)

// LICH / Lich Auraflow V0.3 000 S1555588404 Th0.100 20 [Folder: LICH] - RLE compressed data (offset: 26453, size: 204)
0x8e, 0x18, 0xbe, 0x7e, 0x16, 0x18, 0x16, 0x6e, 0x15, 0x3e, 0x7e, 0x14, 0x16, 0x18, 0xae, 0x7e, 0x1f, 0x10, 0x1c, 0xae, 0x6e, 0x19, 0x1c, 0x14, 0x1c, 0x17, 0x5e, 0x13, 0x3e, 0x6e, 0x1b, 0x1a, 0x1d, 0x1c, 0x1b, 0x17, 0x3e, 0x13, 0x10, 0x3e, 0x5e, 0x1d, 0x1f, 0x1d, 0x1f, 0x13, 0x16, 0x1a, 0x8e, 0x5e, 0x14, 0x17, 0x1d, 0x16, 0x1c, 0x18, 0x19, 0x18, 0x7e, 0x5e, 0x1f, 0x14, 0x1b, 0x20, 0x1b, 0x1a, 0x19, 0x2e, 0x1d, 0x18, 0x3e, 0x4e, 0x1f, 0x14, 0x26, 0x1b, 0x1d, 0x1a, 0x1d, 0x1a, 0x17, 0x1e, 0x1b, 0x4e, 0x4e, 0x16, 0x19, 0x18, 0x3d, 0x1c, 0x18, 0x1f, 0x1b, 0x6e, 0x4e, 0x18, 0x1b, 0x14, 0x1b, 0x1d, 0x11, 0x19, 0x1c, 0x1f, 0x15, 0x6e, 0x4e, 0x14, 0x1c, 0x15, 0x1d, 0x1b,
0x1d, 0x18, 0x1c, 0x1d, 0x12, 0x6e, 0x4e, 0x18, 0x1c, 0x16, 0x1c, 0x11, 0x2c, 0x1d, 0x1b, 0x12, 0x6e, 0x4e, 0x14, 0x16, 0x1d, 0x1b, 0x1a, 0x1c, 0x18, 0x10, 0x1a, 0x7e, 0x4e, 0x19, 0x18, 0x1d, 0x1b, 0x19, 0x1b, 0x19, 0x1a, 0x18, 0x7e, 0x4e, 0x26, 0x19, 0x10, 0x1f, 0x18, 0x25, 0x18, 0x3e, 0x14, 0x3e, 0x4e, 0x38, 0x17, 0x16, 0x17, 0x15, 0x13, 0x12, 0x3e, 0x17, 0x3e, 0x3e, 0x11, 0x26, 0x15, 0x19, 0x11, 0x13, 0x11, 0x12, 0x1a, 0x28, 0x15, 0x1c, 0x17, 0x2e, 0x3e, 0x16, 0x1d, 0x19, 0x12, 0x15, 0x16, 0x15, 0x1e, 0x1d, 0x1b, 0x1e, 0x1a, 0x18, 0x3d, 0x1e,
// Compressed size: 204 bytes original pixels: 12544 uint16_t → ~25088 bytes uncompressed)

// LILITU / Lilitu Auraflow V0.3 000 S508797189 Th0.100 20 [Folder: LILITU] - RLE compressed data (offset: 26657, size: 182)
0x61, 0x16, 0x14, 0xc1, 0x61, 0x18, 0x1f, 0x15, 0x12, 0x17, 0x12, 0x19, 0x1a, 0x61, 0x61, 0x17, 0x18, 0x2e, 0x2f, 0x1d, 0x1c, 0x13, 0x51, 0x61, 0x1c, 0x1f, 0x2d, 0x1c, 0x1d, 0x1f, 0x1b, 0x1d, 0x51, 0x51, 0x1f, 0x18, 0x19, 0x1f, 0x1d, 0x18, 0x1e, 0x19, 0x12, 0x61, 0x41, 0x27, 0x1b, 0x1f, 0x16, 0x1f, 0x18, 0x1d, 0x1a, 0x12, 0x61, 0x51, 0x17, 0x1f, 0x15, 0x11, 0x19, 0x3f, 0x11, 0x12, 0x51, 0x51, 0x1c, 0x15, 0x16, 0x1b, 0x1a, 0x1f, 0x17, 0x1c, 0x71, 0x41, 0x1b, 0x16, 0x15, 0x1c, 0x18, 0x1c, 0x1f, 0x22, 0x71, 0x31, 0x18, 0x1c, 0x11, 0x18, 0x1b, 0x3d, 0x11, 0x17, 0x18, 0x61, 0x31, 0x28, 0x11, 0x16, 0x1b, 0x19, 0x1b, 0x1c, 0x21, 0x19, 0x61, 0x21, 0x19, 0x11, 0x18, 0x11,
0x1b, 0x19, 0x2d, 0x1a, 0x21, 0x1b, 0x61, 0x51, 0x15, 0x1c, 0x14, 0x1d, 0x1f, 0x1c, 0x14, 0x81, 0x51, 0x1a, 0x13, 0x1a, 0x1c, 0x19, 0x17, 0x13, 0x81, 0x41, 0x15, 0x17, 0x13, 0x1d, 0x2a, 0x26, 0x21, 0x12, 0x51, 0x51, 0x1a, 0x19, 0x11, 0x1b, 0x17, 0x15, 0x13, 0x81, 0x51, 0x15, 0x1a, 0x16, 0x14, 0x18, 0x23, 0x81, 0x41, 0x17, 0x15, 0x13, 0x16, 0x14, 0x15, 0x14, 0x13, 0x81, 0x31, 0x54, 0x23, 0x16, 0x12, 0x81, 0xf1, 0x51,
// Compressed size: 182 bytes original pixels: 12544 uint16_t → ~25088 bytes uncompressed)

// LINDWORM / Lindworm Auraflow V0.3 000 S4170937558 Th0.100 20 [Folder: LINDWORM] - RLE compressed data (offset: 26839, size: 175)
0xfe, 0x5e, 0xfe, 0x5e, 0xfe, 0x5e, 0x6e, 0x1d, 0x1c, 0x2d, 0xae, 0x5e, 0x1d, 0x12, 0x1d, 0x13, 0x12, 0x1f, 0x1b, 0x8e, 0x4e, 0x1b, 0x1a, 0x2d, 0x1f, 0x1d, 0x11, 0x1c, 0x17, 0x7e, 0x5e, 0x1d, 0x1e, 0x13, 0x2c, 0x14, 0x18, 0x1c, 0x19, 0x13, 0x5e, 0x5e, 0x18, 0x11, 0x17, 0x1b, 0x15, 0x2f, 0x2b, 0x1a, 0x13, 0x4e, 0x5e, 0x14, 0x1e, 0x1f, 0x15, 0x2a, 0x11, 0x15, 0x19, 0x1f, 0x1a, 0x4e, 0x6e, 0x11, 0x2e, 0x15, 0x18, 0x1b, 0x23, 0x18, 0x19, 0x4e, 0x6e, 0x16, 0x2e, 0x13, 0x15, 0x1b, 0x1e, 0x23, 0x1a, 0x11, 0x3e, 0x6e, 0x1a, 0x1e, 0x11, 0x1d, 0x1a, 0x19, 0x2e, 0x14, 0x18, 0x1c, 0x3e, 0x6e, 0x18, 0x1e, 0x1a, 0x1c, 0x1b, 0x19, 0x2e, 0x13, 0x15, 0x16, 0x3e, 0x6e, 0x1c, 0x1e,
0x10, 0x16, 0x1e, 0x1b, 0x19, 0x26, 0x15, 0x13, 0x3e, 0x8e, 0x12, 0x2e, 0x1a, 0x3e, 0x14, 0x4e, 0x7e, 0x14, 0x11, 0x12, 0x18, 0x1a, 0x2e, 0x17, 0x19, 0x4e, 0x2e, 0x11, 0x3e, 0x10, 0x19, 0x1a, 0x14, 0x17, 0x1b, 0x1a, 0x2b, 0x5e, 0x2e, 0x20, 0x17, 0x10, 0x13, 0x1c, 0x1a, 0x1d, 0x19, 0x1a, 0x16, 0x17, 0x6e, 0x2e, 0x12, 0x17, 0x1e, 0x18, 0x14, 0x1e, 0x15, 0x22, 0x9e, 0xfe, 0x5e,
// Compressed size: 175 bytes original pixels: 12544 uint16_t → ~25088 bytes uncompressed)

// LIZARDFOLK / Lizardfolk Auraflow V0.3 000 S3204265859 Th0.100 20 [Folder: LIZARDFOLK] - RLE compressed data (offset: 27014, size: 162)
0xff, 0x5f, 0x9f, 0x20, 0x11, 0x8f, 0x8f, 0x10, 0x2e, 0x14, 0x1c, 0x7f, 0x6f, 0x30, 0x15, 0x3e, 0x7f, 0x6f, 0x17, 0x1a, 0x15, 0x11, 0x18, 0x1e, 0x8f, 0x5f, 0x16, 0x1e, 0x1c, 0x18, 0x15, 0x13, 0x1c, 0x8f, 0x4f, 0x11, 0x1c, 0x1b, 0x1e, 0x1b, 0x17, 0x14, 0x1c, 0x8f, 0x4f, 0x29, 0x1f, 0x18, 0x19, 0x1e, 0x15, 0x1f, 0x1e, 0x7f, 0x4f, 0x19, 0x2f, 0x1b, 0x2c, 0x17, 0x1f, 0x1a, 0x7f, 0x4f, 0x26, 0x1f, 0x16, 0x1e, 0x1a, 0x16, 0x2f, 0x17, 0x13, 0x17, 0x15, 0x3f, 0x4f, 0x2d, 0x1f, 0x15, 0x2e, 0x1c, 0x2f, 0x1a, 0x2f, 0x2d, 0x2f, 0x3f, 0x12, 0x1c, 0x31, 0x2c, 0x18, 0x11, 0x1f, 0x19, 0x2f, 0x1c, 0x1e, 0x2f, 0x6f, 0x12, 0x15, 0x1c, 0x13, 0x19, 0x1c, 0x1f, 0x15, 0x13, 0x17, 0x1c,
0x3f, 0x6f, 0x12, 0x1b, 0x14, 0x1f, 0x2d, 0x1f, 0x14, 0x2c, 0x4f, 0x7f, 0x1a, 0x2f, 0x17, 0x1d, 0x1f, 0x16, 0x12, 0x5f, 0x6f, 0x17, 0x1c, 0x2f, 0x1b, 0x19, 0x1f, 0x14, 0x19, 0x5f, 0x7f, 0x1a, 0x2f, 0x16, 0x11, 0x2f, 0x26, 0x24, 0x2f, 0x7f, 0x12, 0x14, 0x1f, 0x19, 0x12, 0x8f, 0xff, 0x5f, 0xff, 0x5f,
// Compressed size: 162 bytes original pixels: 12544 uint16_t → ~25088 bytes uncompressed)

// LOUP GAROU / Loup Garou Auraflow V0.3 000 S3693163521 Th0.100 20 [Folder: LOUP_GAROU] - RLE compressed data (offset: 27176, size: 209)
0xfe, 0x5e, 0x7e, 0x60, 0x7e, 0x6e, 0x12, 0x20, 0x13, 0x1d, 0x10, 0x16, 0x10, 0x6e, 0x6e, 0x10, 0x1d, 0x15, 0x16, 0x15, 0x1b, 0x16, 0x1f, 0x10, 0x5e, 0x6e, 0x10, 0x1f, 0x1c, 0x18, 0x1c, 0x1b, 0x1d, 0x18, 0x14, 0x5e, 0x6e, 0x10, 0x15, 0x17, 0x16, 0x1c, 0x19, 0x17, 0x1c, 0x18, 0x16, 0x4e, 0x6e, 0x10, 0x1d, 0x1c, 0x1a, 0x14, 0x1a, 0x1b, 0x17, 0x19, 0x1d, 0x12, 0x3e, 0x4e, 0x11, 0x23, 0x1d, 0x18, 0x19, 0x14, 0x2b, 0x19, 0x1c, 0x1b, 0x11, 0x3e, 0x2e, 0x11, 0x18, 0x1a, 0x1b, 0x19, 0x15, 0x2e, 0x15, 0x1b, 0x1c, 0x14, 0x39, 0x16, 0x2e, 0x1e, 0x18, 0x14, 0x6e, 0x14, 0x13, 0x2b, 0x29, 0x1b, 0x1c, 0x1b, 0x2e, 0x1e, 0x18, 0x7e, 0x1c, 0x17, 0x19, 0x1a, 0x17, 0x1b, 0x14, 0x2c,
0x2e, 0x1e, 0x16, 0x12, 0x5e, 0x14, 0x17, 0x1b, 0x17, 0x2b, 0x17, 0x13, 0x1e, 0x16, 0x2e, 0x6e, 0x11, 0x29, 0x17, 0x16, 0x1b, 0x17, 0x29, 0x2e, 0x14, 0x2e, 0x6e, 0x1d, 0x1b, 0x1e, 0x1c, 0x1a, 0x1e, 0x18, 0x1b, 0x16, 0x2e, 0x18, 0x1d, 0x1e, 0x6e, 0x1c, 0x6e, 0x17, 0x1c, 0x19, 0x1e, 0x1a, 0x11, 0x1e, 0xee, 0x14, 0x11, 0x2e, 0x1d, 0x1e, 0x4e, 0x11, 0x14, 0x8e, 0x1c, 0x2e, 0x13, 0x14, 0x1e, 0x2e, 0x19, 0x18, 0x1a, 0x15, 0x1a, 0x13, 0x4e, 0x18, 0x14, 0x15, 0x14, 0x1e, 0x13, 0x2e, 0x5e, 0x1a, 0x1d, 0x15, 0x1e, 0x18, 0x19, 0x16, 0x18, 0x1b, 0x2e, 0x16, 0x1e, 0x18, 0x1e, 0xfe, 0x5e,
// Compressed size: 209 bytes original pixels: 12544 uint16_t → ~25088 bytes uncompressed)

// LUTIN / Lutin Auraflow V0.3 000 S2235100663 Th0.100 20 [Folder: LUTIN] - RLE compressed data (offset: 27385, size: 188)
0xff, 0x5f, 0x5f, 0x14, 0x11, 0x8f, 0x17, 0x4f, 0x4f, 0x17, 0x21, 0x1f, 0x14, 0x25, 0x19, 0x8f, 0x2f, 0x14, 0x2f, 0x31, 0x35, 0x18, 0x16, 0x7f, 0x3f, 0x13, 0x2f, 0x14, 0x25, 0x48, 0x2f, 0x16, 0x4f, 0x3f, 0x19, 0x11, 0x1f, 0x19, 0x12, 0x15, 0x18, 0x19, 0x16, 0x19, 0x1f, 0x1a, 0x1b, 0x4f, 0x3f, 0x17, 0x19, 0x17, 0x28, 0x2e, 0x29, 0x1e, 0x34, 0x4f, 0x3f, 0x14, 0x13, 0x1a, 0x16, 0x2e, 0x12, 0x19, 0x1a, 0x3d, 0x5f, 0x4f, 0x17, 0x13, 0x12, 0x16, 0x17, 0x11, 0x18, 0x23, 0x1e, 0x13, 0x5f, 0x5f, 0x1b, 0x19, 0x13, 0x1b, 0x19, 0x17, 0x1d, 0x1e, 0x14, 0x6f, 0x6f, 0x1b, 0x1e, 0x13, 0x16, 0x2e, 0x1c, 0x7f, 0x6f, 0x14, 0x37, 0x1e, 0x17, 0x1e, 0x1d, 0x24, 0x4f, 0x4f, 0x12, 0x16,
0x1f, 0x5a, 0x1d, 0x2f, 0x14, 0x4f, 0x3f, 0x13, 0x1b, 0x2f, 0x14, 0x16, 0x17, 0x2a, 0x1d, 0x2f, 0x1d, 0x16, 0x3f, 0x2f, 0x17, 0x1f, 0x1e, 0x2f, 0x17, 0x1a, 0x2c, 0x1d, 0x1c, 0x12, 0x2f, 0x14, 0x3f, 0x2f, 0x1b, 0x3f, 0x12, 0x1c, 0x14, 0x1c, 0x1d, 0x1e, 0x1d, 0x7f, 0x2f, 0x14, 0x5f, 0x1a, 0x1f, 0x1d, 0x1f, 0x1d, 0x2f, 0x16, 0x4f, 0x6f, 0x12, 0x17, 0x4f, 0x1c, 0x2a, 0x5f, 0x4f, 0x12, 0x14, 0x23, 0x17, 0x1d, 0x17, 0x19, 0x1f, 0x1a, 0x17, 0x5f, 0xff, 0x5f,
// Compressed size: 188 bytes original pixels: 12544 uint16_t → ~25088 bytes uncompressed)

// LY ERG / Ly Erg Auraflow V0.3 000 S658039264 Th0.100 20 [Folder: LY_ERG] - RLE compressed data (offset: 27573, size: 139)
0xfe, 0x5e, 0xfe, 0x5e, 0x7e, 0x18, 0xce, 0x9e, 0x12, 0x23, 0x12, 0x10, 0x6e, 0x6e, 0x10, 0x19, 0x26, 0x18, 0x19, 0x16, 0x12, 0x6e, 0x7e, 0x15, 0x19, 0x1f, 0x1d, 0x1b, 0x16, 0x19, 0x6e, 0x7e, 0x16, 0x19, 0x18, 0x1d, 0x1c, 0x1b, 0x17, 0x6e, 0x7e, 0x16, 0x1c, 0x1a, 0x1c, 0x1a, 0x2b, 0x6e, 0x7e, 0x16, 0x1b, 0x1a, 0x1c, 0x1a, 0x1c, 0x23, 0x5e, 0x4e, 0x16, 0x2e, 0x15, 0x1e, 0x12, 0x2a, 0x1c, 0x14, 0x1b, 0x5e, 0x3e, 0x26, 0x1e, 0x16, 0x1b, 0x1e, 0x11, 0x1a, 0x1c, 0x1b, 0x13, 0x1b, 0x5e, 0x3e, 0x1c, 0x16, 0x1e, 0x19, 0x2e, 0x15, 0x17, 0x19, 0x17, 0x12, 0x1a, 0x5e, 0x3e, 0x1c, 0x17, 0x1e, 0x16, 0x2e, 0x56, 0x1d, 0x5e, 0x3e, 0x1a, 0x16, 0x4e, 0x15, 0x16, 0x2e, 0x1b, 0x1a,
0x5e, 0x3e, 0x1d, 0x4e, 0x11, 0x13, 0x11, 0x2e, 0x14, 0x6e, 0x9e, 0x12, 0x3e, 0x14, 0x6e, 0x9e, 0x13, 0x2e, 0x13, 0x14, 0x6e, 0xfe, 0x5e, 0xfe, 0x5e, 0xfe, 0x5e,
// Compressed size: 139 bytes original pixels: 12544 uint16_t → ~25088 bytes uncompressed)

// MANTICORE / Manticore Auraflow V0.3 000 S1112874494 Th0.100 20 [Folder: MANTICORE] - RLE compressed data (offset: 27712, size: 201)
0xfe, 0x5e, 0xde, 0x1b, 0x6e, 0x6e, 0x1b, 0x13, 0x17, 0x13, 0x10, 0x3e, 0x1d, 0x13, 0x4e, 0x5e, 0x20, 0x18, 0x11, 0x13, 0x1d, 0x13, 0x2e, 0x18, 0x1c, 0x16, 0x13, 0x2e, 0x5e, 0x22, 0x15, 0x2d, 0x26, 0x10, 0x1e, 0x12, 0x1b, 0x16, 0x23, 0x1e, 0x4e, 0x2f, 0x1d, 0x11, 0x14, 0x16, 0x2d, 0x13, 0x12, 0x2c, 0x19, 0x16, 0x2e, 0x5e, 0x1f, 0x1d, 0x12, 0x18, 0x2d, 0x1b, 0x2c, 0x19, 0x25, 0x17, 0x1c, 0x1e, 0x5e, 0x12, 0x1d, 0x14, 0x15, 0x16, 0x1c, 0x1d, 0x1c, 0x27, 0x1b, 0x19, 0x1b, 0x13, 0x1e, 0x5e, 0x14, 0x13, 0x1a, 0x1d, 0x1b, 0x17, 0x1c, 0x16, 0x13, 0x3e, 0x19, 0x15, 0x1e, 0x5e, 0x1a, 0x18, 0x1d, 0x19, 0x2d, 0x16, 0x1b, 0x13, 0x17, 0x1e, 0x13, 0x1a, 0x14, 0x1e, 0x6e, 0x14,
0x1d, 0x1a, 0x1c, 0x2d, 0x23, 0x1c, 0x3e, 0x14, 0x1e, 0x7e, 0x11, 0x12, 0x13, 0x1d, 0x15, 0x11, 0x16, 0x27, 0x2e, 0x14, 0x17, 0x8e, 0x12, 0x15, 0x1d, 0x1a, 0x15, 0x18, 0x16, 0x1a, 0x3e, 0x16, 0x7e, 0x10, 0x16, 0x1a, 0x2e, 0x14, 0x11, 0x1c, 0x1e, 0x1a, 0x2e, 0x13, 0x7e, 0x13, 0x1c, 0x5e, 0x19, 0x1e, 0x19, 0x3e, 0x7e, 0x12, 0x5e, 0x11, 0x19, 0x1e, 0x14, 0x1e, 0x1c, 0x1e, 0x6e, 0x11, 0x17, 0x3e, 0x10, 0x11, 0x12, 0x1e, 0x12, 0x15, 0x19, 0x2e, 0x4e, 0x10, 0x19, 0x10, 0x4e, 0x29, 0x1a, 0x1e, 0x19, 0x1a, 0x3e, 0xfe, 0x5e, 0xfe, 0x5e,
// Compressed size: 201 bytes original pixels: 12544 uint16_t → ~25088 bytes uncompressed)

// MANTIS SHRIMP / Mantis Shrimp Auraflow V0.3 000 S1907257235 Th0.100 20 [Folder: MANTIS_SHRIMP] - RLE compressed data (offset: 27913, size: 200)
0xfe, 0x5e, 0xfe, 0x5e, 0x9e, 0x10, 0x12, 0x10, 0x5e, 0x10, 0x2e, 0x8e, 0x18, 0x11, 0x12, 0x18, 0x14, 0x3e, 0x18, 0x12, 0x2e, 0x6e, 0x11, 0x15, 0x18, 0x10, 0x13, 0x11, 0x1d, 0x16, 0x2e, 0x17, 0x18, 0x2e, 0x5e, 0x13, 0x11, 0x1c, 0x13, 0x17, 0x14, 0x15, 0x19, 0x13, 0x2e, 0x1a, 0x18, 0x2e, 0x4e, 0x21, 0x1d, 0x1f, 0x1b, 0x1a, 0x18, 0x16, 0x24, 0x2e, 0x14, 0x1a, 0x10, 0x1e, 0x3e, 0x3d, 0x19, 0x1b, 0x1d, 0x1b, 0x16, 0x1b, 0x13, 0x12, 0x2e, 0x16, 0x1a, 0x2e, 0x4e, 0x5d, 0x1f, 0x1d, 0x17, 0x11, 0x13, 0x1e, 0x10, 0x11, 0x1f, 0x14, 0x1e, 0x5e, 0x1c, 0x1d, 0x16, 0x15, 0x13, 0x1d, 0x25, 0x17, 0x10, 0x13, 0x1a, 0x1c, 0x2e, 0x5e, 0x16, 0x1f, 0x19, 0x15, 0x1c, 0x1b, 0x13, 0x10,
0x19, 0x1a, 0x15, 0x2c, 0x2e, 0x5e, 0x18, 0x16, 0x13, 0x1b, 0x3d, 0x1c, 0x1d, 0x2f, 0x1b, 0x13, 0x2e, 0x4e, 0x13, 0x16, 0x13, 0x19, 0x2d, 0x1c, 0x2d, 0x11, 0x10, 0x19, 0x13, 0x3e, 0x2e, 0x1b, 0x29, 0x17, 0x15, 0x3d, 0x3c, 0x1d, 0x1c, 0x17, 0x1b, 0x3e, 0x1e, 0x15, 0x1d, 0x18, 0x1a, 0x16, 0x1c, 0x1e, 0x19, 0x16, 0x1e, 0x12, 0x16, 0x12, 0x15, 0x5e, 0x1e, 0x13, 0x19, 0x1a, 0x1b, 0x29, 0x1e, 0x14, 0x2e, 0x12, 0x1e, 0x13, 0x6e, 0x1e, 0x16, 0x19, 0x1e, 0x16, 0x19, 0xee, 0x5e, 0x20, 0x2e, 0x12, 0xae, 0x5e, 0x11, 0xee, 0xfe, 0x5e,
// Compressed size: 200 bytes original pixels: 12544 uint16_t → ~25088 bytes uncompressed)

// MAPINGUARI / Mapinguari Auraflow V0.3 000 S1057101614 Th0.100 20 [Folder: MAPINGUARI] - RLE compressed data (offset: 28113, size: 204)
0xfe, 0x5e, 0xfe, 0x5e, 0x9e, 0x13, 0x11, 0x9e, 0x8e, 0x33, 0x12, 0x11, 0x15, 0x6e, 0x7e, 0x21, 0x16, 0x15, 0x12, 0x14, 0x11, 0x13, 0x5e, 0x6e, 0x13, 0x19, 0x10, 0x13, 0x19, 0x1a, 0x12, 0x15, 0x17, 0x10, 0x4e, 0x5e, 0x10, 0x15, 0x17, 0x29, 0x17, 0x11, 0x35, 0x11, 0x10, 0x3e, 0x3e, 0x1c, 0x1e, 0x1b, 0x11, 0x14, 0x10, 0x19, 0x1c, 0x16, 0x13, 0x17, 0x13, 0x15, 0x17, 0x3e, 0x3e, 0x1a, 0x1e, 0x1d, 0x19, 0x16, 0x1f, 0x1c, 0x1d, 0x19, 0x11, 0x17, 0x14, 0x17, 0x15, 0x3e, 0x2e, 0x27, 0x1a, 0x1f, 0x10, 0x1c, 0x17, 0x2a, 0x1f, 0x14, 0x13, 0x14, 0x11, 0x14, 0x3e, 0x2e, 0x17, 0x15, 0x2c, 0x1f, 0x14, 0x13, 0x1d, 0x1a, 0x1f, 0x16, 0x13, 0x1f, 0x19, 0x18, 0x17, 0x2e, 0x2e, 0x1a,
0x1d, 0x19, 0x1c, 0x1e, 0x12, 0x1e, 0x17, 0x2f, 0x28, 0x1e, 0x1f, 0x1d, 0x17, 0x2e, 0x3e, 0x1a, 0x18, 0x12, 0x1e, 0x1c, 0x3e, 0x15, 0x18, 0x1a, 0x1e, 0x18, 0x1d, 0x17, 0x2e, 0x3e, 0x2b, 0x19, 0x5e, 0x18, 0x16, 0x15, 0x1e, 0x1f, 0x1d, 0x16, 0x2e, 0x3e, 0x1a, 0x1c, 0x1f, 0x6e, 0x18, 0x3e, 0x1c, 0x14, 0x2e, 0x4e, 0x1c, 0x1a, 0x1c, 0x5e, 0x19, 0x3e, 0x18, 0x14, 0x2e, 0x5e, 0x17, 0x15, 0x4e, 0x16, 0x17, 0x3e, 0x2a, 0x2e, 0x4e, 0x2a, 0x17, 0x1a, 0x3e, 0x1c, 0x19, 0x13, 0x1e, 0x1c, 0x1b, 0x16, 0x2e, 0x5e, 0x17, 0x2e, 0x16, 0x3e, 0x27, 0x6e, 0xfe, 0x5e,
// Compressed size: 204 bytes original pixels: 12544 uint16_t → ~25088 bytes uncompressed)

// MARA / Mara Auraflow V0.3 000 S3987725965 Th0.100 20 [Folder: MARA] - RLE compressed data (offset: 28317, size: 173)
0xfe, 0x5e, 0xfe, 0x5e, 0xbe, 0x1f, 0x15, 0x16, 0x10, 0x13, 0x4e, 0xbe, 0x19, 0x1a, 0x28, 0x1d, 0x12, 0x3e, 0xae, 0x1f, 0x19, 0x1d, 0x1b, 0x1d, 0x14, 0x10, 0x3e, 0xbe, 0x15, 0x17, 0x2d, 0x11, 0x1a, 0x3e, 0x4e, 0x19, 0x13, 0x12, 0x10, 0x2e, 0x19, 0x14, 0x1c, 0x1d, 0x19, 0x11, 0x1b, 0x10, 0x2e, 0x4e, 0x13, 0x1e, 0x15, 0x14, 0x13, 0x14, 0x17, 0x2b, 0x1d, 0x2e, 0x19, 0x1f, 0x2e, 0x2e, 0x15, 0x29, 0x17, 0x1c, 0x14, 0x17, 0x1b, 0x14, 0x27, 0x1d, 0x3e, 0x11, 0x2e, 0x2e, 0x19, 0x18, 0x1b, 0x27, 0x1b, 0x19, 0x1c, 0x17, 0x1c, 0x1a, 0x1d, 0x10, 0x5e, 0x1e, 0x13, 0x19, 0x1d, 0x13, 0x17, 0x1c, 0x18, 0x1b, 0x1d, 0x1c, 0x1d, 0x18, 0x1f, 0x12, 0x5e, 0x2e, 0x19, 0x1d, 0x1b, 0x1c,
0x1f, 0x3d, 0x1b, 0x17, 0x2f, 0x15, 0x5e, 0x2e, 0x19, 0x3d, 0x1e, 0x1d, 0x19, 0x2e, 0x1c, 0x2e, 0x1f, 0x1d, 0x10, 0x3e, 0x2e, 0x11, 0x1a, 0x1f, 0x1e, 0x19, 0x5e, 0x17, 0x3e, 0x13, 0x3e, 0x3e, 0x16, 0x9e, 0x12, 0x2e, 0x12, 0x3e, 0x3e, 0x12, 0x5e, 0x13, 0x12, 0x20, 0x3e, 0x11, 0x3e, 0x2e, 0x10, 0x3e, 0x13, 0xde, 0x2e, 0x12, 0x3e, 0x12, 0xde, 0xfe, 0x5e, 0xfe, 0x5e,
// Compressed size: 173 bytes original pixels: 12544 uint16_t → ~25088 bytes uncompressed)

// MARID / Marid Auraflow V0.3 000 S3636671168 Th0.100 20 [Folder: MARID] - RLE compressed data (offset: 28490, size: 257)
0xfe, 0x5e, 0x4e, 0x13, 0x1e, 0x1f, 0x20, 0x1c, 0x2e, 0x1f, 0x1e, 0x12, 0x17, 0x4e, 0x4e, 0x11, 0x15, 0x11, 0x10, 0x15, 0x21, 0x20, 0x7e, 0x3e, 0x11, 0x13, 0x10, 0x13, 0x19, 0x14, 0x11, 0x1a, 0x19, 0x1f, 0x12, 0x6e, 0x3e, 0x1c, 0x15, 0x13, 0x19, 0x13, 0x10, 0x11, 0x13, 0x15, 0x13, 0x1b, 0x6e, 0x3e, 0x11, 0x25, 0x19, 0x1d, 0x1a, 0x1b, 0x25, 0x13, 0x19, 0x11, 0x5e, 0x4e, 0x15, 0x1d, 0x1c, 0x19, 0x1a, 0x18, 0x13, 0x1d, 0x19, 0x13, 0x16, 0x1e, 0x13, 0x10, 0x2e, 0x4e, 0x13, 0x15, 0x2b, 0x1c, 0x1b, 0x1d, 0x15, 0x1d, 0x13, 0x25, 0x1e, 0x18, 0x2e, 0x4e, 0x1d, 0x19, 0x1d, 0x1b, 0x2c, 0x15, 0x19, 0x13, 0x16, 0x14, 0x16, 0x1e, 0x19, 0x2e, 0x6e, 0x1c, 0x1f, 0x1c, 0x1b, 0x13,
0x32, 0x1a, 0x1b, 0x19, 0x1a, 0x2e, 0x5e, 0x16, 0x15, 0x19, 0x10, 0x25, 0x10, 0x29, 0x15, 0x10, 0x14, 0x1f, 0x2e, 0x5e, 0x21, 0x19, 0x17, 0x15, 0x19, 0x15, 0x1d, 0x19, 0x16, 0x10, 0x1f, 0x3e, 0x4e, 0x16, 0x11, 0x15, 0x2c, 0x19, 0x11, 0x14, 0x1a, 0x1f, 0x19, 0x10, 0x1e, 0x16, 0x12, 0x1e, 0x3e, 0x14, 0x15, 0x13, 0x11, 0x12, 0x16, 0x15, 0x1b, 0x16, 0x12, 0x1b, 0x12, 0x1c, 0x2f, 0x1c, 0x1e, 0x2e, 0x18, 0x1c, 0x12, 0x1d, 0x19, 0x14, 0x38, 0x17, 0x18, 0x14, 0x1c, 0x1d, 0x1f, 0x1e, 0x17, 0x1e, 0x4e, 0x1b, 0x15, 0x12, 0x2f, 0x18, 0x1c, 0x12, 0x13, 0x25, 0x14, 0x17, 0x1c, 0x2e, 0x3e, 0x1c, 0x1d, 0x1b, 0x25, 0x12, 0x1c, 0x11, 0x1a, 0x19, 0x16, 0x2b, 0x15, 0x1c, 0x2e, 0x3e,
0x12, 0x16, 0x3b, 0x19, 0x12, 0x19, 0x1d, 0x1a, 0x1d, 0x1b, 0x1f, 0x1e, 0x16, 0x2e, 0x4e, 0x1f, 0x1c, 0x1b, 0x1d, 0x1c, 0x15, 0x2a, 0x1f, 0x1d, 0x1a, 0x12, 0x4e, 0x7e, 0x1f, 0x1c, 0x16, 0x1f, 0x9e,
// Compressed size: 257 bytes original pixels: 12544 uint16_t → ~25088 bytes uncompressed)

// MAROOL / Marool Auraflow V0.3 000 S3991327420 Th0.100 20 [Folder: MAROOL] - RLE compressed data (offset: 28747, size: 200)
0xff, 0x5f, 0xff, 0x5f, 0x8f, 0x1b, 0x22, 0x13, 0x15, 0x17, 0x11, 0x12, 0x4f, 0x5f, 0x18, 0x19, 0x1e, 0x11, 0x1a, 0x13, 0x1c, 0x17, 0x15, 0x2e, 0x11, 0x3f, 0x4f, 0x18, 0x1a, 0x19, 0x1d, 0x1e, 0x19, 0x1c, 0x17, 0x1d, 0x2c, 0x2e, 0x16, 0x2f, 0x4f, 0x29, 0x14, 0x2e, 0x17, 0x1e, 0x19, 0x11, 0x2e, 0x1d, 0x1f, 0x17, 0x2f, 0x3f, 0x11, 0x17, 0x1c, 0x1b, 0x2e, 0x2c, 0x2f, 0x1c, 0x6f, 0x3f, 0x11, 0x12, 0x19, 0x3e, 0x13, 0x4f, 0x19, 0x12, 0x4f, 0x2f, 0x14, 0x1e, 0x17, 0x3e, 0x13, 0x28, 0x2f, 0x12, 0x19, 0x5f, 0x2f, 0x18, 0x23, 0x1c, 0x1e, 0x15, 0x1d, 0x1b, 0x15, 0x18, 0x1f, 0x12, 0x1b, 0x5f, 0x1f, 0x1b, 0x1a, 0x13, 0x18, 0x13, 0x1e, 0x1c, 0x1e, 0x2d, 0x1c, 0x1f, 0x17, 0x28,
0x4f, 0x1f, 0x1a, 0x2d, 0x1a, 0x12, 0x1a, 0x1d, 0x19, 0x2f, 0x1b, 0x2f, 0x1c, 0x12, 0x4f, 0x1b, 0x3a, 0x13, 0x1d, 0x2f, 0x1a, 0x1d, 0x4f, 0x1d, 0x1b, 0x4f, 0x1a, 0x1b, 0x19, 0x1f, 0x19, 0x1a, 0x16, 0x2f, 0x16, 0x4f, 0x1b, 0x14, 0x11, 0x3f, 0x1f, 0x16, 0x1a, 0x12, 0x14, 0x15, 0x17, 0x1c, 0x1f, 0x15, 0x16, 0x3f, 0x1d, 0x18, 0x13, 0x17, 0x2f, 0x3f, 0x15, 0x18, 0x16, 0x1f, 0x1a, 0x18, 0x17, 0x1c, 0x16, 0x3f, 0x1b, 0x1c, 0x1b, 0x2f, 0x5f, 0x19, 0x1d, 0x9f, 0x15, 0x16, 0x12, 0x1f, 0xff, 0x1e, 0x1c, 0x3f, 0xff, 0x5f, 0xff, 0x5f,
// Compressed size: 200 bytes original pixels: 12544 uint16_t → ~25088 bytes uncompressed)

// MEDUSA / Medusa Auraflow V0.3 000 S4144324005 Th0.100 20 [Folder: MEDUSA] - RLE compressed data (offset: 28947, size: 258)
0x9d, 0x11, 0xad, 0x6d, 0x1b, 0x13, 0x12, 0x10, 0x19, 0x2b, 0x1c, 0x1b, 0x5d, 0x5d, 0x1b, 0x19, 0x21, 0x16, 0x21, 0x16, 0x1e, 0x10, 0x11, 0x4d, 0x5d, 0x1f, 0x11, 0x1b, 0x23, 0x12, 0x13, 0x10, 0x14, 0x2b, 0x16, 0x3d, 0x4d, 0x11, 0x1b, 0x18, 0x1a, 0x19, 0x16, 0x2e, 0x14, 0x19, 0x1f, 0x1e, 0x4d, 0x3d, 0x19, 0x1b, 0x16, 0x1f, 0x12, 0x17, 0x1e, 0x19, 0x17, 0x1f, 0x1b, 0x1c, 0x1e, 0x15, 0x3d, 0x3d, 0x1b, 0x17, 0x1e, 0x18, 0x1b, 0x12, 0x19, 0x15, 0x22, 0x1e, 0x1c, 0x1b, 0x4d, 0x3d, 0x16, 0x14, 0x18, 0x17, 0x12, 0x15, 0x12, 0x14, 0x11, 0x17, 0x19, 0x1f, 0x1e, 0x4d, 0x4d, 0x14, 0x1a, 0x11, 0x12, 0x14, 0x10, 0x12, 0x15, 0x1e, 0x1c, 0x1e, 0x16, 0x4d, 0x4d, 0x11, 0x18, 0x1c,
0x19, 0x1e, 0x10, 0x13, 0x12, 0x19, 0x1f, 0x18, 0x1c, 0x4d, 0x5d, 0x1c, 0x1e, 0x1f, 0x17, 0x12, 0x18, 0x1e, 0x19, 0x1f, 0x1c, 0x18, 0x15, 0x3d, 0x3d, 0x11, 0x2d, 0x17, 0x1a, 0x17, 0x14, 0x15, 0x16, 0x2f, 0x19, 0x1c, 0x4d, 0x6d, 0x10, 0x1f, 0x1b, 0x15, 0x18, 0x1a, 0x2f, 0x16, 0x2a, 0x3d, 0x4d, 0x10, 0x12, 0x11, 0x1f, 0x1a, 0x15, 0x18, 0x1a, 0x1c, 0x1f, 0x1b, 0x16, 0x1d, 0x16, 0x15, 0x1d, 0x3d, 0x21, 0x18, 0x11, 0x1f, 0x12, 0x17, 0x16, 0x18, 0x1b, 0x2f, 0x1a, 0x19, 0x15, 0x2d, 0x2d, 0x12, 0x25, 0x18, 0x15, 0x1f, 0x15, 0x16, 0x13, 0x15, 0x18, 0x1f, 0x1c, 0x1a, 0x19, 0x18, 0x2d, 0x2d, 0x13, 0x35, 0x19, 0x1a, 0x22, 0x18, 0x25, 0x3e, 0x1c, 0x3d, 0x2d, 0x13, 0x25, 0x16,
0x1b, 0x1e, 0x43, 0x14, 0x16, 0x2f, 0x4d, 0x2d, 0x45, 0x19, 0x1a, 0x19, 0x18, 0x17, 0x16, 0x1a, 0x1e, 0x1f, 0x1a, 0x4d, 0x2d, 0x35, 0x16, 0x19, 0x1b, 0x1a, 0x16, 0x1a, 0x18, 0x1b, 0x1c, 0x1f, 0x1b, 0x4d,
// Compressed size: 258 bytes original pixels: 12544 uint16_t → ~25088 bytes uncompressed)

// MENEHUNE / Menehune Auraflow V0.3 000 S668673817 Th0.100 20 [Folder: MENEHUNE] - RLE compressed data (offset: 29205, size: 178)
0xf0, 0x50, 0xc0, 0x19, 0x70, 0xb0, 0x1a, 0x14, 0x16, 0x10, 0x14, 0x40, 0xa0, 0x16, 0x1a, 0x25, 0x10, 0x17, 0x40, 0x80, 0x1a, 0x10, 0x18, 0x14, 0x19, 0x25, 0x50, 0x80, 0x16, 0x11, 0x1e, 0x16, 0x17, 0x19, 0x14, 0x18, 0x1e, 0x30, 0x70, 0x12, 0x14, 0x15, 0x1f, 0x2b, 0x10, 0x1d, 0x12, 0x18, 0x1d, 0x20, 0x60, 0x1f, 0x1b, 0x12, 0x1c, 0x18, 0x19, 0x13, 0x10, 0x12, 0x16, 0x1b, 0x1e, 0x20, 0x70, 0x18, 0x13, 0x1a, 0x29, 0x13, 0x10, 0x1a, 0x16, 0x1d, 0x30, 0x60, 0x1f, 0x17, 0x10, 0x1b, 0x1a, 0x17, 0x15, 0x10, 0x11, 0x1f, 0x28, 0x20, 0x60, 0x1b, 0x15, 0x1f, 0x1c, 0x1a, 0x13, 0x1c, 0x17, 0x60, 0x60, 0x14, 0x16, 0x1b, 0x13, 0x11, 0x13, 0x10, 0x19, 0x13, 0x1c, 0x1f, 0x30, 0x60,
0x18, 0x14, 0x1a, 0x13, 0x1c, 0x14, 0x10, 0x33, 0x1b, 0x18, 0x20, 0x70, 0x15, 0x10, 0x1a, 0x1e, 0x17, 0x11, 0x15, 0x1f, 0x17, 0x1d, 0x1b, 0x20, 0x70, 0x17, 0x10, 0x1f, 0x13, 0x20, 0x1a, 0x15, 0x13, 0x1e, 0x1f, 0x20, 0x70, 0x1d, 0x10, 0x1f, 0x17, 0x29, 0x14, 0x1a, 0x13, 0x2f, 0x20, 0x70, 0x14, 0x1b, 0x1a, 0x30, 0x15, 0x19, 0x1c, 0x1b, 0x16, 0x20, 0xf0, 0x10, 0x1e, 0x30, 0xf0, 0x50, 0xf0, 0x50,
// Compressed size: 178 bytes original pixels: 12544 uint16_t → ~25088 bytes uncompressed)

// MERMAID / Mermaid Auraflow V0.3 000 S4266953353 Th0.100 20 [Folder: MERMAID] - RLE compressed data (offset: 29383, size: 205)
0xff, 0x5f, 0x7f, 0x19, 0x13, 0x10, 0x11, 0x1f, 0x15, 0x7f, 0x6f, 0x17, 0x16, 0x29, 0x11, 0x22, 0x18, 0x19, 0x12, 0x4f, 0x6f, 0x12, 0x1c, 0x19, 0x1c, 0x14, 0x20, 0x13, 0x6f, 0x7f, 0x18, 0x2e, 0x2a, 0x12, 0x10, 0x11, 0x5f, 0x8f, 0x13, 0x1c, 0x1e, 0x1c, 0x14, 0x11, 0x14, 0x1f, 0x18, 0x3f, 0x9f, 0x1c, 0x1a, 0x19, 0x18, 0x22, 0x14, 0x17, 0x3f, 0x8f, 0x11, 0x1e, 0x15, 0x10, 0x13, 0x1a, 0x15, 0x17, 0x11, 0x18, 0x2f, 0x8f, 0x10, 0x13, 0x1c, 0x16, 0x19, 0x10, 0x16, 0x17, 0x4f, 0x7f, 0x24, 0x1d, 0x2c, 0x2f, 0x11, 0x12, 0x1c, 0x3f, 0x7f, 0x1c, 0x29, 0x1c, 0x18, 0x1a, 0x3f, 0x20, 0x2f, 0x7f, 0x13, 0x1c, 0x16, 0x1e, 0x1f, 0x19, 0x3f, 0x18, 0x19, 0x12, 0x1f, 0x3f, 0x15, 0x13,
0x11, 0x2f, 0x12, 0x1c, 0x2f, 0x18, 0x4f, 0x19, 0x1a, 0x1f, 0x3f, 0x13, 0x15, 0x2a, 0x13, 0x29, 0x2f, 0x17, 0x4f, 0x18, 0x1a, 0x1f, 0x3f, 0x1b, 0x37, 0x1d, 0x1e, 0x19, 0x1e, 0x2f, 0x16, 0x3f, 0x1b, 0x1c, 0x1f, 0x3f, 0x1e, 0x1d, 0x1b, 0x15, 0x18, 0x1b, 0x1c, 0x1e, 0x2f, 0x13, 0x2f, 0x1a, 0x17, 0x1e, 0x1f, 0x4f, 0x1e, 0x1b, 0x25, 0x17, 0x11, 0x15, 0x17, 0x16, 0x17, 0x16, 0x12, 0x15, 0x1b, 0x1e, 0x1f, 0x5f, 0x18, 0x19, 0x17, 0x13, 0x11, 0x33, 0x1e, 0x17, 0x15, 0x1d, 0x1c, 0x2f, 0x6f, 0x2d, 0x17, 0x1b, 0x16, 0x18, 0x1c, 0x2d, 0x1e, 0x1b, 0x3f, 0xff, 0x5f,
// Compressed size: 205 bytes original pixels: 12544 uint16_t → ~25088 bytes uncompressed)

// MERROW / Merrow Auraflow V0.3 000 S1587561784 Th0.100 20 [Folder: MERROW] - RLE compressed data (offset: 29588, size: 202)
0xfe, 0x5e, 0x9e, 0x17, 0x1e, 0x13, 0x17, 0x16, 0x12, 0x5e, 0x5e, 0x11, 0x1e, 0x18, 0x1a, 0x1c, 0x19, 0x14, 0x1e, 0x14, 0x1e, 0x11, 0x4e, 0x5e, 0x15, 0x17, 0x18, 0x1d, 0x1b, 0x4e, 0x15, 0x11, 0x4e, 0x4e, 0x17, 0x1c, 0x14, 0x18, 0x1d, 0x1b, 0x1e, 0x10, 0x8e, 0x6e, 0x18, 0x1a, 0x1b, 0x17, 0x15, 0x3e, 0x10, 0x16, 0x4e, 0x7e, 0x1f, 0x1c, 0x2d, 0x11, 0x8e, 0x2e, 0x14, 0x17, 0x2e, 0x12, 0x14, 0x18, 0x1b, 0x1c, 0x1a, 0x8e, 0x1e, 0x15, 0x1e, 0x1b, 0x2e, 0x19, 0x1e, 0x3d, 0x18, 0x22, 0x10, 0x5e, 0x4e, 0x18, 0x19, 0x1e, 0x13, 0x2d, 0x1b, 0x11, 0x16, 0x19, 0x6e, 0x7e, 0x19, 0x1a, 0x2d, 0x1a, 0x2e, 0x15, 0x14, 0x1e, 0x14, 0x2e, 0x6e, 0x11, 0x1b, 0x1d, 0x17, 0x13, 0x16, 0x12,
0x1e, 0x15, 0x17, 0x19, 0x16, 0x2e, 0x7e, 0x15, 0x19, 0x1d, 0x18, 0x19, 0x14, 0x3e, 0x15, 0x16, 0x12, 0x1e, 0x3e, 0x12, 0x2e, 0x15, 0x16, 0x1b, 0x15, 0x1b, 0x12, 0x1a, 0x19, 0x3e, 0x14, 0x17, 0x1e, 0x4e, 0x17, 0x15, 0x14, 0x1b, 0x1d, 0x1c, 0x13, 0x11, 0x1d, 0x12, 0x1e, 0x11, 0x2e, 0x17, 0x1e, 0x7e, 0x14, 0x1b, 0x14, 0x12, 0x14, 0x16, 0x11, 0x1e, 0x11, 0x2e, 0x14, 0x1e, 0x8e, 0x16, 0x2e, 0x18, 0x1a, 0x12, 0x2e, 0x11, 0x16, 0x2e, 0x8e, 0x14, 0x4e, 0x13, 0x14, 0x15, 0x16, 0x3e, 0x5e, 0x12, 0x15, 0x14, 0x4e, 0x26, 0x6e, 0xde, 0x14, 0x6e,
// Compressed size: 202 bytes original pixels: 12544 uint16_t → ~25088 bytes uncompressed)

// MIGO / Migo Auraflow V0.3 000 S3583832674 Th0.100 20 [Folder: MIGO] - RLE compressed data (offset: 29790, size: 190)
0xfe, 0x5e, 0x8e, 0x10, 0x14, 0x15, 0x12, 0x15, 0x10, 0x6e, 0x7e, 0x14, 0x15, 0x18, 0x12, 0x13, 0x12, 0x11, 0x19, 0x5e, 0x6e, 0x10, 0x1e, 0x14, 0x22, 0x17, 0x1b, 0x18, 0x1a, 0x19, 0x4e, 0x6e, 0x15, 0x14, 0x32, 0x17, 0x13, 0x18, 0x15, 0x13, 0x16, 0x3e, 0x5e, 0x1c, 0x13, 0x17, 0x1f, 0x24, 0x17, 0x29, 0x13, 0x18, 0x15, 0x1a, 0x2e, 0x4e, 0x14, 0x15, 0x1a, 0x16, 0x25, 0x19, 0x18, 0x19, 0x1f, 0x19, 0x1b, 0x1d, 0x13, 0x2e, 0x4e, 0x15, 0x18, 0x15, 0x17, 0x2d, 0x1a, 0x16, 0x2d, 0x18, 0x17, 0x10, 0x16, 0x2e, 0x4e, 0x17, 0x4d, 0x13, 0x1d, 0x1c, 0x1d, 0x13, 0x1f, 0x1d, 0x13, 0x12, 0x2e, 0x3e, 0x19, 0x18, 0x19, 0x2d, 0x2f, 0x1d, 0x1f, 0x17, 0x1f, 0x1d, 0x10, 0x11, 0x19, 0x18,
0x1e, 0x2e, 0x14, 0x13, 0x1a, 0x10, 0x2c, 0x12, 0x2d, 0x17, 0x1f, 0x28, 0x2e, 0x2a, 0x1e, 0x2e, 0x18, 0x1e, 0x20, 0x1f, 0x13, 0x19, 0x1d, 0x19, 0x1a, 0x5e, 0x1c, 0x2e, 0x2e, 0x18, 0x17, 0x4e, 0x15, 0x2e, 0x18, 0x5e, 0x1d, 0x2e, 0x2e, 0x15, 0x5e, 0x1d, 0x2e, 0x1f, 0x2e, 0x13, 0x1e, 0x1b, 0x13, 0x2e, 0x3e, 0x1a, 0x16, 0x3e, 0x1f, 0x11, 0x6e, 0x16, 0x3e, 0x4e, 0x19, 0x3e, 0x18, 0x5e, 0x10, 0x13, 0x18, 0x3e, 0x8e, 0x1b, 0xbe, 0x7e, 0x13, 0xce, 0xfe, 0x5e, 0xfe, 0x5e,
// Compressed size: 190 bytes original pixels: 12544 uint16_t → ~25088 bytes uncompressed)

// MIMIC / Mimic Auraflow V0.3 000 S2478079643 Th0.100 20 [Folder: MIMIC] - RLE compressed data (offset: 29980, size: 227)
0xfe, 0x5e, 0xae, 0x10, 0x14, 0x10, 0x7e, 0x7e, 0x11, 0x12, 0x25, 0x12, 0x24, 0x11, 0x10, 0x4e, 0x4e, 0x13, 0x15, 0x11, 0x12, 0x14, 0x19, 0x18, 0x12, 0x20, 0x14, 0x1b, 0x20, 0x2e, 0x3e, 0x15, 0x13, 0x24, 0x13, 0x19, 0x12, 0x19, 0x1a, 0x14, 0x19, 0x1f, 0x18, 0x10, 0x24, 0x1e, 0x2e, 0x10, 0x16, 0x1a, 0x17, 0x13, 0x19, 0x21, 0x2c, 0x1b, 0x11, 0x1d, 0x12, 0x1f, 0x10, 0x14, 0x1e, 0x2e, 0x10, 0x19, 0x26, 0x18, 0x10, 0x1b, 0x1f, 0x1d, 0x18, 0x1c, 0x1b, 0x4d, 0x1c, 0x1e, 0x3e, 0x17, 0x15, 0x11, 0x12, 0x13, 0x19, 0x1d, 0x1b, 0x15, 0x1c, 0x3d, 0x4e, 0x2e, 0x13, 0x18, 0x17, 0x13, 0x12, 0x1b, 0x1d, 0x1c, 0x1d, 0x1f, 0x19, 0x12, 0x14, 0x19, 0x15, 0x3e, 0x2e, 0x1b, 0x1a, 0x13,
0x18, 0x19, 0x2d, 0x18, 0x2d, 0x1b, 0x1a, 0x10, 0x1b, 0x4e, 0x2e, 0x1a, 0x1b, 0x13, 0x18, 0x2d, 0x1c, 0x1f, 0x1b, 0x1a, 0x2e, 0x1a, 0x12, 0x18, 0x3e, 0x2e, 0x17, 0x10, 0x19, 0x4b, 0x1c, 0x1b, 0x1d, 0x3e, 0x10, 0x1f, 0x3e, 0x2e, 0x15, 0x14, 0x1b, 0x2a, 0x19, 0x1d, 0x17, 0x1b, 0x4e, 0x12, 0x15, 0x3e, 0x2e, 0x1b, 0x13, 0x18, 0x17, 0x1a, 0x16, 0x1e, 0x1a, 0x13, 0x9e, 0x1e, 0x16, 0x15, 0x1a, 0x11, 0x26, 0x2e, 0x1b, 0x12, 0x14, 0x8e, 0x1e, 0x19, 0x1e, 0x16, 0x17, 0x1a, 0x2e, 0x10, 0x1b, 0x17, 0x9e, 0x2e, 0x16, 0x17, 0x11, 0x1b, 0x1e, 0x16, 0x17, 0x13, 0x1a, 0x9e, 0x2e, 0x17, 0x15, 0x13, 0x18, 0x2e, 0x13, 0x1e, 0x27, 0x8e, 0x3e, 0x15, 0x1b, 0x1a, 0x18, 0x4e, 0x4a, 0x5e,
0x4e, 0x19, 0xfe,
// Compressed size: 227 bytes original pixels: 12544 uint16_t → ~25088 bytes uncompressed)

// MINOTAUR / Minotaur Auraflow V0.3 000 S2505692537 Th0.100 20 [Folder: MINOTAUR] - RLE compressed data (offset: 30207, size: 145)
0xff, 0x5f, 0xff, 0x5f, 0x6f, 0x11, 0x5f, 0x11, 0x7f, 0x7f, 0x1d, 0x16, 0x12, 0x11, 0x26, 0x7f, 0x8f, 0x19, 0x1e, 0x1b, 0x11, 0x8f, 0x7f, 0x11, 0x17, 0x1d, 0x18, 0x11, 0x8f, 0x6f, 0x15, 0x1a, 0x12, 0x1c, 0x11, 0x1d, 0x17, 0x7f, 0x6f, 0x16, 0x2d, 0x13, 0x1d, 0x1e, 0x15, 0x7f, 0x6f, 0x1b, 0x1f, 0x1d, 0x1b, 0x1c, 0x1f, 0x1b, 0x14, 0x6f, 0x6f, 0x19, 0x15, 0x1b, 0x1c, 0x19, 0x1f, 0x1d, 0x1e, 0x6f, 0x6f, 0x14, 0x1d, 0x16, 0x1e, 0x1a, 0x13, 0x1f, 0x1d, 0x6f, 0x6f, 0x16, 0x1c, 0x1d, 0x15, 0x16, 0x19, 0x1f, 0x15, 0x6f, 0x4f, 0x14, 0x1d, 0x1f, 0x2d, 0x29, 0x17, 0x1f, 0x1e, 0x6f, 0x3f, 0x15, 0x17, 0x2f, 0x1e, 0x1b, 0x18, 0x16, 0x1e, 0x8f, 0x3f, 0x17, 0x15, 0x14, 0x1f, 0x1b,
0x15, 0x14, 0x1f, 0x1b, 0x8f, 0x7f, 0x1b, 0x19, 0x1f, 0x14, 0x1e, 0x12, 0x7f, 0x7f, 0x19, 0x14, 0x2f, 0x1b, 0x14, 0x7f, 0x7f, 0x17, 0x4f, 0x12, 0x7f, 0x6f, 0x16, 0x18, 0x4f, 0x13, 0x7f, 0xff, 0x5f,
// Compressed size: 145 bytes original pixels: 12544 uint16_t → ~25088 bytes uncompressed)

// MOLE PEOPLE / Mole People Auraflow V0.3 000 S4009370038 Th0.100 20 [Folder: MOLE_PEOPLE] - RLE compressed data (offset: 30352, size: 137)
0xfe, 0x5e, 0xfe, 0x5e, 0xfe, 0x5e, 0x6e, 0x16, 0x14, 0x13, 0x18, 0xae, 0x4e, 0x11, 0x1e, 0x11, 0x19, 0x13, 0x11, 0x13, 0x1b, 0x8e, 0x6e, 0x16, 0x17, 0x14, 0x10, 0x1b, 0x15, 0x8e, 0x5e, 0x14, 0x17, 0x1d, 0x13, 0x16, 0x1b, 0x17, 0x8e, 0x6e, 0x15, 0x1d, 0x12, 0x2d, 0x17, 0x1a, 0x7e, 0x5e, 0x17, 0x19, 0x1a, 0x16, 0x1b, 0x2d, 0x16, 0x7e, 0x5e, 0x12, 0x1b, 0x1d, 0x18, 0x17, 0x1f, 0x1d, 0x19, 0x15, 0x6e, 0x5e, 0x14, 0x15, 0x1a, 0x18, 0x1a, 0x16, 0x19, 0x1d, 0x13, 0x6e, 0x5e, 0x17, 0x13, 0x1c, 0x17, 0x1e, 0x1a, 0x1d, 0x1e, 0x1d, 0x6e, 0x6e, 0x19, 0x12, 0x2e, 0x19, 0x2e, 0x17, 0x6e, 0x5e, 0x17, 0x1b, 0x17, 0x2e, 0x1a, 0x2e, 0x16, 0x6e, 0x5e, 0x19, 0x1a, 0x10, 0x1a, 0x1e,
0x18, 0x1b, 0x20, 0x6e, 0x7e, 0x10, 0x18, 0x3e, 0x14, 0x17, 0x1c, 0x5e, 0x8e, 0x10, 0x3e, 0x11, 0x16, 0x1a, 0x5e, 0xfe, 0x5e, 0xfe, 0x5e, 0xfe, 0x5e,
// Compressed size: 137 bytes original pixels: 12544 uint16_t → ~25088 bytes uncompressed)

// MORGEN / Morgen Auraflow V0.3 000 S342274397 Th0.100 20 [Folder: MORGEN] - RLE compressed data (offset: 30489, size: 193)
0xff, 0x5f, 0x9f, 0x1c, 0x1f, 0x12, 0x8f, 0x7f, 0x10, 0x16, 0x28, 0x10, 0x8f, 0x8f, 0x1d, 0x12, 0x1d, 0x10, 0x8f, 0x9f, 0x1d, 0x18, 0x15, 0x11, 0x7f, 0x2f, 0x17, 0x13, 0x17, 0x3f, 0x1b, 0x1c, 0x1b, 0x14, 0x16, 0x10, 0x6f, 0x5f, 0x1b, 0x2f, 0x10, 0x18, 0x17, 0x15, 0x1e, 0x7f, 0x5f, 0x10, 0x18, 0x17, 0x1d, 0x1f, 0x11, 0x1a, 0x1d, 0x19, 0x6f, 0x5f, 0x10, 0x1d, 0x15, 0x13, 0x1f, 0x1c, 0x1b, 0x1c, 0x17, 0x6f, 0x6f, 0x18, 0x10, 0x1f, 0x10, 0x1a, 0x1d, 0x1e, 0x7f, 0x7f, 0x10, 0x1f, 0x14, 0x1e, 0x1b, 0x18, 0x1f, 0x1c, 0x5f, 0x5f, 0x10, 0x3f, 0x1b, 0x2d, 0x18, 0x10, 0x18, 0x5f, 0x1f, 0x21, 0x16, 0x31, 0x1f, 0x19, 0x1d, 0x17, 0x1e, 0x18, 0x11, 0x6f, 0x23, 0x12, 0x11, 0x13,
0x10, 0x26, 0x1a, 0x18, 0x1e, 0x2b, 0x7f, 0x15, 0x16, 0x15, 0x16, 0x11, 0x26, 0x1a, 0x18, 0x1e, 0x1a, 0x1d, 0x1b, 0x11, 0x1f, 0x11, 0x4f, 0x15, 0x2a, 0x17, 0x1c, 0x1a, 0x12, 0x17, 0x15, 0x2d, 0x1a, 0x19, 0x17, 0x12, 0x10, 0x4f, 0x15, 0x49, 0x1a, 0x1c, 0x15, 0x16, 0x1c, 0x17, 0x18, 0x1a, 0x18, 0x11, 0x12, 0x13, 0x24, 0x1f, 0x1f, 0x16, 0x18, 0x1a, 0x14, 0x13, 0x16, 0x14, 0x37, 0x19, 0x25, 0x26, 0x13, 0x11, 0x16, 0x1f, 0x4f, 0x24, 0x12, 0x17, 0x19, 0x13, 0x24, 0x15, 0x7f, 0xff, 0x5f,
// Compressed size: 193 bytes original pixels: 12544 uint16_t → ~25088 bytes uncompressed)

// MOROI / Moroi Auraflow V0.3 000 S2885729455 Th0.100 20 [Folder: MOROI] - RLE compressed data (offset: 30682, size: 200)
0xff, 0x5f, 0x7f, 0x17, 0x24, 0xaf, 0x6f, 0x11, 0x22, 0x14, 0x1b, 0x9f, 0x4f, 0x14, 0x12, 0x13, 0x18, 0x13, 0x11, 0x14, 0x27, 0x7f, 0x4f, 0x11, 0x14, 0x1a, 0x1b, 0x1e, 0x22, 0x13, 0x1d, 0x26, 0x5f, 0x3f, 0x12, 0x11, 0x1b, 0x1d, 0x18, 0x1e, 0x14, 0x15, 0x2d, 0x13, 0x15, 0x16, 0x4f, 0x2f, 0x11, 0x14, 0x11, 0x14, 0x3e, 0x18, 0x15, 0x1d, 0x18, 0x1d, 0x18, 0x16, 0x1b, 0x3f, 0x3f, 0x32, 0x1e, 0x1a, 0x2e, 0x1c, 0x13, 0x1f, 0x1d, 0x18, 0x2b, 0x1a, 0x2f, 0x3f, 0x12, 0x19, 0x13, 0x1b, 0x3d, 0x1a, 0x1d, 0x18, 0x1c, 0x16, 0x19, 0x1a, 0x1b, 0x2f, 0x3f, 0x11, 0x1a, 0x16, 0x2f, 0x16, 0x1c, 0x1e, 0x15, 0x1c, 0x1a, 0x1d, 0x1a, 0x19, 0x1f, 0x16, 0x1f, 0x3f, 0x11, 0x1d, 0x13, 0x3f,
0x1c, 0x16, 0x12, 0x1c, 0x19, 0x1f, 0x26, 0x1f, 0x1b, 0x1f, 0x3f, 0x14, 0x2c, 0x3f, 0x1c, 0x15, 0x1d, 0x1a, 0x3f, 0x1a, 0x1f, 0x1a, 0x1f, 0x4f, 0x18, 0x5f, 0x12, 0x2b, 0x17, 0x3f, 0x12, 0x1c, 0x1f, 0x4f, 0x18, 0x5f, 0x1b, 0x2f, 0x18, 0x13, 0x2f, 0x1d, 0x2f, 0x4f, 0x13, 0x4f, 0x11, 0x7f, 0x1a, 0x2f, 0x4f, 0x14, 0x4f, 0x15, 0x3f, 0x18, 0x3f, 0x19, 0x2f, 0x4f, 0x1c, 0x3f, 0x14, 0x1e, 0x1f, 0x16, 0x1b, 0x1a, 0x2f, 0x25, 0x2f, 0x2f, 0x13, 0x18, 0x15, 0x2f, 0x19, 0x13, 0x1c, 0x5f, 0x19, 0x15, 0x19, 0x2f, 0xff, 0x5f, 0xff, 0x5f,
// Compressed size: 200 bytes original pixels: 12544 uint16_t → ~25088 bytes uncompressed)

// MUMMY / Mummy Auraflow V0.3 000 S2406027507 Th0.100 20 [Folder: MUMMY] - RLE compressed data (offset: 30882, size: 165)
0xff, 0x5f, 0x8f, 0x31, 0x9f, 0x8f, 0x1a, 0x14, 0x11, 0x14, 0x8f, 0x7f, 0x27, 0x14, 0x19, 0x21, 0x7f, 0x7f, 0x11, 0x1c, 0x2e, 0x14, 0x22, 0x6f, 0x7f, 0x12, 0x1e, 0x1a, 0x1e, 0x18, 0x1b, 0x19, 0x6f, 0x7f, 0x1d, 0x1a, 0x1e, 0x19, 0x17, 0x1a, 0x1d, 0x14, 0x5f, 0x6f, 0x16, 0x1c, 0x1e, 0x1d, 0x2b, 0x1c, 0x2f, 0x1b, 0x4f, 0x6f, 0x13, 0x1e, 0x19, 0x1b, 0x1e, 0x1b, 0x19, 0x2f, 0x16, 0x17, 0x3f, 0x7f, 0x1b, 0x1f, 0x1b, 0x1d, 0x1e, 0x1d, 0x16, 0x2f, 0x15, 0x3f, 0x6f, 0x19, 0x18, 0x1f, 0x19, 0x1b, 0x3c, 0x2f, 0x1d, 0x3f, 0x6f, 0x14, 0x12, 0x1f, 0x1a, 0x1c, 0x2a, 0x19, 0x2f, 0x1c, 0x3f, 0x6f, 0x18, 0x13, 0x1f, 0x19, 0x17, 0x19, 0x1c, 0x17, 0x2f, 0x17, 0x3f, 0x5f, 0x18, 0x3f,
0x15, 0x18, 0x1b, 0x1a, 0x19, 0x1f, 0x1c, 0x1a, 0x3f, 0x5f, 0x14, 0x2f, 0x16, 0x1f, 0x15, 0x26, 0x17, 0x1f, 0x14, 0x18, 0x3f, 0x4f, 0x15, 0x18, 0x2f, 0x16, 0x12, 0x13, 0x1f, 0x15, 0x1b, 0x13, 0x1f, 0x18, 0x3f, 0x4f, 0x16, 0x15, 0x4f, 0x15, 0x3f, 0x15, 0x5f, 0x3f, 0x13, 0x12, 0x6f, 0x13, 0x8f, 0xff, 0x5f, 0xff, 0x5f,
// Compressed size: 165 bytes original pixels: 12544 uint16_t → ~25088 bytes uncompressed)

// MURYAN / Muryan Auraflow V0.3 000 S1993126143 Th0.100 20 [Folder: MURYAN] - RLE compressed data (offset: 31047, size: 144)
0xfe, 0x5e, 0xfe, 0x5e, 0xfe, 0x5e, 0xfe, 0x5e, 0x9e, 0x10, 0x13, 0x10, 0x8e, 0x8e, 0x33, 0x14, 0x10, 0x7e, 0x7e, 0x12, 0x23, 0x1a, 0x1b, 0x30, 0x15, 0x4e, 0x3e, 0x16, 0x2e, 0x23, 0x15, 0x1a, 0x1d, 0x18, 0x16, 0x10, 0x23, 0x4e, 0x4e, 0x17, 0x1e, 0x12, 0x3d, 0x1c, 0x1d, 0x1c, 0x12, 0x11, 0x13, 0x10, 0x3e, 0x4e, 0x19, 0x1c, 0x11, 0x1d, 0x2c, 0x1d, 0x1c, 0x1d, 0x17, 0x1f, 0x19, 0x4e, 0x2e, 0x12, 0x18, 0x1e, 0x1b, 0x14, 0x1c, 0x15, 0x1a, 0x17, 0x1c, 0x2d, 0x1c, 0x17, 0x4e, 0x2e, 0x12, 0x1e, 0x2c, 0x13, 0x1d, 0x1a, 0x11, 0x1a, 0x2e, 0x2a, 0x1c, 0x1e, 0x13, 0x2e, 0x2e, 0x12, 0x1e, 0x14, 0x1e, 0x18, 0x12, 0x1e, 0x1c, 0x5e, 0x1b, 0x4e, 0x2e, 0x10, 0x3e, 0x18, 0x16, 0x1e,
0x12, 0xae, 0x2e, 0x11, 0x5e, 0x17, 0x8e, 0x1a, 0x2e, 0x3e, 0x15, 0x3e, 0x1a, 0x2e, 0x14, 0x6e, 0x15, 0x2e, 0x7e, 0x18, 0x2e, 0x1c, 0x9e, 0x7e, 0x13, 0x2e, 0x1d, 0x9e, 0xfe, 0x5e, 0xfe, 0x5e,
// Compressed size: 144 bytes original pixels: 12544 uint16_t → ~25088 bytes uncompressed)

// MYRMIDON / Myrmidon Auraflow V0.3 000 S2936486669 Th0.100 20 [Folder: MYRMIDON] - RLE compressed data (offset: 31191, size: 134)
0xfe, 0x5e, 0xfe, 0x5e, 0xfe, 0x5e, 0xfe, 0x5e, 0xfe, 0x5e, 0x8e, 0x11, 0x19, 0x11, 0x10, 0x8e, 0x5e, 0x13, 0x16, 0x17, 0x15, 0x13, 0x16, 0x15, 0x1d, 0x14, 0x6e, 0x4e, 0x16, 0x1e, 0x16, 0x12, 0x1a, 0x16, 0x3f, 0x13, 0x6e, 0x4e, 0x16, 0x13, 0x1e, 0x18, 0x27, 0x2f, 0x10, 0x1f, 0x17, 0x5e, 0x3e, 0x16, 0x1b, 0x19, 0x1f, 0x3e, 0x1b, 0x1d, 0x14, 0x10, 0x1f, 0x18, 0x4e, 0x5e, 0x15, 0x17, 0x4e, 0x3a, 0x10, 0x19, 0x10, 0x3e, 0x4e, 0x17, 0x1e, 0x15, 0x4e, 0x10, 0x1d, 0x1e, 0x1c, 0x18, 0x1d, 0x3e, 0x3e, 0x1a, 0x13, 0x1e, 0x1d, 0x4e, 0x14, 0x1a, 0x1e, 0x15, 0x19, 0x1e, 0x17, 0x2e, 0x3e, 0x18, 0x2e, 0x16, 0x4e, 0x12, 0x17, 0x2e, 0x17, 0x11, 0x3e, 0x3e, 0x14, 0x7e, 0x15, 0x3e,
0x1a, 0x17, 0x3e, 0x6e, 0x15, 0x8e, 0x13, 0x4e, 0x4e, 0x19, 0x1e, 0x12, 0xde, 0x7e, 0x17, 0x6e, 0x12, 0x5e, 0xfe, 0x5e, 0xfe, 0x5e,
// Compressed size: 134 bytes original pixels: 12544 uint16_t → ~25088 bytes uncompressed)

// NACKEN / Nacken Auraflow V0.3 000 S1148716649 Th0.100 20 [Folder: NACKEN] - RLE compressed data (offset: 31325, size: 235)
0xff, 0x5f, 0x7f, 0x14, 0x7f, 0x11, 0x4f, 0x6f, 0x15, 0x1f, 0x2b, 0x14, 0x1f, 0x11, 0x1f, 0x24, 0x4f, 0x8f, 0x1e, 0x1b, 0x11, 0x18, 0x1f, 0x19, 0x15, 0x29, 0x3f, 0x7f, 0x26, 0x1b, 0x1a, 0x2f, 0x15, 0x10, 0x12, 0x15, 0x1e, 0x2f, 0x6f, 0x1c, 0x14, 0x12, 0x1d, 0x1b, 0x2f, 0x15, 0x17, 0x1d, 0x19, 0x1e, 0x2f, 0x6f, 0x17, 0x1e, 0x15, 0x27, 0x16, 0x11, 0x17, 0x14, 0x19, 0x1d, 0x15, 0x2f, 0x5f, 0x16, 0x1c, 0x1a, 0x11, 0x18, 0x1c, 0x10, 0x11, 0x25, 0x1a, 0x1d, 0x18, 0x2f, 0x4f, 0x17, 0x16, 0x2e, 0x1b, 0x14, 0x13, 0x24, 0x2a, 0x12, 0x11, 0x15, 0x2f, 0x3f, 0x18, 0x16, 0x11, 0x1e, 0x1b, 0x1e, 0x1d, 0x17, 0x12, 0x1d, 0x17, 0x1c, 0x1a, 0x19, 0x1d, 0x19, 0x1f, 0x3f, 0x18, 0x1b,
0x1c, 0x1b, 0x17, 0x19, 0x1c, 0x10, 0x11, 0x15, 0x17, 0x1d, 0x1b, 0x1c, 0x15, 0x1c, 0x1f, 0x3f, 0x17, 0x1b, 0x28, 0x35, 0x11, 0x16, 0x17, 0x16, 0x1e, 0x1a, 0x19, 0x1c, 0x17, 0x1f, 0x2f, 0x17, 0x19, 0x15, 0x1e, 0x18, 0x1a, 0x1d, 0x22, 0x13, 0x1c, 0x2d, 0x19, 0x17, 0x19, 0x1e, 0x1f, 0x2f, 0x14, 0x16, 0x28, 0x1e, 0x25, 0x10, 0x16, 0x11, 0x13, 0x1e, 0x1d, 0x13, 0x39, 0x1f, 0x2f, 0x14, 0x16, 0x13, 0x18, 0x19, 0x1d, 0x1e, 0x14, 0x16, 0x10, 0x14, 0x11, 0x3b, 0x1a, 0x1e, 0x1f, 0x2f, 0x14, 0x17, 0x1a, 0x16, 0x14, 0x15, 0x1d, 0x16, 0x14, 0x11, 0x13, 0x17, 0x24, 0x1c, 0x19, 0x1c, 0x1f, 0x3f, 0x18, 0x17, 0x1c, 0x1b, 0x13, 0x16, 0x31, 0x30, 0x16, 0x19, 0x18, 0x17, 0x1f, 0x6f,
0x18, 0x16, 0x20, 0x23, 0x11, 0x10, 0x6f, 0xff, 0x5f, 0xff, 0x5f,
// Compressed size: 235 bytes original pixels: 12544 uint16_t → ~25088 bytes uncompressed)

// NAGA / Naga Auraflow V0.3 000 S2656101310 Th0.100 20 [Folder: NAGA] - RLE compressed data (offset: 31560, size: 225)
0xfe, 0x5e, 0x7e, 0x13, 0x11, 0x12, 0x13, 0x9e, 0x6e, 0x11, 0x18, 0x13, 0x17, 0x1a, 0x15, 0x8e, 0x6e, 0x14, 0x10, 0x12, 0x1f, 0x15, 0x1a, 0x13, 0x7e, 0x6e, 0x1f, 0x10, 0x1f, 0x19, 0x1a, 0x1b, 0x13, 0x7e, 0x6e, 0x2f, 0x14, 0x1f, 0x1a, 0x17, 0x13, 0x10, 0x6e, 0x5e, 0x15, 0x14, 0x13, 0x19, 0x1d, 0x37, 0x14, 0x6e, 0x8e, 0x11, 0x12, 0x16, 0x1d, 0x16, 0x17, 0x6e, 0x6e, 0x20, 0x14, 0x1d, 0x1b, 0x17, 0x12, 0x19, 0x6e, 0x5e, 0x10, 0x25, 0x1b, 0x1d, 0x15, 0x19, 0x1d, 0x1b, 0x6e, 0x4e, 0x10, 0x12, 0x15, 0x1a, 0x1b, 0x19, 0x13, 0x19, 0x1d, 0x16, 0x11, 0x13, 0x4e, 0x4e, 0x15, 0x14, 0x3b, 0x19, 0x13, 0x1a, 0x1d, 0x17, 0x1b, 0x11, 0x12, 0x3e, 0x3e, 0x11, 0x17, 0x1b, 0x16, 0x19,
0x14, 0x17, 0x14, 0x1d, 0x38, 0x12, 0x16, 0x3e, 0x3e, 0x16, 0x29, 0x18, 0x16, 0x18, 0x19, 0x12, 0x2b, 0x11, 0x1a, 0x12, 0x17, 0x3e, 0x3e, 0x3a, 0x16, 0x18, 0x14, 0x10, 0x2b, 0x1a, 0x1b, 0x11, 0x15, 0x16, 0x3e, 0x3e, 0x14, 0x13, 0x19, 0x21, 0x13, 0x12, 0x1d, 0x1b, 0x14, 0x13, 0x11, 0x18, 0x14, 0x11, 0x14, 0x1e, 0x3e, 0x1c, 0x16, 0x11, 0x10, 0x11, 0x17, 0x1b, 0x1a, 0x1b, 0x19, 0x2d, 0x19, 0x15, 0x18, 0x1b, 0x1c, 0x3e, 0x3b, 0x17, 0x1c, 0x1d, 0x2b, 0x20, 0x13, 0x12, 0x11, 0x15, 0x2c, 0x16, 0x5e, 0x1d, 0x1c, 0x1f, 0x1d, 0x19, 0x16, 0x14, 0x1a, 0x17, 0x1d, 0x19, 0x1b, 0x14, 0x1b, 0x14, 0x6e, 0x19, 0x1d, 0x15, 0x16, 0x1d, 0x1b, 0x1c, 0x1b, 0x18, 0x16, 0x18, 0x12, 0x18,
0x1e,
// Compressed size: 225 bytes original pixels: 12544 uint16_t → ~25088 bytes uncompressed)

// NAIAD / Naiad Auraflow V0.3 000 S3378511831 Th0.100 20 [Folder: NAIAD] - RLE compressed data (offset: 31785, size: 211)
0xff, 0x5f, 0x9f, 0x20, 0x9f, 0x7f, 0x12, 0x10, 0x21, 0x12, 0x20, 0x11, 0x5f, 0x6f, 0x11, 0x23, 0x16, 0x14, 0x16, 0x10, 0x13, 0x10, 0x21, 0x3f, 0x6f, 0x26, 0x1e, 0x1b, 0x1c, 0x36, 0x20, 0x14, 0x17, 0x2f, 0x5f, 0x14, 0x17, 0x1c, 0x2d, 0x1e, 0x1d, 0x1c, 0x12, 0x16, 0x12, 0x20, 0x2f, 0x6f, 0x17, 0x15, 0x1b, 0x2e, 0x17, 0x1d, 0x16, 0x12, 0x13, 0x15, 0x3f, 0x6f, 0x14, 0x17, 0x14, 0x17, 0x18, 0x1d, 0x15, 0x1a, 0x16, 0x14, 0x10, 0x3f, 0x7f, 0x11, 0x10, 0x12, 0x16, 0x3d, 0x16, 0x23, 0x17, 0x2f, 0x6f, 0x12, 0x21, 0x18, 0x2d, 0x27, 0x16, 0x13, 0x14, 0x3f, 0x2f, 0x15, 0x3f, 0x12, 0x11, 0x14, 0x18, 0x1e, 0x3c, 0x18, 0x16, 0x4f, 0x1f, 0x15, 0x28, 0x20, 0x1f, 0x10, 0x1a, 0x1d,
0x1c, 0x1d, 0x1e, 0x11, 0x18, 0x14, 0x4f, 0x1f, 0x15, 0x1f, 0x14, 0x15, 0x14, 0x13, 0x14, 0x19, 0x1c, 0x1d, 0x1e, 0x1d, 0x18, 0x15, 0x16, 0x14, 0x3f, 0x19, 0x16, 0x15, 0x12, 0x26, 0x13, 0x18, 0x1a, 0x1e, 0x17, 0x2d, 0x16, 0x17, 0x13, 0x4f, 0x1f, 0x17, 0x18, 0x15, 0x16, 0x38, 0x1a, 0x1c, 0x1e, 0x1b, 0x1d, 0x19, 0x13, 0x12, 0x4f, 0x1f, 0x14, 0x16, 0x17, 0x16, 0x1a, 0x19, 0x2a, 0x2c, 0x1b, 0x11, 0x1b, 0x16, 0x14, 0x4f, 0x2f, 0x29, 0x27, 0x1a, 0x16, 0x2d, 0x2b, 0x15, 0x17, 0x16, 0x25, 0x3f, 0x5f, 0x14, 0x1a, 0x19, 0x16, 0x1d, 0x1a, 0x1b, 0x29, 0x25, 0x17, 0x10, 0x2f, 0xff, 0x5f, 0xff, 0x5f,
// Compressed size: 211 bytes original pixels: 12544 uint16_t → ~25088 bytes uncompressed)

// NEREID / Nereid Auraflow V0.3 000 S1666650103 Th0.100 20 [Folder: NEREID] - RLE compressed data (offset: 31996, size: 170)
0x5f, 0x11, 0xef, 0x1f, 0x21, 0x12, 0x11, 0x12, 0x11, 0x40, 0x9f, 0x2f, 0x12, 0x13, 0x14, 0x11, 0x13, 0x11, 0x16, 0x19, 0x1d, 0x15, 0x8f, 0x2f, 0x12, 0x14, 0x28, 0x14, 0x1d, 0x1c, 0x19, 0x17, 0x14, 0x8f, 0x3f, 0x14, 0x18, 0x1a, 0x16, 0x1e, 0x1d, 0x17, 0x15, 0x9f, 0x3f, 0x11, 0x26, 0x1a, 0x18, 0x1a, 0x25, 0x14, 0x8f, 0x4f, 0x12, 0x16, 0x14, 0x23, 0x19, 0x2f, 0x10, 0x11, 0x10, 0x5f, 0x5f, 0x11, 0x2f, 0x29, 0x15, 0x17, 0x14, 0x17, 0x19, 0x1b, 0x15, 0x3f, 0x6f, 0x24, 0x15, 0x19, 0x17, 0x2b, 0x1e, 0x19, 0x2b, 0x11, 0x2f, 0x6f, 0x13, 0x17, 0x2b, 0x1d, 0x19, 0x1c, 0x1b, 0x25, 0x1b, 0x12, 0x2f, 0x6f, 0x14, 0x1b, 0x1e, 0x19, 0x17, 0x15, 0x16, 0x15, 0x13, 0x14, 0x18, 0x17,
0x2f, 0x6f, 0x2b, 0x19, 0x17, 0x1b, 0x16, 0x1d, 0x1b, 0x6f, 0x5f, 0x19, 0x1e, 0x17, 0x15, 0x14, 0x16, 0x1f, 0x1b, 0x1a, 0x6f, 0x5f, 0x1b, 0x1e, 0x26, 0x13, 0x1f, 0x1b, 0x1a, 0x7f, 0x4f, 0x12, 0x1d, 0x1a, 0x19, 0xcf, 0x4f, 0x17, 0x1a, 0xef, 0x1e, 0x1d, 0x2f, 0x1c, 0x13, 0xef, 0x1f, 0x1d, 0x1e, 0x19, 0xff, 0x1f, 0x2f, 0x15, 0xff, 0x2f, 0xff, 0x5f,
// Compressed size: 170 bytes original pixels: 12544 uint16_t → ~25088 bytes uncompressed)

// NIGHTGAUNT / Nightgaunt Auraflow V0.3 000 S3867167029 Th0.100 20 [Folder: NIGHTGAUNT] - RLE compressed data (offset: 32166, size: 210)
0xf1, 0x51, 0xf1, 0x51, 0x41, 0x12, 0x19, 0x12, 0x61, 0x14, 0x15, 0x51, 0x41, 0x15, 0x1d, 0x16, 0x61, 0x1f, 0x19, 0x12, 0x41, 0x31, 0x1f, 0x16, 0x1f, 0x1e, 0x12, 0x51, 0x18, 0x1f, 0x15, 0x14, 0x31, 0x31, 0x1c, 0x1f, 0x1e, 0x1a, 0x1f, 0x12, 0x31, 0x1b, 0x1f, 0x1e, 0x17, 0x19, 0x31, 0x21, 0x16, 0x1e, 0x1f, 0x1e, 0x15, 0x17, 0x1e, 0x17, 0x19, 0x1d, 0x1c, 0x1e, 0x16, 0x1d, 0x14, 0x1d, 0x21, 0x21, 0x1c, 0x13, 0x1a, 0x1c, 0x19, 0x1d, 0x1e, 0x1b, 0x26, 0x13, 0x1d, 0x27, 0x1a, 0x19, 0x21, 0x11, 0x1a, 0x1d, 0x25, 0x1d, 0x16, 0x1e, 0x11, 0x1a, 0x1e, 0x1f, 0x14, 0x1a, 0x11, 0x1d, 0x1c, 0x1d, 0x18, 0x11, 0x11, 0x16, 0x12, 0x15, 0x13, 0x11, 0x14, 0x29, 0x16, 0x1e, 0x1d, 0x1e,
0x21, 0x1c, 0x15, 0x1c, 0x19, 0x11, 0x11, 0x19, 0x18, 0x31, 0x1f, 0x11, 0x1a, 0x1c, 0x14, 0x11, 0x18, 0x13, 0x11, 0x1b, 0x11, 0x26, 0x11, 0x11, 0x17, 0x31, 0x16, 0x31, 0x1e, 0x1a, 0x21, 0x13, 0x31, 0x15, 0x1a, 0x11, 0x11, 0x15, 0x31, 0x16, 0x31, 0x1c, 0x1a, 0x21, 0x18, 0x31, 0x15, 0x21, 0x11, 0x18, 0x31, 0x13, 0x21, 0x13, 0x11, 0x29, 0x51, 0x13, 0x21, 0x11, 0x18, 0x81, 0x18, 0x31, 0x17, 0x21, 0x14, 0x21, 0x91, 0x1a, 0x41, 0x13, 0x11, 0x17, 0x1d, 0x21, 0x91, 0x1f, 0x41, 0x13, 0x11, 0x13, 0x31, 0x31, 0x22, 0x41, 0x1d, 0x41, 0x16, 0x51, 0xf1, 0x12, 0x41, 0x91, 0x1b, 0x71, 0x17, 0x21,
// Compressed size: 210 bytes original pixels: 12544 uint16_t → ~25088 bytes uncompressed)

// NIX / Nix Auraflow V0.3 000 S3350401488 Th0.100 20 [Folder: NIX] - RLE compressed data (offset: 32376, size: 218)
0xfe, 0x5e, 0x4e, 0x18, 0xfe, 0xce, 0x1a, 0x7e, 0x3e, 0x10, 0x13, 0x10, 0x5e, 0x15, 0x10, 0x18, 0x1e, 0x17, 0x4e, 0x3e, 0x17, 0x1b, 0x10, 0x1b, 0x3e, 0x10, 0x17, 0x1a, 0x17, 0x6e, 0x4e, 0x16, 0x13, 0x1d, 0x12, 0x2c, 0x16, 0x24, 0x2a, 0x5e, 0x6e, 0x13, 0x1c, 0x12, 0x11, 0x19, 0x2d, 0x18, 0x1b, 0x12, 0x17, 0x3e, 0x6e, 0x1c, 0x15, 0x17, 0x1b, 0x14, 0x16, 0x2e, 0x15, 0x18, 0x19, 0x10, 0x2e, 0x7e, 0x1b, 0x1c, 0x2e, 0x11, 0x2e, 0x19, 0x17, 0x1b, 0x15, 0x2e, 0x4e, 0x11, 0x14, 0x13, 0x1e, 0x18, 0x17, 0x1e, 0x1d, 0x1a, 0x2e, 0x12, 0x14, 0x1b, 0x2e, 0x3e, 0x1b, 0x10, 0x14, 0x2e, 0x10, 0x4e, 0x16, 0x15, 0x1c, 0x13, 0x1b, 0x2e, 0x4e, 0x1b, 0x23, 0x1e, 0x13, 0x5e, 0x1b, 0x1d,
0x17, 0x1c, 0x2e, 0x3e, 0x11, 0x17, 0x1a, 0x11, 0x1c, 0x15, 0x14, 0x1e, 0x1a, 0x1e, 0x11, 0x34, 0x3e, 0x3e, 0x1b, 0x16, 0x17, 0x14, 0x47, 0x1e, 0x13, 0x11, 0x19, 0x11, 0x16, 0x3e, 0x4e, 0x1c, 0x12, 0x1c, 0x10, 0x15, 0x18, 0x1c, 0x17, 0x16, 0x1d, 0x16, 0x17, 0x18, 0x3e, 0x4e, 0x11, 0x16, 0x2d, 0x17, 0x14, 0x13, 0x1d, 0x31, 0x1d, 0x1e, 0x15, 0x2e, 0x5e, 0x1c, 0x19, 0x15, 0x1a, 0x16, 0x13, 0x24, 0x19, 0x1d, 0x1e, 0x11, 0x3e, 0x3e, 0x17, 0x10, 0x15, 0x19, 0x17, 0x1c, 0x18, 0x17, 0x1b, 0x1c, 0x1f, 0x1e, 0x17, 0x29, 0x2e, 0x3e, 0x18, 0x1e, 0x17, 0x1d, 0x11, 0x13, 0x1c, 0x2f, 0x10, 0x1b, 0x16, 0x1f, 0x1a, 0x3e, 0x9e, 0x1b, 0x1f, 0x9e,
// Compressed size: 218 bytes original pixels: 12544 uint16_t → ~25088 bytes uncompressed)

// NUCKELAVEE / Nuckelavee Auraflow V0.3 000 S512441189 Th0.100 20 [Folder: NUCKELAVEE] - RLE compressed data (offset: 32594, size: 174)
0xfe, 0x5e, 0x6e, 0x23, 0x18, 0x14, 0x11, 0x9e, 0x5e, 0x15, 0x18, 0x14, 0x12, 0x18, 0x14, 0x18, 0x14, 0x7e, 0x4e, 0x1b, 0x18, 0x19, 0x1c, 0x12, 0x14, 0x1c, 0x18, 0x24, 0x11, 0x1e, 0x11, 0x1e, 0x10, 0x1e, 0x4e, 0x1a, 0x11, 0x19, 0x17, 0x1b, 0x1d, 0x15, 0x1d, 0x17, 0x11, 0x6e, 0x4e, 0x18, 0x14, 0x15, 0x1e, 0x13, 0x19, 0x17, 0x1c, 0x8e, 0x3e, 0x19, 0x1f, 0x1d, 0x18, 0x2e, 0x19, 0x17, 0x19, 0x8e, 0x3e, 0x1d, 0x1e, 0x1d, 0x3e, 0x1d, 0x1a, 0x11, 0x12, 0x21, 0x5e, 0x3e, 0x16, 0x1a, 0x19, 0x2e, 0x16, 0x1d, 0x1a, 0x12, 0x1d, 0x18, 0x15, 0x12, 0x4e, 0x8e, 0x1f, 0x1d, 0x15, 0x12, 0x1b, 0x2a, 0x12, 0x4e, 0x7e, 0x16, 0x2c, 0x1a, 0x1c, 0x17, 0x2c, 0x11, 0x4e, 0x8e, 0x1c, 0x2b,
0x1c, 0x2b, 0x15, 0x16, 0x4e, 0x8e, 0x1a, 0x1e, 0x16, 0x27, 0x1e, 0x2a, 0x4e, 0x8e, 0x15, 0x2e, 0x1c, 0x17, 0x2e, 0x1c, 0x4e, 0x7e, 0x17, 0x3e, 0x15, 0x1e, 0x17, 0x2e, 0x1b, 0x3e, 0x7e, 0x17, 0x3e, 0x17, 0x1e, 0x13, 0x2e, 0x17, 0x3e, 0x7e, 0x13, 0x3e, 0x17, 0x8e, 0x7e, 0x1b, 0x3e, 0x17, 0x1b, 0x2e, 0x1c, 0x4e, 0x6e, 0x17, 0x3e, 0x16, 0x3e, 0x13, 0x15, 0x4e, 0xfe, 0x5e,
// Compressed size: 174 bytes original pixels: 12544 uint16_t → ~25088 bytes uncompressed)

// NYMPH / Nymph Auraflow V0.3 000 S329115005 Th0.100 20 [Folder: NYMPH] - RLE compressed data (offset: 32768, size: 173)
0xfe, 0x5e, 0x5e, 0x12, 0x10, 0x2e, 0x14, 0xae, 0x6e, 0x15, 0x1e, 0x1b, 0x16, 0x12, 0x10, 0x8e, 0x6e, 0x1b, 0x1e, 0x17, 0x1c, 0x1d, 0x13, 0x5e, 0x12, 0x2e, 0x6e, 0x1a, 0x18, 0x13, 0x19, 0x16, 0x1d, 0x17, 0x12, 0x13, 0x12, 0x11, 0x3e, 0x6e, 0x12, 0x2e, 0x1b, 0x1d, 0x18, 0x1a, 0x33, 0x15, 0x3e, 0xae, 0x24, 0x23, 0x19, 0x1e, 0x13, 0x3e, 0xae, 0x15, 0x1a, 0x8e, 0xae, 0x1d, 0x17, 0x8e, 0x3e, 0x13, 0x10, 0x17, 0x1a, 0x14, 0x1a, 0x2b, 0x1d, 0x8e, 0x4e, 0x1a, 0x1c, 0x18, 0x1d, 0x1f, 0x1a, 0x1f, 0x1b, 0x10, 0x7e, 0x2e, 0x13, 0x1e, 0x11, 0x12, 0x1c, 0x1d, 0x1b, 0x1c, 0x1d, 0x1a, 0x18, 0x12, 0x10, 0x1e, 0x10, 0x3e, 0x4e, 0x27, 0x16, 0x19, 0x1d, 0x17, 0x1a, 0x1f, 0x29, 0x15,
0x13, 0x1e, 0x15, 0x2e, 0x4e, 0x20, 0x1a, 0x28, 0x2b, 0x1d, 0x29, 0x15, 0x17, 0x18, 0x3e, 0x5e, 0x12, 0x14, 0x28, 0x1a, 0x1d, 0x17, 0x1d, 0x17, 0x1a, 0x1b, 0x13, 0x16, 0x2e, 0x7e, 0x28, 0x19, 0x1c, 0x1b, 0x2c, 0x14, 0x25, 0x13, 0x2e, 0x9e, 0x13, 0x1e, 0x1a, 0x14, 0x1a, 0x18, 0x2e, 0x11, 0x2e, 0xbe, 0x17, 0x1e, 0x13, 0x15, 0x1e, 0x13, 0x3e, 0xfe, 0x5e, 0xfe, 0x5e,
// Compressed size: 173 bytes original pixels: 12544 uint16_t → ~25088 bytes uncompressed)

// OCHRE JELLY / Ochre Jelly Auraflow V0.3 000 S3641942555 Th0.100 20 [Folder: OCHRE_JELLY] - RLE compressed data (offset: 32941, size: 182)
0x40, 0x1a, 0x10, 0x19, 0x60, 0x12, 0x60, 0x30, 0x1a, 0x17, 0x15, 0x10, 0x13, 0x12, 0x20, 0x13, 0x80, 0x20, 0x19, 0x1e, 0x18, 0x13, 0x21, 0x12, 0x20, 0x11, 0x20, 0x1c, 0x50, 0x30, 0x12, 0x1c, 0x1b, 0x17, 0x13, 0x31, 0x15, 0x11, 0x12, 0x10, 0x1a, 0x40, 0x30, 0x19, 0x12, 0x14, 0x1c, 0x1e, 0x15, 0x11, 0x22, 0x15, 0x12, 0x10, 0x12, 0x40, 0x30, 0x1e, 0x1f, 0x1a, 0x18, 0x1d, 0x1b, 0x16, 0x22, 0x23, 0x28, 0x40, 0x30, 0x5e, 0x18, 0x1a, 0x1b, 0x15, 0x23, 0x2b, 0x40, 0x30, 0x1e, 0x1c, 0x19, 0x1e, 0x2f, 0x1a, 0x1e, 0x1c, 0x16, 0x23, 0x14, 0x40, 0x30, 0x14, 0x20, 0x18, 0x1f, 0x1c, 0x1f, 0x17, 0x18, 0x12, 0x11, 0x18, 0x1e, 0x16, 0x30, 0x60, 0x1e, 0x1a, 0x1e, 0x2f, 0x18, 0x26,
0x1d, 0x19, 0x10, 0x19, 0x20, 0x60, 0x14, 0x2e, 0x1a, 0x1f, 0x17, 0x1f, 0x17, 0x1e, 0x10, 0x14, 0x30, 0x60, 0x1c, 0x2b, 0x2f, 0x2e, 0x13, 0x20, 0x19, 0x30, 0x50, 0x14, 0x1a, 0x1b, 0x1f, 0x1c, 0x14, 0x1f, 0x1e, 0x18, 0x14, 0x20, 0x12, 0x20, 0x40, 0x34, 0x18, 0x1e, 0x18, 0x2a, 0x10, 0x18, 0x30, 0x17, 0x20, 0x50, 0x18, 0x14, 0x18, 0x1b, 0x18, 0xa0, 0x60, 0x18, 0x24, 0xb0, 0xf0, 0x50, 0xf0, 0x50, 0xf0, 0x50, 0xf0, 0x50,
// Compressed size: 182 bytes original pixels: 12544 uint16_t → ~25088 bytes uncompressed)

// OGRE / Ogre Auraflow V0.3 000 S1960066399 Th0.100 20 [Folder: OGRE] - RLE compressed data (offset: 33123, size: 201)
0xff, 0x5f, 0xaf, 0x11, 0x9f, 0x6f, 0x12, 0x21, 0x15, 0x14, 0x21, 0x7f, 0x5f, 0x19, 0x12, 0x1e, 0x1d, 0x15, 0x19, 0x23, 0x11, 0x6f, 0x5f, 0x14, 0x1c, 0x18, 0x1d, 0x14, 0x12, 0x15, 0x12, 0x16, 0x11, 0x5f, 0x4f, 0x17, 0x16, 0x1b, 0x1c, 0x2e, 0x12, 0x1e, 0x1a, 0x15, 0x11, 0x5f, 0x4f, 0x1a, 0x1b, 0x1e, 0x1a, 0x1b, 0x1e, 0x19, 0x15, 0x1e, 0x15, 0x19, 0x5f, 0x3f, 0x16, 0x14, 0x1c, 0x1f, 0x1a, 0x1e, 0x1d, 0x1e, 0x13, 0x2c, 0x22, 0x4f, 0x3f, 0x25, 0x1b, 0x1f, 0x2e, 0x1a, 0x19, 0x1c, 0x1f, 0x1c, 0x19, 0x11, 0x4f, 0x3f, 0x15, 0x14, 0x27, 0x2e, 0x1a, 0x1e, 0x15, 0x14, 0x1b, 0x1a, 0x13, 0x12, 0x3f, 0x3f, 0x13, 0x14, 0x1f, 0x14, 0x3d, 0x1a, 0x16, 0x22, 0x1d, 0x15, 0x4f, 0x3f,
0x15, 0x1a, 0x1f, 0x17, 0x2d, 0x19, 0x1e, 0x1a, 0x17, 0x2f, 0x22, 0x3f, 0x3f, 0x18, 0x15, 0x1f, 0x3e, 0x1d, 0x1b, 0x16, 0x18, 0x2f, 0x13, 0x15, 0x3f, 0x3f, 0x15, 0x18, 0x17, 0x2a, 0x1d, 0x14, 0x1d, 0x18, 0x14, 0x1f, 0x13, 0x14, 0x13, 0x3f, 0x3f, 0x19, 0x18, 0x2e, 0x1d, 0x14, 0x12, 0x1a, 0x1d, 0x2f, 0x18, 0x1f, 0x12, 0x3f, 0x3f, 0x24, 0x1f, 0x2e, 0x1f, 0x28, 0x1c, 0x2f, 0x28, 0x4f, 0x4f, 0x17, 0x18, 0x1b, 0x17, 0x2f, 0x28, 0x12, 0x17, 0x1f, 0x1e, 0x4f, 0x4f, 0x1c, 0x1b, 0x4f, 0x17, 0x18, 0x27, 0x12, 0x5f, 0xff, 0x5f, 0xff, 0x5f,
// Compressed size: 201 bytes original pixels: 12544 uint16_t → ~25088 bytes uncompressed)

// ONI / Oni Auraflow V0.3 000 S3812093107 Th0.100 20 [Folder: ONI] - RLE compressed data (offset: 33324, size: 224)
0x8f, 0x12, 0x1f, 0x10, 0x9f, 0x6f, 0x10, 0x13, 0x10, 0x13, 0x17, 0x14, 0x11, 0x7f, 0x5f, 0x10, 0x13, 0x10, 0x11, 0x17, 0x33, 0x7f, 0x3f, 0x15, 0x21, 0x20, 0x1a, 0x11, 0x3a, 0x14, 0x6f, 0x3f, 0x1b, 0x17, 0x12, 0x14, 0x3c, 0x1a, 0x1c, 0x1b, 0x1a, 0x17, 0x5f, 0x2f, 0x22, 0x2b, 0x11, 0x13, 0x19, 0x17, 0x13, 0x1d, 0x1c, 0x2a, 0x14, 0x4f, 0x2f, 0x13, 0x12, 0x1e, 0x1c, 0x1d, 0x14, 0x1b, 0x1e, 0x13, 0x21, 0x17, 0x14, 0x1c, 0x4f, 0x2f, 0x1a, 0x18, 0x1c, 0x12, 0x17, 0x1c, 0x2d, 0x1a, 0x1e, 0x17, 0x1d, 0x2c, 0x12, 0x3f, 0x1f, 0x10, 0x29, 0x26, 0x1e, 0x1b, 0x1d, 0x1e, 0x1d, 0x1a, 0x1e, 0x1c, 0x17, 0x1b, 0x4f, 0x1f, 0x11, 0x19, 0x2f, 0x1e, 0x1b, 0x2d, 0x1b, 0x17, 0x2d, 0x14,
0x1a, 0x17, 0x1c, 0x1b, 0x2f, 0x1f, 0x18, 0x1b, 0x2f, 0x18, 0x1b, 0x19, 0x3d, 0x1b, 0x1d, 0x2a, 0x1c, 0x11, 0x1d, 0x2f, 0x1f, 0x18, 0x16, 0x10, 0x1f, 0x14, 0x1a, 0x29, 0x1b, 0x1c, 0x1b, 0x1d, 0x1f, 0x1c, 0x1a, 0x17, 0x1d, 0x2f, 0x1f, 0x29, 0x10, 0x16, 0x18, 0x1b, 0x14, 0x6f, 0x4c, 0x2f, 0x1f, 0x18, 0x1f, 0x12, 0x15, 0x28, 0x16, 0x6f, 0x13, 0x2a, 0x19, 0x2f, 0x3f, 0x12, 0x15, 0x18, 0x15, 0x16, 0x7f, 0x2c, 0x3f, 0x4f, 0x15, 0x16, 0x15, 0x16, 0x7f, 0x1c, 0x18, 0x3f, 0x6f, 0x35, 0x5f, 0x16, 0x12, 0x17, 0x3f, 0x5f, 0x26, 0x15, 0x6f, 0x12, 0x13, 0x1a, 0x3f, 0x3f, 0x10, 0x16, 0x15, 0x16, 0x6f, 0x15, 0x24, 0x19, 0x3f, 0x3f, 0x15, 0x16, 0x15, 0x7f, 0x19, 0x18, 0x19, 0x4f,
// Compressed size: 224 bytes original pixels: 12544 uint16_t → ~25088 bytes uncompressed)

// OOZE / Ooze Auraflow V0.3 000 S224447046 Th0.100 20 [Folder: OOZE] - RLE compressed data (offset: 33548, size: 168)
0xfe, 0x5e, 0xfe, 0x5e, 0xfe, 0x5e, 0x7e, 0x16, 0x21, 0x12, 0x10, 0x8e, 0x7e, 0x13, 0x25, 0x12, 0x10, 0x12, 0x7e, 0x6e, 0x23, 0x25, 0x19, 0x14, 0x20, 0x6e, 0x5e, 0x13, 0x12, 0x1c, 0x1b, 0x19, 0x1b, 0x12, 0x11, 0x10, 0x6e, 0x5e, 0x13, 0x19, 0x1d, 0x28, 0x13, 0x19, 0x1a, 0x14, 0x10, 0x5e, 0x5e, 0x18, 0x1b, 0x3d, 0x1b, 0x1c, 0x14, 0x12, 0x14, 0x5e, 0x5e, 0x18, 0x16, 0x4d, 0x1c, 0x29, 0x14, 0x5e, 0x4e, 0x1c, 0x18, 0x16, 0x17, 0x1e, 0x2d, 0x1c, 0x1a, 0x29, 0x5e, 0x4e, 0x18, 0x1e, 0x13, 0x18, 0x1e, 0x18, 0x1d, 0x1c, 0x1f, 0x14, 0x19, 0x5e, 0x5e, 0x1d, 0x18, 0x17, 0x2e, 0x15, 0x1d, 0x1c, 0x19, 0x6e, 0x5e, 0x18, 0x17, 0x15, 0x1e, 0x18, 0x17, 0x1e, 0x1c, 0x1f, 0x6e, 0x5e,
0x17, 0x1c, 0x16, 0x14, 0x16, 0x18, 0x2e, 0x3a, 0x18, 0x15, 0x2e, 0x7e, 0x1d, 0x15, 0x10, 0x1a, 0x2e, 0x1a, 0x2b, 0x4e, 0x8e, 0x16, 0x17, 0x15, 0x2e, 0x17, 0x1f, 0x1b, 0x1a, 0x3e, 0x6e, 0x1d, 0x17, 0x18, 0x17, 0x1a, 0x12, 0x1e, 0x1a, 0x12, 0x1a, 0x4e, 0x4e, 0x13, 0x1a, 0x15, 0x19, 0x25, 0x21, 0x15, 0x14, 0x2e, 0x10, 0x3e, 0xfe, 0x5e,
// Compressed size: 168 bytes original pixels: 12544 uint16_t → ~25088 bytes uncompressed)

// ORACLE / Oracle Auraflow V0.3 000 S490566064 Th0.100 20 [Folder: ORACLE] - RLE compressed data (offset: 33716, size: 150)
0x9f, 0x11, 0xaf, 0xff, 0x5f, 0x7f, 0x11, 0x16, 0x12, 0x13, 0x11, 0x8f, 0x7f, 0x11, 0x1b, 0x17, 0x2c, 0x26, 0x6f, 0x6f, 0x14, 0x17, 0x1c, 0x1e, 0x1d, 0x1e, 0x17, 0x1a, 0x11, 0x5f, 0x6f, 0x16, 0x17, 0x16, 0x18, 0x1c, 0x1b, 0x17, 0x1c, 0x14, 0x5f, 0x6f, 0x22, 0x1f, 0x19, 0x1d, 0x3e, 0x19, 0x14, 0x4f, 0x6f, 0x1e, 0x1f, 0x11, 0x1f, 0x16, 0x17, 0x1c, 0x1d, 0x1b, 0x14, 0x4f, 0x7f, 0x12, 0x4f, 0x1b, 0x1c, 0x1b, 0x1c, 0x4f, 0x7f, 0x16, 0x2f, 0x13, 0x16, 0x18, 0x2b, 0x1c, 0x4f, 0x8f, 0x16, 0x2f, 0x17, 0x1e, 0x18, 0x1c, 0x1a, 0x4f, 0xaf, 0x15, 0x17, 0x14, 0x18, 0x1b, 0x1d, 0x14, 0x3f, 0x9f, 0x16, 0x14, 0x1c, 0x18, 0x2b, 0x17, 0x4f, 0x9f, 0x12, 0x1b, 0x1a, 0x1b, 0x28, 0x13,
0x4f, 0x9f, 0x13, 0x19, 0x1f, 0x19, 0x1b, 0x17, 0x5f, 0x7f, 0x12, 0x2f, 0x18, 0x1f, 0x14, 0x27, 0x5f, 0x6f, 0x12, 0x5f, 0x13, 0x1f, 0x13, 0x5f, 0xef, 0x17, 0x5f, 0x7f, 0x14, 0x17, 0x25, 0x1c, 0x1b, 0x28, 0x13, 0x4f, 0xff, 0x5f,
// Compressed size: 150 bytes original pixels: 12544 uint16_t → ~25088 bytes uncompressed)

// ORC / Orc Auraflow V0.3 000 S754909561 Th0.100 20 [Folder: ORC] - RLE compressed data (offset: 33866, size: 200)
0xfe, 0x5e, 0xfe, 0x5e, 0xfe, 0x5e, 0x3e, 0x11, 0x1e, 0x13, 0x1e, 0x11, 0x10, 0x13, 0x20, 0x8e, 0x6e, 0x13, 0x10, 0x16, 0x1d, 0x1b, 0x1d, 0x14, 0x19, 0x10, 0x5e, 0x5e, 0x13, 0x18, 0x17, 0x10, 0x17, 0x18, 0x1b, 0x34, 0x5e, 0x5e, 0x23, 0x1d, 0x14, 0x1d, 0x1a, 0x2b, 0x19, 0x12, 0x11, 0x4e, 0x4e, 0x17, 0x15, 0x1c, 0x1e, 0x2c, 0x17, 0x15, 0x1d, 0x1a, 0x15, 0x11, 0x15, 0x3e, 0x3e, 0x17, 0x14, 0x1b, 0x1e, 0x13, 0x3d, 0x17, 0x1c, 0x1e, 0x1d, 0x1a, 0x10, 0x3e, 0x1e, 0x15, 0x10, 0x1a, 0x17, 0x12, 0x1e, 0x14, 0x17, 0x1c, 0x18, 0x39, 0x1e, 0x1b, 0x14, 0x3e, 0x1e, 0x13, 0x16, 0x1a, 0x11, 0x1e, 0x16, 0x15, 0x1d, 0x1f, 0x1d, 0x1b, 0x17, 0x14, 0x1e, 0x17, 0x12, 0x16, 0x2e, 0x1e,
0x1a, 0x17, 0x1d, 0x19, 0x1e, 0x16, 0x12, 0x19, 0x1d, 0x12, 0x1c, 0x2b, 0x2e, 0x12, 0x16, 0x2e, 0x4e, 0x15, 0x1c, 0x13, 0x17, 0x1c, 0x2d, 0x1b, 0x18, 0x1b, 0x1e, 0x15, 0x17, 0x13, 0x2e, 0x6e, 0x1c, 0x11, 0x1e, 0x17, 0x19, 0x1d, 0x19, 0x1d, 0x1e, 0x14, 0x18, 0x15, 0x2e, 0x5e, 0x1c, 0x19, 0x16, 0x17, 0x2e, 0x1d, 0x1c, 0x3e, 0x1c, 0x16, 0x2e, 0x5e, 0x1c, 0x1a, 0x13, 0x12, 0x19, 0x18, 0x19, 0x18, 0x7e, 0x5e, 0x1d, 0x1a, 0x1e, 0x19, 0x18, 0x1e, 0x17, 0x19, 0x7e, 0x5e, 0x17, 0x15, 0x4e, 0x15, 0x8e, 0x6e, 0x16, 0xde, 0xfe, 0x5e,
// Compressed size: 200 bytes original pixels: 12544 uint16_t → ~25088 bytes uncompressed)

// OREAD / Oread Auraflow V0.3 000 S4150736077 Th0.100 20 [Folder: OREAD] - RLE compressed data (offset: 34066, size: 241)
0xfe, 0x5e, 0x6e, 0x20, 0x15, 0x16, 0x11, 0x12, 0x21, 0x6e, 0x5e, 0x20, 0x17, 0x13, 0x1d, 0x16, 0x1c, 0x13, 0x11, 0x10, 0x5e, 0x4e, 0x10, 0x13, 0x15, 0x1b, 0x1a, 0x29, 0x1f, 0x12, 0x14, 0x13, 0x5e, 0x4e, 0x11, 0x10, 0x18, 0x1d, 0x18, 0x1d, 0x1c, 0x32, 0x10, 0x5e, 0x3e, 0x16, 0x13, 0x19, 0x1c, 0x12, 0x14, 0x1f, 0x1a, 0x1d, 0x1a, 0x12, 0x14, 0x5e, 0x3e, 0x1b, 0x19, 0x1f, 0x1d, 0x1f, 0x14, 0x29, 0x12, 0x10, 0x12, 0x6e, 0x4e, 0x19, 0x1c, 0x11, 0x1f, 0x2c, 0x1d, 0x19, 0x11, 0x10, 0x6e, 0x2e, 0x16, 0x23, 0x19, 0x1d, 0x13, 0x1b, 0x1d, 0x19, 0x18, 0x14, 0x18, 0x17, 0x5e, 0x1e, 0x15, 0x1e, 0x16, 0x1a, 0x1f, 0x1a, 0x17, 0x15, 0x1b, 0x18, 0x1a, 0x13, 0x1e, 0x10, 0x5e, 0x3e,
0x11, 0x1c, 0x1f, 0x27, 0x2b, 0x17, 0x18, 0x16, 0x7e, 0x4e, 0x2d, 0x1b, 0x1f, 0x1c, 0x17, 0x14, 0x19, 0x17, 0x7e, 0x4e, 0x1b, 0x1a, 0x2b, 0x18, 0x1c, 0x16, 0x18, 0x1b, 0x17, 0x6e, 0x2e, 0x15, 0x13, 0x1d, 0x2c, 0x17, 0x10, 0x14, 0x17, 0x10, 0x14, 0x12, 0x6e, 0x4e, 0x1d, 0x2a, 0x18, 0x11, 0x12, 0x19, 0x16, 0x12, 0x14, 0x12, 0x5e, 0x4e, 0x1f, 0x1d, 0x1a, 0x1d, 0x18, 0x12, 0x14, 0x1d, 0x15, 0x10, 0x17, 0x5e, 0x2e, 0x15, 0x13, 0x1d, 0x1f, 0x14, 0x1a, 0x14, 0x13, 0x11, 0x1a, 0x1d, 0x1a, 0x1d, 0x19, 0x4e, 0x4e, 0x1d, 0x1a, 0x1f, 0x15, 0x36, 0x1a, 0x2b, 0x1d, 0x1a, 0x11, 0x3e, 0x3e, 0x13, 0x19, 0x1d, 0x1f, 0x17, 0x1f, 0x19, 0x18, 0x1a, 0x1d, 0x15, 0x19, 0x13, 0x19, 0x17,
0x2e, 0x3e, 0x16, 0x1a, 0x1f, 0x1c, 0x1f, 0x1a, 0x19, 0x2f, 0x29, 0x1c, 0x17, 0x13, 0x18, 0x13, 0x1e,
// Compressed size: 241 bytes original pixels: 12544 uint16_t → ~25088 bytes uncompressed)

// OWLBEAR / Owlbear Auraflow V0.3 000 S2802126923 Th0.100 20 [Folder: OWLBEAR] - RLE compressed data (offset: 34307, size: 231)
0xfe, 0x5e, 0x6e, 0x11, 0x15, 0x12, 0x10, 0xae, 0x4e, 0x11, 0x1a, 0x24, 0x15, 0x14, 0x12, 0x10, 0x8e, 0x3e, 0x19, 0x13, 0x18, 0x12, 0x14, 0x13, 0x14, 0x10, 0x12, 0x10, 0x7e, 0x3e, 0x13, 0x15, 0x1d, 0x19, 0x1d, 0x15, 0x19, 0x15, 0x20, 0x11, 0x10, 0x5e, 0x2e, 0x20, 0x1a, 0x14, 0x18, 0x1c, 0x15, 0x28, 0x12, 0x10, 0x15, 0x12, 0x11, 0x4e, 0x2e, 0x18, 0x29, 0x17, 0x1f, 0x2d, 0x1c, 0x1a, 0x15, 0x20, 0x14, 0x20, 0x3e, 0x3e, 0x1c, 0x17, 0x1f, 0x1c, 0x1f, 0x1d, 0x1c, 0x19, 0x18, 0x15, 0x14, 0x15, 0x14, 0x11, 0x3e, 0x2e, 0x11, 0x3f, 0x2d, 0x1a, 0x2c, 0x2a, 0x14, 0x28, 0x12, 0x3e, 0x2e, 0x16, 0x1f, 0x13, 0x1d, 0x1c, 0x1f, 0x1d, 0x2f, 0x1d, 0x1c, 0x19, 0x12, 0x17, 0x16, 0x3e,
0x2e, 0x1b, 0x1d, 0x1b, 0x17, 0x2c, 0x1d, 0x3f, 0x17, 0x19, 0x14, 0x1a, 0x14, 0x3e, 0x2e, 0x17, 0x1d, 0x1c, 0x3b, 0x2d, 0x1f, 0x19, 0x1a, 0x29, 0x17, 0x12, 0x15, 0x2e, 0x1e, 0x11, 0x19, 0x1c, 0x2e, 0x2b, 0x1c, 0x1d, 0x1f, 0x1d, 0x18, 0x12, 0x1a, 0x17, 0x19, 0x15, 0x2e, 0x1e, 0x1b, 0x1a, 0x3e, 0x4b, 0x1c, 0x1f, 0x19, 0x18, 0x17, 0x1a, 0x18, 0x16, 0x2e, 0x1e, 0x16, 0x29, 0x2e, 0x2b, 0x16, 0x2e, 0x29, 0x15, 0x1b, 0x1d, 0x16, 0x13, 0x2e, 0x1e, 0x17, 0x1d, 0x1a, 0x10, 0x2e, 0x26, 0x2e, 0x1c, 0x19, 0x1e, 0x1c, 0x1d, 0x17, 0x3e, 0x6e, 0x36, 0x1e, 0x16, 0x1a, 0x15, 0x1e, 0x27, 0x16, 0x3e, 0x5e, 0x19, 0x11, 0x15, 0x13, 0x26, 0x10, 0x11, 0x1e, 0x26, 0x4e, 0x9e, 0x16, 0x1d,
0x27, 0x11, 0x13, 0x24, 0x3e, 0xfe, 0x5e,
// Compressed size: 231 bytes original pixels: 12544 uint16_t → ~25088 bytes uncompressed)

// PEGASUS / Pegasus Auraflow V0.3 000 S1750141393 Th0.100 20 [Folder: PEGASUS] - RLE compressed data (offset: 34538, size: 178)
0xff, 0x5f, 0x2f, 0x12, 0x11, 0xff, 0x1f, 0x1f, 0x13, 0x1f, 0x1c, 0xff, 0x1f, 0x1f, 0x13, 0x1f, 0x13, 0x12, 0xff, 0x2f, 0x1c, 0x1b, 0x19, 0x12, 0x11, 0x3f, 0x13, 0x12, 0x3f, 0x1c, 0x13, 0x3f, 0x2f, 0x16, 0x1b, 0x1a, 0x1d, 0x1b, 0x11, 0x1c, 0x1f, 0x1e, 0x15, 0x2f, 0x21, 0x24, 0x2f, 0x1f, 0x16, 0x18, 0x1a, 0x1b, 0x1d, 0x2b, 0x12, 0x1f, 0x2a, 0x2e, 0x15, 0x14, 0x13, 0x17, 0x2f, 0x1f, 0x17, 0x18, 0x1c, 0x1b, 0x19, 0x2e, 0x1d, 0x13, 0x1e, 0x1a, 0x11, 0x17, 0x13, 0x19, 0x2f, 0x14, 0x1f, 0x1f, 0x17, 0x1c, 0x1a, 0x1b, 0x1e, 0x1c, 0x1d, 0x2e, 0x13, 0x15, 0x19, 0x24, 0x5f, 0x2f, 0x19, 0x1b, 0x1c, 0x19, 0x3d, 0x1c, 0x2b, 0x16, 0x11, 0x17, 0x5f, 0x1f, 0x1b, 0x2f, 0x28, 0x1a,
0x1f, 0x12, 0x16, 0x1c, 0x17, 0x13, 0x16, 0x6f, 0x6f, 0x1e, 0x15, 0x1b, 0x18, 0x1a, 0x29, 0x17, 0x11, 0x5f, 0x5f, 0x19, 0x1e, 0x29, 0x2f, 0x1d, 0x1a, 0x14, 0x2f, 0x1e, 0x3f, 0x4f, 0x18, 0x1b, 0x18, 0x1f, 0x1a, 0x5f, 0x18, 0x1f, 0x1e, 0x3f, 0x3f, 0x26, 0x1a, 0x1f, 0x1d, 0x1a, 0x6f, 0x15, 0x1f, 0x15, 0x2f, 0x5f, 0x16, 0xef, 0x5f, 0x15, 0x1f, 0x17, 0xcf, 0x5f, 0x1b, 0xef, 0xff, 0x5f, 0xff, 0x5f,
// Compressed size: 178 bytes original pixels: 12544 uint16_t → ~25088 bytes uncompressed)

// PERYTON / Peryton Auraflow V0.3 000 S887177921 Th0.100 20 [Folder: PERYTON] - RLE compressed data (offset: 34716, size: 140)
0xff, 0x5f, 0x3f, 0x11, 0x12, 0xbf, 0x13, 0x3f, 0x2f, 0x12, 0x1f, 0x12, 0x2f, 0x16, 0x9f, 0x15, 0x2f, 0x3f, 0x25, 0x16, 0x1f, 0x17, 0x3f, 0x15, 0x4f, 0x13, 0x3f, 0x4f, 0x13, 0x38, 0x6f, 0x18, 0x1a, 0x1d, 0x3f, 0x2f, 0x12, 0x14, 0x17, 0x16, 0x28, 0x14, 0x1f, 0x1a, 0x17, 0x1f, 0x15, 0x1b, 0x2d, 0x14, 0x2f, 0x2f, 0x28, 0x16, 0x15, 0x1a, 0x1b, 0x1d, 0x13, 0x18, 0x1f, 0x15, 0x2b, 0x16, 0x1a, 0x17, 0x2f, 0x2f, 0x13, 0x3f, 0x1a, 0x3e, 0x16, 0x1a, 0x1d, 0x1e, 0x15, 0x16, 0x4f, 0x6f, 0x19, 0x1d, 0x5e, 0x1d, 0x11, 0x5f, 0x7f, 0x18, 0x11, 0x1f, 0x2e, 0x12, 0x7f, 0x6f, 0x15, 0x16, 0x12, 0x1a, 0x1c, 0x1d, 0x8f, 0x5f, 0x13, 0x17, 0x2f, 0x3d, 0x8f, 0x4f, 0x12, 0x3f, 0x18, 0x19,
0x1f, 0x12, 0x8f, 0x7f, 0x28, 0x1f, 0x14, 0x9f, 0x4f, 0x13, 0x2f, 0x13, 0x2f, 0x1a, 0x9f, 0xff, 0x5f, 0xbf, 0x14, 0x8f, 0xbf, 0x16, 0x8f, 0xbf, 0x15, 0x8f, 0xff, 0x5f,
// Compressed size: 140 bytes original pixels: 12544 uint16_t → ~25088 bytes uncompressed)

// PHANTOM / Phantom Auraflow V0.3 000 S1946645368 Th0.100 20 [Folder: PHANTOM] - RLE compressed data (offset: 34856, size: 191)
0xff, 0x5f, 0x8f, 0x11, 0x15, 0x12, 0x1f, 0x15, 0x21, 0x5f, 0x9f, 0x12, 0x15, 0x38, 0x17, 0x12, 0x4f, 0x5f, 0x21, 0x12, 0x25, 0x18, 0x2b, 0x1d, 0x2b, 0x15, 0x3f, 0x6f, 0x15, 0x28, 0x1b, 0x18, 0x1c, 0x2e, 0x18, 0x17, 0x19, 0x17, 0x2f, 0x4f, 0x11, 0x12, 0x17, 0x18, 0x2c, 0x5e, 0x1b, 0x1d, 0x19, 0x2f, 0x5f, 0x27, 0x18, 0x1d, 0x4e, 0x4d, 0x1a, 0x2f, 0x3f, 0x10, 0x11, 0x14, 0x19, 0x2d, 0x3e, 0x1d, 0x19, 0x17, 0x18, 0x1d, 0x1a, 0x2f, 0x3f, 0x11, 0x13, 0x17, 0x19, 0x1d, 0x3e, 0x1d, 0x1b, 0x17, 0x13, 0x1f, 0x19, 0x1a, 0x2f, 0x3f, 0x12, 0x14, 0x17, 0x1a, 0x1d, 0x1e, 0x1d, 0x1a, 0x1b, 0x17, 0x4f, 0x14, 0x2f, 0x3f, 0x13, 0x14, 0x19, 0x1a, 0x3d, 0x1a, 0x19, 0x13, 0x7f, 0x2f,
0x21, 0x14, 0x19, 0x2a, 0x1d, 0x2a, 0x14, 0x8f, 0x2f, 0x11, 0x13, 0x14, 0x19, 0x1a, 0x49, 0x16, 0x8f, 0x2f, 0x13, 0x11, 0x19, 0x1a, 0x17, 0x16, 0x19, 0x17, 0x16, 0x17, 0x8f, 0x2f, 0x16, 0x12, 0x16, 0x19, 0x16, 0x24, 0x16, 0x14, 0x17, 0x8f, 0x2f, 0x24, 0x16, 0x14, 0x13, 0x11, 0x13, 0x22, 0x16, 0x8f, 0x2f, 0x13, 0x14, 0x16, 0x14, 0x12, 0x10, 0x21, 0x10, 0x13, 0x8f, 0x3f, 0x14, 0x26, 0x13, 0x40, 0x14, 0x8f, 0x4f, 0x24, 0x16, 0x14, 0x12, 0x21, 0x10, 0x24, 0x6f, 0xff, 0x5f,
// Compressed size: 191 bytes original pixels: 12544 uint16_t → ~25088 bytes uncompressed)

// PHAYA NAK / Phaya Nak Auraflow V0.3 000 S1655614160 Th0.100 20 [Folder: PHAYA_NAK] - RLE compressed data (offset: 35047, size: 136)
0xfe, 0x5e, 0xfe, 0x5e, 0x9e, 0x17, 0x13, 0x16, 0x8e, 0x6e, 0x15, 0x11, 0x13, 0x11, 0x12, 0x19, 0x10, 0x13, 0x14, 0x5e, 0x4e, 0x11, 0x33, 0x11, 0x29, 0x11, 0x1c, 0x11, 0x13, 0x11, 0x4e, 0x4e, 0x15, 0x16, 0x1a, 0x17, 0x1b, 0x4d, 0x1b, 0x16, 0x18, 0x13, 0x3e, 0x3e, 0x17, 0x2b, 0x1d, 0x1c, 0x1a, 0x3c, 0x1b, 0x16, 0x17, 0x24, 0x3e, 0x2e, 0x15, 0x1d, 0x16, 0x2e, 0x18, 0x2a, 0x17, 0x14, 0x16, 0x1b, 0x16, 0x1c, 0x14, 0x17, 0x2e, 0x2e, 0x18, 0x1d, 0x4e, 0x15, 0x16, 0x12, 0x1a, 0x19, 0x1d, 0x1c, 0x1f, 0x2b, 0x2e, 0x2e, 0x1a, 0x17, 0x8e, 0x18, 0x17, 0x16, 0x2e, 0x1a, 0x1b, 0x1e, 0x2e, 0x1a, 0x19, 0x7e, 0x11, 0x1e, 0x11, 0x17, 0x10, 0x2e, 0x18, 0x1e, 0x3e, 0x16, 0x17, 0x8e,
0x10, 0x16, 0x18, 0x4e, 0x3e, 0x20, 0x13, 0x10, 0xde, 0x4e, 0x50, 0xbe, 0xfe, 0x5e, 0xfe, 0x5e, 0xfe, 0x5e, 0xfe, 0x5e, 0xfe, 0x5e, 0xfe, 0x5e,
// Compressed size: 136 bytes original pixels: 12544 uint16_t → ~25088 bytes uncompressed)

// PHOENIX / Phoenix Auraflow V0.3 000 S1366984572 Th0.100 20 [Folder: PHOENIX] - RLE compressed data (offset: 35183, size: 169)
0xfe, 0x5e, 0xfe, 0x5e, 0x9e, 0x1b, 0x6e, 0x1b, 0x1e, 0x1c, 0x1e, 0x7e, 0x17, 0x1e, 0x16, 0x7e, 0x1a, 0x1c, 0x1e, 0x8e, 0x15, 0x19, 0x7e, 0x16, 0x13, 0x1e, 0x8e, 0x14, 0x15, 0x7e, 0x14, 0x19, 0x1e, 0x6e, 0x19, 0x11, 0x12, 0x14, 0x5e, 0x19, 0x15, 0x14, 0x1b, 0x1e, 0x5e, 0x16, 0x18, 0x1a, 0x14, 0x17, 0x4e, 0x16, 0x12, 0x10, 0x17, 0x2e, 0x5e, 0x12, 0x11, 0x22, 0x16, 0x17, 0x1a, 0x26, 0x20, 0x14, 0x1c, 0x2e, 0x4e, 0x17, 0x1b, 0x1d, 0x12, 0x11, 0x23, 0x16, 0x19, 0x15, 0x19, 0x12, 0x29, 0x2e, 0x4e, 0x1d, 0x1e, 0x1c, 0x21, 0x20, 0x11, 0x1a, 0x18, 0x12, 0x15, 0x14, 0x3e, 0x6e, 0x1a, 0x1d, 0x10, 0x11, 0x19, 0x1d, 0x18, 0x12, 0x11, 0x14, 0x19, 0x16, 0x2e, 0x6e, 0x1a, 0x2b,
0x1c, 0x18, 0x10, 0x12, 0x14, 0x1e, 0x17, 0x4e, 0x6e, 0x1b, 0x2c, 0x1d, 0x1c, 0x1d, 0x19, 0x13, 0x16, 0x5e, 0x6e, 0x1d, 0x16, 0x1c, 0x16, 0x2a, 0x1c, 0x1d, 0x17, 0x5e, 0x6e, 0x1b, 0x1e, 0x1c, 0x1a, 0x1e, 0x1a, 0x1d, 0x2b, 0x5e, 0x6e, 0x1a, 0x1e, 0x1c, 0x4e, 0x1b, 0x16, 0x5e, 0x4e, 0x19, 0x16, 0x14, 0x1f, 0x1a, 0xbe, 0xfe, 0x5e, 0xfe, 0x5e,
// Compressed size: 169 bytes original pixels: 12544 uint16_t → ~25088 bytes uncompressed)

// PIT FIEND / Pit Fiend Auraflow V0.3 000 S2860728041 Th0.100 20 [Folder: PIT_FIEND] - RLE compressed data (offset: 35352, size: 274)
0x1a, 0x27, 0x1c, 0x16, 0xb5, 0x1d, 0x1f, 0x18, 0x1b, 0x18, 0x1f, 0x1e, 0x1c, 0x19, 0xa5, 0x1b, 0x2e, 0x1f, 0x1c, 0x15, 0x1a, 0x1e, 0x2c, 0x18, 0x15, 0x1c, 0x65, 0x10, 0x1f, 0x1e, 0x1f, 0x1c, 0x1e, 0x16, 0x1c, 0x17, 0x3c, 0x10, 0x75, 0x18, 0x3e, 0x15, 0x1a, 0x1c, 0x1e, 0x19, 0x1e, 0x29, 0x26, 0x15, 0x10, 0x16, 0x25, 0x16, 0x1e, 0x19, 0x1e, 0x1c, 0x1e, 0x18, 0x2c, 0x17, 0x1c, 0x19, 0x16, 0x17, 0x1d, 0x26, 0x1b, 0x15, 0x11, 0x19, 0x1e, 0x1c, 0x1e, 0x1c, 0x1f, 0x1d, 0x1c, 0x19, 0x16, 0x19, 0x1c, 0x10, 0x16, 0x1a, 0x19, 0x10, 0x1f, 0x16, 0x19, 0x1a, 0x19, 0x1a, 0x1e, 0x3d, 0x2c, 0x13, 0x19, 0x1d, 0x18, 0x1b, 0x17, 0x19, 0x3f, 0x16, 0x1f, 0x1d, 0x1f, 0x2a, 0x1d, 0x15,
0x19, 0x1a, 0x13, 0x17, 0x16, 0x19, 0x1b, 0x10, 0x1a, 0x1f, 0x13, 0x1f, 0x1d, 0x1a, 0x1d, 0x1e, 0x18, 0x1d, 0x1a, 0x19, 0x1a, 0x15, 0x14, 0x12, 0x26, 0x13, 0x2b, 0x14, 0x13, 0x14, 0x1f, 0x1b, 0x1f, 0x18, 0x14, 0x18, 0x24, 0x11, 0x35, 0x19, 0x1d, 0x12, 0x15, 0x14, 0x18, 0x14, 0x13, 0x18, 0x14, 0x1d, 0x13, 0x12, 0x13, 0x14, 0x15, 0x35, 0x12, 0x1a, 0x1b, 0x15, 0x14, 0x1d, 0x18, 0x1b, 0x1d, 0x21, 0x1b, 0x29, 0x14, 0x25, 0x35, 0x17, 0x28, 0x15, 0x16, 0x1f, 0x1d, 0x1e, 0x1f, 0x25, 0x1b, 0x18, 0x13, 0x35, 0x35, 0x16, 0x35, 0x19, 0x1e, 0x1a, 0x1d, 0x1f, 0x18, 0x25, 0x18, 0x19, 0x35, 0x35, 0x16, 0x25, 0x13, 0x2d, 0x18, 0x2b, 0x1a, 0x35, 0x1c, 0x35, 0x25, 0x11, 0x16, 0x11,
0x15, 0x28, 0x15, 0x18, 0x14, 0x18, 0x1a, 0x35, 0x1a, 0x35, 0x25, 0x18, 0x35, 0x12, 0x14, 0x15, 0x12, 0x25, 0x13, 0x25, 0x18, 0x1c, 0x35, 0x25, 0x14, 0x35, 0x12, 0x18, 0x15, 0x11, 0x25, 0x18, 0x35, 0x1a, 0x35, 0x55, 0x11, 0x12, 0x13, 0x15, 0x10, 0x25, 0x22, 0x65, 0x65, 0x21, 0x10, 0x35, 0x21, 0x65,
// Compressed size: 274 bytes original pixels: 12544 uint16_t → ~25088 bytes uncompressed)

// PIXIE / Pixie Auraflow V0.3 000 S2585536494 Th0.100 20 [Folder: PIXIE] - RLE compressed data (offset: 35626, size: 133)
0xff, 0x5f, 0xff, 0x5f, 0xff, 0x5f, 0xff, 0x5f, 0xff, 0x5f, 0xff, 0x5f, 0x2f, 0x14, 0x15, 0x2f, 0x14, 0x12, 0x4f, 0x14, 0x18, 0x2f, 0x19, 0x1a, 0x1e, 0x1f, 0x2f, 0x18, 0x22, 0x11, 0x13, 0x1b, 0x15, 0x12, 0x17, 0x1b, 0x12, 0x13, 0x16, 0x13, 0x10, 0x1c, 0x2f, 0x2f, 0x1b, 0x18, 0x41, 0x1e, 0x17, 0x15, 0x1d, 0x11, 0x17, 0x10, 0x11, 0x18, 0x3f, 0x3f, 0x1b, 0x15, 0x11, 0x10, 0x1c, 0x18, 0x1d, 0x2e, 0x16, 0x13, 0x11, 0x10, 0x1b, 0x3f, 0x4f, 0x1b, 0x18, 0x17, 0x15, 0x1d, 0x2e, 0x1a, 0x17, 0x16, 0x1a, 0x17, 0x4f, 0x5f, 0x15, 0x13, 0x17, 0x15, 0x1e, 0x1d, 0x16, 0x17, 0x13, 0x19, 0x5f, 0x4f, 0x1a, 0x18, 0x13, 0x17, 0x2c, 0x1e, 0x13, 0x10, 0x13, 0x17, 0x1a, 0x4f, 0x4f, 0x39,
0x1a, 0x14, 0x1c, 0x1d, 0x18, 0x1a, 0x15, 0x2b, 0x4f, 0xff, 0x5f, 0xff, 0x5f, 0xff, 0x5f, 0xff, 0x5f, 0xff, 0x5f, 0xff, 0x5f,
// Compressed size: 133 bytes original pixels: 12544 uint16_t → ~25088 bytes uncompressed)

// POLTERGEIST / Poltergeist Auraflow V0.3 000 S2101496351 Th0.100 20 [Folder: POLTERGEIST] - RLE compressed data (offset: 35759, size: 152)
0xee, 0x13, 0x5e, 0xbe, 0x16, 0x15, 0x13, 0x6e, 0x9e, 0x12, 0x15, 0x13, 0x14, 0x27, 0x5e, 0x7e, 0x14, 0x1e, 0x16, 0x13, 0x16, 0x19, 0x1d, 0x6e, 0x7e, 0x13, 0x3b, 0x1a, 0x1d, 0x1a, 0x6e, 0x6e, 0x13, 0x14, 0x1b, 0x3d, 0x19, 0x1d, 0x6e, 0x6e, 0x12, 0x3d, 0x19, 0x1d, 0x1f, 0x13, 0x6e, 0x6e, 0x1f, 0x19, 0x2d, 0x19, 0x1b, 0x19, 0x7e, 0x5e, 0x19, 0x1b, 0x15, 0x3d, 0x13, 0x1b, 0x16, 0x6e, 0x5e, 0x1a, 0x11, 0x18, 0x1b, 0x1d, 0x17, 0x1e, 0x1c, 0x11, 0x6e, 0x4e, 0x13, 0x1c, 0x15, 0x1a, 0x18, 0x1b, 0x12, 0x2e, 0x17, 0x6e, 0x6e, 0x15, 0x19, 0x1b, 0x1c, 0x21, 0x1e, 0x19, 0x6e, 0x6e, 0x13, 0x19, 0x17, 0x1a, 0x1f, 0x2e, 0x11, 0x6e, 0x4e, 0x13, 0x2e, 0x11, 0x16, 0x14, 0x19, 0x3e,
0x19, 0x5e, 0x4e, 0x14, 0x17, 0x14, 0x1e, 0x16, 0x2e, 0x17, 0x1e, 0x11, 0x19, 0x5e, 0x6e, 0x13, 0x1e, 0x14, 0x2e, 0x17, 0x8e, 0x4e, 0x16, 0x1e, 0x17, 0x1e, 0x11, 0x1e, 0x1f, 0x9e, 0x5e, 0x14, 0x4e, 0x17, 0x9e, 0x5e, 0x2f, 0xde, 0xfe, 0x5e,
// Compressed size: 152 bytes original pixels: 12544 uint16_t → ~25088 bytes uncompressed)

// PSEUDODRAGON / Pseudodragon Auraflow V0.3 000 S2464924450 Th0.100 20 [Folder: PSEUDODRAGON] - RLE compressed data (offset: 35911, size: 198)
0xff, 0x5f, 0xff, 0x5f, 0x5f, 0x11, 0x1a, 0x18, 0x4f, 0x17, 0x1a, 0x10, 0x5f, 0x4f, 0x16, 0x1c, 0x1a, 0x4f, 0x12, 0x11, 0x1e, 0x1a, 0x1d, 0x4f, 0x3f, 0x15, 0x2d, 0x1a, 0x6f, 0x19, 0x1c, 0x1e, 0x1b, 0x3f, 0x2f, 0x29, 0x1a, 0x2e, 0x5f, 0x11, 0x5b, 0x2f, 0x1f, 0x1c, 0x18, 0x14, 0x3a, 0x2f, 0x1a, 0x2f, 0x19, 0x1c, 0x18, 0x25, 0x18, 0x1b, 0x1f, 0x1f, 0x14, 0x1f, 0x14, 0x1c, 0x14, 0x1c, 0x13, 0x1f, 0x1e, 0x10, 0x1f, 0x1b, 0x1e, 0x19, 0x16, 0x15, 0x12, 0x10, 0x1f, 0x3f, 0x12, 0x16, 0x12, 0x1c, 0x1b, 0x2e, 0x17, 0x2e, 0x24, 0x1b, 0x12, 0x3f, 0x3f, 0x22, 0x10, 0x12, 0x2d, 0x10, 0x13, 0x1e, 0x1d, 0x12, 0x13, 0x14, 0x10, 0x3f, 0x3f, 0x14, 0x2f, 0x10, 0x18, 0x1d, 0x1e, 0x15,
0x1e, 0x18, 0x1f, 0x10, 0x18, 0x4f, 0x3f, 0x12, 0x4f, 0x1d, 0x13, 0x14, 0x1b, 0x8f, 0x8f, 0x17, 0x12, 0x1b, 0x4f, 0x10, 0x4f, 0x6f, 0x13, 0x10, 0x11, 0x1e, 0x1b, 0x15, 0x13, 0x2f, 0x10, 0x11, 0x3f, 0x6f, 0x14, 0x1d, 0x1c, 0x19, 0x1b, 0x29, 0x1f, 0x10, 0x2f, 0x11, 0x16, 0x1f, 0x7f, 0x1d, 0x15, 0x1b, 0x19, 0x15, 0x8f, 0x7f, 0x1c, 0x1a, 0x1b, 0x2d, 0x17, 0x15, 0x4f, 0x17, 0x1f, 0x6f, 0x18, 0x12, 0x1e, 0x12, 0x1d, 0x12, 0x19, 0x1b, 0x21, 0x20, 0x16, 0x1f, 0x6f, 0x10, 0x1a, 0x2f, 0x1a, 0x1e, 0x1a, 0x7f, 0xff, 0x5f,
// Compressed size: 198 bytes original pixels: 12544 uint16_t → ~25088 bytes uncompressed)

// QAT / Qat Auraflow V0.3 000 S239845069 Th0.100 20 [Folder: QAT] - RLE compressed data (offset: 36109, size: 174)
0xfe, 0x5e, 0xbe, 0x13, 0x1a, 0x7e, 0x8e, 0x18, 0x10, 0x23, 0x11, 0x18, 0x11, 0x5e, 0x7e, 0x11, 0x13, 0x15, 0x18, 0x15, 0x1a, 0x16, 0x14, 0x1d, 0x4e, 0x7e, 0x12, 0x1c, 0x16, 0x10, 0x19, 0x12, 0x15, 0x17, 0x1a, 0x4e, 0x6e, 0x14, 0x13, 0x1c, 0x18, 0x15, 0x2e, 0x12, 0x11, 0x17, 0x1d, 0x3e, 0x6e, 0x16, 0x17, 0x19, 0x18, 0x12, 0x5e, 0x14, 0x3e, 0x6e, 0x25, 0x19, 0x13, 0x6e, 0x1a, 0x1d, 0x2e, 0x6e, 0x10, 0x13, 0x1c, 0x11, 0x1a, 0x6e, 0x14, 0x2e, 0x6e, 0x17, 0x12, 0x2c, 0x1d, 0x14, 0x4e, 0x1c, 0x3e, 0x5e, 0x1d, 0x12, 0x25, 0x16, 0x2c, 0x16, 0x1a, 0x2e, 0x1f, 0x1d, 0x2e, 0x5e, 0x1a, 0x1b, 0x16, 0x14, 0x2c, 0x2d, 0x16, 0x1e, 0x13, 0x4e, 0x6e, 0x1d, 0x10, 0x1a, 0x1c, 0x1d,
0x11, 0x1a, 0x15, 0x10, 0x5e, 0x6e, 0x16, 0x1c, 0x18, 0x1c, 0x14, 0x15, 0x18, 0x1b, 0x17, 0x12, 0x4e, 0x6e, 0x17, 0x2e, 0x27, 0x1b, 0x27, 0x1a, 0x1c, 0x4e, 0x6e, 0x12, 0x3e, 0x1d, 0x15, 0x1a, 0x1d, 0x19, 0x5e, 0x3e, 0x12, 0x1b, 0x17, 0x16, 0x2e, 0x17, 0x1b, 0x12, 0x1b, 0x2d, 0x5e, 0x3e, 0x12, 0x4e, 0x17, 0x14, 0x1e, 0x12, 0x8e, 0x8e, 0x14, 0x1e, 0x1b, 0x9e, 0xfe, 0x5e,
// Compressed size: 174 bytes original pixels: 12544 uint16_t → ~25088 bytes uncompressed)

// QUETZALCOATL / Quetzalcoatl Auraflow V0.3 000 S3055356217 Th0.100 20 [Folder: QUETZALCOATL] - RLE compressed data (offset: 36283, size: 208)
0x2e, 0x1f, 0x14, 0xfe, 0x1e, 0x1e, 0x18, 0x1e, 0x14, 0x17, 0x14, 0xee, 0x2e, 0x12, 0x1e, 0x20, 0x17, 0xde, 0x1e, 0x10, 0x1e, 0x12, 0x14, 0x17, 0x18, 0x16, 0xce, 0x2e, 0x32, 0x14, 0x25, 0x13, 0x5e, 0x13, 0x5e, 0x3e, 0x12, 0x17, 0x14, 0x18, 0x1b, 0x10, 0x3e, 0x2a, 0x1b, 0x13, 0x4e, 0x4e, 0x17, 0x18, 0x15, 0x18, 0x13, 0x2e, 0x23, 0x1c, 0x15, 0x18, 0x17, 0x3e, 0x4e, 0x15, 0x1e, 0x25, 0x21, 0x1e, 0x10, 0x1a, 0x17, 0x13, 0x18, 0x11, 0x3e, 0x4e, 0x16, 0x1e, 0x14, 0x18, 0x17, 0x23, 0x11, 0x1a, 0x1b, 0x19, 0x15, 0x12, 0x1c, 0x2e, 0x1e, 0x12, 0x11, 0x2e, 0x18, 0x17, 0x15, 0x17, 0x15, 0x11, 0x1a, 0x1d, 0x16, 0x14, 0x2c, 0x10, 0x2e, 0x4e, 0x19, 0x1e, 0x13, 0x11, 0x15, 0x19,
0x15, 0x19, 0x1a, 0x13, 0x3e, 0x15, 0x2e, 0x4e, 0x10, 0x12, 0x13, 0x1d, 0x12, 0x1d, 0x10, 0x1d, 0x1b, 0x13, 0x16, 0x5e, 0x3e, 0x13, 0x18, 0x1d, 0x15, 0x1c, 0x19, 0x16, 0x18, 0x2b, 0x1a, 0x10, 0x5e, 0x2e, 0x16, 0x1c, 0x1a, 0x19, 0x1d, 0x13, 0x2e, 0x12, 0x16, 0x1d, 0x1a, 0x19, 0x5e, 0x2e, 0x18, 0x1a, 0x4e, 0x13, 0x1e, 0x19, 0x1e, 0x16, 0x1b, 0x19, 0x5e, 0x2e, 0x15, 0x9e, 0x1b, 0x1d, 0x1b, 0x5e, 0x2e, 0x1a, 0x19, 0x1e, 0x16, 0x1c, 0x16, 0x13, 0x11, 0x23, 0x2b, 0x6e, 0x3e, 0x1b, 0x1d, 0x1b, 0x13, 0x1a, 0x1d, 0x1b, 0x2d, 0x1b, 0x13, 0x6e, 0xae, 0x19, 0x1a, 0x8e, 0xfe, 0x5e,
// Compressed size: 208 bytes original pixels: 12544 uint16_t → ~25088 bytes uncompressed)

// QUINOTAUR / Quinotaur Auraflow V0.3 000 S873483848 Th0.100 20 [Folder: QUINOTAUR] - RLE compressed data (offset: 36491, size: 217)
0xfe, 0x5e, 0x6e, 0x19, 0xde, 0x4e, 0x17, 0xfe, 0x2e, 0x1a, 0x11, 0x5e, 0x12, 0x11, 0x14, 0x19, 0x11, 0x18, 0x5e, 0x1e, 0x14, 0x11, 0x1c, 0x4e, 0x17, 0x12, 0x14, 0x3e, 0x12, 0x15, 0x4e, 0x2e, 0x19, 0x1b, 0x12, 0x3e, 0x17, 0x10, 0x1e, 0x10, 0x14, 0x2e, 0x16, 0x4e, 0x2e, 0x17, 0x19, 0x2c, 0x2e, 0x27, 0x14, 0x2e, 0x15, 0x19, 0x5e, 0x3e, 0x1d, 0x15, 0x1e, 0x11, 0x14, 0x18, 0x19, 0x14, 0x13, 0x8e, 0x3e, 0x1c, 0x1b, 0x14, 0x1c, 0x11, 0x10, 0x1c, 0x14, 0x17, 0x19, 0x1b, 0x6e, 0x3e, 0x1a, 0x1d, 0x1c, 0x1d, 0x11, 0x15, 0x1c, 0x1a, 0x19, 0x2a, 0x10, 0x1b, 0x4e, 0x3e, 0x17, 0x2d, 0x1c, 0x1d, 0x19, 0x13, 0x1c, 0x2d, 0x18, 0x1c, 0x19, 0x4e, 0x4e, 0x19, 0x1f, 0x1c, 0x1a, 0x1c,
0x1b, 0x1d, 0x1f, 0x18, 0x1c, 0x12, 0x19, 0x18, 0x3e, 0x3e, 0x15, 0x14, 0x19, 0x3f, 0x1a, 0x1b, 0x17, 0x15, 0x16, 0x10, 0x1e, 0x18, 0x1a, 0x2e, 0x2e, 0x12, 0x2e, 0x14, 0x1d, 0x1e, 0x15, 0x1d, 0x1a, 0x16, 0x2d, 0x15, 0x1e, 0x12, 0x10, 0x2e, 0x5e, 0x10, 0x1c, 0x1e, 0x19, 0x17, 0x1f, 0x1e, 0x16, 0x13, 0x1a, 0x1c, 0x11, 0x1a, 0x2e, 0x5e, 0x23, 0x1e, 0x10, 0x19, 0x1a, 0x2e, 0x16, 0x11, 0x15, 0x14, 0x18, 0x2e, 0x5e, 0x17, 0x3e, 0x19, 0x12, 0x11, 0x2e, 0x12, 0x13, 0x1b, 0x19, 0x2e, 0x4e, 0x11, 0x26, 0x17, 0x13, 0x17, 0x13, 0x1b, 0x15, 0x13, 0x16, 0x29, 0x3e, 0x8e, 0x1c, 0x14, 0x17, 0x11, 0x14, 0x17, 0x19, 0x17, 0x4e, 0xfe, 0x5e,
// Compressed size: 217 bytes original pixels: 12544 uint16_t → ~25088 bytes uncompressed)

// RAKSHASA / Rakshasa Auraflow V0.3 000 S3312811737 Th0.100 20 [Folder: RAKSHASA] - RLE compressed data (offset: 36708, size: 230)
0xfe, 0x5e, 0x8e, 0x10, 0xbe, 0x2e, 0x16, 0x4e, 0x11, 0x1d, 0x18, 0x17, 0x9e, 0x2e, 0x1f, 0x4e, 0x1d, 0x1c, 0x1f, 0x18, 0x17, 0x2e, 0x19, 0x16, 0x13, 0x3e, 0x2e, 0x1d, 0x18, 0x2e, 0x13, 0x15, 0x1d, 0x1c, 0x18, 0x1c, 0x13, 0x1e, 0x12, 0x28, 0x3e, 0x1e, 0x1a, 0x18, 0x12, 0x2e, 0x1c, 0x12, 0x18, 0x1f, 0x15, 0x1d, 0x18, 0x14, 0x1e, 0x17, 0x11, 0x3e, 0x1e, 0x12, 0x1a, 0x1b, 0x2e, 0x13, 0x1c, 0x1d, 0x14, 0x1d, 0x1c, 0x13, 0x17, 0x10, 0x11, 0x1b, 0x3e, 0x2e, 0x14, 0x1d, 0x11, 0x1c, 0x12, 0x11, 0x18, 0x1c, 0x1f, 0x11, 0x18, 0x16, 0x11, 0x1a, 0x12, 0x3e, 0x2e, 0x14, 0x18, 0x16, 0x1b, 0x1d, 0x13, 0x1d, 0x2b, 0x1d, 0x18, 0x16, 0x17, 0x1f, 0x4e, 0x3e, 0x1d, 0x1c, 0x13, 0x1e,
0x1f, 0x16, 0x1d, 0x1c, 0x12, 0x2d, 0x1e, 0x13, 0x4e, 0x3e, 0x17, 0x3e, 0x1c, 0x12, 0x17, 0x1c, 0x2e, 0x16, 0x18, 0x13, 0x4e, 0x7e, 0x19, 0x1c, 0x11, 0x1c, 0x11, 0x1e, 0x12, 0x16, 0x13, 0x15, 0x3e, 0x6e, 0x17, 0x11, 0x2f, 0x1d, 0x1b, 0x3e, 0x19, 0x1f, 0x14, 0x2e, 0x6e, 0x15, 0x1d, 0x1a, 0x1b, 0x1f, 0x29, 0x3e, 0x18, 0x3e, 0x5e, 0x15, 0x16, 0x1d, 0x14, 0x1a, 0x1b, 0x1a, 0x1f, 0x13, 0x2e, 0x18, 0x12, 0x2e, 0x4e, 0x13, 0x1c, 0x18, 0x1a, 0x19, 0x1a, 0x2b, 0x17, 0x13, 0x2e, 0x1b, 0x1d, 0x2e, 0x4e, 0x14, 0x11, 0x3e, 0x14, 0x19, 0x14, 0x17, 0x1d, 0x2e, 0x16, 0x1b, 0x2e, 0x4e, 0x16, 0x3e, 0x10, 0x14, 0x12, 0x1e, 0x10, 0x17, 0x6e, 0x3e, 0x17, 0x16, 0x11, 0x6e, 0x11, 0x17,
0x18, 0x1a, 0x1b, 0x3e, 0xfe, 0x5e,
// Compressed size: 230 bytes original pixels: 12544 uint16_t → ~25088 bytes uncompressed)

// REDCAP / Redcap Auraflow V0.3 000 S2462892008 Th0.100 20 [Folder: REDCAP] - RLE compressed data (offset: 36938, size: 156)
0xfe, 0x5e, 0xae, 0x1f, 0x9e, 0x7e, 0x10, 0x18, 0x14, 0x18, 0x1d, 0x8e, 0x3e, 0x10, 0x3e, 0x24, 0x28, 0x19, 0x1b, 0x7e, 0x3e, 0x1a, 0x1d, 0x11, 0x1c, 0x14, 0x29, 0x1c, 0x1d, 0x1b, 0x14, 0x1e, 0x12, 0x1c, 0x3e, 0x4e, 0x17, 0x1c, 0x12, 0x13, 0x1c, 0x14, 0x15, 0x1b, 0x1d, 0x16, 0x1c, 0x19, 0x4e, 0x5e, 0x10, 0x27, 0x2d, 0x17, 0x1b, 0x17, 0x1d, 0x11, 0x5e, 0x7e, 0x10, 0x23, 0x17, 0x1d, 0x8e, 0x7e, 0x16, 0x12, 0x1c, 0x17, 0x15, 0x8e, 0x7e, 0x12, 0x1c, 0x1d, 0x17, 0x1e, 0x12, 0x7e, 0x8e, 0x1d, 0x16, 0x1b, 0x1e, 0x13, 0x7e, 0x7e, 0x1a, 0x1d, 0x13, 0x1b, 0x1d, 0x1e, 0x15, 0x6e, 0x7e, 0x1d, 0x19, 0x17, 0x10, 0x11, 0x1e, 0x13, 0x6e, 0x7e, 0x11, 0x10, 0x2e, 0x10, 0x1e, 0x11,
0x18, 0x1b, 0x4e, 0x7e, 0x1a, 0x4e, 0x10, 0x1e, 0x27, 0x4e, 0x7e, 0x1a, 0x3e, 0x16, 0x10, 0x2e, 0x13, 0x4e, 0x3e, 0x15, 0x13, 0x12, 0x11, 0x1b, 0x3e, 0x10, 0x13, 0x1e, 0x1c, 0x1a, 0x4e, 0x3e, 0x1a, 0x1d, 0x7e, 0x15, 0x1c, 0x1f, 0x1d, 0x4e, 0xfe, 0x5e, 0xfe, 0x5e,
// Compressed size: 156 bytes original pixels: 12544 uint16_t → ~25088 bytes uncompressed)

// REMORHAZ / Remorhaz Auraflow V0.3 000 S2114831682 Th0.100 20 [Folder: REMORHAZ] - RLE compressed data (offset: 37094, size: 148)
0xfe, 0x5e, 0xfe, 0x5e, 0xfe, 0x5e, 0xfe, 0x5e, 0xfe, 0x5e, 0x9e, 0x16, 0x13, 0x1e, 0x1c, 0x7e, 0x7e, 0x43, 0x26, 0x13, 0x16, 0x5e, 0x5e, 0x16, 0x13, 0x19, 0x11, 0x1a, 0x15, 0x1c, 0x19, 0x2b, 0x16, 0x1c, 0x3e, 0x4e, 0x10, 0x11, 0x16, 0x29, 0x26, 0x3d, 0x1c, 0x1d, 0x16, 0x1c, 0x2e, 0x4e, 0x1a, 0x15, 0x1d, 0x1a, 0x1d, 0x1a, 0x1d, 0x15, 0x1b, 0x1d, 0x1c, 0x1d, 0x26, 0x19, 0x1e, 0x4e, 0x1f, 0x14, 0x12, 0x1a, 0x1c, 0x1b, 0x11, 0x1d, 0x4e, 0x1c, 0x26, 0x1e, 0x6e, 0x1f, 0x14, 0x15, 0x1d, 0x1b, 0x5e, 0x1a, 0x1c, 0x16, 0x1e, 0x1e, 0x12, 0x1e, 0x14, 0x12, 0x3f, 0x1b, 0x1d, 0x7e, 0x26, 0x1e, 0x2e, 0x10, 0x18, 0x2e, 0x1f, 0x1a, 0x1d, 0x8e, 0x11, 0x1d, 0x1e, 0x2e, 0x10, 0x14,
0x27, 0x24, 0x7e, 0x11, 0x16, 0x1d, 0x18, 0x1e, 0x3e, 0x12, 0x14, 0x12, 0x14, 0x7e, 0x15, 0x16, 0x28, 0x2e, 0x4e, 0x15, 0x17, 0x1e, 0x15, 0x2e, 0x12, 0x16, 0x29, 0x15, 0x24, 0x3e, 0xfe, 0x5e, 0xfe, 0x5e, 0xfe, 0x5e,
// Compressed size: 148 bytes original pixels: 12544 uint16_t → ~25088 bytes uncompressed)

// REVENANT / Revenant Auraflow V0.3 000 S3858444995 Th0.100 20 [Folder: REVENANT] - RLE compressed data (offset: 37242, size: 187)
0xf0, 0x10, 0x16, 0x30, 0xf0, 0x50, 0x60, 0x13, 0x11, 0x12, 0x60, 0x15, 0x16, 0x30, 0x60, 0x15, 0x11, 0x1c, 0x11, 0x10, 0x11, 0x20, 0x1a, 0x15, 0x17, 0x16, 0x20, 0x70, 0x18, 0x1f, 0x16, 0x1e, 0x12, 0x30, 0x25, 0x30, 0x30, 0x1a, 0x20, 0x16, 0x15, 0x1f, 0x1e, 0x16, 0x30, 0x17, 0x14, 0x15, 0x16, 0x20, 0x20, 0x19, 0x1f, 0x20, 0x15, 0x10, 0x1c, 0x2f, 0x17, 0x1b, 0x16, 0x25, 0x1a, 0x10, 0x19, 0x10, 0x30, 0x1a, 0x20, 0x15, 0x17, 0x11, 0x1f, 0x1e, 0x1c, 0x18, 0x1b, 0x15, 0x16, 0x2a, 0x20, 0x30, 0x1a, 0x20, 0x15, 0x1f, 0x1e, 0x1a, 0x1e, 0x1f, 0x1d, 0x16, 0x1f, 0x17, 0x1a, 0x14, 0x16, 0x10, 0x60, 0x16, 0x15, 0x1e, 0x19, 0x1d, 0x1f, 0x1d, 0x1a, 0x1d, 0x15, 0x1c, 0x18, 0x20,
0x40, 0x18, 0x1b, 0x1d, 0x16, 0x1d, 0x1f, 0x1c, 0x1f, 0x18, 0x2d, 0x16, 0x13, 0x30, 0x60, 0x13, 0x16, 0x1f, 0x1a, 0x1c, 0x1f, 0x1d, 0x17, 0x1d, 0x20, 0x13, 0x1d, 0x10, 0x60, 0x17, 0x1f, 0x18, 0x20, 0x18, 0x40, 0x19, 0x1a, 0x1c, 0x18, 0x60, 0x2d, 0x70, 0x1a, 0x16, 0x17, 0x18, 0x13, 0x70, 0x12, 0x70, 0x1a, 0x16, 0x14, 0x15, 0x1a, 0x70, 0x14, 0x70, 0x13, 0x17, 0x15, 0x14, 0x10, 0x60, 0x12, 0xa0, 0x13, 0x16, 0x10, 0xf0, 0x50, 0xf0, 0x50, 0xf0, 0x50,
// Compressed size: 187 bytes original pixels: 12544 uint16_t → ~25088 bytes uncompressed)

// RIVER SERPENT / River Serpent Auraflow V0.3 000 S3461442064 Th0.100 20 [Folder: RIVER_SERPENT] - RLE compressed data (offset: 37429, size: 142)
0xff, 0x5f, 0xff, 0x5f, 0xff, 0x5f, 0xff, 0x5f, 0x5f, 0x12, 0x23, 0x11, 0xbf, 0x4f, 0x14, 0x17, 0x16, 0x33, 0x14, 0x13, 0x8f, 0x3f, 0x11, 0x18, 0x1a, 0x1d, 0x1e, 0x16, 0x14, 0x31, 0x19, 0x6f, 0x2f, 0x12, 0x19, 0x15, 0x2c, 0x1a, 0x2e, 0x15, 0x14, 0x13, 0x12, 0x16, 0x5f, 0x2f, 0x16, 0x14, 0x18, 0x1d, 0x1a, 0x2d, 0x2e, 0x1c, 0x1e, 0x13, 0x11, 0x14, 0x4f, 0x1f, 0x14, 0x28, 0x1d, 0x1a, 0x18, 0x19, 0x2a, 0x1d, 0x13, 0x1d, 0x15, 0x14, 0x1b, 0x11, 0x3f, 0x1f, 0x14, 0x19, 0x16, 0x1a, 0x38, 0x19, 0x28, 0x17, 0x1d, 0x1e, 0x1d, 0x13, 0x12, 0x3f, 0x1f, 0x17, 0x16, 0x18, 0x1a, 0x19, 0x36, 0x15, 0x13, 0x2f, 0x16, 0x2b, 0x14, 0x19, 0x2f, 0x2f, 0x17, 0x18, 0xaf, 0x1b, 0x13, 0x1e,
0x13, 0x2f, 0xff, 0x1e, 0x15, 0x13, 0x2f, 0xff, 0x1f, 0x1e, 0x15, 0x18, 0x1f, 0xff, 0x1f, 0x14, 0x1a, 0x12, 0x1f, 0xff, 0x2f, 0x16, 0x2f, 0xef, 0x24, 0x4f, 0xff, 0x5f, 0xff, 0x5f,
// Compressed size: 142 bytes original pixels: 12544 uint16_t → ~25088 bytes uncompressed)

// ROC / Roc Auraflow V0.3 000 S345679048 Th0.100 20 [Folder: ROC] - RLE compressed data (offset: 37571, size: 132)
0xfe, 0x5e, 0x2e, 0x19, 0x1e, 0x1a, 0x19, 0xee, 0x1e, 0x17, 0x1a, 0x1f, 0x1a, 0x16, 0x1d, 0x19, 0x10, 0x4e, 0x11, 0x6e, 0x1e, 0x13, 0x1a, 0x17, 0x1b, 0x19, 0x17, 0x1b, 0x1a, 0x12, 0x1e, 0x32, 0x11, 0x5e, 0x1e, 0x17, 0x19, 0x13, 0x3a, 0x1b, 0x1d, 0x1a, 0x13, 0x11, 0x20, 0x6e, 0x2e, 0x12, 0x15, 0x2a, 0x16, 0x1d, 0x16, 0x1a, 0x1d, 0x16, 0x12, 0x7e, 0x4e, 0x15, 0x14, 0x1b, 0x1a, 0x2f, 0x2d, 0x1b, 0x18, 0x13, 0x25, 0x3e, 0x7e, 0x19, 0x1f, 0x1d, 0x1b, 0x16, 0x4d, 0x18, 0x1c, 0x2e, 0x7e, 0x17, 0x2c, 0x19, 0x1f, 0x18, 0x4e, 0x18, 0x2e, 0x4e, 0x17, 0x19, 0x18, 0x1c, 0x2d, 0x1a, 0x12, 0x8e, 0x4e, 0x19, 0x17, 0x19, 0x17, 0x16, 0x28, 0x9e, 0x3e, 0x34, 0x17, 0x19, 0xce, 0x4e,
0x14, 0x1e, 0x12, 0xde, 0x3e, 0x15, 0xfe, 0x1e, 0xfe, 0x5e, 0xfe, 0x5e, 0xfe, 0x5e, 0xfe, 0x5e, 0xfe, 0x5e, 0xfe, 0x5e,
// Compressed size: 132 bytes original pixels: 12544 uint16_t → ~25088 bytes uncompressed)

// RUSALKA / Rusalka Auraflow V0.3 000 S2474434392 Th0.100 20 [Folder: RUSALKA] - RLE compressed data (offset: 37703, size: 170)
0xfe, 0x5e, 0xfe, 0x5e, 0x7e, 0x12, 0x20, 0xae, 0x6e, 0x19, 0x14, 0x1d, 0x1b, 0x10, 0x12, 0x1e, 0x1b, 0x6e, 0x6e, 0x1c, 0x18, 0x1c, 0x1b, 0x19, 0x11, 0x18, 0x7e, 0x7e, 0x11, 0x17, 0x1c, 0x27, 0x10, 0x7e, 0xae, 0x16, 0x19, 0x10, 0x7e, 0x7e, 0x13, 0x1e, 0x1a, 0x19, 0x14, 0x13, 0x7e, 0x7e, 0x1b, 0x1e, 0x1c, 0x1e, 0x16, 0x14, 0x2e, 0x16, 0x4e, 0x7e, 0x1a, 0x11, 0x19, 0x1e, 0x1c, 0x11, 0x1c, 0x6e, 0x6e, 0x16, 0x1c, 0x1a, 0x1d, 0x1b, 0x1a, 0x17, 0x14, 0x1e, 0x19, 0x4e, 0x6e, 0x13, 0x27, 0x1c, 0x14, 0x1e, 0x17, 0x10, 0x2e, 0x16, 0x3e, 0x7e, 0x1d, 0x15, 0x1c, 0x16, 0x19, 0x23, 0x17, 0x5e, 0x6e, 0x19, 0x1d, 0x17, 0x1b, 0x2a, 0x13, 0x1a, 0x19, 0x2e, 0x11, 0x2e, 0x6e, 0x11,
0x1e, 0x1d, 0x16, 0x1c, 0x17, 0x28, 0x1c, 0x14, 0x1e, 0x12, 0x1d, 0x1e, 0x5e, 0x12, 0x18, 0x1c, 0x15, 0x1d, 0x15, 0x1a, 0x1c, 0x1a, 0x1b, 0x2e, 0x17, 0x2e, 0x5e, 0x1c, 0x1a, 0x25, 0x1d, 0x16, 0x2d, 0x13, 0x10, 0x15, 0x13, 0x11, 0x2e, 0x3e, 0x19, 0x1b, 0x18, 0x15, 0x13, 0x1f, 0x1c, 0x1d, 0x1f, 0x15, 0x1a, 0x25, 0x12, 0x3e, 0xfe, 0x5e, 0xfe, 0x5e,
// Compressed size: 170 bytes original pixels: 12544 uint16_t → ~25088 bytes uncompressed)

// SATYR / Satyr Auraflow V0.3 000 S1730257743 Th0.100 20 [Folder: SATYR] - RLE compressed data (offset: 37873, size: 142)
0xff, 0x5f, 0xff, 0x5f, 0x6f, 0x13, 0x1f, 0x1d, 0x15, 0x1e, 0x10, 0x2c, 0x12, 0x1f, 0x1d, 0x3f, 0x8f, 0x1d, 0x1b, 0x1c, 0x13, 0x18, 0x3f, 0x1d, 0x3f, 0x8f, 0x1a, 0x1e, 0x1b, 0x4f, 0x11, 0x13, 0x3f, 0x7f, 0x13, 0x1b, 0x1a, 0x11, 0x1a, 0x8f, 0x6f, 0x16, 0x14, 0x17, 0x1c, 0x1e, 0x10, 0x11, 0x1f, 0x14, 0x5f, 0x6f, 0x1a, 0x19, 0x1c, 0x15, 0x17, 0x1d, 0x10, 0x1e, 0x17, 0x5f, 0x7f, 0x1e, 0x1c, 0x12, 0x18, 0x2c, 0x1d, 0x1a, 0x1b, 0x4f, 0x8f, 0x1b, 0x1d, 0x14, 0x17, 0x1b, 0x2f, 0x19, 0x4f, 0x8f, 0x1e, 0x16, 0x13, 0x18, 0x1e, 0x1f, 0x1c, 0x17, 0x4f, 0x7f, 0x1a, 0x1c, 0x1d, 0x14, 0x15, 0x13, 0x2f, 0x12, 0x4f, 0x8f, 0x1e, 0x1d, 0x15, 0x13, 0x1c, 0x7f, 0x8f, 0x1a, 0x1d, 0x17,
0x1c, 0x12, 0x7f, 0x8f, 0x19, 0x1c, 0x1f, 0x1a, 0x11, 0x7f, 0x8f, 0x17, 0x1e, 0x1f, 0x1e, 0x14, 0x7f, 0x8f, 0x17, 0xbf, 0x8f, 0x1e, 0xbf, 0x7f, 0x14, 0x4f, 0x14, 0x7f, 0xff, 0x5f,
// Compressed size: 142 bytes original pixels: 12544 uint16_t → ~25088 bytes uncompressed)

// SCYLLA / Scylla Auraflow V0.3 000 S1844933923 Th0.100 20 [Folder: SCYLLA] - RLE compressed data (offset: 38015, size: 234)
0xff, 0x5f, 0x6f, 0x17, 0x2a, 0x17, 0x1d, 0x16, 0x15, 0x13, 0x25, 0x16, 0x3f, 0x4f, 0x12, 0x18, 0x13, 0x1b, 0x18, 0x1a, 0x15, 0x14, 0x18, 0x15, 0x18, 0x1a, 0x25, 0x2f, 0x4f, 0x1c, 0x2e, 0x1c, 0x1a, 0x1d, 0x17, 0x1d, 0x13, 0x1c, 0x18, 0x15, 0x1b, 0x1f, 0x14, 0x1f, 0x4f, 0x19, 0x1a, 0x1c, 0x18, 0x1c, 0x1e, 0x1a, 0x15, 0x16, 0x14, 0x1b, 0x1f, 0x1a, 0x1f, 0x13, 0x1f, 0x2f, 0x14, 0x1f, 0x19, 0x1a, 0x12, 0x24, 0x1e, 0x1c, 0x12, 0x19, 0x1c, 0x1b, 0x1c, 0x16, 0x1b, 0x15, 0x1f, 0x3f, 0x13, 0x1f, 0x12, 0x1f, 0x1b, 0x11, 0x16, 0x1b, 0x19, 0x16, 0x1a, 0x1c, 0x16, 0x12, 0x1c, 0x12, 0x1f, 0x3f, 0x1a, 0x2f, 0x15, 0x12, 0x1a, 0x1c, 0x19, 0x1a, 0x2e, 0x17, 0x1b, 0x1c, 0x3f, 0x3f,
0x13, 0x15, 0x12, 0x16, 0x1b, 0x1a, 0x19, 0x18, 0x1c, 0x1e, 0x15, 0x12, 0x1f, 0x17, 0x16, 0x2f, 0x2f, 0x14, 0x1f, 0x11, 0x2f, 0x11, 0x1b, 0x13, 0x19, 0x2e, 0x1f, 0x19, 0x1f, 0x17, 0x3f, 0x2f, 0x13, 0x4f, 0x1a, 0x19, 0x1a, 0x18, 0x1a, 0x3b, 0x14, 0x4f, 0x2f, 0x18, 0x3f, 0x15, 0x2f, 0x16, 0x15, 0x17, 0x1d, 0x16, 0x18, 0x5f, 0x3f, 0x11, 0x2f, 0x1c, 0x2f, 0x1b, 0x18, 0x1e, 0x1c, 0x1f, 0x13, 0x5f, 0x4f, 0x17, 0x1f, 0x1d, 0x2f, 0x18, 0x1d, 0x1a, 0x16, 0x1f, 0x14, 0x5f, 0x4f, 0x12, 0x2f, 0x17, 0x1f, 0x1a, 0x2d, 0x1e, 0x1f, 0x1b, 0x5f, 0x3f, 0x12, 0x1f, 0x13, 0x1f, 0x16, 0x1f, 0x1c, 0x1e, 0x1b, 0x1f, 0x1c, 0x1e, 0x5f, 0x7f, 0x14, 0x1f, 0x18, 0x1d, 0x9f, 0x5f, 0x27, 0x1f,
0x13, 0x15, 0x1e, 0x9f, 0x9f, 0x18, 0xaf, 0x8f, 0x17, 0xbf,
// Compressed size: 234 bytes original pixels: 12544 uint16_t → ~25088 bytes uncompressed)

// SEA SERPENT / Sea Serpent Auraflow V0.3 000 S24026523 Th0.100 20 [Folder: SEA_SERPENT] - RLE compressed data (offset: 38249, size: 141)
0xfe, 0x5e, 0x6e, 0x16, 0x2a, 0x13, 0x1a, 0x18, 0x8e, 0x4e, 0x20, 0x1a, 0x16, 0x2c, 0x18, 0x16, 0x10, 0x18, 0x6e, 0x3e, 0x11, 0x1a, 0x1b, 0x13, 0x1d, 0x1b, 0x1d, 0x1f, 0x1b, 0x1d, 0x12, 0x6e, 0x2e, 0x13, 0x19, 0x15, 0x14, 0x18, 0x2d, 0x1b, 0x1d, 0x17, 0x1b, 0x1d, 0x10, 0x11, 0x4e, 0x2e, 0x1c, 0x11, 0x18, 0x1e, 0x1d, 0x1f, 0x25, 0x2e, 0x19, 0x1f, 0x17, 0x14, 0x4e, 0x2e, 0x15, 0x3e, 0x1f, 0x10, 0x19, 0x4e, 0x17, 0x1d, 0x15, 0x4e, 0x5e, 0x18, 0x1b, 0x19, 0x6e, 0x16, 0x1c, 0x14, 0x3e, 0x6e, 0x17, 0x12, 0x6e, 0x1c, 0x19, 0x22, 0x2e, 0xfe, 0x1a, 0x1b, 0x12, 0x2e, 0xfe, 0x1c, 0x1d, 0x14, 0x2e, 0xfe, 0x1c, 0x17, 0x14, 0x2e, 0xfe, 0x1a, 0x15, 0x12, 0x2e, 0xfe, 0x1c, 0x15,
0x21, 0x1e, 0xee, 0x1a, 0x35, 0x2e, 0xce, 0x13, 0x16, 0x1c, 0x19, 0x15, 0x10, 0x2e, 0xbe, 0x16, 0x1d, 0x15, 0x17, 0x15, 0x4e, 0xde, 0x11, 0x10, 0x5e, 0xfe, 0x5e, 0xfe, 0x5e,
// Compressed size: 141 bytes original pixels: 12544 uint16_t → ~25088 bytes uncompressed)

// SELKIE / Selkie Auraflow V0.3 000 S2117030011 Th0.100 20 [Folder: SELKIE] - RLE compressed data (offset: 38390, size: 142)
0xff, 0x5f, 0x6f, 0x30, 0x14, 0xaf, 0x4f, 0x15, 0x12, 0x13, 0x12, 0x11, 0x13, 0x10, 0x9f, 0x4f, 0x36, 0x14, 0x17, 0x12, 0x14, 0x11, 0x10, 0x12, 0x14, 0x5f, 0x3f, 0x15, 0x11, 0x2a, 0x19, 0x18, 0x17, 0x19, 0x17, 0x12, 0x13, 0x11, 0x1f, 0x12, 0x3f, 0x2f, 0x13, 0x18, 0x19, 0x1d, 0x1a, 0x2e, 0x18, 0x1a, 0x15, 0x14, 0x16, 0x2f, 0x11, 0x3f, 0x2f, 0x1c, 0x1e, 0x1b, 0x16, 0x19, 0x15, 0x1c, 0x1e, 0x18, 0x1e, 0x28, 0x2f, 0x23, 0x2f, 0x2f, 0x16, 0x4f, 0x11, 0x18, 0x1b, 0x1e, 0x1b, 0x19, 0x1b, 0x15, 0x5f, 0x6f, 0x12, 0x2f, 0x2a, 0x1e, 0x1b, 0x1e, 0x19, 0x5f, 0x9f, 0x15, 0x1d, 0x1a, 0x1e, 0x2b, 0x17, 0x4f, 0x9f, 0x14, 0x19, 0x1b, 0x2e, 0x1d, 0x1a, 0x4f, 0xbf, 0x18, 0x1c, 0x1d,
0x1e, 0x1a, 0x4f, 0xcf, 0x18, 0x1d, 0x2c, 0x17, 0x3f, 0xef, 0x1a, 0x1b, 0x4f, 0xef, 0x1a, 0x1f, 0x14, 0x3f, 0xff, 0x1f, 0x15, 0x3f, 0xff, 0x5f, 0xff, 0x5f, 0xff, 0x5f, 0xff, 0x5f,
// Compressed size: 142 bytes original pixels: 12544 uint16_t → ~25088 bytes uncompressed)

// SHADE / Shade Auraflow V0.3 000 S1868302960 Th0.100 20 [Folder: SHADE] - RLE compressed data (offset: 38532, size: 185)
0xf0, 0x50, 0x60, 0x11, 0xd0, 0x60, 0x12, 0x10, 0x11, 0xb0, 0x50, 0x14, 0x20, 0x12, 0x14, 0x10, 0x13, 0x11, 0x10, 0x11, 0x50, 0x40, 0x13, 0x11, 0x10, 0x16, 0x15, 0x1a, 0x17, 0x18, 0x14, 0x12, 0x16, 0x11, 0x40, 0x40, 0x11, 0x12, 0x14, 0x2a, 0x19, 0x27, 0x1d, 0x17, 0x1d, 0x14, 0x10, 0x11, 0x20, 0x30, 0x11, 0x18, 0x2e, 0x1f, 0x15, 0x1e, 0x1f, 0x2e, 0x1c, 0x1a, 0x17, 0x18, 0x30, 0x20, 0x1c, 0x15, 0x1d, 0x1f, 0x16, 0x19, 0x1f, 0x1a, 0x1f, 0x2e, 0x1c, 0x14, 0x1f, 0x18, 0x15, 0x20, 0x20, 0x16, 0x15, 0x1f, 0x19, 0x1f, 0x17, 0x18, 0x1f, 0x1c, 0x12, 0x15, 0x1e, 0x1b, 0x15, 0x14, 0x12, 0x20, 0x20, 0x15, 0x19, 0x2c, 0x13, 0x2c, 0x16, 0x1c, 0x12, 0x20, 0x3e, 0x15, 0x20, 0x30,
0x12, 0x90, 0x15, 0x14, 0x19, 0x13, 0x18, 0x20, 0x90, 0x12, 0x10, 0x11, 0x24, 0x17, 0x18, 0x1c, 0x30, 0x70, 0x2d, 0x18, 0x17, 0x2c, 0x17, 0x1c, 0x12, 0x40, 0x60, 0x1b, 0x1d, 0x16, 0x1c, 0x17, 0x19, 0x13, 0x40, 0x11, 0x20, 0x50, 0x12, 0x1e, 0x1b, 0x11, 0x70, 0x17, 0x13, 0x20, 0x50, 0x1c, 0x40, 0x14, 0x15, 0x19, 0x11, 0x12, 0x50, 0x40, 0x12, 0x18, 0x1c, 0x20, 0x19, 0xa0, 0x50, 0x15, 0x19, 0x30, 0x1b, 0x90, 0xe0, 0x11, 0x50, 0xf0, 0x50,
// Compressed size: 185 bytes original pixels: 12544 uint16_t → ~25088 bytes uncompressed)

// SHADOW / Shadow Auraflow V0.3 000 S3635474910 Th0.100 20 [Folder: SHADOW] - RLE compressed data (offset: 38717, size: 195)
0x3f, 0x18, 0x15, 0x2f, 0x14, 0xcf, 0x3f, 0x1b, 0x18, 0x13, 0x17, 0x11, 0x17, 0x10, 0xaf, 0x3f, 0x28, 0x17, 0x19, 0x13, 0x1b, 0x16, 0x1b, 0x9f, 0x3f, 0x18, 0x1a, 0x1b, 0x1d, 0x1e, 0x2c, 0x1b, 0x13, 0x1f, 0x16, 0x6f, 0x3f, 0x28, 0x16, 0x1c, 0x1d, 0x4e, 0x14, 0x7f, 0x6f, 0x1c, 0x3e, 0x1c, 0x1e, 0x12, 0x18, 0x1f, 0x13, 0x4f, 0x4f, 0x24, 0x1d, 0x19, 0x3e, 0x1c, 0x18, 0x16, 0x11, 0x5f, 0x6f, 0x1c, 0x1b, 0x1d, 0x1e, 0x1d, 0x1b, 0x1f, 0x1b, 0x12, 0x16, 0x4f, 0x5f, 0x19, 0x1a, 0x1b, 0x19, 0x2e, 0x12, 0x1f, 0x14, 0x1f, 0x14, 0x4f, 0x3f, 0x13, 0x24, 0x12, 0x1a, 0x1d, 0x1e, 0x1d, 0x1a, 0x19, 0x7f, 0x2f, 0x19, 0x14, 0x3f, 0x12, 0x1b, 0x2e, 0x1b, 0x16, 0x14, 0x12, 0x5f, 0x2f,
0x1b, 0x1f, 0x15, 0x2f, 0x2a, 0x1c, 0x1d, 0x1b, 0x1f, 0x17, 0x6f, 0x7f, 0x1a, 0x18, 0x11, 0x1b, 0x11, 0x10, 0x7f, 0x6f, 0x13, 0x1a, 0x13, 0x17, 0x1b, 0x17, 0x1f, 0x17, 0x6f, 0x6f, 0x15, 0x17, 0x13, 0x11, 0x17, 0x1b, 0x11, 0x17, 0x6f, 0x6f, 0x15, 0x18, 0x13, 0x10, 0x15, 0x1b, 0x15, 0x10, 0x6f, 0x6f, 0x11, 0x18, 0x15, 0x1f, 0x17, 0x1a, 0x11, 0x10, 0x6f, 0x4f, 0x12, 0x11, 0x17, 0x15, 0x13, 0x10, 0x1f, 0x17, 0x10, 0x7f, 0x5f, 0x12, 0x15, 0x17, 0x23, 0x15, 0x13, 0x12, 0x10, 0x11, 0x5f, 0xff, 0x5f,
// Compressed size: 195 bytes original pixels: 12544 uint16_t → ~25088 bytes uncompressed)

// SIREN / Siren Auraflow V0.3 000 S4177031513 Th0.100 20 [Folder: SIREN] - RLE compressed data (offset: 38912, size: 196)
0xfe, 0x5e, 0xae, 0x12, 0x19, 0x11, 0x7e, 0x8e, 0x13, 0x15, 0x19, 0x1d, 0x8e, 0x6e, 0x11, 0x15, 0x1b, 0x19, 0x1b, 0x10, 0x12, 0x7e, 0x6e, 0x11, 0x25, 0x28, 0x1d, 0x19, 0x17, 0x6e, 0x6e, 0x11, 0x14, 0x15, 0x10, 0x13, 0x1e, 0x1d, 0x7e, 0x7e, 0x12, 0x11, 0x2e, 0x12, 0x16, 0x7e, 0x5e, 0x18, 0x3e, 0x1d, 0x19, 0x16, 0x19, 0x7e, 0x3e, 0x15, 0x6e, 0x14, 0x12, 0x1a, 0x7e, 0x2e, 0x17, 0x6e, 0x15, 0x26, 0x1c, 0x7e, 0x1e, 0x14, 0x17, 0x6e, 0x1b, 0x13, 0x16, 0x1d, 0x7e, 0x1e, 0x1a, 0x1d, 0x2e, 0x10, 0x1e, 0x13, 0x1b, 0x18, 0x16, 0x1d, 0x1a, 0x7e, 0x1e, 0x16, 0x14, 0x13, 0x12, 0x2e, 0x1a, 0x19, 0x17, 0x19, 0x1d, 0x8e, 0x1e, 0x10, 0x18, 0x14, 0x1c, 0x1a, 0x16, 0x1d, 0x17, 0x1b,
0x1d, 0x13, 0x8e, 0x1e, 0x10, 0x13, 0x16, 0x17, 0x16, 0x1c, 0x12, 0x18, 0x2b, 0x9e, 0x2e, 0x12, 0x14, 0x17, 0x14, 0x17, 0x1b, 0x1a, 0x1d, 0x14, 0x2e, 0x11, 0x14, 0x12, 0x4e, 0x1e, 0x12, 0x14, 0x2a, 0x1d, 0x1b, 0x16, 0x1c, 0x18, 0x13, 0x26, 0x1b, 0x16, 0x1a, 0x4e, 0x2e, 0x1a, 0x19, 0x1c, 0x1f, 0x16, 0x14, 0x13, 0x17, 0x1d, 0x19, 0x16, 0x1a, 0x24, 0x18, 0x3e, 0x2e, 0x12, 0x13, 0x1e, 0x28, 0x1d, 0x14, 0x1b, 0x1c, 0x12, 0x14, 0x16, 0x19, 0x10, 0x19, 0x3e, 0x8e, 0x12, 0x18, 0x1a, 0x1d, 0x1b, 0x15, 0x6e,
// Compressed size: 196 bytes original pixels: 12544 uint16_t → ~25088 bytes uncompressed)

// SKELETON / Skeleton Auraflow V0.3 000 S614452204 Th0.100 20 [Folder: SKELETON] - RLE compressed data (offset: 39108, size: 126)
0xfe, 0x5e, 0xfe, 0x5e, 0x6e, 0x16, 0xde, 0x5e, 0x1f, 0x17, 0x15, 0xce, 0x5e, 0x10, 0x14, 0x1e, 0x17, 0x1e, 0x1c, 0x17, 0x8e, 0x6e, 0x12, 0x1a, 0x11, 0x10, 0x2e, 0x1b, 0x7e, 0x7e, 0x17, 0x1a, 0x11, 0x13, 0x9e, 0x8e, 0x1c, 0x17, 0x18, 0x1e, 0x14, 0x10, 0x6e, 0x8e, 0x1f, 0x1e, 0x11, 0x4e, 0x17, 0x13, 0x3e, 0xae, 0x11, 0x2c, 0x7e, 0xae, 0x12, 0x14, 0x5e, 0x16, 0x2e, 0xae, 0x18, 0x11, 0x12, 0x7e, 0x9e, 0x11, 0x1d, 0x1e, 0x1d, 0x7e, 0x8e, 0x17, 0x3e, 0x19, 0x2e, 0x1c, 0x1e, 0x16, 0x2e, 0x7e, 0x11, 0x4e, 0x16, 0x4e, 0x1a, 0x2e, 0x7e, 0x1c, 0x17, 0x4e, 0x1b, 0x2e, 0x16, 0x17, 0x2e, 0x7e, 0x16, 0x1d, 0x1b, 0x1c, 0x2e, 0x13, 0x15, 0x18, 0x15, 0x13, 0x1d, 0x1e, 0x6e, 0x19,
0x13, 0x1e, 0x16, 0x1e, 0x12, 0x2e, 0x39, 0x14, 0x2e, 0xee, 0x1f, 0x5e, 0xfe, 0x5e,
// Compressed size: 126 bytes original pixels: 12544 uint16_t → ~25088 bytes uncompressed)

// SPECTER / Specter Auraflow V0.3 000 S64229195 Th0.100 20 [Folder: SPECTER] - RLE compressed data (offset: 39234, size: 149)
0xfe, 0x5e, 0x9e, 0x1b, 0x11, 0x14, 0x8e, 0x9e, 0x19, 0x14, 0x12, 0x10, 0x15, 0x6e, 0x8e, 0x1a, 0x12, 0x1a, 0x1c, 0x11, 0x10, 0x6e, 0x7e, 0x12, 0x10, 0x18, 0x1d, 0x1c, 0x13, 0x11, 0x6e, 0x7e, 0x17, 0x1a, 0x28, 0x14, 0x11, 0x13, 0x6e, 0x7e, 0x18, 0x2d, 0x1c, 0x12, 0x11, 0x14, 0x6e, 0x6e, 0x17, 0x2d, 0x1c, 0x13, 0x10, 0x11, 0x17, 0x6e, 0x6e, 0x18, 0x1d, 0x1f, 0x1b, 0x19, 0x11, 0x13, 0x7e, 0x5e, 0x18, 0x1d, 0x1b, 0x1f, 0x1c, 0x14, 0x10, 0x15, 0x7e, 0x5e, 0x1d, 0x1e, 0x1b, 0x2c, 0x13, 0x10, 0x25, 0x6e, 0x5e, 0x1c, 0x1e, 0x18, 0x1c, 0x1b, 0x12, 0x13, 0x17, 0x7e, 0x7e, 0x1b, 0x1a, 0x35, 0x18, 0x7e, 0x6e, 0x19, 0x1b, 0x1a, 0x15, 0x14, 0x16, 0x19, 0x7e, 0x4e, 0x18, 0x1a,
0x1c, 0x1d, 0x18, 0x12, 0x14, 0x15, 0x8e, 0x4e, 0x1a, 0x27, 0x19, 0x15, 0x18, 0x16, 0x19, 0x8e, 0x4e, 0x17, 0x29, 0x1c, 0x16, 0x27, 0x9e, 0x4e, 0x16, 0x18, 0x2a, 0x18, 0x14, 0x18, 0x9e, 0x7e, 0x29, 0x17, 0xae, 0xfe, 0x5e,
// Compressed size: 149 bytes original pixels: 12544 uint16_t → ~25088 bytes uncompressed)

// SPHYNX / Sphynx Auraflow V0.3 000 S2736143651 Th0.100 20 [Folder: SPHYNX] - RLE compressed data (offset: 39383, size: 191)
0xfe, 0x5e, 0x9e, 0x10, 0x23, 0x1d, 0x13, 0x6e, 0x9e, 0x16, 0x2d, 0x1f, 0x16, 0x13, 0x10, 0x4e, 0x9e, 0x13, 0x1a, 0x16, 0x4e, 0x10, 0x3e, 0x9e, 0x1c, 0x21, 0x8e, 0x6e, 0x10, 0x12, 0x18, 0x10, 0x11, 0x10, 0x1a, 0x7e, 0x3e, 0x14, 0x18, 0x1d, 0x1a, 0x1c, 0x17, 0x14, 0x18, 0x1c, 0x16, 0x15, 0x6e, 0x1e, 0x17, 0x12, 0x16, 0x19, 0x1a, 0x19, 0x1c, 0x1d, 0x28, 0x1c, 0x19, 0x10, 0x6e, 0x1e, 0x13, 0x1e, 0x19, 0x26, 0x2a, 0x1d, 0x19, 0x1b, 0x1a, 0x17, 0x11, 0x14, 0x11, 0x4e, 0x1e, 0x15, 0x13, 0x15, 0x1c, 0x26, 0x1d, 0x16, 0x15, 0x14, 0x1c, 0x1d, 0x19, 0x1c, 0x19, 0x14, 0x3e, 0x1e, 0x35, 0x1a, 0x19, 0x16, 0x15, 0x1e, 0x1d, 0x1a, 0x19, 0x26, 0x1c, 0x19, 0x1d, 0x3e, 0x2e, 0x18,
0x15, 0x14, 0x12, 0x2e, 0x11, 0x26, 0x19, 0x13, 0x15, 0x1c, 0x1a, 0x19, 0x16, 0x2e, 0x1e, 0x17, 0x2e, 0x18, 0x4e, 0x18, 0x10, 0x1c, 0x1e, 0x18, 0x19, 0x13, 0x17, 0x13, 0x2e, 0x3e, 0x15, 0x5e, 0x17, 0x1e, 0x1c, 0x2e, 0x14, 0x18, 0x27, 0x2e, 0x9e, 0x15, 0x1e, 0x17, 0x3e, 0x14, 0x28, 0x11, 0x1e, 0xae, 0x17, 0x1e, 0x15, 0x2e, 0x11, 0x13, 0x11, 0x2e, 0xae, 0x17, 0x1e, 0x17, 0x3e, 0x10, 0x12, 0x2e, 0xae, 0x11, 0x1e, 0x19, 0x7e, 0x8e, 0x1b, 0x28, 0x10, 0x1d, 0x7e, 0xfe, 0x5e,
// Compressed size: 191 bytes original pixels: 12544 uint16_t → ~25088 bytes uncompressed)

// SPIDER GIANT / Spider Giant Auraflow V0.3 000 S3250678728 Th0.100 20 [Folder: SPIDER_GIANT] - RLE compressed data (offset: 39574, size: 168)
0xf0, 0x50, 0x70, 0x14, 0x12, 0x14, 0xa0, 0x50, 0x11, 0x16, 0x12, 0x23, 0x14, 0x90, 0x40, 0x12, 0x15, 0x11, 0x1c, 0x1f, 0x1d, 0x15, 0x13, 0x12, 0x70, 0x40, 0x13, 0x18, 0x1a, 0x16, 0x1e, 0x1f, 0x1c, 0x18, 0x1c, 0x70, 0x40, 0x18, 0x15, 0x11, 0x15, 0x1a, 0x15, 0x1e, 0x1c, 0x11, 0x1f, 0x60, 0x50, 0x14, 0x1a, 0x1e, 0x2c, 0x2e, 0x13, 0x14, 0x13, 0x50, 0x60, 0x1e, 0x1b, 0x13, 0x1e, 0x1f, 0x1a, 0x1d, 0x10, 0x1c, 0x16, 0x14, 0x30, 0x50, 0x19, 0x1a, 0x19, 0x1e, 0x1f, 0x1e, 0x10, 0x1e, 0x1d, 0x10, 0x18, 0x40, 0x50, 0x13, 0x12, 0x15, 0x10, 0x1f, 0x1e, 0x10, 0x15, 0x16, 0x10, 0x13, 0x40, 0x50, 0x1b, 0x14, 0x1d, 0x10, 0x1a, 0x1d, 0x20, 0x18, 0x2c, 0x1e, 0x30, 0x60, 0x15, 0x10,
0x12, 0x1a, 0x30, 0x18, 0x16, 0x1a, 0x40, 0x50, 0x19, 0x20, 0x1c, 0x1a, 0x10, 0x14, 0x20, 0x14, 0x18, 0x40, 0x50, 0x16, 0x20, 0x1e, 0x20, 0x1c, 0x20, 0x14, 0x50, 0x40, 0x1f, 0x1c, 0x10, 0x11, 0x30, 0x17, 0x20, 0x1c, 0x50, 0x60, 0x24, 0x50, 0x15, 0x60, 0x60, 0x1d, 0x40, 0x17, 0x18, 0x17, 0x60, 0xb0, 0x1a, 0x80, 0xf0, 0x50, 0xf0, 0x50,
// Compressed size: 168 bytes original pixels: 12544 uint16_t → ~25088 bytes uncompressed)

// SPRIGGAN / Spriggan Auraflow V0.3 000 S1653189865 Th0.100 20 [Folder: SPRIGGAN] - RLE compressed data (offset: 39742, size: 214)
0xfe, 0x5e, 0x6e, 0x11, 0x12, 0xce, 0x4e, 0x18, 0x11, 0x10, 0x11, 0x10, 0x2e, 0x11, 0x8e, 0x4e, 0x12, 0x11, 0x10, 0x11, 0x1a, 0x15, 0x1a, 0x9e, 0x3e, 0x12, 0x23, 0x1c, 0x14, 0x1c, 0x1f, 0x10, 0x15, 0x8e, 0x3e, 0x1c, 0x15, 0x2a, 0x17, 0x1c, 0x1b, 0x19, 0x11, 0x8e, 0x4e, 0x22, 0x24, 0x16, 0x1a, 0x18, 0x11, 0x15, 0x7e, 0x4e, 0x19, 0x12, 0x14, 0x13, 0x1e, 0x1d, 0x16, 0x1d, 0x1a, 0x17, 0x11, 0x5e, 0x4e, 0x1c, 0x1a, 0x19, 0x2e, 0x1f, 0x17, 0x15, 0x1a, 0x16, 0x24, 0x4e, 0x5e, 0x1a, 0x13, 0x2e, 0x1d, 0x1c, 0x16, 0x1a, 0x1c, 0x18, 0x17, 0x4e, 0x6e, 0x1a, 0x1e, 0x16, 0x1d, 0x18, 0x16, 0x1c, 0x1d, 0x16, 0x5e, 0x7e, 0x14, 0x1b, 0x1e, 0x1d, 0x17, 0x1b, 0x1c, 0x1d, 0x5e, 0x7e,
0x13, 0x15, 0x1c, 0x1d, 0x1c, 0x12, 0x15, 0x13, 0x19, 0x4e, 0x7e, 0x1c, 0x1a, 0x2e, 0x1d, 0x11, 0x1b, 0x14, 0x13, 0x4e, 0x7e, 0x16, 0x1e, 0x1d, 0x1e, 0x1a, 0x1c, 0x1d, 0x6e, 0x4e, 0x19, 0x1e, 0x16, 0x1a, 0x1e, 0x3d, 0x1b, 0x1d, 0x16, 0x18, 0x4e, 0x2e, 0x16, 0x12, 0x1b, 0x1d, 0x18, 0x15, 0x10, 0x2a, 0x16, 0x18, 0x1d, 0x14, 0x10, 0x11, 0x3e, 0x2e, 0x12, 0x1d, 0x20, 0x14, 0x13, 0x11, 0x12, 0x17, 0x14, 0x12, 0x1c, 0x1e, 0x1a, 0x1e, 0x19, 0x2e, 0x1e, 0x12, 0x15, 0x12, 0x15, 0x1a, 0x10, 0x12, 0x19, 0x10, 0x11, 0x32, 0x1b, 0x10, 0x4e, 0x1d, 0x28, 0x16, 0x2d, 0x25, 0x12, 0x16, 0x15, 0x12, 0x28, 0x15, 0x16, 0x4e,
// Compressed size: 214 bytes original pixels: 12544 uint16_t → ~25088 bytes uncompressed)

// STRIGA / Striga Auraflow V0.3 000 S2976102964 Th0.100 20 [Folder: STRIGA] - RLE compressed data (offset: 39956, size: 239)
0xfe, 0x2e, 0x11, 0x2e, 0x7e, 0x21, 0x5e, 0x18, 0x1e, 0x11, 0x3e, 0x6e, 0x10, 0x12, 0x5e, 0x16, 0x29, 0x13, 0x12, 0x2e, 0x3e, 0x19, 0x11, 0x12, 0x17, 0x15, 0x20, 0x3e, 0x1a, 0x1b, 0x1a, 0x19, 0x15, 0x2e, 0x2e, 0x10, 0x16, 0x1f, 0x17, 0x1a, 0x13, 0x12, 0x25, 0x1e, 0x15, 0x17, 0x1b, 0x1d, 0x1c, 0x19, 0x16, 0x1e, 0x1e, 0x10, 0x15, 0x1f, 0x1d, 0x17, 0x2d, 0x19, 0x13, 0x12, 0x2d, 0x1c, 0x19, 0x1a, 0x17, 0x1d, 0x15, 0x1e, 0x1e, 0x10, 0x1e, 0x1d, 0x1a, 0x2b, 0x14, 0x1d, 0x22, 0x2d, 0x1a, 0x1c, 0x1d, 0x19, 0x1b, 0x19, 0x1e, 0x3e, 0x1c, 0x12, 0x1b, 0x3d, 0x1c, 0x1d, 0x1c, 0x18, 0x19, 0x28, 0x39, 0x1e, 0x2e, 0x13, 0x18, 0x1c, 0x1b, 0x17, 0x1c, 0x1b, 0x1a, 0x16, 0x1a, 0x13,
0x1d, 0x16, 0x1f, 0x18, 0x19, 0x1b, 0x16, 0x1e, 0x11, 0x12, 0x16, 0x27, 0x16, 0x14, 0x1b, 0x1c, 0x1a, 0x26, 0x18, 0x12, 0x1e, 0x15, 0x18, 0x19, 0x14, 0x1e, 0x24, 0x26, 0x2e, 0x11, 0x17, 0x1b, 0x1c, 0x2e, 0x11, 0x1c, 0x1e, 0x15, 0x12, 0x19, 0x1e, 0x2e, 0x15, 0x1e, 0x15, 0x3e, 0x16, 0x1d, 0x17, 0x10, 0x3e, 0x12, 0x1e, 0x12, 0x16, 0x14, 0x2e, 0x11, 0x5e, 0x17, 0x1b, 0x1c, 0x14, 0x3e, 0x13, 0x2e, 0x13, 0x14, 0x2e, 0x12, 0x4e, 0x12, 0x17, 0x11, 0x1b, 0x10, 0x3e, 0x1c, 0x2e, 0x13, 0x14, 0x2e, 0x10, 0x3e, 0x12, 0x1b, 0x2e, 0x16, 0x3e, 0x13, 0x17, 0x14, 0x2e, 0x13, 0x6e, 0x11, 0x10, 0x2e, 0x14, 0x1b, 0x8e, 0x7e, 0x17, 0x4e, 0x1b, 0x3e, 0x13, 0x3e, 0x8e, 0x14, 0x4e, 0x13,
0x6e, 0x5e, 0x10, 0x11, 0x13, 0x10, 0x2e, 0x24, 0x12, 0x6e, 0x7e, 0x1a, 0x3e, 0x14, 0x8e,
// Compressed size: 239 bytes original pixels: 12544 uint16_t → ~25088 bytes uncompressed)

// SUCCUBUS / Succubus Auraflow V0.3 000 S888981179 Th0.100 20 [Folder: SUCCUBUS] - RLE compressed data (offset: 40195, size: 188)
0x90, 0x11, 0x12, 0x33, 0x60, 0x90, 0x41, 0x10, 0x1c, 0x50, 0x80, 0x11, 0x18, 0x1e, 0x43, 0x50, 0x70, 0x12, 0x1e, 0x2a, 0x19, 0x33, 0x15, 0x40, 0x70, 0x1d, 0x1c, 0x18, 0x1f, 0x1c, 0x1d, 0x11, 0x13, 0x50, 0x60, 0x11, 0x15, 0x10, 0x2f, 0x1b, 0x12, 0x1c, 0x12, 0x50, 0x70, 0x1b, 0x16, 0x17, 0x1b, 0x1e, 0x12, 0x70, 0x50, 0x14, 0x19, 0x27, 0x12, 0x1a, 0x1d, 0x11, 0x15, 0x60, 0x80, 0x1f, 0x12, 0x19, 0x1b, 0x19, 0x10, 0x18, 0x50, 0x80, 0x1e, 0x12, 0x1e, 0x19, 0x2e, 0x60, 0x50, 0x15, 0x14, 0x10, 0x16, 0x19, 0x16, 0x1e, 0x1b, 0x1e, 0x1c, 0x50, 0x50, 0x19, 0x20, 0x14, 0x18, 0x1b, 0x14, 0x18, 0x1a, 0x1d, 0x23, 0x30, 0x90, 0x1b, 0x16, 0x1e, 0x1c, 0x1a, 0x1e, 0x11, 0x13, 0x30,
0x90, 0x18, 0x1f, 0x18, 0x1a, 0x1b, 0x14, 0x11, 0x1c, 0x15, 0x20, 0x50, 0x11, 0x19, 0x1b, 0x16, 0x19, 0x1d, 0x18, 0x1b, 0x18, 0x10, 0x13, 0x1d, 0x30, 0x50, 0x12, 0x17, 0x12, 0x16, 0x2b, 0x1a, 0x1b, 0x16, 0x1c, 0x1e, 0x18, 0x1c, 0x20, 0x40, 0x28, 0x67, 0x1b, 0x16, 0x1a, 0x1e, 0x1c, 0x30, 0x40, 0x18, 0x1a, 0x10, 0x18, 0x27, 0x1b, 0x28, 0x1f, 0x1b, 0x1e, 0x16, 0x30, 0x60, 0x16, 0x1c, 0x11, 0x14, 0x16, 0x1f, 0x1a, 0x18, 0x1e, 0x16, 0x40, 0xa0, 0x27, 0x80,
// Compressed size: 188 bytes original pixels: 12544 uint16_t → ~25088 bytes uncompressed)

// TARASQUE / Tarasque Auraflow V0.3 000 S3095836552 Th0.100 20 [Folder: TARASQUE] - RLE compressed data (offset: 40383, size: 217)
0xfe, 0x5e, 0xfe, 0x5e, 0xfe, 0x5e, 0x5e, 0x22, 0x1b, 0x12, 0x1c, 0x15, 0x9e, 0x3e, 0x13, 0x11, 0x10, 0x14, 0x18, 0x1d, 0x11, 0x17, 0x19, 0x8e, 0x3e, 0x15, 0x18, 0x14, 0x12, 0x14, 0x19, 0x1f, 0x21, 0x8e, 0x2e, 0x10, 0x12, 0x15, 0x11, 0x1b, 0x18, 0x1a, 0x18, 0x1d, 0x24, 0x2e, 0x12, 0x1b, 0x1c, 0x2e, 0x2e, 0x13, 0x12, 0x1b, 0x15, 0x19, 0x18, 0x1f, 0x16, 0x10, 0x12, 0x18, 0x12, 0x1b, 0x16, 0x14, 0x16, 0x2e, 0x1e, 0x10, 0x15, 0x14, 0x1a, 0x13, 0x16, 0x1b, 0x1c, 0x1d, 0x1a, 0x1c, 0x1d, 0x18, 0x1a, 0x18, 0x13, 0x14, 0x2e, 0x2e, 0x19, 0x11, 0x17, 0x1f, 0x2d, 0x18, 0x2d, 0x1c, 0x14, 0x17, 0x1d, 0x11, 0x13, 0x1e, 0x13, 0x1e, 0x3e, 0x1b, 0x2e, 0x1d, 0x19, 0x1a, 0x1f, 0x1c,
0x1b, 0x12, 0x19, 0x28, 0x19, 0x10, 0x12, 0x1e, 0x4e, 0x10, 0x15, 0x26, 0x19, 0x14, 0x29, 0x1c, 0x1d, 0x1b, 0x12, 0x18, 0x17, 0x2e, 0x5e, 0x10, 0x1d, 0x19, 0x13, 0x1d, 0x1b, 0x1c, 0x19, 0x2c, 0x11, 0x17, 0x3e, 0x5e, 0x11, 0x1b, 0x1a, 0x11, 0x1c, 0x15, 0x10, 0x1c, 0x1a, 0x1b, 0x2d, 0x1e, 0x16, 0x1e, 0x5e, 0x11, 0x17, 0x1e, 0x2a, 0x2e, 0x27, 0x1e, 0x1c, 0x19, 0x15, 0x17, 0x1e, 0x4e, 0x10, 0x19, 0x2e, 0x17, 0x13, 0x2e, 0x13, 0x1a, 0x2e, 0x16, 0x17, 0x2e, 0x4e, 0x11, 0x1a, 0x1e, 0x27, 0x3e, 0x16, 0x10, 0x1e, 0x17, 0x1c, 0x13, 0x2e, 0x2e, 0x25, 0x1c, 0x2e, 0x26, 0x1e, 0x11, 0x33, 0x17, 0x1d, 0x1b, 0x3e, 0xfe, 0x5e, 0xfe, 0x5e,
// Compressed size: 217 bytes original pixels: 12544 uint16_t → ~25088 bytes uncompressed)

// THUNDERBIRD / Thunderbird Auraflow V0.3 000 S774638122 Th0.100 20 [Folder: THUNDERBIRD] - RLE compressed data (offset: 40600, size: 143)
0xff, 0x5f, 0xff, 0x5f, 0x6f, 0x11, 0xdf, 0x5f, 0x15, 0x1c, 0x6f, 0x14, 0x12, 0x5f, 0x3f, 0x17, 0x4a, 0x1f, 0x11, 0x19, 0x1f, 0x1c, 0x1b, 0x16, 0x17, 0x14, 0x3f, 0x2f, 0x12, 0x17, 0x13, 0x19, 0x17, 0x2a, 0x23, 0x17, 0x1e, 0x1c, 0x34, 0x3f, 0x2f, 0x16, 0x1e, 0x18, 0x1d, 0x1c, 0x3e, 0x17, 0x2d, 0x3e, 0x26, 0x2f, 0x2f, 0x16, 0x1e, 0x1a, 0x17, 0x14, 0x17, 0x15, 0x2e, 0x1b, 0x15, 0x14, 0x2a, 0x18, 0x16, 0x2f, 0x2f, 0x1d, 0x13, 0x18, 0x13, 0x15, 0x13, 0x19, 0x2e, 0x11, 0x22, 0x14, 0x16, 0x1d, 0x15, 0x13, 0x1f, 0x2f, 0x1a, 0x1b, 0x4f, 0x16, 0x1f, 0x14, 0x1c, 0x1f, 0x12, 0x1a, 0x1e, 0x1d, 0x1a, 0x2f, 0x1f, 0x15, 0x18, 0x1a, 0x4f, 0x24, 0x1f, 0x15, 0x16, 0x2f, 0x16, 0x2d,
0x2f, 0x1f, 0x1d, 0x12, 0xdf, 0x12, 0x1e, 0x2f, 0x2f, 0x15, 0xdf, 0x1a, 0x17, 0x2f, 0x1f, 0x17, 0xff, 0x17, 0x2f, 0xff, 0x5f, 0xff, 0x5f, 0xff, 0x5f, 0xff, 0x5f, 0xff, 0x5f, 0xff, 0x5f,
// Compressed size: 143 bytes original pixels: 12544 uint16_t → ~25088 bytes uncompressed)

// TITAN / Titan Auraflow V0.3 000 S814637056 Th0.100 20 [Folder: TITAN] - RLE compressed data (offset: 40743, size: 182)
0xfe, 0x5e, 0x9e, 0x12, 0x1e, 0x10, 0x8e, 0x7e, 0x11, 0x16, 0x17, 0x22, 0x2e, 0x20, 0x15, 0x3e, 0x7e, 0x19, 0x16, 0x1c, 0x2b, 0x14, 0x11, 0x2e, 0x17, 0x3e, 0x5e, 0x10, 0x17, 0x19, 0x1b, 0x1f, 0x1d, 0x18, 0x1b, 0x36, 0x12, 0x3e, 0x5e, 0x14, 0x1a, 0x1d, 0x1e, 0x16, 0x1b, 0x15, 0x1f, 0x17, 0x15, 0x5e, 0x6e, 0x10, 0x1b, 0x1a, 0x1c, 0x1d, 0x14, 0x1b, 0x1a, 0x13, 0x14, 0x4e, 0x6e, 0x18, 0x15, 0x29, 0x1c, 0x15, 0x10, 0x19, 0x16, 0x13, 0x18, 0x3e, 0x5e, 0x19, 0x15, 0x1e, 0x17, 0x19, 0x16, 0x1f, 0x10, 0x1e, 0x19, 0x1a, 0x4e, 0x4e, 0x1c, 0x1d, 0x3e, 0x1b, 0x1d, 0x10, 0x3e, 0x16, 0x4e, 0x3e, 0x15, 0x4e, 0x16, 0x1a, 0x2d, 0x3e, 0x19, 0x4e, 0x3e, 0x18, 0x2e, 0x14, 0x1a, 0x1b,
0x2d, 0x1c, 0x2e, 0x2a, 0x4e, 0x3e, 0x18, 0x2e, 0x19, 0x1b, 0x1a, 0x2d, 0x13, 0x1b, 0x2e, 0x17, 0x4e, 0x5e, 0x28, 0x19, 0x18, 0x2e, 0x1a, 0x19, 0x13, 0x6e, 0x5e, 0x1d, 0x17, 0x1f, 0x1e, 0x10, 0x1e, 0x18, 0x19, 0x17, 0x6e, 0x5e, 0x19, 0x18, 0x5e, 0x11, 0x18, 0x16, 0x5e, 0x5e, 0x18, 0x10, 0x7e, 0x18, 0x15, 0x4e, 0x4e, 0x13, 0x19, 0x8e, 0x18, 0x17, 0x4e, 0x1e, 0x10, 0x23, 0x25, 0x37, 0x15, 0x47, 0x15, 0x5e, 0xfe, 0x5e,
// Compressed size: 182 bytes original pixels: 12544 uint16_t → ~25088 bytes uncompressed)

// TOMB WRAITH / Tomb Wraith Auraflow V0.3 000 S705803019 Th0.100 20 [Folder: TOMB_WRAITH] - RLE compressed data (offset: 40925, size: 169)
0xf0, 0x50, 0x80, 0x17, 0x13, 0xa0, 0x80, 0x19, 0x15, 0x16, 0x90, 0x70, 0x1a, 0x2e, 0x18, 0x90, 0x80, 0x1d, 0x15, 0x1b, 0x19, 0x80, 0x80, 0x1f, 0x2e, 0x16, 0x15, 0x70, 0x70, 0x1b, 0x1f, 0x2e, 0x1f, 0x19, 0x14, 0x60, 0x70, 0x18, 0x1d, 0x1e, 0x1d, 0x1f, 0x1e, 0x14, 0x60, 0x70, 0x18, 0x1d, 0x2e, 0x1f, 0x1d, 0x19, 0x15, 0x50, 0x70, 0x1c, 0x2e, 0x1f, 0x1e, 0x1c, 0x1b, 0x11, 0x50, 0x60, 0x11, 0x1b, 0x1d, 0x1b, 0x1d, 0x1c, 0x1e, 0x1c, 0x17, 0x1a, 0x40, 0x60, 0x1c, 0x18, 0x2b, 0x1e, 0x2c, 0x1a, 0x1c, 0x50, 0x50, 0x1a, 0x10, 0x16, 0x1e, 0x2b, 0x17, 0x19, 0x15, 0x1a, 0x50, 0x40, 0x2c, 0x10, 0x1b, 0x18, 0x1b, 0x1e, 0x18, 0x15, 0x14, 0x13, 0x1a, 0x40, 0x30, 0x12, 0x1c, 0x10,
0x1a, 0x18, 0x3d, 0x1b, 0x15, 0x10, 0x11, 0x1e, 0x40, 0x40, 0x15, 0x20, 0x1c, 0x1b, 0x1f, 0x1d, 0x17, 0x16, 0x24, 0x1e, 0x1c, 0x30, 0x30, 0x1a, 0x10, 0x16, 0x17, 0x18, 0x17, 0x1b, 0x18, 0x17, 0x16, 0x13, 0x21, 0x15, 0x30, 0x60, 0x12, 0x17, 0x26, 0x17, 0x13, 0x26, 0x12, 0x14, 0x40, 0x60, 0x16, 0x62, 0x17, 0x19, 0x50, 0x60, 0x16, 0x12, 0xc0,
// Compressed size: 169 bytes original pixels: 12544 uint16_t → ~25088 bytes uncompressed)

// TREANT / Treant Auraflow V0.3 000 S1469708245 Th0.100 20 [Folder: TREANT] - RLE compressed data (offset: 41094, size: 212)
0xf0, 0x50, 0x80, 0x13, 0x10, 0x19, 0x10, 0x12, 0x1b, 0x60, 0x60, 0x14, 0x22, 0x2a, 0x14, 0x19, 0x15, 0x10, 0x17, 0x40, 0x60, 0x18, 0x1a, 0x1c, 0x22, 0x1b, 0x16, 0x1c, 0x14, 0x10, 0x17, 0x1b, 0x20, 0x60, 0x16, 0x1b, 0x15, 0x1e, 0x12, 0x19, 0x1f, 0x1e, 0x18, 0x19, 0x40, 0x50, 0x17, 0x14, 0x1d, 0x1a, 0x15, 0x26, 0x3e, 0x1d, 0x40, 0x40, 0x16, 0x15, 0x1a, 0x2e, 0x16, 0x1e, 0x22, 0x1f, 0x1b, 0x1e, 0x14, 0x1c, 0x20, 0x50, 0x14, 0x1d, 0x18, 0x1e, 0x1b, 0x19, 0x1c, 0x1a, 0x25, 0x3d, 0x14, 0x10, 0x40, 0x1b, 0x1e, 0x1a, 0x10, 0x13, 0x2e, 0x1c, 0x1e, 0x20, 0x16, 0x1a, 0x1d, 0x20, 0x20, 0x27, 0x1d, 0x18, 0x10, 0x19, 0x10, 0x1c, 0x1d, 0x1e, 0x1b, 0x20, 0x16, 0x1b, 0x1e, 0x20,
0x20, 0x14, 0x1b, 0x1a, 0x10, 0x17, 0x13, 0x10, 0x3e, 0x1d, 0x20, 0x14, 0x18, 0x1e, 0x20, 0x20, 0x1e, 0x18, 0x12, 0x10, 0x18, 0x16, 0x1b, 0x1c, 0x19, 0x1a, 0x16, 0x20, 0x12, 0x1b, 0x1d, 0x20, 0x30, 0x18, 0x14, 0x30, 0x1d, 0x15, 0x20, 0x12, 0x13, 0x10, 0x19, 0x18, 0x30, 0x30, 0x1e, 0x14, 0x30, 0x18, 0x13, 0x20, 0x16, 0x11, 0x10, 0x12, 0x17, 0x30, 0x40, 0x17, 0x1a, 0x30, 0x12, 0x20, 0x15, 0x12, 0x1b, 0x24, 0x1e, 0x20, 0x40, 0x2d, 0x13, 0x20, 0x23, 0x22, 0x11, 0x10, 0x18, 0x1b, 0x30, 0x40, 0x1d, 0x12, 0x20, 0x11, 0x13, 0x12, 0x41, 0x50, 0x50, 0x18, 0x17, 0x70, 0x13, 0x50, 0xf0, 0x50, 0xf0, 0x50,
// Compressed size: 212 bytes original pixels: 12544 uint16_t → ~25088 bytes uncompressed)

// TROLL / Troll Auraflow V0.3 000 S572147071 Th0.100 20 [Folder: TROLL] - RLE compressed data (offset: 41306, size: 237)
0x9e, 0x10, 0xae, 0xae, 0x10, 0x11, 0x1e, 0x10, 0x6e, 0x5e, 0x20, 0x1c, 0x41, 0x10, 0x12, 0x14, 0x5e, 0x4e, 0x15, 0x11, 0x1c, 0x1d, 0x1f, 0x17, 0x1a, 0x12, 0x11, 0x1b, 0x6e, 0x4e, 0x12, 0x1e, 0x1f, 0x1a, 0x1c, 0x1b, 0x1d, 0x12, 0x10, 0x11, 0x18, 0x5e, 0x6e, 0x1b, 0x2d, 0x1a, 0x1d, 0x15, 0x11, 0x18, 0x1a, 0x17, 0x4e, 0x5e, 0x10, 0x12, 0x1d, 0x15, 0x3d, 0x1a, 0x12, 0x17, 0x1d, 0x16, 0x3e, 0x6e, 0x14, 0x1d, 0x1c, 0x1a, 0x14, 0x1d, 0x1b, 0x1f, 0x1d, 0x1b, 0x17, 0x10, 0x2e, 0x5e, 0x13, 0x15, 0x1c, 0x14, 0x1d, 0x1a, 0x1b, 0x3c, 0x1d, 0x17, 0x18, 0x2e, 0x4e, 0x12, 0x13, 0x1d, 0x17, 0x2e, 0x1b, 0x1c, 0x3b, 0x12, 0x13, 0x1c, 0x18, 0x1e, 0x4e, 0x11, 0x15, 0x1c, 0x3e, 0x14,
0x17, 0x19, 0x17, 0x19, 0x1e, 0x13, 0x17, 0x1b, 0x1e, 0x3e, 0x14, 0x13, 0x1c, 0x1a, 0x2e, 0x18, 0x1b, 0x18, 0x14, 0x26, 0x13, 0x15, 0x1d, 0x16, 0x1e, 0x3e, 0x1c, 0x17, 0x3e, 0x13, 0x3c, 0x1b, 0x19, 0x16, 0x11, 0x2b, 0x2e, 0x2e, 0x12, 0x15, 0x4e, 0x14, 0x1b, 0x1a, 0x1c, 0x29, 0x14, 0x15, 0x19, 0x3e, 0x2e, 0x14, 0x1a, 0x17, 0x15, 0x1e, 0x14, 0x19, 0x1e, 0x19, 0x1c, 0x17, 0x1e, 0x12, 0x13, 0x14, 0x3e, 0x2e, 0x12, 0x2e, 0x10, 0x1e, 0x16, 0x19, 0x23, 0x17, 0x18, 0x27, 0x14, 0x17, 0x3e, 0x2e, 0x17, 0x16, 0x5e, 0x16, 0x1e, 0x14, 0x16, 0x12, 0x1d, 0x1b, 0x19, 0x3e, 0x2e, 0x16, 0x17, 0x3e, 0x16, 0x22, 0x16, 0x14, 0x1e, 0x10, 0x1e, 0x19, 0x10, 0x17, 0x2e, 0x4e, 0x1c, 0x1e,
0x20, 0x11, 0x10, 0x11, 0x13, 0x11, 0x12, 0x1a, 0x16, 0x1b, 0x3e, 0xfe, 0x5e,
// Compressed size: 237 bytes original pixels: 12544 uint16_t → ~25088 bytes uncompressed)

// UMBER HULK / Umber Hulk Auraflow V0.3 000 S3260948214 Th0.100 20 [Folder: UMBER_HULK] - RLE compressed data (offset: 41543, size: 192)
0xff, 0x5f, 0xff, 0x5f, 0x8f, 0x13, 0x15, 0x11, 0x9f, 0x7f, 0x1b, 0x19, 0x21, 0x14, 0x8f, 0x6f, 0x12, 0x1e, 0x13, 0x11, 0x12, 0x11, 0x13, 0x7f, 0x6f, 0x1e, 0x14, 0x1c, 0x19, 0x1a, 0x14, 0x1e, 0x7f, 0x4f, 0x13, 0x18, 0x1e, 0x18, 0x2e, 0x1c, 0x17, 0x15, 0x16, 0x6f, 0x3f, 0x18, 0x17, 0x1f, 0x13, 0x2e, 0x16, 0x3e, 0x13, 0x1d, 0x13, 0x4f, 0x3f, 0x14, 0x11, 0x12, 0x1e, 0x1a, 0x19, 0x16, 0x1e, 0x39, 0x28, 0x4f, 0x4f, 0x11, 0x1c, 0x1e, 0x19, 0x2e, 0x1a, 0x1e, 0x16, 0x15, 0x1a, 0x14, 0x4f, 0x3f, 0x2a, 0x1f, 0x1a, 0x1c, 0x1e, 0x2d, 0x1e, 0x15, 0x13, 0x1a, 0x18, 0x1c, 0x3f, 0x3f, 0x17, 0x18, 0x1f, 0x17, 0x1f, 0x1b, 0x1a, 0x1e, 0x1c, 0x13, 0x1b, 0x1f, 0x18, 0x1d, 0x3f, 0x1f,
0x14, 0x19, 0x1f, 0x1e, 0x19, 0x17, 0x1f, 0x1c, 0x1d, 0x15, 0x18, 0x1b, 0x13, 0x1f, 0x1e, 0x18, 0x3f, 0x4f, 0x18, 0x1f, 0x19, 0x14, 0x1f, 0x13, 0x1b, 0x1f, 0x1b, 0x2f, 0x14, 0x1f, 0x18, 0x2f, 0x2f, 0x12, 0x6f, 0x1a, 0x1d, 0x1f, 0x16, 0x7f, 0x2f, 0x1a, 0x3f, 0x19, 0x2f, 0x13, 0x2f, 0x13, 0x7f, 0x2f, 0x14, 0x16, 0x2f, 0x1a, 0x5f, 0x13, 0x1f, 0x14, 0x1f, 0x14, 0x3f, 0x2f, 0x13, 0x1c, 0x2f, 0x1a, 0x5f, 0x19, 0x18, 0x2f, 0x1a, 0x14, 0x2f, 0x13, 0x16, 0x4f, 0x18, 0xdf, 0xff, 0x5f,
// Compressed size: 192 bytes original pixels: 12544 uint16_t → ~25088 bytes uncompressed)

// UNDINE / Undine Auraflow V0.3 000 S2494677510 Th0.100 20 [Folder: UNDINE] - RLE compressed data (offset: 41735, size: 150)
0xff, 0x5f, 0xff, 0x5f, 0xbf, 0x13, 0x8f, 0x7f, 0x1e, 0x1d, 0x1b, 0x12, 0x13, 0x12, 0x1c, 0x6f, 0x7f, 0x1d, 0x18, 0x14, 0x1e, 0x1f, 0x14, 0x12, 0x16, 0x5f, 0x6f, 0x1e, 0x21, 0x1d, 0x2f, 0x14, 0x12, 0x1a, 0x5f, 0x6f, 0x1a, 0x13, 0x15, 0x17, 0x15, 0x14, 0x12, 0x17, 0x1f, 0x1c, 0x4f, 0x6f, 0x1d, 0x17, 0x1c, 0x17, 0x18, 0x12, 0x13, 0x15, 0x6f, 0x5f, 0x1e, 0x1d, 0x1c, 0x17, 0x1c, 0x12, 0x2f, 0x19, 0x6f, 0x4f, 0x16, 0x1d, 0x1f, 0x1e, 0x2c, 0x18, 0x9f, 0x8f, 0x1e, 0x1c, 0x1e, 0x14, 0x8f, 0x4f, 0x16, 0x4f, 0x1a, 0x14, 0x15, 0x8f, 0x4f, 0x16, 0x27, 0x11, 0x28, 0x17, 0x1a, 0x13, 0x7f, 0x4f, 0x19, 0x1b, 0x11, 0x15, 0x17, 0x18, 0x1c, 0x19, 0x28, 0x6f, 0x7f, 0x18, 0x1d, 0x3f,
0x14, 0x19, 0x6f, 0x9f, 0x19, 0x17, 0x12, 0x18, 0x7f, 0x3f, 0x1c, 0x1e, 0x16, 0x11, 0x17, 0x15, 0x13, 0x11, 0x15, 0x8f, 0x2f, 0x16, 0x2f, 0x16, 0x13, 0x18, 0x12, 0x13, 0x31, 0x16, 0x15, 0x1f, 0x13, 0x3f, 0xff, 0x5f, 0xff, 0x5f,
// Compressed size: 150 bytes original pixels: 12544 uint16_t → ~25088 bytes uncompressed)

// UNICORN / Unicorn Auraflow V0.3 000 S3752081565 Th0.100 20 [Folder: UNICORN] - RLE compressed data (offset: 41885, size: 168)
0xff, 0x5f, 0xff, 0x5f, 0x5f, 0x18, 0x1f, 0x18, 0x15, 0xbf, 0x3f, 0x12, 0x1f, 0x18, 0x15, 0x10, 0x28, 0x19, 0x9f, 0x5f, 0x19, 0x17, 0x12, 0x13, 0x11, 0x19, 0x1d, 0x8f, 0x3f, 0x1e, 0x13, 0x17, 0x1e, 0x21, 0x14, 0x1d, 0x1f, 0x1b, 0x7f, 0x5f, 0x1e, 0x18, 0x10, 0x12, 0x11, 0x19, 0x15, 0x8f, 0x6f, 0x14, 0x12, 0x13, 0x14, 0x1a, 0x3f, 0x15, 0x2d, 0x3f, 0x5f, 0x26, 0x17, 0x11, 0x12, 0x11, 0x1c, 0x11, 0x30, 0x14, 0x1d, 0x2f, 0x5f, 0x2b, 0x15, 0x12, 0x21, 0x10, 0x14, 0x53, 0x17, 0x1f, 0x5f, 0x2a, 0x15, 0x14, 0x22, 0x10, 0x15, 0x28, 0x17, 0x15, 0x1e, 0x15, 0x1f, 0x5f, 0x1d, 0x1c, 0x18, 0x14, 0x19, 0x17, 0x19, 0x16, 0x1c, 0x27, 0x18, 0x1e, 0x2f, 0x6f, 0x2d, 0x17, 0x1b, 0x1d,
0x1a, 0x2d, 0x1b, 0x18, 0x15, 0x3f, 0x7f, 0x1e, 0x18, 0x1f, 0x1e, 0x1b, 0x1e, 0x2d, 0x1c, 0x15, 0x1a, 0x2f, 0x8f, 0x1a, 0x4f, 0x19, 0x1d, 0x2f, 0x14, 0x2f, 0x8f, 0x19, 0x5f, 0x1a, 0x2f, 0x19, 0x2f, 0xff, 0x1e, 0x1f, 0x17, 0x2f, 0x7f, 0x16, 0x5f, 0x19, 0x3f, 0x1c, 0x2f, 0x7f, 0x18, 0x2f, 0x1d, 0x18, 0x1c, 0x3f, 0x1c, 0x3f, 0xff, 0x5f,
// Compressed size: 168 bytes original pixels: 12544 uint16_t → ~25088 bytes uncompressed)

// URIAS / Urias Auraflow V0.3 000 S1198307105 Th0.100 20 [Folder: URIAS] - RLE compressed data (offset: 42053, size: 272)
0xfd, 0x5d, 0x8d, 0x11, 0x20, 0x11, 0x8d, 0x5d, 0x32, 0x18, 0x1e, 0x14, 0x12, 0x10, 0x7d, 0x3d, 0x11, 0x15, 0x13, 0x18, 0x13, 0x16, 0x18, 0x1e, 0x14, 0x30, 0x5d, 0x3d, 0x13, 0x15, 0x1b, 0x14, 0x19, 0x1e, 0x1a, 0x1e, 0x1f, 0x1a, 0x18, 0x14, 0x11, 0x4d, 0x2d, 0x13, 0x18, 0x1b, 0x1c, 0x18, 0x2f, 0x1e, 0x1f, 0x14, 0x25, 0x18, 0x12, 0x4d, 0x2d, 0x12, 0x18, 0x14, 0x3c, 0x2f, 0x1e, 0x18, 0x15, 0x11, 0x1e, 0x1f, 0x10, 0x3d, 0x1d, 0x14, 0x17, 0x1c, 0x15, 0x1e, 0x19, 0x2f, 0x3c, 0x17, 0x13, 0x1e, 0x1a, 0x12, 0x3d, 0x2d, 0x14, 0x18, 0x15, 0x1b, 0x1a, 0x1c, 0x1b, 0x1f, 0x1c, 0x17, 0x24, 0x2c, 0x12, 0x3d, 0x1d, 0x1a, 0x1b, 0x16, 0x15, 0x18, 0x11, 0x1c, 0x1a, 0x1c, 0x1f, 0x1e,
0x13, 0x16, 0x2b, 0x14, 0x11, 0x2d, 0x1d, 0x17, 0x1e, 0x15, 0x18, 0x15, 0x12, 0x19, 0x1a, 0x1c, 0x1f, 0x18, 0x14, 0x1a, 0x19, 0x1b, 0x18, 0x11, 0x2d, 0x2d, 0x16, 0x1c, 0x17, 0x1a, 0x10, 0x1a, 0x1e, 0x2f, 0x19, 0x16, 0x18, 0x12, 0x1b, 0x1e, 0x13, 0x11, 0x1d, 0x1d, 0x22, 0x1b, 0x2e, 0x12, 0x1c, 0x19, 0x1c, 0x1a, 0x11, 0x1a, 0x15, 0x14, 0x13, 0x1c, 0x14, 0x12, 0x1d, 0x2d, 0x13, 0x1d, 0x1e, 0x1f, 0x18, 0x10, 0x1b, 0x19, 0x1c, 0x17, 0x29, 0x14, 0x1d, 0x11, 0x18, 0x13, 0x1d, 0x2d, 0x11, 0x1d, 0x16, 0x1c, 0x17, 0x1e, 0x13, 0x24, 0x1d, 0x16, 0x1b, 0x14, 0x1d, 0x25, 0x12, 0x1d, 0x4d, 0x1a, 0x18, 0x15, 0x1e, 0x13, 0x12, 0x1d, 0x12, 0x29, 0x14, 0x2d, 0x18, 0x17, 0x1d, 0x1d,
0x18, 0x13, 0x12, 0x13, 0x17, 0x14, 0x1a, 0x21, 0x1d, 0x14, 0x26, 0x10, 0x1d, 0x29, 0x14, 0x1d, 0x1d, 0x1a, 0x14, 0x16, 0x13, 0x14, 0x1e, 0x31, 0x12, 0x15, 0x10, 0x14, 0x13, 0x15, 0x13, 0x14, 0x2d, 0x1d, 0x24, 0x17, 0x16, 0x19, 0x14, 0x12, 0x43, 0x2f, 0x23, 0x12, 0x13, 0x2d, 0xfd, 0x5d,
// Compressed size: 272 bytes original pixels: 12544 uint16_t → ~25088 bytes uncompressed)

// VALKYRIE / Valkyrie Auraflow V0.3 000 S4104624875 Th0.100 20 [Folder: VALKYRIE] - RLE compressed data (offset: 42325, size: 243)
0x1f, 0x12, 0xff, 0x1f, 0x11, 0x1f, 0x1f, 0x19, 0xff, 0x3f, 0x1f, 0x12, 0x19, 0x6f, 0x17, 0x1d, 0x12, 0x5f, 0x14, 0x13, 0x1f, 0x1f, 0x12, 0x29, 0x4f, 0x17, 0x2c, 0x11, 0x4f, 0x11, 0x1b, 0x19, 0x1f, 0x2f, 0x14, 0x17, 0x12, 0x2f, 0x13, 0x1d, 0x12, 0x23, 0x3f, 0x19, 0x1a, 0x1c, 0x14, 0x1f, 0x1f, 0x12, 0x16, 0x18, 0x19, 0x12, 0x1f, 0x17, 0x15, 0x13, 0x11, 0x1d, 0x2f, 0x19, 0x1b, 0x16, 0x1a, 0x14, 0x1f, 0x1f, 0x15, 0x18, 0x17, 0x1c, 0x1e, 0x14, 0x2f, 0x18, 0x1d, 0x1b, 0x1f, 0x14, 0x1b, 0x1e, 0x17, 0x12, 0x14, 0x1f, 0x1f, 0x13, 0x17, 0x2c, 0x1d, 0x1e, 0x18, 0x11, 0x16, 0x1c, 0x1e, 0x19, 0x1b, 0x1d, 0x1c, 0x17, 0x15, 0x2f, 0x2f, 0x16, 0x2c, 0x3d, 0x17, 0x26, 0x17, 0x1d,
0x1e, 0x1c, 0x27, 0x14, 0x2f, 0x2f, 0x17, 0x18, 0x1a, 0x12, 0x15, 0x17, 0x2b, 0x1e, 0x16, 0x12, 0x24, 0x17, 0x16, 0x14, 0x2f, 0x2f, 0x16, 0x18, 0x17, 0x1a, 0x14, 0x1f, 0x2b, 0x16, 0x15, 0x1c, 0x12, 0x14, 0x17, 0x18, 0x3f, 0x3f, 0x12, 0x1f, 0x15, 0x11, 0x2b, 0x1a, 0x1d, 0x16, 0x12, 0x11, 0x12, 0x1f, 0x11, 0x3f, 0x4f, 0x11, 0x12, 0x18, 0x2b, 0x1a, 0x1d, 0x18, 0x1f, 0x14, 0x10, 0x5f, 0x5f, 0x16, 0x19, 0x1d, 0x19, 0x1b, 0x1c, 0x16, 0x17, 0x7f, 0x4f, 0x17, 0x19, 0x2b, 0x1a, 0x1d, 0x16, 0x1f, 0x15, 0x7f, 0x3f, 0x13, 0x19, 0x2a, 0x1b, 0x1a, 0x1d, 0x2c, 0x10, 0x7f, 0x3f, 0x15, 0x18, 0x2a, 0x1d, 0x18, 0x16, 0x17, 0x1f, 0x16, 0x7f, 0x2f, 0x13, 0x18, 0x3a, 0x1c, 0x18, 0x13,
0x1c, 0x1f, 0x18, 0x7f, 0x21, 0x18, 0x1b, 0x18, 0x1b, 0x1d, 0x1b, 0x16, 0x13, 0x1c, 0x1f, 0x1c, 0x7f, 0xff, 0x5f,
// Compressed size: 243 bytes original pixels: 12544 uint16_t → ~25088 bytes uncompressed)

// VAMPIRE / Vampire Auraflow V0.3 000 S2037652676 Th0.100 20 [Folder: VAMPIRE] - RLE compressed data (offset: 42568, size: 183)
0xfe, 0x5e, 0x7e, 0x16, 0x13, 0xbe, 0x4e, 0x10, 0x11, 0x19, 0x22, 0x10, 0x2e, 0x17, 0x7e, 0x4e, 0x10, 0x19, 0x1f, 0x1c, 0x1f, 0x12, 0x15, 0x11, 0x10, 0x17, 0x6e, 0x3e, 0x10, 0x14, 0x1c, 0x1b, 0x1c, 0x1d, 0x17, 0x28, 0x11, 0x10, 0x12, 0x11, 0x4e, 0x3e, 0x19, 0x1e, 0x19, 0x1b, 0x1c, 0x1d, 0x1c, 0x13, 0x17, 0x18, 0x14, 0x11, 0x14, 0x4e, 0x3e, 0x15, 0x2e, 0x15, 0x19, 0x1c, 0x2d, 0x1b, 0x1c, 0x1d, 0x19, 0x14, 0x13, 0x3e, 0x5e, 0x12, 0x13, 0x19, 0x12, 0x15, 0x3d, 0x1c, 0x19, 0x18, 0x16, 0x10, 0x2e, 0x6e, 0x1a, 0x1d, 0x1e, 0x1b, 0x13, 0x17, 0x2d, 0x12, 0x19, 0x1b, 0x15, 0x2e, 0x7e, 0x1b, 0x4e, 0x1d, 0x1c, 0x14, 0x1b, 0x2c, 0x2e, 0x6e, 0x13, 0x1d, 0x3e, 0x16, 0x1a, 0x1c,
0x12, 0x2e, 0x18, 0x12, 0x1e, 0x5e, 0x10, 0x17, 0x3e, 0x13, 0x1c, 0x1e, 0x10, 0x19, 0x3e, 0x15, 0x1e, 0x4e, 0x17, 0x4e, 0x16, 0x1a, 0x2e, 0x15, 0x11, 0x3e, 0x13, 0x1e, 0x3e, 0x11, 0x6e, 0x19, 0x16, 0x17, 0x24, 0x2e, 0x21, 0x1e, 0x2e, 0x16, 0x8e, 0x16, 0x2e, 0x16, 0x13, 0x4e, 0x2e, 0x11, 0x9e, 0x13, 0x2e, 0x15, 0x4e, 0xae, 0x11, 0x13, 0x3e, 0x12, 0x4e, 0xfe, 0x16, 0x4e, 0xde, 0x13, 0x1b, 0x1a, 0x19, 0x3e, 0xee, 0x2b, 0x4e,
// Compressed size: 183 bytes original pixels: 12544 uint16_t → ~25088 bytes uncompressed)

// VETALA / Vetala Auraflow V0.3 000 S1161787288 Th0.100 20 [Folder: VETALA] - RLE compressed data (offset: 42751, size: 148)
0xfe, 0x5e, 0xfe, 0x5e, 0xfe, 0x5e, 0xde, 0x21, 0x5e, 0xce, 0x17, 0x13, 0x1c, 0x16, 0x4e, 0xbe, 0x1f, 0x1e, 0x10, 0x1c, 0x5e, 0xbe, 0x1d, 0x19, 0x15, 0x17, 0x1a, 0x4e, 0x9e, 0x10, 0x1e, 0x15, 0x13, 0x1a, 0x14, 0x12, 0x4e, 0x7e, 0x11, 0x13, 0x2e, 0x1a, 0x13, 0x17, 0x1c, 0x1b, 0x4e, 0x5e, 0x19, 0x14, 0x5e, 0x13, 0x14, 0x1b, 0x5e, 0x4e, 0x16, 0x6e, 0x1a, 0x1e, 0x1a, 0x1e, 0x1a, 0x4e, 0x2e, 0x15, 0x1c, 0x5e, 0x1a, 0x17, 0x12, 0x1a, 0x1d, 0x1e, 0x11, 0x4e, 0x2e, 0x12, 0x4e, 0x13, 0x1c, 0x1e, 0x1a, 0x1f, 0x19, 0x15, 0x1e, 0x1d, 0x4e, 0x8e, 0x16, 0x1e, 0x1d, 0x17, 0x2e, 0x11, 0x5e, 0x7e, 0x1d, 0x1e, 0x18, 0x1d, 0x2a, 0x2e, 0x12, 0x11, 0x3e, 0x7e, 0x18, 0x1e, 0x16, 0x1f,
0x1c, 0x16, 0x1e, 0x13, 0x1e, 0x1f, 0x1d, 0x2e, 0x5e, 0x1b, 0x1e, 0x1f, 0x18, 0x2d, 0x1e, 0x1f, 0x1e, 0x1f, 0x2e, 0x15, 0x1b, 0x1e, 0x6e, 0x14, 0x1e, 0x1a, 0x1e, 0x1d, 0x3e, 0x17, 0x15, 0x4e, 0xfe, 0x5e, 0xfe, 0x5e,
// Compressed size: 148 bytes original pixels: 12544 uint16_t → ~25088 bytes uncompressed)

// VODYANOI / Vodyanoi Auraflow V0.3 000 S2387171512 Th0.100 20 [Folder: VODYANOI] - RLE compressed data (offset: 42899, size: 148)
0xff, 0x5f, 0xff, 0x5f, 0x7f, 0x13, 0x17, 0x11, 0x13, 0x10, 0x8f, 0x6f, 0x17, 0x12, 0x15, 0x10, 0x1c, 0x17, 0x10, 0x7f, 0x6f, 0x1e, 0x1c, 0x18, 0x3e, 0x14, 0x7f, 0x6f, 0x10, 0x12, 0x15, 0x1d, 0x1e, 0x1c, 0x14, 0x13, 0x6f, 0x6f, 0x10, 0x1c, 0x1f, 0x18, 0x2e, 0x15, 0x17, 0x10, 0x5f, 0x6f, 0x1b, 0x2f, 0x1d, 0x1e, 0x18, 0x1d, 0x19, 0x1d, 0x19, 0x4f, 0x6f, 0x13, 0x2f, 0x1c, 0x1d, 0x1b, 0x1d, 0x1f, 0x1e, 0x19, 0x4f, 0x9f, 0x1d, 0x1a, 0x29, 0x1f, 0x1e, 0x1d, 0x4f, 0x9f, 0x1a, 0x17, 0x19, 0x27, 0x1e, 0x1b, 0x4f, 0x6f, 0x16, 0x12, 0x1d, 0x1a, 0x18, 0x19, 0x1a, 0x1f, 0x1a, 0x5f, 0x7f, 0x29, 0x1f, 0x14, 0x13, 0x16, 0x1f, 0x17, 0x5f, 0x6f, 0x1e, 0x19, 0x6f, 0x1b, 0x5f, 0x4f,
0x11, 0x17, 0x7f, 0x13, 0x14, 0x15, 0x4f, 0x3f, 0x1a, 0x16, 0x8f, 0x17, 0x1e, 0x17, 0x4f, 0x2f, 0x14, 0x16, 0x12, 0x1f, 0x15, 0x6f, 0x15, 0x1e, 0x1c, 0x4f, 0x2f, 0x20, 0xaf, 0x13, 0x1e, 0x4f, 0xff, 0x5f, 0xff, 0x5f,
// Compressed size: 148 bytes original pixels: 12544 uint16_t → ~25088 bytes uncompressed)

// VOID WRAITH / Void Wraith Auraflow V0.3 000 S1499055962 Th0.100 20 [Folder: VOID_WRAITH] - RLE compressed data (offset: 43047, size: 169)
0xfe, 0x5e, 0x8e, 0x15, 0x42, 0x7e, 0x7e, 0x13, 0x12, 0x11, 0x10, 0x11, 0x20, 0x11, 0x5e, 0x7e, 0x19, 0x14, 0x15, 0x28, 0x21, 0x20, 0x4e, 0x6e, 0x15, 0x14, 0x15, 0x29, 0x16, 0x19, 0x18, 0x12, 0x21, 0x3e, 0x7e, 0x1a, 0x15, 0x1d, 0x3a, 0x18, 0x13, 0x20, 0x3e, 0x6e, 0x14, 0x3d, 0x1a, 0x1d, 0x1b, 0x1d, 0x19, 0x18, 0x11, 0x3e, 0x4e, 0x12, 0x15, 0x2a, 0x15, 0x1c, 0x1d, 0x1a, 0x1c, 0x1a, 0x1b, 0x1c, 0x14, 0x3e, 0x4e, 0x17, 0x1b, 0x1f, 0x12, 0x19, 0x1d, 0x2c, 0x1b, 0x3c, 0x15, 0x3e, 0x3e, 0x2a, 0x1b, 0x11, 0x18, 0x1a, 0x1b, 0x3a, 0x16, 0x1a, 0x1b, 0x13, 0x19, 0x2e, 0x3e, 0x15, 0x16, 0x2e, 0x18, 0x1a, 0x2b, 0x1a, 0x25, 0x1e, 0x1a, 0x10, 0x13, 0x2e, 0x3e, 0x16, 0x2e, 0x12,
0x16, 0x1a, 0x2b, 0x14, 0x4e, 0x1a, 0x17, 0x2e, 0x2e, 0x13, 0x16, 0x2e, 0x14, 0x16, 0x1a, 0x18, 0x19, 0x18, 0x8e, 0x2e, 0x12, 0x3e, 0x16, 0x1a, 0x11, 0x1e, 0x15, 0x14, 0x8e, 0x2e, 0x1b, 0x2e, 0x14, 0x18, 0x13, 0x2e, 0x14, 0x15, 0x4e, 0x16, 0x3e, 0x6e, 0x14, 0x4e, 0x15, 0x8e, 0xfe, 0x5e, 0xae, 0x12, 0x9e, 0xbe, 0x16, 0x13, 0x7e, 0xfe, 0x5e,
// Compressed size: 169 bytes original pixels: 12544 uint16_t → ~25088 bytes uncompressed)

// WARG / Warg Auraflow V0.3 000 S2109044693 Th0.100 20 [Folder: WARG] - RLE compressed data (offset: 43216, size: 240)
0xfe, 0x5e, 0xae, 0x21, 0x12, 0x11, 0x10, 0x5e, 0x8e, 0x21, 0x14, 0x32, 0x13, 0x11, 0x4e, 0x6e, 0x10, 0x14, 0x12, 0x15, 0x13, 0x14, 0x13, 0x11, 0x15, 0x11, 0x4e, 0x5e, 0x10, 0x12, 0x13, 0x17, 0x1b, 0x19, 0x16, 0x14, 0x16, 0x13, 0x1a, 0x15, 0x3e, 0x4e, 0x12, 0x15, 0x12, 0x19, 0x23, 0x1a, 0x19, 0x1b, 0x1a, 0x13, 0x17, 0x16, 0x11, 0x2e, 0x4e, 0x16, 0x13, 0x16, 0x1a, 0x1f, 0x13, 0x29, 0x16, 0x14, 0x17, 0x16, 0x14, 0x12, 0x2e, 0x4e, 0x12, 0x18, 0x1d, 0x1a, 0x1b, 0x1d, 0x1c, 0x17, 0x2c, 0x17, 0x25, 0x1a, 0x2e, 0x3e, 0x17, 0x14, 0x10, 0x17, 0x1d, 0x1c, 0x2d, 0x3c, 0x39, 0x15, 0x2e, 0x3e, 0x3f, 0x19, 0x1d, 0x1c, 0x1f, 0x1d, 0x1c, 0x2d, 0x2c, 0x17, 0x15, 0x10, 0x1e, 0x3e,
0x10, 0x2f, 0x1d, 0x16, 0x18, 0x1d, 0x3f, 0x1d, 0x2a, 0x1c, 0x16, 0x11, 0x1e, 0x3e, 0x13, 0x1e, 0x15, 0x1f, 0x1c, 0x1b, 0x1d, 0x1c, 0x1f, 0x2d, 0x1a, 0x1d, 0x14, 0x1b, 0x11, 0x1e, 0x4e, 0x16, 0x10, 0x14, 0x1c, 0x1d, 0x1b, 0x18, 0x13, 0x2c, 0x1a, 0x1c, 0x1b, 0x1a, 0x13, 0x1e, 0x4e, 0x17, 0x1b, 0x18, 0x1a, 0x1b, 0x1a, 0x19, 0x1e, 0x1a, 0x2b, 0x27, 0x19, 0x10, 0x1e, 0x4e, 0x12, 0x19, 0x1a, 0x19, 0x1c, 0x11, 0x1a, 0x3e, 0x17, 0x1c, 0x19, 0x17, 0x10, 0x1e, 0x4e, 0x13, 0x1a, 0x13, 0x3e, 0x19, 0x4e, 0x1b, 0x19, 0x16, 0x2e, 0x4e, 0x17, 0x19, 0x3e, 0x10, 0x24, 0x2e, 0x15, 0x19, 0x17, 0x1a, 0x12, 0x1e, 0x3e, 0x1d, 0x1a, 0x11, 0x16, 0x1e, 0x19, 0x17, 0x19, 0x2e, 0x12, 0x13,
0x1d, 0x16, 0x17, 0x12, 0x1e, 0x5e, 0x1a, 0x6e, 0x28, 0x1d, 0x1a, 0x2c, 0x1b, 0x1e, 0xfe, 0x5e,
// Compressed size: 240 bytes original pixels: 12544 uint16_t → ~25088 bytes uncompressed)

// WENDIGO / Wendigo Auraflow V0.3 000 S1540042344 Th0.100 20 [Folder: WENDIGO] - RLE compressed data (offset: 43456, size: 170)
0xfe, 0x5e, 0xfe, 0x5e, 0x9e, 0x12, 0x4e, 0x16, 0x1e, 0x17, 0x3e, 0x6e, 0x15, 0x12, 0x11, 0x1c, 0x22, 0x10, 0x4e, 0x14, 0x2e, 0x6e, 0x1a, 0x18, 0x1c, 0x17, 0x12, 0x1a, 0x18, 0x2d, 0x10, 0x16, 0x3e, 0x5e, 0x17, 0x2e, 0x22, 0x18, 0x2d, 0x13, 0x1f, 0x17, 0x10, 0x3e, 0x3e, 0x11, 0x17, 0x2e, 0x16, 0x14, 0x18, 0x25, 0x1e, 0x2f, 0x1d, 0x14, 0x3e, 0x3e, 0x11, 0x17, 0x1e, 0x16, 0x1e, 0x17, 0x14, 0x1e, 0x19, 0x2e, 0x13, 0x10, 0x4e, 0x3e, 0x12, 0x2e, 0x17, 0x1c, 0x17, 0x1c, 0x5e, 0x10, 0x4e, 0x7e, 0x14, 0x11, 0x1d, 0x1a, 0x19, 0x4e, 0x1c, 0x3e, 0x3e, 0x16, 0x3e, 0x15, 0x1a, 0x16, 0x1b, 0x1e, 0x14, 0x3e, 0x1c, 0x3e, 0x3e, 0x1b, 0x9e, 0x14, 0x3e, 0x16, 0x2e, 0x3e, 0x11, 0x18,
0x3e, 0x25, 0x1e, 0x15, 0x1e, 0x16, 0x4e, 0x10, 0x1e, 0x7e, 0x12, 0x1a, 0x3e, 0x17, 0x4e, 0x15, 0x1c, 0x16, 0x6e, 0x10, 0x19, 0x4e, 0x1c, 0x4e, 0x16, 0x1b, 0x1c, 0x6e, 0x15, 0xae, 0x11, 0x16, 0x13, 0x5e, 0x18, 0x16, 0x5e, 0x16, 0x5e, 0x13, 0x1e, 0x5e, 0x19, 0x6e, 0x16, 0x17, 0x6e, 0x4e, 0x16, 0x13, 0x7e, 0x15, 0x13, 0x15, 0x17, 0x3e, 0xfe, 0x5e,
// Compressed size: 170 bytes original pixels: 12544 uint16_t → ~25088 bytes uncompressed)

// WEREWOLF / Werewolf Auraflow V0.3 000 S134603756 Th0.100 20 [Folder: WEREWOLF] - RLE compressed data (offset: 43626, size: 215)
0xf1, 0x51, 0xa1, 0x12, 0x91, 0x81, 0x12, 0x15, 0x13, 0x15, 0x13, 0x71, 0x61, 0x13, 0x14, 0x17, 0x18, 0x1d, 0x1c, 0x14, 0x1d, 0x61, 0x61, 0x14, 0x1f, 0x19, 0x1f, 0x14, 0x19, 0x2f, 0x12, 0x51, 0x51, 0x1f, 0x1d, 0x1e, 0x1b, 0x1d, 0x1b, 0x29, 0x13, 0x1a, 0x51, 0x51, 0x1b, 0x1a, 0x1c, 0x2b, 0x16, 0x12, 0x14, 0x19, 0x14, 0x51, 0x41, 0x15, 0x18, 0x1a, 0x2e, 0x1a, 0x19, 0x14, 0x12, 0x2e, 0x51, 0x31, 0x15, 0x3a, 0x1d, 0x1a, 0x1e, 0x1d, 0x14, 0x1f, 0x1e, 0x16, 0x51, 0x21, 0x15, 0x18, 0x1a, 0x17, 0x11, 0x1c, 0x1a, 0x2b, 0x1a, 0x12, 0x1e, 0x16, 0x13, 0x41, 0x21, 0x16, 0x1b, 0x19, 0x12, 0x13, 0x1c, 0x1a, 0x16, 0x1b, 0x21, 0x28, 0x17, 0x41, 0x11, 0x15, 0x1c, 0x1f, 0x18, 0x11,
0x14, 0x3b, 0x1c, 0x18, 0x13, 0x14, 0x2a, 0x13, 0x31, 0x21, 0x1a, 0x1f, 0x11, 0x19, 0x2c, 0x1e, 0x18, 0x1d, 0x1c, 0x11, 0x17, 0x1c, 0x18, 0x15, 0x31, 0x21, 0x1d, 0x12, 0x11, 0x27, 0x1c, 0x17, 0x1c, 0x1a, 0x1e, 0x23, 0x11, 0x17, 0x18, 0x31, 0x21, 0x1c, 0x1e, 0x11, 0x27, 0x18, 0x22, 0x11, 0x1d, 0x1c, 0x31, 0x16, 0x31, 0x11, 0x14, 0x1f, 0x1d, 0x1b, 0x11, 0x27, 0x31, 0x1c, 0x1a, 0x11, 0x1b, 0x16, 0x1c, 0x31, 0x11, 0x1f, 0x11, 0x12, 0x19, 0x15, 0x17, 0x16, 0x21, 0x12, 0x17, 0x12, 0x11, 0x15, 0x1a, 0x41, 0x41, 0x12, 0x15, 0x14, 0x31, 0x25, 0x21, 0x13, 0x51, 0x41, 0x13, 0x21, 0x12, 0x16, 0x15, 0x13, 0x91, 0xf1, 0x51,
// Compressed size: 215 bytes original pixels: 12544 uint16_t → ~25088 bytes uncompressed)

// WIGHT / Wight Auraflow V0.3 000 S2355254022 Th0.100 20 [Folder: WIGHT] - RLE compressed data (offset: 43841, size: 149)
0xff, 0x5f, 0xff, 0x5f, 0x9f, 0x18, 0x10, 0x9f, 0x9f, 0x18, 0x12, 0x9f, 0x8f, 0x13, 0x14, 0x13, 0x10, 0x8f, 0x4f, 0x13, 0x11, 0x16, 0x1a, 0x28, 0x12, 0x16, 0x8f, 0x3f, 0x16, 0x1a, 0x11, 0x13, 0x1c, 0x1a, 0x14, 0x1a, 0x11, 0x8f, 0x3f, 0x16, 0x14, 0x13, 0x11, 0x3a, 0x2e, 0x8f, 0x3f, 0x18, 0x12, 0x16, 0x25, 0x1b, 0x1e, 0x17, 0x1d, 0x1b, 0x7f, 0x3f, 0x12, 0x14, 0x19, 0x17, 0x1a, 0x1d, 0x1e, 0x1d, 0x18, 0x14, 0x7f, 0x3f, 0x15, 0x17, 0x29, 0x17, 0x1e, 0x1d, 0x14, 0x1a, 0x10, 0x14, 0x6f, 0x3f, 0x1e, 0x1d, 0x27, 0x2b, 0x18, 0x1b, 0x1c, 0x1f, 0x1d, 0x6f, 0x3f, 0x14, 0x17, 0x1b, 0x15, 0x1e, 0x18, 0x17, 0x14, 0x2f, 0x10, 0x6f, 0x3f, 0x35, 0x1b, 0x1f, 0x29, 0x12, 0x1f, 0x13,
0x7f, 0x3f, 0x15, 0x10, 0x25, 0x14, 0x16, 0x14, 0x2f, 0x1b, 0x7f, 0x3f, 0x22, 0x1f, 0x12, 0x24, 0x12, 0x1f, 0x14, 0x8f, 0x9f, 0x10, 0xaf, 0x8f, 0x11, 0x4f, 0x11, 0x6f, 0x4f, 0x16, 0x1f, 0x10, 0x18, 0x11, 0xbf, 0xff, 0x5f,
// Compressed size: 149 bytes original pixels: 12544 uint16_t → ~25088 bytes uncompressed)

// WILL O WISP / Will O Wisp Auraflow V0.3 000 S2072003328 Th0.100 20 [Folder: WILL_O_WISP] - RLE compressed data (offset: 43990, size: 115)
0xff, 0x5f, 0xff, 0x5f, 0xff, 0x5f, 0xbf, 0x1e, 0x8f, 0x3f, 0x1a, 0x1f, 0x2d, 0x1c, 0x1f, 0x1d, 0x1f, 0x17, 0x2f, 0x1d, 0x5f, 0x3f, 0x1e, 0x17, 0x1a, 0x14, 0x13, 0x15, 0x14, 0x10, 0x1b, 0x19, 0x7f, 0x2f, 0x1e, 0x1d, 0x19, 0x16, 0x12, 0x15, 0x11, 0x30, 0x12, 0x18, 0x17, 0x5f, 0x3f, 0x1e, 0x1b, 0x16, 0x13, 0x15, 0x13, 0x12, 0x11, 0x10, 0x11, 0x13, 0x12, 0x5f, 0x3f, 0x1d, 0x19, 0x1d, 0x19, 0x13, 0x19, 0x13, 0x11, 0x14, 0x15, 0x1f, 0x1b, 0x5f, 0x5f, 0x1d, 0x1b, 0x1a, 0x2f, 0x13, 0x12, 0x8f, 0xbf, 0x12, 0x8f, 0xbf, 0x18, 0x8f, 0xbf, 0x1c, 0x8f, 0xaf, 0x16, 0x1f, 0x18, 0x7f, 0x9f, 0x19, 0x3f, 0x1a, 0x6f, 0x9f, 0x17, 0x3f, 0x19, 0x6f, 0xff, 0x5f, 0xff, 0x5f, 0x8f, 0x18,
0xbf, 0xff, 0x5f,
// Compressed size: 115 bytes original pixels: 12544 uint16_t → ~25088 bytes uncompressed)

// WITCH / Witch Auraflow V0.3 000 S2059153908 Th0.100 20 [Folder: WITCH] - RLE compressed data (offset: 44105, size: 184)
0xfe, 0x2e, 0x1f, 0x2e, 0x2e, 0x17, 0xfe, 0x2e, 0x3e, 0x18, 0xfe, 0x1e, 0x3e, 0x11, 0x12, 0x3e, 0x10, 0x15, 0x1d, 0x15, 0x5e, 0x14, 0x2e, 0x1e, 0x1b, 0x2e, 0x26, 0x14, 0x11, 0x1a, 0x1d, 0x1c, 0x9e, 0x3e, 0x10, 0x1e, 0x10, 0x11, 0x25, 0x1d, 0x1b, 0x5e, 0x12, 0x3e, 0x2e, 0x13, 0x2e, 0x13, 0x26, 0x19, 0x1c, 0x19, 0x20, 0x7e, 0x6e, 0x1c, 0x1a, 0x16, 0x1a, 0x17, 0x1d, 0x8e, 0x2e, 0x19, 0x2e, 0x23, 0x17, 0x1a, 0x1d, 0x19, 0x1d, 0x12, 0x7e, 0x4e, 0x11, 0x13, 0x27, 0x1d, 0x1b, 0x1a, 0x18, 0x1b, 0x1f, 0x6e, 0x4e, 0x13, 0x16, 0x15, 0x17, 0x19, 0x2d, 0x16, 0x1e, 0x11, 0x13, 0x1d, 0x4e, 0x1e, 0x12, 0x1e, 0x1c, 0x1a, 0x23, 0x19, 0x17, 0x1b, 0x17, 0x11, 0x3e, 0x11, 0x4e, 0x5e,
0x16, 0x17, 0x15, 0x2b, 0x17, 0x18, 0x8e, 0x4e, 0x29, 0x1a, 0x13, 0x1a, 0x1b, 0x17, 0x13, 0x4e, 0x11, 0x3e, 0x6e, 0x2a, 0x16, 0x13, 0x16, 0x19, 0x18, 0x11, 0x2e, 0x19, 0x3e, 0x6e, 0x13, 0x1d, 0x1a, 0x1c, 0x16, 0x1f, 0x22, 0x17, 0x2e, 0x1f, 0x2e, 0x7e, 0x14, 0x15, 0x1a, 0x16, 0x1d, 0x1f, 0x1a, 0x11, 0x15, 0x1e, 0x1f, 0x2e, 0xae, 0x12, 0x2f, 0x1a, 0x1c, 0x19, 0x1e, 0x13, 0x2e, 0xce, 0x1b, 0x1d, 0x1c, 0x3e, 0x1a, 0x1e, 0xfe, 0x5e,
// Compressed size: 184 bytes original pixels: 12544 uint16_t → ~25088 bytes uncompressed)

// WOOD WOSE / Wood Wose Auraflow V0.3 000 S3618680500 Th0.100 20 [Folder: WOOD_WOSE] - RLE compressed data (offset: 44289, size: 202)
0x7f, 0x11, 0xcf, 0x5f, 0x16, 0x15, 0x1f, 0x14, 0x19, 0x1f, 0x15, 0x12, 0x7f, 0x2f, 0x11, 0x4f, 0x12, 0x16, 0x22, 0x11, 0x16, 0x12, 0x6f, 0x3f, 0x17, 0x1f, 0x1a, 0x16, 0x18, 0x1d, 0x14, 0x1c, 0x17, 0x1c, 0x1d, 0x14, 0x19, 0x4f, 0x3f, 0x12, 0x1f, 0x19, 0x15, 0x2e, 0x19, 0x1e, 0x2d, 0x1e, 0x6f, 0x4f, 0x15, 0x1a, 0x1c, 0x17, 0x1d, 0x19, 0x1c, 0x17, 0x2f, 0x16, 0x5f, 0x3f, 0x11, 0x1d, 0x1f, 0x2d, 0x1e, 0x15, 0x1c, 0x6f, 0x13, 0x2f, 0x2f, 0x13, 0x17, 0x1c, 0x1f, 0x1e, 0x1c, 0x13, 0x14, 0x1f, 0x19, 0x4f, 0x12, 0x16, 0x2f, 0x3f, 0x1e, 0x1f, 0x18, 0x1b, 0x15, 0x18, 0x11, 0x1f, 0x1b, 0x14, 0x12, 0x2f, 0x1a, 0x15, 0x2f, 0x3f, 0x12, 0x11, 0x1b, 0x17, 0x1e, 0x1d, 0x5f, 0x11,
0x5f, 0x3f, 0x13, 0x16, 0x1f, 0x2d, 0x1c, 0x7f, 0x15, 0x3f, 0x4f, 0x1b, 0x1f, 0x2e, 0x1c, 0x19, 0x15, 0x5f, 0x19, 0x3f, 0x4f, 0x29, 0x1e, 0x18, 0x2f, 0x1c, 0x14, 0x4f, 0x16, 0x3f, 0x3f, 0x19, 0x1a, 0x1f, 0x16, 0x1c, 0x2f, 0x1e, 0x5f, 0x18, 0x3f, 0x4f, 0x1c, 0x1f, 0x18, 0x1c, 0x2f, 0x1a, 0x5f, 0x1d, 0x3f, 0x5f, 0x1a, 0x1d, 0x1c, 0x2f, 0x13, 0x6f, 0x1a, 0x2f, 0x4f, 0x11, 0x18, 0x17, 0x1d, 0x1f, 0x12, 0x1b, 0x5f, 0x1d, 0x3f, 0x3f, 0x12, 0x1f, 0x1d, 0x16, 0x15, 0x1f, 0x3b, 0x4f, 0x1a, 0x3f, 0x5f, 0x18, 0x13, 0x9f, 0x19, 0x3f, 0xff, 0x5f,
// Compressed size: 202 bytes original pixels: 12544 uint16_t → ~25088 bytes uncompressed)

// WRAITH / Wraith Auraflow V0.3 000 S4008473326 Th0.100 20 [Folder: WRAITH] - RLE compressed data (offset: 44491, size: 170)
0xff, 0x5f, 0x9f, 0x14, 0x13, 0x9f, 0x9f, 0x1b, 0x16, 0x17, 0x8f, 0x7f, 0x15, 0x1a, 0x1c, 0x19, 0x17, 0x14, 0x13, 0x6f, 0x6f, 0x16, 0x17, 0x19, 0x1c, 0x1e, 0x17, 0x15, 0x1a, 0x10, 0x5f, 0x6f, 0x19, 0x1b, 0x19, 0x18, 0x1b, 0x1c, 0x1b, 0x1a, 0x16, 0x17, 0x4f, 0x6f, 0x18, 0x1b, 0x2e, 0x1a, 0x1d, 0x1b, 0x1d, 0x13, 0x5f, 0x5f, 0x12, 0x1a, 0x1c, 0x3e, 0x1d, 0x2c, 0x18, 0x15, 0x14, 0x3f, 0x6f, 0x16, 0x1c, 0x2e, 0x1a, 0x1d, 0x3b, 0x1f, 0x11, 0x3f, 0x6f, 0x1c, 0x1e, 0x1d, 0x2e, 0x1a, 0x16, 0x14, 0x19, 0x5f, 0x5f, 0x16, 0x1d, 0x17, 0x1b, 0x1d, 0x2b, 0x15, 0x11, 0x18, 0x15, 0x4f, 0x5f, 0x1a, 0x1d, 0x16, 0x19, 0x1a, 0x15, 0x16, 0x15, 0x1f, 0x10, 0x1a, 0x4f, 0x4f, 0x13, 0x19,
0x1f, 0x15, 0x17, 0x15, 0x16, 0x12, 0x10, 0x2f, 0x17, 0x4f, 0x5f, 0x17, 0x1f, 0x18, 0x24, 0x22, 0x10, 0x2f, 0x12, 0x19, 0x3f, 0x4f, 0x1b, 0x1f, 0x10, 0x16, 0x13, 0x12, 0x10, 0x1f, 0x13, 0x7f, 0x4f, 0x17, 0x1f, 0x13, 0x12, 0x13, 0x12, 0xaf, 0x4f, 0x17, 0x2f, 0x12, 0x10, 0xbf, 0x5f, 0x15, 0x1f, 0x10, 0x11, 0xbf, 0x7f, 0x10, 0xcf, 0x6f, 0x10, 0xdf,
// Compressed size: 170 bytes original pixels: 12544 uint16_t → ~25088 bytes uncompressed)

// WYRM / Wyrm Auraflow V0.3 000 S3992249003 Th0.100 20 [Folder: WYRM] - RLE compressed data (offset: 44661, size: 180)
0xfe, 0x5e, 0xfe, 0x5e, 0xbe, 0x16, 0x10, 0x7e, 0x9e, 0x10, 0x19, 0x13, 0x10, 0x17, 0x26, 0x4e, 0x7e, 0x16, 0x1a, 0x20, 0x1a, 0x15, 0x2a, 0x23, 0x3e, 0x5e, 0x20, 0x13, 0x10, 0x13, 0x1c, 0x1a, 0x1b, 0x1c, 0x15, 0x1a, 0x13, 0x1c, 0x2e, 0x4e, 0x13, 0x26, 0x15, 0x2c, 0x16, 0x3e, 0x1b, 0x26, 0x1c, 0x2e, 0x5e, 0x12, 0x18, 0x22, 0x11, 0x1d, 0x3e, 0x1d, 0x17, 0x15, 0x1a, 0x17, 0x1e, 0x6e, 0x28, 0x25, 0x3e, 0x1c, 0x19, 0x15, 0x19, 0x16, 0x17, 0x1e, 0x5e, 0x14, 0x10, 0x3e, 0x1d, 0x2b, 0x2c, 0x17, 0x19, 0x2a, 0x1e, 0x3e, 0x1c, 0x1d, 0x22, 0x1e, 0x4d, 0x1c, 0x1f, 0x16, 0x18, 0x13, 0x16, 0x1a, 0x1e, 0x2e, 0x11, 0x18, 0x1d, 0x13, 0x1e, 0x2f, 0x4d, 0x23, 0x14, 0x23, 0x1d, 0x1e,
0x1e, 0x12, 0x2e, 0x17, 0x16, 0x17, 0x1a, 0x1d, 0x16, 0x1a, 0x16, 0x23, 0x1d, 0x1c, 0x19, 0x1d, 0x2e, 0x1e, 0x28, 0x29, 0x13, 0x25, 0x16, 0x13, 0x16, 0x15, 0x11, 0x1c, 0x15, 0x1a, 0x1c, 0x3e, 0x1e, 0x29, 0x1b, 0x15, 0x19, 0x38, 0x1b, 0x1c, 0x19, 0x1b, 0x19, 0x1c, 0x1b, 0x4e, 0x2e, 0x32, 0x1e, 0x22, 0x14, 0x19, 0x11, 0x19, 0x11, 0x1f, 0x6e, 0x5e, 0x20, 0x11, 0xce, 0x8e, 0x20, 0xae, 0xfe, 0x5e, 0xfe, 0x5e,
// Compressed size: 180 bytes original pixels: 12544 uint16_t → ~25088 bytes uncompressed)

// WYVERN / Wyvern Auraflow V0.3 000 S167688758 Th0.100 20 [Folder: WYVERN] - RLE compressed data (offset: 44841, size: 221)
0xfe, 0x5e, 0xde, 0x16, 0x6e, 0x5e, 0x1c, 0x7e, 0x18, 0x19, 0x5e, 0x4e, 0x1b, 0x1d, 0x1e, 0x1f, 0x11, 0x5e, 0x17, 0x1d, 0x4e, 0x3e, 0x17, 0x1c, 0x1a, 0x2e, 0x10, 0x1c, 0x17, 0x13, 0x2e, 0x27, 0x1b, 0x10, 0x2e, 0x2e, 0x16, 0x13, 0x29, 0x2e, 0x12, 0x1b, 0x17, 0x2e, 0x12, 0x17, 0x1a, 0x17, 0x13, 0x2e, 0x1e, 0x11, 0x14, 0x15, 0x1b, 0x17, 0x13, 0x1e, 0x16, 0x17, 0x2e, 0x10, 0x13, 0x1b, 0x29, 0x16, 0x15, 0x1e, 0x1e, 0x14, 0x15, 0x19, 0x15, 0x10, 0x1b, 0x1c, 0x17, 0x1a, 0x16, 0x2d, 0x1a, 0x19, 0x16, 0x15, 0x16, 0x13, 0x1e, 0x1e, 0x14, 0x15, 0x1f, 0x15, 0x12, 0x16, 0x4c, 0x16, 0x19, 0x24, 0x11, 0x1a, 0x14, 0x18, 0x1e, 0x1e, 0x18, 0x12, 0x14, 0x12, 0x11, 0x12, 0x1a, 0x1d,
0x1a, 0x1c, 0x1d, 0x21, 0x10, 0x12, 0x13, 0x14, 0x18, 0x1e, 0x1e, 0x12, 0x1e, 0x18, 0x2e, 0x19, 0x1f, 0x1a, 0x1b, 0x1d, 0x12, 0x1d, 0x1f, 0x2e, 0x25, 0x14, 0x1e, 0x1e, 0x11, 0x5e, 0x11, 0x17, 0x2a, 0x1e, 0x16, 0x15, 0x4e, 0x12, 0x1e, 0x1e, 0x14, 0x5e, 0x12, 0x1b, 0x1a, 0x13, 0x1e, 0x14, 0x16, 0x11, 0x3e, 0x19, 0x1e, 0x1e, 0x15, 0x5e, 0x2b, 0x1a, 0x16, 0x3e, 0x14, 0x3e, 0x16, 0x1e, 0x7e, 0x19, 0x1a, 0x1c, 0x16, 0x3e, 0x18, 0x10, 0x4e, 0x2e, 0x12, 0x4e, 0x1a, 0x1b, 0x17, 0x1c, 0x14, 0x4e, 0x11, 0x12, 0x2e, 0x6e, 0x18, 0x17, 0x1e, 0x1d, 0x13, 0x10, 0x3e, 0x14, 0x12, 0x3e, 0x5e, 0x1c, 0x4e, 0x1b, 0x1c, 0x16, 0x17, 0x1b, 0x5e, 0xfe, 0x5e, 0xfe, 0x5e,
// Compressed size: 221 bytes original pixels: 12544 uint16_t → ~25088 bytes uncompressed)

// XANA / Xana Auraflow V0.3 000 S3655383995 Th0.100 20 [Folder: XANA] - RLE compressed data (offset: 45062, size: 196)
0xfe, 0x5e, 0xae, 0x12, 0x17, 0x8e, 0xae, 0x11, 0x19, 0x1f, 0x1c, 0x6e, 0x3e, 0x12, 0x6e, 0x1b, 0x15, 0x19, 0x1f, 0x6e, 0xae, 0x19, 0x1b, 0x1d, 0x19, 0x6e, 0x4e, 0x12, 0x2e, 0x4b, 0x1e, 0x1f, 0x1b, 0x6e, 0x5e, 0x15, 0x11, 0x1e, 0x12, 0x2e, 0x19, 0x1d, 0x1b, 0x6e, 0x3e, 0x12, 0x17, 0x1a, 0x18, 0x1c, 0x1b, 0x19, 0x1c, 0x1d, 0x13, 0x7e, 0x3e, 0x1c, 0x1a, 0x17, 0x3c, 0x2d, 0x1f, 0x1a, 0x7e, 0x2e, 0x18, 0x1a, 0x23, 0x15, 0x11, 0x19, 0x1f, 0x19, 0x1c, 0x16, 0x17, 0x6e, 0x1e, 0x12, 0x15, 0x18, 0x12, 0x1e, 0x22, 0x19, 0x1b, 0x1f, 0x1d, 0x16, 0x1c, 0x15, 0x5e, 0x2e, 0x16, 0x1a, 0x12, 0x11, 0x12, 0x11, 0x15, 0x2a, 0x3c, 0x17, 0x15, 0x4e, 0x1e, 0x15, 0x13, 0x14, 0x15, 0x11,
0x20, 0x25, 0x1f, 0x3b, 0x14, 0x15, 0x4e, 0x2e, 0x15, 0x1a, 0x14, 0x10, 0x11, 0x10, 0x15, 0x1a, 0x1b, 0x17, 0x14, 0x11, 0x13, 0x5e, 0x2e, 0x14, 0x1a, 0x14, 0x36, 0x2c, 0x11, 0x10, 0x12, 0x7e, 0x2e, 0x13, 0x1e, 0x11, 0x18, 0x1a, 0x13, 0x17, 0x16, 0x11, 0x13, 0x8e, 0x4e, 0x15, 0x28, 0x1a, 0x18, 0x11, 0x13, 0x15, 0x8e, 0x5e, 0x10, 0x1a, 0x16, 0x18, 0x13, 0x10, 0x18, 0x11, 0x7e, 0x3e, 0x1a, 0x15, 0x1a, 0x18, 0x26, 0x18, 0x21, 0x13, 0x12, 0x18, 0x16, 0x14, 0x3e, 0x5e, 0x12, 0x11, 0x14, 0x1a, 0x12, 0xae,
// Compressed size: 196 bytes original pixels: 12544 uint16_t → ~25088 bytes uncompressed)

// XANTHUS / Xanthus Auraflow V0.3 000 S538708199 Th0.100 20 [Folder: XANTHUS] - RLE compressed data (offset: 45258, size: 180)
0xff, 0x5f, 0x8f, 0x1b, 0x14, 0xaf, 0x6f, 0x24, 0x16, 0x27, 0x9f, 0x6f, 0x17, 0x1e, 0x16, 0x1b, 0x14, 0x9f, 0x5f, 0x17, 0x1a, 0x1e, 0x1c, 0x1e, 0x11, 0x1c, 0x14, 0x7f, 0x4f, 0x11, 0x1a, 0x1e, 0x16, 0x1c, 0x17, 0x16, 0x1f, 0x15, 0x1a, 0x6f, 0x4f, 0x1e, 0x1a, 0x17, 0x1f, 0x12, 0x15, 0x1e, 0x2f, 0x1b, 0x6f, 0x4f, 0x12, 0x13, 0x1f, 0x17, 0x14, 0x1c, 0x16, 0x1f, 0x14, 0x7f, 0x4f, 0x1a, 0x2f, 0x1b, 0x1a, 0x27, 0x16, 0x8f, 0x6f, 0x1b, 0x1c, 0x17, 0x16, 0x2c, 0x1e, 0x2f, 0x1a, 0x15, 0x3f, 0x6f, 0x17, 0x1b, 0x19, 0x1d, 0x2b, 0x1c, 0x14, 0x11, 0x17, 0x4f, 0x6f, 0x19, 0x1a, 0x1c, 0x1d, 0x1c, 0x2d, 0x1e, 0x1c, 0x5f, 0x5f, 0x2a, 0x14, 0x1a, 0x18, 0x1a, 0x17, 0x1e, 0x2d, 0x19,
0x13, 0x3f, 0x2f, 0x12, 0x11, 0x19, 0x13, 0x12, 0x18, 0x1e, 0x13, 0x12, 0x1a, 0x15, 0x1a, 0x1c, 0x16, 0x12, 0x3f, 0x2f, 0x1d, 0x3f, 0x13, 0x11, 0x1f, 0x17, 0x12, 0x1a, 0x2f, 0x16, 0x1f, 0x16, 0x12, 0x2f, 0x2f, 0x19, 0x11, 0x2f, 0x18, 0x2f, 0x15, 0x2f, 0x13, 0x1f, 0x13, 0x5f, 0x6f, 0x18, 0x1f, 0x15, 0x2f, 0x18, 0x8f, 0x5f, 0x11, 0x3f, 0x13, 0x1f, 0x11, 0x1f, 0x13, 0x6f, 0x4f, 0x13, 0x11, 0xef, 0xff, 0x5f,
// Compressed size: 180 bytes original pixels: 12544 uint16_t → ~25088 bytes uncompressed)

// XORN / Xorn Auraflow V0.3 000 S119882935 Th0.100 20 [Folder: XORN] - RLE compressed data (offset: 45438, size: 244)
0xfe, 0x5e, 0xfe, 0x5e, 0x9e, 0x13, 0x2e, 0x11, 0x7e, 0x4e, 0x11, 0x1e, 0x10, 0x15, 0x18, 0x14, 0x17, 0x18, 0x17, 0x15, 0x12, 0x5e, 0x2e, 0x15, 0x38, 0x1f, 0x1a, 0x18, 0x12, 0x14, 0x17, 0x28, 0x1a, 0x1e, 0x17, 0x3e, 0x1e, 0x11, 0x17, 0x13, 0x20, 0x18, 0x1c, 0x11, 0x10, 0x14, 0x1a, 0x19, 0x1a, 0x18, 0x17, 0x4e, 0x1e, 0x17, 0x11, 0x20, 0x11, 0x23, 0x1b, 0x18, 0x1f, 0x1a, 0x1c, 0x1d, 0x16, 0x1b, 0x4e, 0x11, 0x1b, 0x10, 0x21, 0x19, 0x17, 0x2a, 0x1c, 0x1b, 0x4d, 0x1b, 0x17, 0x3e, 0x18, 0x11, 0x17, 0x11, 0x12, 0x18, 0x11, 0x15, 0x13, 0x1a, 0x1d, 0x1f, 0x1b, 0x2d, 0x2b, 0x3e, 0x15, 0x1e, 0x21, 0x12, 0x15, 0x11, 0x17, 0x1d, 0x19, 0x1d, 0x1c, 0x1d, 0x1c, 0x18, 0x1a, 0x1b,
0x1c, 0x2e, 0x1e, 0x21, 0x12, 0x16, 0x12, 0x14, 0x1c, 0x1b, 0x1c, 0x1d, 0x1c, 0x1d, 0x18, 0x16, 0x1e, 0x2d, 0x18, 0x1e, 0x2e, 0x11, 0x12, 0x15, 0x12, 0x15, 0x2b, 0x1c, 0x1b, 0x1c, 0x2b, 0x15, 0x14, 0x1e, 0x1c, 0x15, 0x1e, 0x3e, 0x14, 0x12, 0x1a, 0x1b, 0x18, 0x1b, 0x1a, 0x18, 0x1a, 0x18, 0x1a, 0x18, 0x2e, 0x19, 0x18, 0x1e, 0x3e, 0x16, 0x19, 0x1b, 0x12, 0x18, 0x1a, 0x14, 0x2e, 0x18, 0x1a, 0x19, 0x2e, 0x19, 0x18, 0x1e, 0x2e, 0x15, 0x2e, 0x16, 0x18, 0x2e, 0x17, 0x2e, 0x18, 0x1b, 0x18, 0x2e, 0x1a, 0x2e, 0x1e, 0x10, 0x3e, 0x15, 0x1e, 0x17, 0x1e, 0x15, 0x2e, 0x15, 0x1e, 0x18, 0x1e, 0x1a, 0x17, 0x2e, 0x5e, 0x19, 0x1e, 0x15, 0x1e, 0x15, 0x1e, 0x16, 0x1e, 0x25, 0x11, 0x25,
0x2e, 0x3e, 0x13, 0x29, 0x3e, 0x11, 0x3e, 0x19, 0x3e, 0x19, 0x2e, 0x3e, 0x16, 0x7e, 0x16, 0x10, 0x19, 0x6e, 0xfe, 0x5e,
// Compressed size: 244 bytes original pixels: 12544 uint16_t → ~25088 bytes uncompressed)

// YALE / Yale Auraflow V0.3 000 S712941508 Th0.100 20 [Folder: YALE] - RLE compressed data (offset: 45682, size: 200)
0xfe, 0x5e, 0xfe, 0x5e, 0xfe, 0x5e, 0x9e, 0x10, 0x12, 0x20, 0x15, 0x11, 0x12, 0x1e, 0x10, 0x2e, 0x6e, 0x20, 0x11, 0x22, 0x11, 0x17, 0x15, 0x22, 0x1e, 0x18, 0x2e, 0x5e, 0x11, 0x14, 0x11, 0x22, 0x14, 0x12, 0x13, 0x12, 0x15, 0x14, 0x11, 0x18, 0x2e, 0x4e, 0x11, 0x12, 0x15, 0x18, 0x17, 0x24, 0x17, 0x13, 0x1d, 0x18, 0x16, 0x11, 0x12, 0x2e, 0x4e, 0x14, 0x18, 0x26, 0x1a, 0x17, 0x18, 0x19, 0x1a, 0x18, 0x1d, 0x10, 0x11, 0x3e, 0x4e, 0x15, 0x17, 0x19, 0x2b, 0x2a, 0x2b, 0x15, 0x1f, 0x19, 0x10, 0x3e, 0x4e, 0x27, 0x1c, 0x1a, 0x1b, 0x1a, 0x19, 0x2d, 0x1a, 0x18, 0x15, 0x19, 0x3e, 0x3e, 0x10, 0x2a, 0x1d, 0x1b, 0x19, 0x4b, 0x19, 0x1a, 0x19, 0x11, 0x3e, 0x4e, 0x17, 0x18, 0x2d, 0x1c,
0x1a, 0x1c, 0x2b, 0x1c, 0x18, 0x15, 0x4e, 0x2e, 0x15, 0x1e, 0x1a, 0x19, 0x2e, 0x19, 0x1a, 0x24, 0x1a, 0x1c, 0x17, 0x12, 0x4e, 0x3e, 0x11, 0x15, 0x1a, 0x2e, 0x19, 0x1c, 0x1a, 0x1e, 0x2a, 0x1d, 0x16, 0x4e, 0x4e, 0x18, 0x2e, 0x17, 0x19, 0x1a, 0x1b, 0x2e, 0x12, 0x14, 0x16, 0x4e, 0x4e, 0x19, 0x3e, 0x19, 0x12, 0x15, 0x19, 0x3e, 0x19, 0x4e, 0x4e, 0x16, 0x3e, 0x17, 0x2e, 0x1a, 0x1e, 0x17, 0x1a, 0x5e, 0x4e, 0x19, 0x13, 0x2e, 0x18, 0x2e, 0x17, 0x1e, 0x13, 0x1b, 0x5e, 0x5e, 0x16, 0x2e, 0x17, 0x14, 0x1e, 0x11, 0x16, 0x7e, 0xfe, 0x5e,
// Compressed size: 200 bytes original pixels: 12544 uint16_t → ~25088 bytes uncompressed)

// YETH / Yeth Auraflow V0.3 000 S2800266604 Th0.100 20 [Folder: YETH] - RLE compressed data (offset: 45882, size: 192)
0xfe, 0x5e, 0xfe, 0x5e, 0xee, 0x11, 0x5e, 0x7e, 0x1c, 0x15, 0x5e, 0x1c, 0x13, 0x1e, 0x1c, 0x2e, 0x6e, 0x1d, 0x1b, 0x1a, 0x5e, 0x1c, 0x11, 0x1b, 0x1c, 0x2e, 0x5e, 0x17, 0x1b, 0x1a, 0x1d, 0x1f, 0x12, 0x18, 0x15, 0x1d, 0x1e, 0x1b, 0x1f, 0x1a, 0x2e, 0x4e, 0x17, 0x1c, 0x1b, 0x2a, 0x1c, 0x1b, 0x1d, 0x17, 0x1c, 0x1d, 0x2a, 0x1b, 0x14, 0x1e, 0x3e, 0x17, 0x18, 0x1a, 0x29, 0x1a, 0x2e, 0x1c, 0x1d, 0x1b, 0x17, 0x19, 0x1a, 0x1b, 0x18, 0x1e, 0x2e, 0x15, 0x17, 0x26, 0x1e, 0x10, 0x3e, 0x1a, 0x22, 0x18, 0x29, 0x1c, 0x17, 0x1e, 0x2e, 0x13, 0x18, 0x16, 0x4e, 0x13, 0x18, 0x1e, 0x12, 0x18, 0x10, 0x11, 0x19, 0x14, 0x18, 0x1e, 0x2e, 0x18, 0x1c, 0x3e, 0x15, 0x1d, 0x1c, 0x17, 0x3e, 0x15,
0x19, 0x1f, 0x1a, 0x18, 0x1e, 0x1e, 0x17, 0x14, 0x12, 0x14, 0x1e, 0x11, 0x1e, 0x15, 0x18, 0x1d, 0x10, 0x2e, 0x11, 0x1e, 0x16, 0x19, 0x1b, 0x1e, 0x1e, 0x15, 0x14, 0x5e, 0x21, 0x17, 0x6e, 0x16, 0x1b, 0x1e, 0x2e, 0x17, 0x4e, 0x18, 0x1e, 0x11, 0x15, 0x6e, 0x12, 0x14, 0x1e, 0x6e, 0x18, 0x2e, 0x10, 0x8e, 0x12, 0x1e, 0x1e, 0x13, 0x3e, 0x15, 0x3e, 0x13, 0x8e, 0x12, 0x1e, 0x1e, 0x17, 0x2e, 0x13, 0x4e, 0x11, 0x7e, 0x11, 0x2e, 0x4e, 0x18, 0xbe, 0x13, 0x3e, 0x3e, 0x27, 0xfe, 0xfe, 0x5e,
// Compressed size: 192 bytes original pixels: 12544 uint16_t → ~25088 bytes uncompressed)

// YETI / Yeti Auraflow V0.3 000 S1784889893 Th0.100 20 [Folder: YETI] - RLE compressed data (offset: 46074, size: 186)
0xff, 0x5f, 0x7f, 0x11, 0x20, 0xaf, 0x6f, 0x12, 0x30, 0x11, 0x9f, 0x5f, 0x20, 0x18, 0x1e, 0x16, 0x11, 0x10, 0x12, 0x7f, 0x4f, 0x10, 0x13, 0x12, 0x2b, 0x27, 0x14, 0x10, 0x11, 0x6f, 0x4f, 0x14, 0x1a, 0x15, 0x11, 0x15, 0x16, 0x1e, 0x17, 0x13, 0x10, 0x6f, 0x4f, 0x19, 0x1a, 0x17, 0x18, 0x1d, 0x1e, 0x1b, 0x1d, 0x1b, 0x13, 0x6f, 0x3f, 0x14, 0x19, 0x18, 0x1b, 0x1e, 0x1b, 0x1e, 0x3d, 0x16, 0x12, 0x5f, 0x2f, 0x21, 0x1a, 0x17, 0x1c, 0x1b, 0x1e, 0x1b, 0x1d, 0x15, 0x1c, 0x1d, 0x11, 0x5f, 0x2f, 0x11, 0x17, 0x1d, 0x13, 0x14, 0x2e, 0x1d, 0x1e, 0x16, 0x19, 0x1c, 0x16, 0x11, 0x4f, 0x2f, 0x11, 0x14, 0x19, 0x1f, 0x17, 0x1e, 0x1d, 0x2e, 0x1a, 0x12, 0x1a, 0x19, 0x14, 0x4f, 0x2f, 0x18,
0x15, 0x17, 0x1f, 0x14, 0x1a, 0x1d, 0x1c, 0x1e, 0x19, 0x1f, 0x17, 0x1a, 0x19, 0x12, 0x3f, 0x2f, 0x13, 0x17, 0x18, 0x1f, 0x16, 0x28, 0x16, 0x19, 0x1d, 0x14, 0x1f, 0x19, 0x1b, 0x12, 0x3f, 0x3f, 0x15, 0x1b, 0x2f, 0x18, 0x1b, 0x2f, 0x1a, 0x14, 0x1f, 0x18, 0x1d, 0x15, 0x3f, 0x6f, 0x14, 0x17, 0x16, 0x1f, 0x15, 0x1a, 0x3f, 0x1b, 0x4f, 0x6f, 0x11, 0x15, 0x16, 0x1f, 0x12, 0x27, 0x7f, 0xbf, 0x14, 0x19, 0x17, 0x6f, 0xff, 0x5f, 0xff, 0x5f, 0xff, 0x5f,
// Compressed size: 186 bytes original pixels: 12544 uint16_t → ~25088 bytes uncompressed)

// ZARATAN / Zaratan Auraflow V0.3 000 S3664654493 Th0.100 20 [Folder: ZARATAN] - RLE compressed data (offset: 46260, size: 195)
0xff, 0x5f, 0xff, 0x5f, 0xff, 0x5f, 0x8f, 0x11, 0x16, 0x12, 0x25, 0x7f, 0x6f, 0x11, 0x19, 0x21, 0x19, 0x13, 0x15, 0x1d, 0x12, 0x19, 0x4f, 0x5f, 0x19, 0x11, 0x12, 0x33, 0x15, 0x19, 0x16, 0x14, 0x1d, 0x4f, 0x3f, 0x22, 0x23, 0x1a, 0x19, 0x15, 0x19, 0x1d, 0x15, 0x39, 0x1a, 0x3f, 0x2f, 0x11, 0x15, 0x16, 0x13, 0x18, 0x16, 0x19, 0x12, 0x19, 0x18, 0x16, 0x1a, 0x1d, 0x2b, 0x1d, 0x2f, 0x2f, 0x49, 0x1b, 0x19, 0x16, 0x1d, 0x15, 0x13, 0x39, 0x1b, 0x2a, 0x2f, 0x1f, 0x17, 0x18, 0x1a, 0x28, 0x1a, 0x17, 0x1d, 0x13, 0x1e, 0x18, 0x11, 0x17, 0x1c, 0x16, 0x18, 0x1d, 0x18, 0x1f, 0x2f, 0x17, 0x4d, 0x1b, 0x1d, 0x2e, 0x1b, 0x12, 0x14, 0x17, 0x1d, 0x1e, 0x2b, 0x1f, 0x3f, 0x16, 0x14, 0x1d,
0x2e, 0x1d, 0x1c, 0x1d, 0x1a, 0x15, 0x11, 0x1c, 0x1d, 0x1c, 0x1b, 0x1c, 0x1f, 0x3f, 0x14, 0x1a, 0x1d, 0x17, 0x1c, 0x3e, 0x1d, 0x12, 0x18, 0x16, 0x1d, 0x1b, 0x28, 0x1f, 0x2f, 0x11, 0x1b, 0x1d, 0x1b, 0x1f, 0x14, 0x28, 0x1d, 0x11, 0x2d, 0x1c, 0x1b, 0x1c, 0x1d, 0x1c, 0x1f, 0x1f, 0x12, 0x28, 0x14, 0x1f, 0x14, 0x27, 0x1f, 0x22, 0x17, 0x1b, 0x18, 0x2f, 0x18, 0x1a, 0x14, 0x1f, 0x14, 0x12, 0x17, 0x5f, 0x12, 0x17, 0x14, 0x1d, 0x12, 0x1a, 0x5f, 0x9f, 0x37, 0x14, 0x7f, 0xff, 0x5f, 0xff, 0x5f, 0xff, 0x5f,
// Compressed size: 195 bytes original pixels: 12544 uint16_t → ~25088 bytes uncompressed)

// ZIBURINIS / Ziburinis Auraflow V0.3 000 S995487089 Th0.100 20 [Folder: ZIBURINIS] - RLE compressed data (offset: 46455, size: 150)
0xf0, 0x50, 0xf0, 0x50, 0xf0, 0x50, 0xf0, 0x50, 0x90, 0x12, 0x14, 0x17, 0x15, 0x11, 0x1f, 0x11, 0x14, 0x30, 0x70, 0x14, 0x12, 0x18, 0x1c, 0x1e, 0x17, 0x18, 0x1d, 0x13, 0x1d, 0x30, 0x70, 0x17, 0x2d, 0x1e, 0x28, 0x17, 0x19, 0x1a, 0x13, 0x30, 0x50, 0x14, 0x1f, 0x16, 0x18, 0x1d, 0x17, 0x1f, 0x18, 0x1e, 0x1f, 0x1d, 0x40, 0x40, 0x11, 0x17, 0x1c, 0x1b, 0x1f, 0x18, 0x14, 0x1d, 0x16, 0x1b, 0x11, 0x1b, 0x13, 0x30, 0x50, 0x18, 0x10, 0x12, 0x1d, 0x1c, 0x18, 0x1d, 0x12, 0x13, 0x60, 0x60, 0x1b, 0x18, 0x1c, 0x10, 0x16, 0x10, 0x12, 0x19, 0x60, 0x30, 0x1c, 0x10, 0x1c, 0x10, 0x1d, 0x20, 0x19, 0x10, 0x1d, 0x15, 0x60, 0x40, 0x1d, 0x20, 0x19, 0x12, 0x40, 0x1b, 0x60, 0x40, 0x1c, 0x20,
0x1e, 0x1d, 0x20, 0x11, 0x10, 0x1f, 0x60, 0x70, 0x17, 0x10, 0x17, 0x10, 0x18, 0x80, 0x50, 0x14, 0x10, 0x14, 0x20, 0x14, 0x10, 0x18, 0x10, 0x13, 0x50, 0xd0, 0x13, 0x10, 0x1a, 0x13, 0x30, 0xe0, 0x1d, 0x50, 0xf0, 0x50, 0xf0, 0x50,
// Compressed size: 150 bytes original pixels: 12544 uint16_t → ~25088 bytes uncompressed)

// ZIZ / Ziz Auraflow V0.3 000 S910600723 Th0.100 20 [Folder: ZIZ] - RLE compressed data (offset: 46605, size: 193)
0xfe, 0x5e, 0x1e, 0x12, 0xfe, 0x3e, 0x1e, 0x19, 0x1e, 0x26, 0xfe, 0x13, 0x18, 0x11, 0x13, 0x16, 0xbe, 0x11, 0x1e, 0x10, 0x1e, 0x1e, 0x13, 0x17, 0x15, 0x19, 0x12, 0x9e, 0x12, 0x15, 0x12, 0x2e, 0x1e, 0x16, 0x18, 0x29, 0x15, 0x11, 0x6e, 0x25, 0x16, 0x12, 0x10, 0x2e, 0x1e, 0x16, 0x15, 0x18, 0x19, 0x1d, 0x17, 0x10, 0x11, 0x1e, 0x11, 0x1e, 0x15, 0x18, 0x14, 0x12, 0x4e, 0x1e, 0x11, 0x1c, 0x18, 0x16, 0x18, 0x19, 0x16, 0x19, 0x27, 0x25, 0x18, 0x15, 0x5e, 0x1e, 0x13, 0x1e, 0x18, 0x1d, 0x1a, 0x19, 0x1a, 0x18, 0x1d, 0x14, 0x1d, 0x19, 0x1a, 0x6e, 0x2e, 0x12, 0x18, 0x2c, 0x18, 0x1b, 0x1c, 0x18, 0x1c, 0x1b, 0x1d, 0x7e, 0x3e, 0x1a, 0x15, 0x17, 0x1d, 0x18, 0x2c, 0x1b, 0x17, 0x1a,
0x11, 0x6e, 0x5e, 0x14, 0x1b, 0x17, 0x18, 0x16, 0x1a, 0x1d, 0x27, 0x14, 0x15, 0x4e, 0x6e, 0x13, 0x16, 0x1c, 0x29, 0x2d, 0x1a, 0x18, 0x17, 0x11, 0x3e, 0x4e, 0x12, 0x14, 0x1b, 0x12, 0x14, 0x18, 0x17, 0x1c, 0x10, 0x1d, 0x1a, 0x1c, 0x16, 0x3e, 0x3e, 0x12, 0x14, 0x15, 0x11, 0x5e, 0x1b, 0x1a, 0x2e, 0x17, 0x3e, 0x1e, 0x21, 0x14, 0x1e, 0x11, 0x4e, 0x15, 0x1c, 0x1d, 0x3e, 0x17, 0x3e, 0x2e, 0x10, 0x21, 0x5e, 0x11, 0x1f, 0x16, 0x7e, 0xae, 0x10, 0x1e, 0x11, 0x7e, 0xee, 0x14, 0x5e, 0xfe, 0x5e,
// Compressed size: 193 bytes original pixels: 12544 uint16_t → ~25088 bytes uncompressed)

// ZMEY / Zmey Auraflow V0.3 000 S57399729 Th0.100 20 [Folder: ZMEY] - RLE compressed data (offset: 46798, size: 248)
0xff, 0x5f, 0x3f, 0x12, 0x5f, 0x16, 0x1b, 0x12, 0x8f, 0x3f, 0x1d, 0x3f, 0x16, 0x15, 0x17, 0x25, 0x11, 0x1d, 0x6f, 0x3f, 0x20, 0x2f, 0x17, 0x19, 0x10, 0x11, 0x12, 0x18, 0x16, 0x6f, 0x3f, 0x1e, 0x3f, 0x2d, 0x12, 0x14, 0x13, 0x17, 0x16, 0x6f, 0x3f, 0x14, 0x3f, 0x11, 0x13, 0x18, 0x1c, 0x13, 0x10, 0x14, 0x6f, 0x3f, 0x12, 0x2f, 0x18, 0x1d, 0x1e, 0x1b, 0x10, 0x13, 0x21, 0x6f, 0x3f, 0x12, 0x20, 0x12, 0x1d, 0x19, 0x13, 0x11, 0x19, 0x1a, 0x12, 0x10, 0x17, 0x4f, 0x3f, 0x14, 0x18, 0x14, 0x1a, 0x1e, 0x1b, 0x12, 0x26, 0x1d, 0x1c, 0x24, 0x15, 0x1c, 0x2f, 0x3f, 0x15, 0x16, 0x1b, 0x1f, 0x2c, 0x18, 0x10, 0x1c, 0x1d, 0x16, 0x13, 0x2b, 0x14, 0x2f, 0x3f, 0x14, 0x1c, 0x1b, 0x1f, 0x11,
0x16, 0x1e, 0x11, 0x13, 0x14, 0x13, 0x2b, 0x1f, 0x12, 0x2f, 0x3f, 0x15, 0x2b, 0x20, 0x16, 0x12, 0x18, 0x19, 0x16, 0x10, 0x11, 0x14, 0x4f, 0x3f, 0x22, 0x18, 0x16, 0x1d, 0x1a, 0x1b, 0x13, 0x1d, 0x1c, 0x12, 0x17, 0x12, 0x4f, 0x3f, 0x12, 0x1d, 0x1b, 0x1c, 0x18, 0x1b, 0x17, 0x13, 0x1e, 0x1c, 0x18, 0x1d, 0x17, 0x1c, 0x3f, 0x4f, 0x17, 0x1b, 0x14, 0x1c, 0x27, 0x13, 0x1d, 0x15, 0x1c, 0x1e, 0x13, 0x1e, 0x3f, 0x3f, 0x14, 0x2e, 0x16, 0x1c, 0x36, 0x1c, 0x14, 0x4e, 0x3f, 0x3f, 0x2d, 0x1e, 0x12, 0x1d, 0x19, 0x16, 0x17, 0x1d, 0x15, 0x2e, 0x2d, 0x3f, 0x3f, 0x1d, 0x1e, 0x1c, 0x25, 0x17, 0x16, 0x19, 0x1e, 0x12, 0x2e, 0x18, 0x12, 0x3f, 0x3f, 0x15, 0x1a, 0x1e, 0x10, 0x1d, 0x17, 0x1d,
0x17, 0x1d, 0x1a, 0x1d, 0x1e, 0x1d, 0x13, 0x3f, 0x3f, 0x1a, 0x1e, 0x18, 0x15, 0x1d, 0x1a, 0x16, 0x1d, 0x1e, 0x1d, 0x1a, 0x1e, 0x1a, 0x18, 0x3f,
// Compressed size: 248 bytes original pixels: 12544 uint16_t → ~25088 bytes uncompressed)

// ZOMBIE / Zombie Auraflow V0.3 000 S1567886369 Th0.100 20 [Folder: ZOMBIE] - RLE compressed data (offset: 47046, size: 195)
0x7e, 0x13, 0xce, 0x7e, 0x18, 0x17, 0x3e, 0x10, 0x7e, 0x6e, 0x18, 0x2e, 0x14, 0x1e, 0x30, 0x6e, 0x4e, 0x16, 0x1d, 0x5e, 0x12, 0x1f, 0x15, 0x10, 0x5e, 0x4e, 0x1c, 0x11, 0x2e, 0x15, 0x1b, 0x1d, 0x2f, 0x1d, 0x21, 0x4e, 0x3e, 0x17, 0x1a, 0x3e, 0x1d, 0x1c, 0x1f, 0x18, 0x2c, 0x19, 0x14, 0x4e, 0x4e, 0x16, 0x14, 0x2e, 0x1c, 0x1d, 0x29, 0x1d, 0x1c, 0x19, 0x15, 0x4e, 0x5e, 0x15, 0x19, 0x14, 0x1e, 0x1a, 0x1d, 0x15, 0x1d, 0x1b, 0x2c, 0x4e, 0x5e, 0x11, 0x1a, 0x2e, 0x1c, 0x15, 0x1d, 0x1f, 0x1d, 0x13, 0x1a, 0x1c, 0x3e, 0x6e, 0x1d, 0x2e, 0x1b, 0x1c, 0x1a, 0x1c, 0x1b, 0x2e, 0x14, 0x13, 0x2e, 0x6e, 0x10, 0x1e, 0x1a, 0x1c, 0x1d, 0x1c, 0x1a, 0x11, 0x2e, 0x1d, 0x14, 0x2e, 0x8e, 0x1b,
0x15, 0x16, 0x18, 0x15, 0x17, 0x1e, 0x13, 0x1a, 0x18, 0x2e, 0x6e, 0x13, 0x12, 0x16, 0x1c, 0x18, 0x2c, 0x1a, 0x1e, 0x13, 0x1d, 0x10, 0x2e, 0x7e, 0x1a, 0x1e, 0x17, 0x15, 0x1b, 0x1a, 0x14, 0x1e, 0x12, 0x1e, 0x12, 0x2e, 0x6e, 0x16, 0x10, 0x1e, 0x15, 0x17, 0x15, 0x1e, 0x13, 0x12, 0x19, 0x4e, 0x6e, 0x16, 0x2e, 0x16, 0x1e, 0x12, 0x2e, 0x16, 0x18, 0x4e, 0x6e, 0x1a, 0x2e, 0x15, 0x3e, 0x14, 0x1d, 0x12, 0x4e, 0x5e, 0x17, 0x8e, 0x12, 0x1c, 0x4e, 0x3e, 0x18, 0x16, 0x1a, 0x17, 0x8e, 0x18, 0x4e, 0xfe, 0x5e,
// Compressed size: 195 bytes original pixels: 12544 uint16_t → ~25088 bytes uncompressed)

// Total data size: 47248 bytes
